# YD001 progress — one line per completed siman or file
# Example: siman_001 COMPLETE
2026-05-27T21:18:22 siman_001/baer-heitev 41 blocks DONE
2026-05-27T21:19:42 siman_001/beer-hagolah 14 blocks DONE
2026-05-27T21:23:24 siman_001/beur-hagra 43 blocks DONE
2026-05-27T21:26:20 siman_001/pitchei-teshuva 14 blocks DONE
2026-05-27T21:35:33 siman_001/peleti 16 blocks DONE
2026-05-27T21:36:40 siman_001/yad-avraham 5 blocks DONE
2026-05-27T21:39:32 siman_001/yad-ephraim 9 blocks DONE
2026-05-27T18:44:31 siman_001/rabbi-akiva-eiger-yd 14 blocks DONE
2026-05-27T18:44:31 siman_001/nekudot-hakesef 5 blocks DONE
2026-05-27T18:44:31 siman_001/kaf-hachayim 14 blocks DONE
2026-05-27T18:47:15 siman_001/kereti 41 blocks DONE
2026-05-27T18:47:15 siman_001 COMPLETE
2026-05-27T18:49:25 siman_002/mechaber 11 blocks DONE
2026-05-27T18:51:18 siman_002/siftei-kohen 31 blocks DONE
2026-05-27T18:52:34 siman_002/turei-zahav 14 blocks DONE
2026-05-27T18:54:34 siman_002/baer-heitev 30 blocks DONE
2026-05-27T18:54:34 siman_002/beer-hagolah 11 blocks DONE
2026-05-27T18:55:57 siman_002/beur-hagra 27 blocks DONE
2026-05-27T19:03:27 siman_002/kaf-hachayim 11 blocks DONE
2026-05-27T19:03:27 siman_002/kereti 25 blocks DONE
2026-05-27T19:03:27 siman_002/nekudot-hakesef 6 blocks DONE
2026-05-27T19:03:27 siman_002/peleti 8 blocks DONE
2026-05-27T19:03:27 siman_002/pitchei-teshuva 11 blocks DONE
2026-05-27T19:03:27 siman_002/rabbi-akiva-eiger-yd 11 blocks DONE
2026-05-27T19:03:27 siman_002/yad-avraham 4 blocks DONE
2026-05-27T19:03:27 siman_002 COMPLETE
2026-05-27T19:05:51 siman_003/baer-heitev 2 blocks DONE
2026-05-27T19:05:51 siman_003/beer-hagolah 5 blocks DONE
2026-05-27T19:05:51 siman_003/beur-hagra 5 blocks DONE
2026-05-27T19:05:51 siman_003/kaf-hachayim 1 blocks DONE
2026-05-27T19:05:51 siman_003/kereti 2 blocks DONE
2026-05-27T19:05:51 siman_003/mechaber 1 blocks DONE
2026-05-27T19:05:51 siman_003/peleti 2 blocks DONE
2026-05-27T19:05:51 siman_003/pitchei-teshuva 1 blocks DONE
2026-05-27T19:05:51 siman_003/rabbi-akiva-eiger-yd 1 blocks DONE
2026-05-27T19:05:51 siman_003/siftei-kohen 1 blocks DONE
2026-05-27T19:05:51 siman_003/turei-zahav 1 blocks DONE
2026-05-27T19:05:51 siman_003/yad-avraham 1 blocks DONE
2026-05-27T19:05:51 siman_003/yad-ephraim 1 blocks DONE
2026-05-27T19:05:51 siman_003 COMPLETE
2026-05-27T19:12:46 siman_004/baer-heitev 12 blocks DONE
2026-05-27T19:12:46 siman_004/beer-hagolah 13 blocks DONE
2026-05-27T19:12:46 siman_004/beur-hagra 12 blocks DONE
2026-05-27T19:12:46 siman_004/kaf-hachayim 7 blocks DONE
2026-05-27T19:12:46 siman_004/kereti 13 blocks DONE
2026-05-27T19:12:46 siman_004/mechaber 7 blocks DONE
2026-05-27T19:12:46 siman_004/nekudot-hakesef 3 blocks DONE
2026-05-27T19:12:46 siman_004/peleti 5 blocks DONE
2026-05-27T19:12:46 siman_004/pitchei-teshuva 4 blocks DONE
2026-05-27T19:12:46 siman_004/rabbi-akiva-eiger-yd 7 blocks DONE
2026-05-27T19:12:46 siman_004/siftei-kohen 11 blocks DONE
2026-05-27T19:12:46 siman_004/turei-zahav 8 blocks DONE
2026-05-27T19:12:46 siman_004/yad-avraham 1 blocks DONE
2026-05-27T19:12:46 siman_004 COMPLETE
2026-05-27T19:17:34 siman_005/baer-heitev 10 blocks DONE
2026-05-27T19:17:34 siman_005/beer-hagolah 3 blocks DONE
2026-05-27T19:17:34 siman_005/beur-hagra 6 blocks DONE
2026-05-27T19:17:34 siman_005/kaf-hachayim 3 blocks DONE
2026-05-27T19:17:34 siman_005/kereti 11 blocks DONE
2026-05-27T19:17:34 siman_005/mechaber 3 blocks DONE
2026-05-27T19:17:34 siman_005/nekudot-hakesef 1 blocks DONE
2026-05-27T19:17:34 siman_005/peleti 4 blocks DONE
2026-05-27T19:17:34 siman_005/pitchei-teshuva 3 blocks DONE
2026-05-27T19:17:34 siman_005/siftei-kohen 10 blocks DONE
2026-05-27T19:17:34 siman_005/turei-zahav 7 blocks DONE
2026-05-27T19:17:34 siman_005/yad-avraham 1 blocks DONE
2026-05-27T19:17:34 siman_005 COMPLETE
2026-05-27T19:20:38 siman_006/baer-heitev 11 blocks DONE
2026-05-27T19:20:38 siman_006/beer-hagolah 4 blocks DONE
2026-05-27T19:20:38 siman_006/beur-hagra 16 blocks DONE
2026-05-27T19:20:38 siman_006/kaf-hachayim 4 blocks DONE
2026-05-27T19:20:38 siman_006/kereti 13 blocks DONE
2026-05-27T19:20:38 siman_006/mechaber 4 blocks DONE
2026-05-27T19:20:38 siman_006/nekudot-hakesef 2 blocks DONE
2026-05-27T19:20:38 siman_006/peleti 2 blocks DONE
2026-05-27T19:20:38 siman_006/pitchei-teshuva 1 blocks DONE
2026-05-27T19:20:38 siman_006/rabbi-akiva-eiger-yd 3 blocks DONE
2026-05-27T19:20:38 siman_006/siftei-kohen 10 blocks DONE
2026-05-27T19:20:38 siman_006/turei-zahav 7 blocks DONE
2026-05-27T19:20:38 siman_006/yad-ephraim 2 blocks DONE
2026-05-27T19:20:38 siman_006 COMPLETE
2026-05-27T19:22:53 siman_007/baer-heitev 5 blocks DONE
2026-05-27T19:22:53 siman_007/beer-hagolah 4 blocks DONE
2026-05-27T19:22:53 siman_007/beur-hagra 1 blocks DONE
2026-05-27T19:22:53 siman_007/kaf-hachayim 1 blocks DONE
2026-05-27T19:22:53 siman_007/kereti 5 blocks DONE
2026-05-27T19:22:53 siman_007/mechaber 1 blocks DONE
2026-05-27T19:22:53 siman_007/peleti 1 blocks DONE
2026-05-27T19:22:53 siman_007/siftei-kohen 3 blocks DONE
2026-05-27T19:22:53 siman_007/turei-zahav 2 blocks DONE
2026-05-27T19:22:53 siman_007 COMPLETE
2026-05-27T19:23:50 siman_008/baer-heitev 5 blocks DONE
2026-05-27T19:23:50 siman_008/beer-hagolah 1 blocks DONE
2026-05-27T19:23:50 siman_008/beur-hagra 4 blocks DONE
2026-05-27T19:23:50 siman_008/kaf-hachayim 1 blocks DONE
2026-05-27T19:23:50 siman_008/kereti 4 blocks DONE
2026-05-27T19:23:50 siman_008/mechaber 1 blocks DONE
2026-05-27T19:23:50 siman_008/pitchei-teshuva 1 blocks DONE
2026-05-27T19:23:50 siman_008/siftei-kohen 2 blocks DONE
2026-05-27T19:23:50 siman_008/turei-zahav 1 blocks DONE
2026-05-27T19:23:50 siman_008/yad-ephraim 1 blocks DONE
2026-05-27T19:23:50 siman_008 COMPLETE
2026-05-27T19:25:02 siman_009/baer-heitev 2 blocks DONE
2026-05-27T19:25:02 siman_009/beer-hagolah 3 blocks DONE
2026-05-27T19:25:02 siman_009/beur-hagra 3 blocks DONE
2026-05-27T19:25:02 siman_009/kaf-hachayim 1 blocks DONE
2026-05-27T19:25:02 siman_009/kereti 4 blocks DONE
2026-05-27T19:25:02 siman_009/mechaber 1 blocks DONE
2026-05-27T19:25:02 siman_009/peleti 1 blocks DONE
2026-05-27T19:25:02 siman_009/rabbi-akiva-eiger-yd 1 blocks DONE
2026-05-27T19:25:02 siman_009/siftei-kohen 2 blocks DONE
2026-05-27T19:25:02 siman_009/turei-zahav 1 blocks DONE
2026-05-27T19:25:02 siman_009/yad-avraham 1 blocks DONE
2026-05-27T19:25:02 siman_009 COMPLETE
2026-05-27T19:37:02 siman_010/baer-heitev 16 blocks DONE
2026-05-27T19:37:02 siman_010/beer-hagolah 3 blocks DONE
2026-05-27T19:37:02 siman_010/beur-hagra 10 blocks DONE
2026-05-27T19:37:02 siman_010/kaf-hachayim 3 blocks DONE
2026-05-27T19:37:02 siman_010/kereti 23 blocks DONE
2026-05-27T19:37:02 siman_010/mechaber 3 blocks DONE
2026-05-27T19:37:02 siman_010/nekudot-hakesef 3 blocks DONE
2026-05-27T19:37:02 siman_010/peleti 9 blocks DONE
2026-05-27T19:37:02 siman_010/pitchei-teshuva 3 blocks DONE
2026-05-27T19:37:02 siman_010/rabbi-akiva-eiger-yd 3 blocks DONE
2026-05-27T19:37:02 siman_010/siftei-kohen 22 blocks DONE
2026-05-27T19:37:02 siman_010/turei-zahav 17 blocks DONE
2026-05-27T19:37:02 siman_010/yad-avraham 3 blocks DONE
2026-05-27T19:37:02 siman_010/yad-ephraim 1 blocks DONE
2026-05-27T19:37:02 siman_010 COMPLETE
2026-05-27T19:42:12 siman_011/baer-heitev 7 blocks DONE
2026-05-27T19:42:12 siman_011/beer-hagolah 4 blocks DONE
2026-05-27T19:42:12 siman_011/beur-hagra 9 blocks DONE
2026-05-27T19:42:12 siman_011/kaf-hachayim 4 blocks DONE
2026-05-27T19:42:12 siman_011/kereti 14 blocks DONE
2026-05-27T19:42:12 siman_011/mechaber 4 blocks DONE
2026-05-27T19:42:12 siman_011/nekudot-hakesef 1 blocks DONE
2026-05-27T19:42:12 siman_011/peleti 5 blocks DONE
2026-05-27T19:42:12 siman_011/pitchei-teshuva 4 blocks DONE
2026-05-27T19:42:12 siman_011/rabbi-akiva-eiger-yd 2 blocks DONE
2026-05-27T19:42:12 siman_011/siftei-kohen 7 blocks DONE
2026-05-27T19:42:12 siman_011/turei-zahav 4 blocks DONE
2026-05-27T19:42:12 siman_011/yad-ephraim 1 blocks DONE
2026-05-27T19:42:12 siman_011 COMPLETE
2026-05-27T22:49:20 siman_013/mechaber 6 blocks DONE
2026-05-27T22:49:20 siman_013/siftei-kohen 21 blocks DONE
2026-05-27T22:49:20 siman_013/turei-zahav 10 blocks DONE
2026-05-27T22:49:20 siman_013/baer-heitev 14 blocks DONE
2026-05-27T22:49:20 siman_013/beer-hagolah 6 blocks DONE
2026-05-27T22:49:20 siman_013/beur-hagra 13 blocks DONE
2026-05-27T22:49:20 siman_013/kereti 24 blocks DONE
2026-05-27T22:49:20 siman_013/peleti 6 blocks DONE
2026-05-27T22:49:20 siman_013/pitchei-teshuva 6 blocks DONE
2026-05-27T22:49:20 siman_013/rabbi-akiva-eiger-yd 6 blocks DONE
2026-05-27T22:49:20 siman_013/nekudot-hakesef 3 blocks DONE
2026-05-27T22:49:20 siman_013/kaf-hachayim 6 blocks DONE
2026-05-27T22:49:20 siman_013/yad-avraham 6 blocks DONE
2026-05-27T22:49:20 siman_013 COMPLETE
2026-05-27T19:49:34 siman_012/baer-heitev 4 blocks DONE
2026-05-27T19:49:34 siman_012/beer-hagolah 4 blocks DONE
2026-05-27T19:49:34 siman_012/beur-hagra 3 blocks DONE
2026-05-27T19:49:34 siman_012/kaf-hachayim 2 blocks DONE
2026-05-27T19:49:34 siman_012/kereti 9 blocks DONE
2026-05-27T19:49:34 siman_012/mechaber 2 blocks DONE
2026-05-27T19:49:34 siman_012/peleti 2 blocks DONE
2026-05-27T19:49:34 siman_012/rabbi-akiva-eiger-yd 1 blocks DONE
2026-05-27T19:49:34 siman_012/siftei-kohen 5 blocks DONE
2026-05-27T19:49:34 siman_012/turei-zahav 3 blocks DONE
2026-05-27T19:49:34 siman_012 COMPLETE
2026-05-27T19:49:34 siman_013/baer-heitev 14 blocks DONE
2026-05-27T19:49:34 siman_013/beer-hagolah 6 blocks DONE
2026-05-27T19:49:34 siman_013/beur-hagra 13 blocks DONE
2026-05-27T19:49:34 siman_013/kaf-hachayim 6 blocks DONE
2026-05-27T19:49:34 siman_013/kereti 24 blocks DONE
2026-05-27T19:49:34 siman_013/mechaber 6 blocks DONE
2026-05-27T19:49:34 siman_013/nekudot-hakesef 3 blocks DONE
2026-05-27T19:49:34 siman_013/peleti 6 blocks DONE
2026-05-27T19:49:34 siman_013/pitchei-teshuva 6 blocks DONE
2026-05-27T19:49:34 siman_013/rabbi-akiva-eiger-yd 6 blocks DONE
2026-05-27T19:49:34 siman_013/siftei-kohen 21 blocks DONE
2026-05-27T19:49:34 siman_013/turei-zahav 10 blocks DONE
2026-05-27T19:49:34 siman_013/yad-avraham 6 blocks DONE
2026-05-27T19:49:34 siman_013 COMPLETE
2026-05-27T19:56:52 siman_014/baer-heitev 12 blocks DONE
2026-05-27T19:56:52 siman_014/beer-hagolah 11 blocks DONE
2026-05-27T19:56:52 siman_014/beur-hagra 6 blocks DONE
2026-05-27T19:56:52 siman_014/kaf-hachayim 6 blocks DONE
2026-05-27T19:56:52 siman_014/kereti 17 blocks DONE
2026-05-27T19:56:52 siman_014/mechaber 6 blocks DONE
2026-05-27T19:56:52 siman_014/nekudot-hakesef 2 blocks DONE
2026-05-27T19:56:52 siman_014/peleti 6 blocks DONE
2026-05-27T19:56:52 siman_014/pitchei-teshuva 5 blocks DONE
2026-05-27T19:56:52 siman_014/rabbi-akiva-eiger-yd 3 blocks DONE
2026-05-27T19:56:52 siman_014/siftei-kohen 14 blocks DONE
2026-05-27T19:56:52 siman_014/turei-zahav 10 blocks DONE
2026-05-27T19:56:52 siman_014/yad-avraham 2 blocks DONE
2026-05-27T19:56:52 siman_014/yad-ephraim 1 blocks DONE
2026-05-27T19:56:52 siman_014 COMPLETE
2026-05-27T20:05:00 siman_015/baer-heitev 5 blocks DONE
2026-05-27T20:05:00 siman_015/beer-hagolah 3 blocks DONE
2026-05-27T20:05:00 siman_015/beur-hagra 4 blocks DONE
2026-05-27T20:05:00 siman_015/kaf-hachayim 3 blocks DONE
2026-05-27T20:05:00 siman_015/kereti 8 blocks DONE
2026-05-27T20:05:00 siman_015/mechaber 3 blocks DONE
2026-05-27T20:05:00 siman_015/nekudot-hakesef 3 blocks DONE
2026-05-27T20:05:00 siman_015/peleti 3 blocks DONE
2026-05-27T20:05:00 siman_015/pitchei-teshuva 3 blocks DONE
2026-05-27T20:05:00 siman_015/rabbi-akiva-eiger-yd 3 blocks DONE
2026-05-27T20:05:00 siman_015/siftei-kohen 4 blocks DONE
2026-05-27T20:05:00 siman_015/turei-zahav 4 blocks DONE
2026-05-27T20:05:00 siman_015/yad-avraham 2 blocks DONE
2026-05-27T20:05:00 siman_015/yad-ephraim 2 blocks DONE
2026-05-27T20:05:00 siman_015 COMPLETE
2026-05-27T20:05:00 siman_016/baer-heitev 19 blocks DONE
2026-05-27T20:05:00 siman_016/beer-hagolah 25 blocks DONE
2026-05-27T20:05:00 siman_016/beur-hagra 18 blocks DONE
2026-05-27T20:05:00 siman_016/kaf-hachayim 12 blocks DONE
2026-05-27T20:05:00 siman_016/kereti 16 blocks DONE
2026-05-27T20:05:00 siman_016/mechaber 12 blocks DONE
2026-05-27T20:05:00 siman_016/nekudot-hakesef 2 blocks DONE
2026-05-27T20:05:00 siman_016/peleti 3 blocks DONE
2026-05-27T20:05:00 siman_016/pitchei-teshuva 6 blocks DONE
2026-05-27T20:05:00 siman_016/rabbi-akiva-eiger-yd 6 blocks DONE
2026-05-27T20:05:00 siman_016/siftei-kohen 26 blocks DONE
2026-05-27T20:05:00 siman_016/turei-zahav 16 blocks DONE
2026-05-27T20:05:00 siman_016/yad-avraham 3 blocks DONE
2026-05-27T20:05:00 siman_016/yad-ephraim 1 blocks DONE
2026-05-27T20:05:00 siman_016 COMPLETE
2026-05-27T20:05:00 siman_017/baer-heitev 7 blocks DONE
2026-05-27T20:05:00 siman_017/beer-hagolah 3 blocks DONE
2026-05-27T20:05:00 siman_017/beur-hagra 5 blocks DONE
2026-05-27T20:05:00 siman_017/kaf-hachayim 3 blocks DONE
2026-05-27T20:05:00 siman_017/kereti 11 blocks DONE
2026-05-27T20:05:00 siman_017/mechaber 3 blocks DONE
2026-05-27T20:05:00 siman_017/nekudot-hakesef 1 blocks DONE
2026-05-27T20:05:00 siman_017/peleti 2 blocks DONE
2026-05-27T20:05:00 siman_017/pitchei-teshuva 2 blocks DONE
2026-05-27T20:05:00 siman_017/rabbi-akiva-eiger-yd 1 blocks DONE
2026-05-27T20:05:00 siman_017/siftei-kohen 8 blocks DONE
2026-05-27T20:05:00 siman_017/turei-zahav 4 blocks DONE
2026-05-27T20:05:00 siman_017/yad-avraham 1 blocks DONE
2026-05-27T20:05:00 siman_017 COMPLETE
2026-05-27T20:16:21 siman_018/baer-heitev 27 blocks DONE
2026-05-27T20:16:21 siman_018/beer-hagolah 20 blocks DONE
2026-05-27T20:16:21 siman_018/beur-hagra 34 blocks DONE
2026-05-27T20:16:21 siman_018/kaf-hachayim 20 blocks DONE
2026-05-27T20:16:21 siman_018/kereti 28 blocks DONE
2026-05-27T20:16:21 siman_018/mechaber 20 blocks DONE
2026-05-27T20:16:21 siman_018/nekudot-hakesef 1 blocks DONE
2026-05-27T20:16:21 siman_018/peleti 6 blocks DONE
2026-05-27T20:16:21 siman_018/pitchei-teshuva 11 blocks DONE
2026-05-27T20:16:21 siman_018/rabbi-akiva-eiger-yd 6 blocks DONE
2026-05-27T20:16:21 siman_018/siftei-kohen 34 blocks DONE
2026-05-27T20:16:21 siman_018/turei-zahav 15 blocks DONE
2026-05-27T20:16:21 siman_018/yad-avraham 4 blocks DONE
2026-05-27T20:16:21 siman_018/yad-ephraim 4 blocks DONE
2026-05-27T20:16:21 siman_018 COMPLETE
2026-05-27T20:16:21 siman_019/baer-heitev 12 blocks DONE
2026-05-27T20:16:21 siman_019/beer-hagolah 8 blocks DONE
2026-05-27T20:16:21 siman_019/beur-hagra 20 blocks DONE
2026-05-27T20:16:21 siman_019/kaf-hachayim 8 blocks DONE
2026-05-27T20:16:21 siman_019/kereti 13 blocks DONE
2026-05-27T20:16:21 siman_019/mechaber 8 blocks DONE
2026-05-27T20:16:21 siman_019/nekudot-hakesef 2 blocks DONE
2026-05-27T20:16:21 siman_019/peleti 6 blocks DONE
2026-05-27T20:16:21 siman_019/pitchei-teshuva 8 blocks DONE
2026-05-27T20:16:21 siman_019/rabbi-akiva-eiger-yd 2 blocks DONE
2026-05-27T20:16:21 siman_019/siftei-kohen 13 blocks DONE
2026-05-27T20:16:21 siman_019/turei-zahav 17 blocks DONE
2026-05-27T20:16:21 siman_019/yad-avraham 1 blocks DONE
2026-05-27T20:16:21 siman_019/yad-ephraim 1 blocks DONE
2026-05-27T20:16:21 siman_019 COMPLETE
2026-05-27T20:16:21 siman_020/baer-heitev 7 blocks DONE
2026-05-27T20:16:21 siman_020/beer-hagolah 4 blocks DONE
2026-05-27T20:16:21 siman_020/beur-hagra 8 blocks DONE
2026-05-27T20:16:21 siman_020/kaf-hachayim 4 blocks DONE
2026-05-27T20:16:21 siman_020/kereti 12 blocks DONE
2026-05-27T20:16:21 siman_020/mechaber 4 blocks DONE
2026-05-27T20:16:21 siman_020/peleti 4 blocks DONE
2026-05-27T20:16:21 siman_020/pitchei-teshuva 1 blocks DONE
2026-05-27T20:16:21 siman_020/rabbi-akiva-eiger-yd 1 blocks DONE
2026-05-27T20:16:21 siman_020/siftei-kohen 8 blocks DONE
2026-05-27T20:16:21 siman_020/turei-zahav 8 blocks DONE
2026-05-27T20:16:21 siman_020/yad-ephraim 1 blocks DONE
2026-05-27T20:16:21 siman_020 COMPLETE
2026-05-27T20:29:32 siman_021/baer-heitev 6 blocks DONE
2026-05-27T20:29:32 siman_021/beer-hagolah 5 blocks DONE
2026-05-27T20:29:32 siman_021/beur-hagra 5 blocks DONE
2026-05-27T20:29:32 siman_021/kaf-hachayim 5 blocks DONE
2026-05-27T20:29:32 siman_021/kereti 6 blocks DONE
2026-05-27T20:29:32 siman_021/mechaber 5 blocks DONE
2026-05-27T20:29:32 siman_021/nekudot-hakesef 1 blocks DONE
2026-05-27T20:29:32 siman_021/peleti 3 blocks DONE
2026-05-27T20:29:32 siman_021/rabbi-akiva-eiger-yd 1 blocks DONE
2026-05-27T20:29:32 siman_021/siftei-kohen 5 blocks DONE
2026-05-27T20:29:32 siman_021/turei-zahav 4 blocks DONE
2026-05-27T20:29:32 siman_021/yad-avraham 3 blocks DONE
2026-05-27T20:29:32 siman_021 COMPLETE
2026-05-27T20:29:32 siman_022/baer-heitev 8 blocks DONE
2026-05-27T20:29:32 siman_022/beer-hagolah 2 blocks DONE
2026-05-27T20:29:32 siman_022/beur-hagra 12 blocks DONE
2026-05-27T20:29:32 siman_022/kaf-hachayim 2 blocks DONE
2026-05-27T20:29:32 siman_022/kereti 14 blocks DONE
2026-05-27T20:29:32 siman_022/mechaber 2 blocks DONE
2026-05-27T20:29:32 siman_022/nekudot-hakesef 2 blocks DONE
2026-05-27T20:29:32 siman_022/peleti 6 blocks DONE
2026-05-27T20:29:32 siman_022/pitchei-teshuva 2 blocks DONE
2026-05-27T20:29:32 siman_022/rabbi-akiva-eiger-yd 2 blocks DONE
2026-05-27T20:29:32 siman_022/siftei-kohen 13 blocks DONE
2026-05-27T20:29:32 siman_022/turei-zahav 9 blocks DONE
2026-05-27T20:29:32 siman_022 COMPLETE
2026-05-27T20:29:32 siman_023/baer-heitev 15 blocks DONE
2026-05-27T20:29:32 siman_023/beer-hagolah 12 blocks DONE
2026-05-27T20:29:32 siman_023/beur-hagra 12 blocks DONE
2026-05-27T20:29:32 siman_023/kaf-hachayim 6 blocks DONE
2026-05-27T20:29:32 siman_023/kereti 18 blocks DONE
2026-05-27T20:29:32 siman_023/mechaber 6 blocks DONE
2026-05-27T20:29:32 siman_023/nekudot-hakesef 2 blocks DONE
2026-05-27T20:29:32 siman_023/peleti 4 blocks DONE
2026-05-27T20:29:32 siman_023/pitchei-teshuva 6 blocks DONE
2026-05-27T20:29:32 siman_023/siftei-kohen 21 blocks DONE
2026-05-27T20:29:32 siman_023/turei-zahav 8 blocks DONE
2026-05-27T20:29:32 siman_023/yad-avraham 1 blocks DONE
2026-05-27T20:29:32 siman_023/yad-ephraim 3 blocks DONE
2026-05-27T20:29:32 siman_023 COMPLETE
2026-05-27T20:29:32 siman_024/baer-heitev 21 blocks DONE
2026-05-27T20:29:32 siman_024/beer-hagolah 20 blocks DONE
2026-05-27T20:29:32 siman_024/beur-hagra 38 blocks DONE
2026-05-27T20:29:32 siman_024/kaf-hachayim 20 blocks DONE
2026-05-27T20:29:32 siman_024/kereti 34 blocks DONE
2026-05-27T20:29:32 siman_024/mechaber 20 blocks DONE
2026-05-27T20:29:32 siman_024/nekudot-hakesef 6 blocks DONE
2026-05-27T20:29:32 siman_024/peleti 11 blocks DONE
2026-05-27T20:29:32 siman_024/pitchei-teshuva 7 blocks DONE
2026-05-27T20:29:32 siman_024/rabbi-akiva-eiger-yd 4 blocks DONE
2026-05-27T20:29:32 siman_024/siftei-kohen 31 blocks DONE
2026-05-27T20:29:32 siman_024/turei-zahav 18 blocks DONE
2026-05-27T20:29:32 siman_024/yad-avraham 1 blocks DONE
2026-05-27T20:29:32 siman_024/yad-ephraim 3 blocks DONE
2026-05-27T20:29:32 siman_024 COMPLETE
2026-05-27T20:38:40 siman_025/baer-heitev 5 blocks DONE
2026-05-27T20:38:40 siman_025/beer-hagolah 4 blocks DONE
2026-05-27T20:38:40 siman_025/beur-hagra 5 blocks DONE
2026-05-27T20:38:40 siman_025/kaf-hachayim 3 blocks DONE
2026-05-27T20:38:40 siman_025/kereti 6 blocks DONE
2026-05-27T20:38:40 siman_025/mechaber 3 blocks DONE
2026-05-27T20:38:40 siman_025/nekudot-hakesef 2 blocks DONE
2026-05-27T20:38:40 siman_025/peleti 2 blocks DONE
2026-05-27T20:38:40 siman_025/pitchei-teshuva 2 blocks DONE
2026-05-27T20:38:40 siman_025/rabbi-akiva-eiger-yd 2 blocks DONE
2026-05-27T20:38:40 siman_025/siftei-kohen 6 blocks DONE
2026-05-27T20:38:40 siman_025/turei-zahav 5 blocks DONE
2026-05-27T20:38:40 siman_025/yad-avraham 1 blocks DONE
2026-05-27T20:38:40 siman_025/yad-ephraim 1 blocks DONE
2026-05-27T20:38:40 siman_025 COMPLETE
2026-05-27T20:38:40 siman_026/baer-heitev 2 blocks DONE
2026-05-27T20:38:40 siman_026/beer-hagolah 2 blocks DONE
2026-05-27T20:38:40 siman_026/beur-hagra 2 blocks DONE
2026-05-27T20:38:40 siman_026/kaf-hachayim 2 blocks DONE
2026-05-27T20:38:40 siman_026/kereti 3 blocks DONE
2026-05-27T20:38:40 siman_026/mechaber 2 blocks DONE
2026-05-27T20:38:40 siman_026/peleti 2 blocks DONE
2026-05-27T20:38:40 siman_026/siftei-kohen 2 blocks DONE
2026-05-27T20:38:40 siman_026/turei-zahav 2 blocks DONE
2026-05-27T20:38:40 siman_026 COMPLETE
2026-05-27T20:38:40 siman_027/baer-heitev 2 blocks DONE
2026-05-27T20:38:40 siman_027/beer-hagolah 1 blocks DONE
2026-05-27T20:38:40 siman_027/kaf-hachayim 1 blocks DONE
2026-05-27T20:38:40 siman_027/kereti 3 blocks DONE
2026-05-27T20:38:40 siman_027/mechaber 1 blocks DONE
2026-05-27T20:38:40 siman_027/nekudot-hakesef 1 blocks DONE
2026-05-27T20:38:40 siman_027/peleti 2 blocks DONE
2026-05-27T20:38:40 siman_027/pitchei-teshuva 1 blocks DONE
2026-05-27T20:38:40 siman_027/rabbi-akiva-eiger-yd 1 blocks DONE
2026-05-27T20:38:40 siman_027/siftei-kohen 2 blocks DONE
2026-05-27T20:38:40 siman_027/turei-zahav 1 blocks DONE
2026-05-27T20:38:40 siman_027/yad-ephraim 1 blocks DONE
2026-05-27T20:38:40 siman_027 COMPLETE
2026-05-27T20:38:40 siman_028/baer-heitev 25 blocks DONE
2026-05-27T20:38:40 siman_028/beer-hagolah 24 blocks DONE
2026-05-27T20:38:40 siman_028/beur-hagra 33 blocks DONE
2026-05-27T20:38:40 siman_028/kaf-hachayim 24 blocks DONE
2026-05-27T20:38:40 siman_028/kereti 29 blocks DONE
2026-05-27T20:38:40 siman_028/mechaber 24 blocks DONE
2026-05-27T20:38:40 siman_028/nekudot-hakesef 3 blocks DONE
2026-05-27T20:38:40 siman_028/peleti 5 blocks DONE
2026-05-27T20:38:40 siman_028/pitchei-teshuva 14 blocks DONE
2026-05-27T20:38:40 siman_028/rabbi-akiva-eiger-yd 6 blocks DONE
2026-05-27T20:38:40 siman_028/siftei-kohen 37 blocks DONE
2026-05-27T20:38:40 siman_028/turei-zahav 19 blocks DONE
2026-05-27T20:38:40 siman_028/yad-avraham 2 blocks DONE
2026-05-27T20:38:40 siman_028/yad-ephraim 2 blocks DONE
2026-05-27T20:38:40 siman_028 COMPLETE
2026-05-27T20:46:01 siman_029/baer-heitev 8 blocks DONE
2026-05-27T20:46:01 siman_029/beer-hagolah 1 blocks DONE
2026-05-27T20:46:01 siman_029/beur-hagra 2 blocks DONE
2026-05-27T20:46:01 siman_029/kaf-hachayim 1 blocks DONE
2026-05-27T20:46:01 siman_029/kereti 5 blocks DONE
2026-05-27T20:46:01 siman_029/mateh-yehonatan 1 blocks DONE
2026-05-27T20:46:01 siman_029/mechaber 1 blocks DONE
2026-05-27T20:46:01 siman_029/nekudot-hakesef 1 blocks DONE
2026-05-27T20:46:01 siman_029/peleti 3 blocks DONE
2026-05-27T20:46:01 siman_029/pitchei-teshuva 1 blocks DONE
2026-05-27T20:46:01 siman_029/siftei-kohen 9 blocks DONE
2026-05-27T20:46:01 siman_029/turei-zahav 1 blocks DONE
2026-05-27T20:46:01 siman_029/yad-avraham 1 blocks DONE
2026-05-27T20:46:01 siman_029 COMPLETE
2026-05-27T20:46:01 siman_030/baer-heitev 8 blocks DONE
2026-05-27T20:46:01 siman_030/beer-hagolah 8 blocks DONE
2026-05-27T20:46:01 siman_030/beur-hagra 12 blocks DONE
2026-05-27T20:46:01 siman_030/kaf-hachayim 2 blocks DONE
2026-05-27T20:46:01 siman_030/kereti 12 blocks DONE
2026-05-27T20:46:01 siman_030/mateh-yehonatan 2 blocks DONE
2026-05-27T20:46:01 siman_030/mechaber 2 blocks DONE
2026-05-27T20:46:01 siman_030/nekudot-hakesef 1 blocks DONE
2026-05-27T20:46:01 siman_030/peleti 5 blocks DONE
2026-05-27T20:46:01 siman_030/pitchei-teshuva 2 blocks DONE
2026-05-27T20:46:01 siman_030/rabbi-akiva-eiger-yd 2 blocks DONE
2026-05-27T20:46:01 siman_030/siftei-kohen 7 blocks DONE
2026-05-27T20:46:01 siman_030/turei-zahav 3 blocks DONE
2026-05-27T20:46:01 siman_030/yad-avraham 2 blocks DONE
2026-05-27T20:46:01 siman_030/yad-ephraim 1 blocks DONE
2026-05-27T20:46:01 siman_030 COMPLETE
2026-05-27T20:46:01 siman_031/baer-heitev 10 blocks DONE
2026-05-27T20:46:01 siman_031/beer-hagolah 4 blocks DONE
2026-05-27T20:46:01 siman_031/beur-hagra 11 blocks DONE
2026-05-27T20:46:01 siman_031/kaf-hachayim 4 blocks DONE
2026-05-27T20:46:01 siman_031/kereti 8 blocks DONE
2026-05-27T20:46:01 siman_031/mateh-yehonatan 2 blocks DONE
2026-05-27T20:46:01 siman_031/mechaber 4 blocks DONE
2026-05-27T20:46:01 siman_031/peleti 6 blocks DONE
2026-05-27T20:46:01 siman_031/pitchei-teshuva 4 blocks DONE
2026-05-27T20:46:01 siman_031/rabbi-akiva-eiger-yd 4 blocks DONE
2026-05-27T20:46:01 siman_031/siftei-kohen 11 blocks DONE
2026-05-27T20:46:01 siman_031/turei-zahav 4 blocks DONE
2026-05-27T20:46:01 siman_031/yad-avraham 2 blocks DONE
2026-05-27T20:46:01 siman_031/yad-ephraim 2 blocks DONE
2026-05-27T20:46:01 siman_031 COMPLETE
2026-05-27T20:46:01 siman_032/baer-heitev 11 blocks DONE
2026-05-27T20:46:01 siman_032/beer-hagolah 8 blocks DONE
2026-05-27T20:46:01 siman_032/beur-hagra 9 blocks DONE
2026-05-27T20:46:01 siman_032/kaf-hachayim 8 blocks DONE
2026-05-27T20:46:01 siman_032/kereti 6 blocks DONE
2026-05-27T20:46:01 siman_032/kol-yaakov 12 blocks DONE
2026-05-27T20:46:01 siman_032/mateh-yehonatan 2 blocks DONE
2026-05-27T20:46:01 siman_032/mechaber 8 blocks DONE
2026-05-27T20:46:01 siman_032/nekudot-hakesef 1 blocks DONE
2026-05-27T20:46:01 siman_032/peleti 3 blocks DONE
2026-05-27T20:46:01 siman_032/pitchei-teshuva 3 blocks DONE
2026-05-27T20:46:01 siman_032/rabbi-akiva-eiger-yd 4 blocks DONE
2026-05-27T20:46:01 siman_032/siftei-kohen 12 blocks DONE
2026-05-27T20:46:01 siman_032/turei-zahav 6 blocks DONE
2026-05-27T20:46:01 siman_032/yad-avraham 2 blocks DONE
2026-05-27T20:46:01 siman_032/yad-ephraim 2 blocks DONE
2026-05-27T20:46:01 siman_032 COMPLETE
2026-05-28T00:01:28 siman_033/mechaber 11 blocks DONE
2026-05-28T00:01:28 siman_033/siftei-kohen 23 blocks DONE
2026-05-28T00:01:28 siman_033/turei-zahav 21 blocks DONE
2026-05-28T00:01:28 siman_033/baer-heitev 17 blocks DONE
2026-05-28T00:01:28 siman_033/beer-hagolah 11 blocks DONE
2026-05-28T00:01:28 siman_033/beur-hagra 21 blocks DONE
2026-05-28T00:01:28 siman_033/kereti 25 blocks DONE
2026-05-28T00:01:28 siman_033/peleti 15 blocks DONE
2026-05-28T00:01:28 siman_033/pitchei-teshuva 11 blocks DONE
2026-05-28T00:01:28 siman_033/rabbi-akiva-eiger-yd 11 blocks DONE
2026-05-28T00:01:28 siman_033/nekudot-hakesef 4 blocks DONE
2026-05-28T00:01:28 siman_033/kaf-hachayim 11 blocks DONE
2026-05-28T00:01:28 siman_033/mateh-yehonatan 7 blocks DONE
2026-05-28T00:01:28 siman_033/kol-yaakov 11 blocks DONE
2026-05-28T00:01:28 siman_033/yad-avraham 8 blocks DONE
2026-05-28T00:01:28 siman_033/yad-ephraim 6 blocks DONE
2026-05-28T00:01:28 siman_033 COMPLETE
2026-05-28T00:06:36 siman_035 COMPLETE
2026-05-28T00:36:25 siman_036 COMPLETE
2026-05-27T21:37:09 siman_034/baer-heitev 17 blocks DONE
2026-05-27T21:37:09 siman_034/beer-hagolah 10 blocks DONE
2026-05-27T21:37:09 siman_034/beur-hagra 7 blocks DONE
2026-05-27T21:37:09 siman_034/kaf-hachayim 10 blocks DONE
2026-05-27T21:37:09 siman_034/kereti 21 blocks DONE
2026-05-27T21:37:09 siman_034/kol-yaakov 10 blocks DONE
2026-05-27T21:37:09 siman_034/mateh-yehonatan 2 blocks DONE
2026-05-27T21:37:09 siman_034/mechaber 10 blocks DONE
2026-05-27T21:37:09 siman_034/nekudot-hakesef 2 blocks DONE
2026-05-27T21:37:09 siman_034/peleti 5 blocks DONE
2026-05-27T21:37:09 siman_034/pitchei-teshuva 2 blocks DONE
2026-05-27T21:37:09 siman_034/siftei-kohen 22 blocks DONE
2026-05-27T21:37:09 siman_034/turei-zahav 3 blocks DONE
2026-05-27T21:37:09 siman_034/yad-avraham 3 blocks DONE
2026-05-27T21:37:09 siman_034 COMPLETE
2026-05-27T21:37:19 siman_033/baer-heitev 17 blocks DONE
2026-05-27T21:37:19 siman_033/beer-hagolah 11 blocks DONE
2026-05-27T21:37:19 siman_033/beur-hagra 21 blocks DONE
2026-05-27T21:37:19 siman_033/kaf-hachayim 11 blocks DONE
2026-05-27T21:37:19 siman_033/kereti 25 blocks DONE
2026-05-27T21:37:19 siman_033/kol-yaakov 11 blocks DONE
2026-05-27T21:37:19 siman_033/mateh-yehonatan 7 blocks DONE
2026-05-27T21:37:19 siman_033/mechaber 11 blocks DONE
2026-05-27T21:37:19 siman_033/nekudot-hakesef 4 blocks DONE
2026-05-27T21:37:19 siman_033/peleti 15 blocks DONE
2026-05-27T21:37:19 siman_033/pitchei-teshuva 11 blocks DONE
2026-05-27T21:37:19 siman_033/rabbi-akiva-eiger-yd 11 blocks DONE
2026-05-27T21:37:19 siman_033/siftei-kohen 23 blocks DONE
2026-05-27T21:37:19 siman_033/turei-zahav 21 blocks DONE
2026-05-27T21:37:19 siman_033/yad-avraham 8 blocks DONE
2026-05-27T21:37:19 siman_033/yad-ephraim 6 blocks DONE
2026-05-27T21:37:19 siman_033 COMPLETE
2026-05-27T21:37:19 siman_035/baer-heitev 37 blocks DONE
2026-05-27T21:37:19 siman_035/beer-hagolah 10 blocks DONE
2026-05-27T21:37:19 siman_035/beur-hagra 25 blocks DONE
2026-05-27T21:37:19 siman_035/kaf-hachayim 10 blocks DONE
2026-05-27T21:37:19 siman_035/kereti 27 blocks DONE
2026-05-27T21:37:19 siman_035/kol-yaakov 94 blocks DONE
2026-05-27T21:37:19 siman_035/mateh-yehonatan 2 blocks DONE
2026-05-27T21:37:19 siman_035/mechaber 10 blocks DONE
2026-05-27T21:37:19 siman_035/nekudot-hakesef 5 blocks DONE
2026-05-27T21:37:19 siman_035/peleti 7 blocks DONE
2026-05-27T21:37:19 siman_035/pitchei-teshuva 10 blocks DONE
2026-05-27T21:37:19 siman_035/rabbi-akiva-eiger-yd 10 blocks DONE
2026-05-27T21:37:19 siman_035/siftei-kohen 47 blocks DONE
2026-05-27T21:37:19 siman_035/turei-zahav 17 blocks DONE
2026-05-27T21:37:19 siman_035/yad-avraham 4 blocks DONE
2026-05-27T21:37:19 siman_035/yad-ephraim 10 blocks DONE
2026-05-27T21:37:19 siman_035 COMPLETE
2026-05-27T21:37:19 siman_036/baer-heitev 29 blocks DONE
2026-05-27T21:37:19 siman_036/beer-hagolah 17 blocks DONE
2026-05-27T21:37:19 siman_036/beur-hagra 28 blocks DONE
2026-05-27T21:37:19 siman_036/kaf-hachayim 17 blocks DONE
2026-05-27T21:37:19 siman_036/kereti 29 blocks DONE
2026-05-27T21:37:19 siman_036/kol-yaakov 101 blocks DONE
2026-05-27T21:37:19 siman_036/mateh-yehonatan 6 blocks DONE
2026-05-27T21:37:19 siman_036/mechaber 17 blocks DONE
2026-05-27T21:37:19 siman_036/nekudot-hakesef 10 blocks DONE
2026-05-27T21:37:19 siman_036/peleti 17 blocks DONE
2026-05-27T21:37:19 siman_036/pitchei-teshuva 17 blocks DONE
2026-05-27T21:37:19 siman_036/rabbi-akiva-eiger-yd 17 blocks DONE
2026-05-27T21:37:19 siman_036/siftei-kohen 35 blocks DONE
2026-05-27T21:37:19 siman_036/turei-zahav 21 blocks DONE
2026-05-27T21:37:19 siman_036/yad-avraham 6 blocks DONE
2026-05-27T21:37:19 siman_036/yad-ephraim 6 blocks DONE
2026-05-27T21:37:19 siman_036 COMPLETE
2026-05-27T21:45:13 siman_037/mechaber 7 blocks DONE
2026-05-27T21:45:13 siman_037/siftei-kohen 35 blocks DONE
2026-05-27T21:45:13 siman_037/turei-zahav 17 blocks DONE
2026-05-27T21:45:13 siman_037/baer-heitev 23 blocks DONE
2026-05-27T21:45:13 siman_037/beer-hagolah 7 blocks DONE
2026-05-27T21:45:13 siman_037/beur-hagra 11 blocks DONE
2026-05-27T21:45:13 siman_037/kereti 13 blocks DONE
2026-05-27T21:45:13 siman_037/peleti 3 blocks DONE
2026-05-27T21:45:13 siman_037/pitchei-teshuva 5 blocks DONE
2026-05-27T21:45:13 siman_037/rabbi-akiva-eiger-yd 7 blocks DONE
2026-05-27T21:45:13 siman_037/nekudot-hakesef 5 blocks DONE
2026-05-27T21:45:13 siman_037/kaf-hachayim 7 blocks DONE
2026-05-27T21:45:13 siman_037/mateh-yehonatan 3 blocks DONE
2026-05-27T21:45:13 siman_037/yad-avraham 2 blocks DONE
2026-05-27T21:45:13 siman_037/yad-ephraim 6 blocks DONE
2026-05-27T21:45:13 siman_037 COMPLETE
2026-05-27T21:53:41 siman_039 patch applied (335 blocks)
2026-05-27T21:53:41 siman_039 COMPLETE
2026-05-27T21:54:09 siman_037/baer-heitev 23 blocks DONE
2026-05-27T21:54:09 siman_037/beer-hagolah 7 blocks DONE
2026-05-27T21:54:09 siman_037/beur-hagra 11 blocks DONE
2026-05-27T21:54:09 siman_037/kaf-hachayim 7 blocks DONE
2026-05-27T21:54:09 siman_037/kereti 13 blocks DONE
2026-05-27T21:54:09 siman_037/mateh-yehonatan 3 blocks DONE
2026-05-27T21:54:09 siman_037/mechaber 7 blocks DONE
2026-05-27T21:54:09 siman_037/nekudot-hakesef 5 blocks DONE
2026-05-27T21:54:09 siman_037/peleti 3 blocks DONE
2026-05-27T21:54:09 siman_037/pitchei-teshuva 5 blocks DONE
2026-05-27T21:54:09 siman_037/rabbi-akiva-eiger-yd 7 blocks DONE
2026-05-27T21:54:09 siman_037/siftei-kohen 35 blocks DONE
2026-05-27T21:54:09 siman_037/turei-zahav 17 blocks DONE
2026-05-27T21:54:09 siman_037/yad-avraham 2 blocks DONE
2026-05-27T21:54:09 siman_037/yad-ephraim 6 blocks DONE
2026-05-27T21:54:09 siman_037 COMPLETE
2026-05-27T21:54:10 siman_038/baer-heitev 6 blocks DONE
2026-05-27T21:54:10 siman_038/beer-hagolah 16 blocks DONE
2026-05-27T21:54:10 siman_038/beur-hagra 8 blocks DONE
2026-05-27T21:54:10 siman_038/kaf-hachayim 5 blocks DONE
2026-05-27T21:54:10 siman_038/kereti 8 blocks DONE
2026-05-27T21:54:10 siman_038/mateh-yehonatan 1 blocks DONE
2026-05-27T21:54:10 siman_038/mechaber 5 blocks DONE
2026-05-27T21:54:10 siman_038/nekudot-hakesef 2 blocks DONE
2026-05-27T21:54:10 siman_038/peleti 2 blocks DONE
2026-05-27T21:54:10 siman_038/pitchei-teshuva 3 blocks DONE
2026-05-27T21:54:10 siman_038/rabbi-akiva-eiger-yd 1 blocks DONE
2026-05-27T21:54:10 siman_038/siftei-kohen 9 blocks DONE
2026-05-27T21:54:10 siman_038/turei-zahav 4 blocks DONE
2026-05-27T21:54:10 siman_038/yad-avraham 2 blocks DONE
2026-05-27T21:54:10 siman_038/yad-ephraim 2 blocks DONE
2026-05-27T21:54:10 siman_038 COMPLETE
2026-05-27T21:54:10 siman_039/baer-heitev 39 blocks DONE
2026-05-27T21:54:10 siman_039/beer-hagolah 25 blocks DONE
2026-05-27T21:54:10 siman_039/beur-hagra 38 blocks DONE
2026-05-27T21:54:10 siman_039/kaf-hachayim 26 blocks DONE
2026-05-27T21:54:10 siman_039/kereti 20 blocks DONE
2026-05-27T21:54:10 siman_039/kol-yaakov 25 blocks DONE
2026-05-27T21:54:10 siman_039/mateh-yehonatan 1 blocks DONE
2026-05-27T21:54:10 siman_039/mechaber 25 blocks DONE
2026-05-27T21:54:10 siman_039/nekudot-hakesef 8 blocks DONE
2026-05-27T21:54:10 siman_039/peleti 8 blocks DONE
2026-05-27T21:54:10 siman_039/pitchei-teshuva 25 blocks DONE
2026-05-27T21:54:10 siman_039/rabbi-akiva-eiger-yd 7 blocks DONE
2026-05-27T21:54:10 siman_039/siftei-kohen 47 blocks DONE
2026-05-27T21:54:10 siman_039/turei-zahav 24 blocks DONE
2026-05-27T21:54:10 siman_039/yad-avraham 5 blocks DONE
2026-05-27T21:54:10 siman_039/yad-ephraim 12 blocks DONE
2026-05-27T21:54:10 siman_039 COMPLETE
2026-05-27T21:54:10 siman_040/baer-heitev 6 blocks DONE
2026-05-27T21:54:10 siman_040/beer-hagolah 6 blocks DONE
2026-05-27T21:54:10 siman_040/beur-hagra 10 blocks DONE
2026-05-27T21:54:10 siman_040/kaf-hachayim 6 blocks DONE
2026-05-27T21:54:10 siman_040/kereti 7 blocks DONE
2026-05-27T21:54:10 siman_040/mateh-yehonatan 4 blocks DONE
2026-05-27T21:54:10 siman_040/mechaber 6 blocks DONE
2026-05-27T21:54:10 siman_040/nekudot-hakesef 2 blocks DONE
2026-05-27T21:54:10 siman_040/peleti 5 blocks DONE
2026-05-27T21:54:10 siman_040/pitchei-teshuva 2 blocks DONE
2026-05-27T21:54:10 siman_040/rabbi-akiva-eiger-yd 1 blocks DONE
2026-05-27T21:54:10 siman_040/siftei-kohen 8 blocks DONE
2026-05-27T21:54:10 siman_040/turei-zahav 5 blocks DONE
2026-05-27T21:54:10 siman_040/yad-ephraim 2 blocks DONE
2026-05-27T21:54:10 siman_040 COMPLETE
2026-05-27T21:58:52 siman_042/mechaber 9 blocks DONE
2026-05-27T21:58:52 siman_042/siftei-kohen 14 blocks DONE
2026-05-27T21:58:52 siman_042/turei-zahav 3 blocks DONE
2026-05-27T21:58:52 siman_042/baer-heitev 9 blocks DONE
2026-05-27T21:58:52 siman_042/beer-hagolah 9 blocks DONE
2026-05-27T21:58:52 siman_042/beur-hagra 11 blocks DONE
2026-05-27T21:58:52 siman_042/kereti 12 blocks DONE
2026-05-27T21:58:52 siman_042/peleti 6 blocks DONE
2026-05-27T21:58:52 siman_042/pitchei-teshuva 9 blocks DONE
2026-05-27T21:58:52 siman_042/kaf-hachayim 9 blocks DONE
2026-05-27T21:58:52 siman_042/mateh-yehonatan 1 blocks DONE
2026-05-27T21:58:52 siman_042/yad-avraham 2 blocks DONE
2026-05-27T21:58:52 siman_042/yad-ephraim 9 blocks DONE
2026-05-27T21:58:52 siman_042/kol-yaakov 9 blocks DONE
2026-05-27T21:58:52 siman_042 COMPLETE
2026-05-27T22:05:19 siman_042/mechaber 9 blocks DONE
2026-05-27T22:05:19 siman_042/siftei-kohen 14 blocks DONE
2026-05-27T22:05:19 siman_042/turei-zahav 3 blocks DONE
2026-05-27T22:05:19 siman_042/baer-heitev 9 blocks DONE
2026-05-27T22:05:19 siman_042/beer-hagolah 9 blocks DONE
2026-05-27T22:05:19 siman_042/beur-hagra 11 blocks DONE
2026-05-27T22:05:19 siman_042/kereti 12 blocks DONE
2026-05-27T22:05:19 siman_042/peleti 6 blocks DONE
2026-05-27T22:05:19 siman_042/pitchei-teshuva 9 blocks DONE
2026-05-27T22:05:19 siman_042/kaf-hachayim 9 blocks DONE
2026-05-27T22:05:19 siman_042/mateh-yehonatan 1 blocks DONE
2026-05-27T22:05:19 siman_042/yad-avraham 2 blocks DONE
2026-05-27T22:05:19 siman_042/yad-ephraim 9 blocks DONE
2026-05-27T22:05:19 siman_042/kol-yaakov 9 blocks DONE
2026-05-27T22:05:19 siman_042 COMPLETE
2026-05-27T22:05:19 siman_041/baer-heitev 16 blocks DONE
2026-05-27T22:05:19 siman_041/beer-hagolah 10 blocks DONE
2026-05-27T22:05:19 siman_041/beur-hagra 16 blocks DONE
2026-05-27T22:05:19 siman_041/kaf-hachayim 10 blocks DONE
2026-05-27T22:05:19 siman_041/kereti 14 blocks DONE
2026-05-27T22:05:19 siman_041/mateh-yehonatan 1 blocks DONE
2026-05-27T22:05:19 siman_041/mechaber 10 blocks DONE
2026-05-27T22:05:19 siman_041/nekudot-hakesef 1 blocks DONE
2026-05-27T22:05:19 siman_041/peleti 9 blocks DONE
2026-05-27T22:05:19 siman_041/pitchei-teshuva 10 blocks DONE
2026-05-27T22:05:19 siman_041/rabbi-akiva-eiger-yd 4 blocks DONE
2026-05-27T22:05:19 siman_041/siftei-kohen 16 blocks DONE
2026-05-27T22:05:19 siman_041/turei-zahav 11 blocks DONE
2026-05-27T22:05:19 siman_041/yad-avraham 1 blocks DONE
2026-05-27T22:05:19 siman_041/yad-ephraim 4 blocks DONE
2026-05-27T22:05:19 siman_041 COMPLETE
2026-05-27T22:05:19 siman_042/baer-heitev 9 blocks DONE
2026-05-27T22:05:19 siman_042/beer-hagolah 9 blocks DONE
2026-05-27T22:05:19 siman_042/beur-hagra 11 blocks DONE
2026-05-27T22:05:19 siman_042/kaf-hachayim 9 blocks DONE
2026-05-27T22:05:19 siman_042/kereti 12 blocks DONE
2026-05-27T22:05:19 siman_042/kol-yaakov 9 blocks DONE
2026-05-27T22:05:19 siman_042/mateh-yehonatan 1 blocks DONE
2026-05-27T22:05:19 siman_042/mechaber 9 blocks DONE
2026-05-27T22:05:19 siman_042/peleti 6 blocks DONE
2026-05-27T22:05:19 siman_042/pitchei-teshuva 9 blocks DONE
2026-05-27T22:05:19 siman_042/siftei-kohen 14 blocks DONE
2026-05-27T22:05:19 siman_042/turei-zahav 3 blocks DONE
2026-05-27T22:05:19 siman_042/yad-avraham 2 blocks DONE
2026-05-27T22:05:19 siman_042/yad-ephraim 9 blocks DONE
2026-05-27T22:05:19 siman_042 COMPLETE
2026-05-27T22:05:19 siman_043/baer-heitev 8 blocks DONE
2026-05-27T22:05:19 siman_043/beer-hagolah 6 blocks DONE
2026-05-27T22:05:19 siman_043/beur-hagra 5 blocks DONE
2026-05-27T22:05:19 siman_043/kaf-hachayim 6 blocks DONE
2026-05-27T22:05:19 siman_043/kereti 13 blocks DONE
2026-05-27T22:05:19 siman_043/mateh-yehonatan 4 blocks DONE
2026-05-27T22:05:19 siman_043/mechaber 6 blocks DONE
2026-05-27T22:05:19 siman_043/nekudot-hakesef 3 blocks DONE
2026-05-27T22:05:19 siman_043/peleti 8 blocks DONE
2026-05-27T22:05:19 siman_043/pitchei-teshuva 6 blocks DONE
2026-05-27T22:05:19 siman_043/siftei-kohen 10 blocks DONE
2026-05-27T22:05:19 siman_043/turei-zahav 9 blocks DONE
2026-05-27T22:05:19 siman_043/yad-avraham 3 blocks DONE
2026-05-27T22:05:19 siman_043/yad-ephraim 3 blocks DONE
2026-05-27T22:05:19 siman_043 COMPLETE
2026-05-27T22:09:27 siman_045/mechaber 2 blocks DONE
2026-05-27T22:09:27 siman_045/siftei-kohen 5 blocks DONE
2026-05-27T22:09:27 siman_045/turei-zahav 1 blocks DONE
2026-05-27T22:09:27 siman_045/baer-heitev 3 blocks DONE
2026-05-27T22:09:27 siman_045/beer-hagolah 3 blocks DONE
2026-05-27T22:09:27 siman_045/beur-hagra 5 blocks DONE
2026-05-27T22:09:27 siman_045/kereti 5 blocks DONE
2026-05-27T22:09:27 siman_045/peleti 2 blocks DONE
2026-05-27T22:09:27 siman_045/pitchei-teshuva 2 blocks DONE
2026-05-27T22:09:27 siman_045/kaf-hachayim 2 blocks DONE
2026-05-27T22:09:27 siman_045/yad-avraham 1 blocks DONE
2026-05-27T22:09:27 siman_045/yad-ephraim 2 blocks DONE
2026-05-27T22:09:27 siman_045 COMPLETE
2026-05-27T22:14:05 siman_044/baer-heitev 11 blocks DONE
2026-05-27T22:14:05 siman_044/beer-hagolah 17 blocks DONE
2026-05-27T22:14:05 siman_044/beur-hagra 16 blocks DONE
2026-05-27T22:14:05 siman_044/kaf-hachayim 10 blocks DONE
2026-05-27T22:14:05 siman_044/kereti 16 blocks DONE
2026-05-27T22:14:05 siman_044/mateh-yehonatan 2 blocks DONE
2026-05-27T22:14:05 siman_044/mechaber 10 blocks DONE
2026-05-27T22:14:05 siman_044/nekudot-hakesef 2 blocks DONE
2026-05-27T22:14:05 siman_044/peleti 10 blocks DONE
2026-05-27T22:14:05 siman_044/pitchei-teshuva 9 blocks DONE
2026-05-27T22:14:05 siman_044/rabbi-akiva-eiger-yd 2 blocks DONE
2026-05-27T22:14:05 siman_044/siftei-kohen 20 blocks DONE
2026-05-27T22:14:05 siman_044/turei-zahav 16 blocks DONE
2026-05-27T22:14:05 siman_044/yad-avraham 2 blocks DONE
2026-05-27T22:14:05 siman_044/yad-ephraim 5 blocks DONE
2026-05-27T22:14:05 siman_044 COMPLETE
2026-05-27T22:14:05 siman_045/baer-heitev 3 blocks DONE
2026-05-27T22:14:05 siman_045/beer-hagolah 3 blocks DONE
2026-05-27T22:14:05 siman_045/beur-hagra 5 blocks DONE
2026-05-27T22:14:05 siman_045/kaf-hachayim 2 blocks DONE
2026-05-27T22:14:05 siman_045/kereti 5 blocks DONE
2026-05-27T22:14:05 siman_045/mechaber 2 blocks DONE
2026-05-27T22:14:05 siman_045/peleti 2 blocks DONE
2026-05-27T22:14:05 siman_045/pitchei-teshuva 2 blocks DONE
2026-05-27T22:14:05 siman_045/siftei-kohen 5 blocks DONE
2026-05-27T22:14:05 siman_045/turei-zahav 1 blocks DONE
2026-05-27T22:14:05 siman_045/yad-avraham 1 blocks DONE
2026-05-27T22:14:05 siman_045/yad-ephraim 2 blocks DONE
2026-05-27T22:14:05 siman_045 COMPLETE
2026-05-27T22:14:05 siman_046/baer-heitev 11 blocks DONE
2026-05-27T22:14:05 siman_046/beer-hagolah 6 blocks DONE
2026-05-27T22:14:05 siman_046/beur-hagra 15 blocks DONE
2026-05-27T22:14:05 siman_046/kaf-hachayim 6 blocks DONE
2026-05-27T22:14:05 siman_046/kereti 16 blocks DONE
2026-05-27T22:14:05 siman_046/mechaber 6 blocks DONE
2026-05-27T22:14:05 siman_046/nekudot-hakesef 1 blocks DONE
2026-05-27T22:14:05 siman_046/peleti 7 blocks DONE
2026-05-27T22:14:05 siman_046/pitchei-teshuva 6 blocks DONE
2026-05-27T22:14:05 siman_046/rabbi-akiva-eiger-yd 4 blocks DONE
2026-05-27T22:14:05 siman_046/siftei-kohen 17 blocks DONE
2026-05-27T22:14:05 siman_046/turei-zahav 7 blocks DONE
2026-05-27T22:14:05 siman_046/yad-avraham 3 blocks DONE
2026-05-27T22:14:05 siman_046/yad-ephraim 5 blocks DONE
2026-05-27T22:14:05 siman_046 COMPLETE
2026-05-27T22:14:05 siman_047/baer-heitev 7 blocks DONE
2026-05-27T22:14:05 siman_047/beer-hagolah 5 blocks DONE
2026-05-27T22:14:05 siman_047/beur-hagra 6 blocks DONE
2026-05-27T22:14:05 siman_047/kaf-hachayim 5 blocks DONE
2026-05-27T22:14:05 siman_047/kereti 8 blocks DONE
2026-05-27T22:14:05 siman_047/mechaber 5 blocks DONE
2026-05-27T22:14:05 siman_047/nekudot-hakesef 1 blocks DONE
2026-05-27T22:14:05 siman_047/peleti 4 blocks DONE
2026-05-27T22:14:05 siman_047/pitchei-teshuva 3 blocks DONE
2026-05-27T22:14:05 siman_047/rabbi-akiva-eiger-yd 1 blocks DONE
2026-05-27T22:14:05 siman_047/siftei-kohen 8 blocks DONE
2026-05-27T22:14:05 siman_047/turei-zahav 5 blocks DONE
2026-05-27T22:14:05 siman_047/yad-avraham 1 blocks DONE
2026-05-27T22:14:05 siman_047/yad-ephraim 1 blocks DONE
2026-05-27T22:14:05 siman_047 COMPLETE
2026-05-27T22:19:58 siman_050/mechaber 3 blocks DONE
2026-05-27T22:19:58 siman_050/siftei-kohen 6 blocks DONE
2026-05-27T22:19:58 siman_050/turei-zahav 4 blocks DONE
2026-05-27T22:19:58 siman_050/baer-heitev 7 blocks DONE
2026-05-27T22:19:58 siman_050/beer-hagolah 3 blocks DONE
2026-05-27T22:19:58 siman_050/beur-hagra 11 blocks DONE
2026-05-27T22:19:58 siman_050/kereti 7 blocks DONE
2026-05-27T22:19:58 siman_050/peleti 2 blocks DONE
2026-05-27T22:19:58 siman_050/pitchei-teshuva 3 blocks DONE
2026-05-27T22:19:58 siman_050/mateh-yehonatan 1 blocks DONE
2026-05-27T22:19:58 siman_050/kaf-hachayim 3 blocks DONE
2026-05-27T22:19:58 siman_050/yad-avraham 2 blocks DONE
2026-05-27T22:19:58 siman_050/yad-ephraim 1 blocks DONE
2026-05-27T22:19:58 siman_050 COMPLETE
2026-05-27T22:31:24 siman_045/mechaber 2 blocks DONE
2026-05-27T22:31:24 siman_045/siftei-kohen 5 blocks DONE
2026-05-27T22:31:24 siman_045/turei-zahav 1 blocks DONE
2026-05-27T22:31:24 siman_045/baer-heitev 3 blocks DONE
2026-05-27T22:31:24 siman_045/beer-hagolah 3 blocks DONE
2026-05-27T22:31:24 siman_045/beur-hagra 5 blocks DONE
2026-05-27T22:31:24 siman_045/kereti 5 blocks DONE
2026-05-27T22:31:24 siman_045/peleti 2 blocks DONE
2026-05-27T22:31:24 siman_045/pitchei-teshuva 2 blocks DONE
2026-05-27T22:31:24 siman_045/kaf-hachayim 2 blocks DONE
2026-05-27T22:31:24 siman_045/yad-avraham 1 blocks DONE
2026-05-27T22:31:24 siman_045/yad-ephraim 2 blocks DONE
2026-05-27T22:31:24 siman_045 COMPLETE
2026-05-27T22:31:26 siman_050/mechaber 3 blocks DONE
2026-05-27T22:31:26 siman_050/siftei-kohen 6 blocks DONE
2026-05-27T22:31:26 siman_050/turei-zahav 4 blocks DONE
2026-05-27T22:31:26 siman_050/baer-heitev 7 blocks DONE
2026-05-27T22:31:26 siman_050/beer-hagolah 3 blocks DONE
2026-05-27T22:31:26 siman_050/beur-hagra 11 blocks DONE
2026-05-27T22:31:26 siman_050/kereti 7 blocks DONE
2026-05-27T22:31:26 siman_050/peleti 2 blocks DONE
2026-05-27T22:31:26 siman_050/pitchei-teshuva 3 blocks DONE
2026-05-27T22:31:26 siman_050/mateh-yehonatan 1 blocks DONE
2026-05-27T22:31:26 siman_050/kaf-hachayim 3 blocks DONE
2026-05-27T22:31:26 siman_050/yad-avraham 2 blocks DONE
2026-05-27T22:31:26 siman_050/yad-ephraim 1 blocks DONE
2026-05-27T22:31:26 siman_050 COMPLETE
2026-05-27T22:31:27 siman_045/baer-heitev 3 blocks DONE
2026-05-27T22:31:27 siman_045/beer-hagolah 3 blocks DONE
2026-05-27T22:31:27 siman_045/beur-hagra 5 blocks DONE
2026-05-27T22:31:27 siman_045/kaf-hachayim 2 blocks DONE
2026-05-27T22:31:27 siman_045/kereti 5 blocks DONE
2026-05-27T22:31:27 siman_045/mechaber 2 blocks DONE
2026-05-27T22:31:27 siman_045/peleti 2 blocks DONE
2026-05-27T22:31:27 siman_045/pitchei-teshuva 2 blocks DONE
2026-05-27T22:31:27 siman_045/siftei-kohen 5 blocks DONE
2026-05-27T22:31:27 siman_045/turei-zahav 1 blocks DONE
2026-05-27T22:31:27 siman_045/yad-avraham 1 blocks DONE
2026-05-27T22:31:27 siman_045/yad-ephraim 2 blocks DONE
2026-05-27T22:31:27 siman_045 COMPLETE
2026-05-27T22:31:27 siman_046/baer-heitev 11 blocks DONE
2026-05-27T22:31:27 siman_046/beer-hagolah 6 blocks DONE
2026-05-27T22:31:27 siman_046/beur-hagra 15 blocks DONE
2026-05-27T22:31:27 siman_046/kaf-hachayim 6 blocks DONE
2026-05-27T22:31:27 siman_046/kereti 16 blocks DONE
2026-05-27T22:31:27 siman_046/mechaber 6 blocks DONE
2026-05-27T22:31:27 siman_046/nekudot-hakesef 1 blocks DONE
2026-05-27T22:31:27 siman_046/peleti 7 blocks DONE
2026-05-27T22:31:27 siman_046/pitchei-teshuva 6 blocks DONE
2026-05-27T22:31:27 siman_046/rabbi-akiva-eiger-yd 4 blocks DONE
2026-05-27T22:31:27 siman_046/siftei-kohen 17 blocks DONE
2026-05-27T22:31:27 siman_046/turei-zahav 7 blocks DONE
2026-05-27T22:31:27 siman_046/yad-avraham 3 blocks DONE
2026-05-27T22:31:27 siman_046/yad-ephraim 5 blocks DONE
2026-05-27T22:31:27 siman_046 COMPLETE
2026-05-27T22:31:28 siman_047/baer-heitev 7 blocks DONE
2026-05-27T22:31:28 siman_047/beer-hagolah 5 blocks DONE
2026-05-27T22:31:28 siman_047/beur-hagra 6 blocks DONE
2026-05-27T22:31:28 siman_047/kaf-hachayim 5 blocks DONE
2026-05-27T22:31:28 siman_047/kereti 8 blocks DONE
2026-05-27T22:31:28 siman_047/mechaber 5 blocks DONE
2026-05-27T22:31:28 siman_047/nekudot-hakesef 1 blocks DONE
2026-05-27T22:31:28 siman_047/peleti 4 blocks DONE
2026-05-27T22:31:28 siman_047/pitchei-teshuva 3 blocks DONE
2026-05-27T22:31:28 siman_047/rabbi-akiva-eiger-yd 1 blocks DONE
2026-05-27T22:31:28 siman_047/siftei-kohen 8 blocks DONE
2026-05-27T22:31:28 siman_047/turei-zahav 5 blocks DONE
2026-05-27T22:31:28 siman_047/yad-avraham 1 blocks DONE
2026-05-27T22:31:28 siman_047/yad-ephraim 1 blocks DONE
2026-05-27T22:31:28 siman_047 COMPLETE
2026-05-27T22:31:28 siman_048/baer-heitev 29 blocks DONE
2026-05-27T22:31:28 siman_048/beer-hagolah 12 blocks DONE
2026-05-27T22:31:28 siman_048/beur-hagra 27 blocks DONE
2026-05-27T22:31:28 siman_048/kaf-hachayim 12 blocks DONE
2026-05-27T22:31:28 siman_048/kereti 27 blocks DONE
2026-05-27T22:31:28 siman_048/mateh-yehonatan 8 blocks DONE
2026-05-27T22:31:28 siman_048/mechaber 12 blocks DONE
2026-05-27T22:31:28 siman_048/nekudot-hakesef 7 blocks DONE
2026-05-27T22:31:28 siman_048/peleti 13 blocks DONE
2026-05-27T22:31:28 siman_048/pitchei-teshuva 12 blocks DONE
2026-05-27T22:31:28 siman_048/rabbi-akiva-eiger-yd 3 blocks DONE
2026-05-27T22:31:28 siman_048/siftei-kohen 42 blocks DONE
2026-05-27T22:31:28 siman_048/turei-zahav 19 blocks DONE
2026-05-27T22:31:28 siman_048/yad-avraham 3 blocks DONE
2026-05-27T22:31:28 siman_048/yad-ephraim 5 blocks DONE
2026-05-27T22:31:28 siman_048 COMPLETE
2026-05-27T22:31:29 siman_049/baer-heitev 5 blocks DONE
2026-05-27T22:31:29 siman_049/beer-hagolah 6 blocks DONE
2026-05-27T22:31:29 siman_049/beur-hagra 5 blocks DONE
2026-05-27T22:31:29 siman_049/kaf-hachayim 5 blocks DONE
2026-05-27T22:31:29 siman_049/kereti 7 blocks DONE
2026-05-27T22:31:29 siman_049/mateh-yehonatan 1 blocks DONE
2026-05-27T22:31:29 siman_049/mechaber 5 blocks DONE
2026-05-27T22:31:29 siman_049/nekudot-hakesef 1 blocks DONE
2026-05-27T22:31:29 siman_049/pitchei-teshuva 5 blocks DONE
2026-05-27T22:31:29 siman_049/rabbi-akiva-eiger-yd 1 blocks DONE
2026-05-27T22:31:29 siman_049/siftei-kohen 6 blocks DONE
2026-05-27T22:31:29 siman_049/turei-zahav 3 blocks DONE
2026-05-27T22:31:29 siman_049/yad-ephraim 3 blocks DONE
2026-05-27T22:31:29 siman_049 COMPLETE
2026-05-27T22:31:30 siman_050/baer-heitev 7 blocks DONE
2026-05-27T22:31:30 siman_050/beer-hagolah 3 blocks DONE
2026-05-27T22:31:30 siman_050/beur-hagra 11 blocks DONE
2026-05-27T22:31:30 siman_050/kaf-hachayim 3 blocks DONE
2026-05-27T22:31:30 siman_050/kereti 7 blocks DONE
2026-05-27T22:31:30 siman_050/mateh-yehonatan 1 blocks DONE
2026-05-27T22:31:30 siman_050/mechaber 3 blocks DONE
2026-05-27T22:31:30 siman_050/peleti 2 blocks DONE
2026-05-27T22:31:30 siman_050/pitchei-teshuva 3 blocks DONE
2026-05-27T22:31:30 siman_050/siftei-kohen 6 blocks DONE
2026-05-27T22:31:30 siman_050/turei-zahav 4 blocks DONE
2026-05-27T22:31:30 siman_050/yad-avraham 2 blocks DONE
2026-05-27T22:31:30 siman_050/yad-ephraim 1 blocks DONE
2026-05-27T22:31:30 siman_050 COMPLETE
2026-05-27T22:31:47 siman_048/baer-heitev 29 blocks DONE
2026-05-27T22:31:47 siman_048/beer-hagolah 12 blocks DONE
2026-05-27T22:31:47 siman_048/beur-hagra 27 blocks DONE
2026-05-27T22:31:47 siman_048/kaf-hachayim 12 blocks DONE
2026-05-27T22:31:47 siman_048/kereti 27 blocks DONE
2026-05-27T22:31:47 siman_048/mateh-yehonatan 8 blocks DONE
2026-05-27T22:31:47 siman_048/mechaber 12 blocks DONE
2026-05-27T22:31:47 siman_048/nekudot-hakesef 7 blocks DONE
2026-05-27T22:31:47 siman_048/peleti 13 blocks DONE
2026-05-27T22:31:47 siman_048/pitchei-teshuva 12 blocks DONE
2026-05-27T22:31:47 siman_048/rabbi-akiva-eiger-yd 3 blocks DONE
2026-05-27T22:31:47 siman_048/siftei-kohen 42 blocks DONE
2026-05-27T22:31:47 siman_048/turei-zahav 19 blocks DONE
2026-05-27T22:31:47 siman_048/yad-avraham 3 blocks DONE
2026-05-27T22:31:47 siman_048/yad-ephraim 5 blocks DONE
2026-05-27T22:31:47 siman_048 COMPLETE
2026-05-27T22:31:48 siman_049/baer-heitev 5 blocks DONE
2026-05-27T22:31:48 siman_049/beer-hagolah 6 blocks DONE
2026-05-27T22:31:48 siman_049/beur-hagra 5 blocks DONE
2026-05-27T22:31:48 siman_049/kaf-hachayim 5 blocks DONE
2026-05-27T22:31:48 siman_049/kereti 7 blocks DONE
2026-05-27T22:31:48 siman_049/mateh-yehonatan 1 blocks DONE
2026-05-27T22:31:48 siman_049/mechaber 5 blocks DONE
2026-05-27T22:31:48 siman_049/nekudot-hakesef 1 blocks DONE
2026-05-27T22:31:48 siman_049/pitchei-teshuva 5 blocks DONE
2026-05-27T22:31:48 siman_049/rabbi-akiva-eiger-yd 1 blocks DONE
2026-05-27T22:31:48 siman_049/siftei-kohen 6 blocks DONE
2026-05-27T22:31:48 siman_049/turei-zahav 3 blocks DONE
2026-05-27T22:31:48 siman_049/yad-ephraim 3 blocks DONE
2026-05-27T22:31:48 siman_049 COMPLETE
2026-05-27T22:31:49 siman_050/baer-heitev 7 blocks DONE
2026-05-27T22:31:49 siman_050/beer-hagolah 3 blocks DONE
2026-05-27T22:31:49 siman_050/beur-hagra 11 blocks DONE
2026-05-27T22:31:49 siman_050/kaf-hachayim 3 blocks DONE
2026-05-27T22:31:49 siman_050/kereti 7 blocks DONE
2026-05-27T22:31:49 siman_050/mateh-yehonatan 1 blocks DONE
2026-05-27T22:31:49 siman_050/mechaber 3 blocks DONE
2026-05-27T22:31:49 siman_050/peleti 2 blocks DONE
2026-05-27T22:31:49 siman_050/pitchei-teshuva 3 blocks DONE
2026-05-27T22:31:49 siman_050/siftei-kohen 6 blocks DONE
2026-05-27T22:31:49 siman_050/turei-zahav 4 blocks DONE
2026-05-27T22:31:49 siman_050/yad-avraham 2 blocks DONE
2026-05-27T22:31:49 siman_050/yad-ephraim 1 blocks DONE
2026-05-27T22:31:49 siman_050 COMPLETE
2026-05-27T22:36:12 siman_051/mechaber 4 blocks DONE
2026-05-27T22:36:12 siman_051/siftei-kohen 5 blocks DONE
2026-05-27T22:36:12 siman_051/turei-zahav 4 blocks DONE
2026-05-27T22:36:12 siman_051/baer-heitev 5 blocks DONE
2026-05-27T22:36:12 siman_051/beer-hagolah 7 blocks DONE
2026-05-27T22:36:12 siman_051/beur-hagra 4 blocks DONE
2026-05-27T22:36:12 siman_051/kereti 7 blocks DONE
2026-05-27T22:36:12 siman_051/peleti 3 blocks DONE
2026-05-27T22:36:12 siman_051/pitchei-teshuva 4 blocks DONE
2026-05-27T22:36:12 siman_051/nekudot-hakesef 2 blocks DONE
2026-05-27T22:36:12 siman_051/rabbi-akiva-eiger-yd 1 blocks DONE
2026-05-27T22:36:12 siman_051/kaf-hachayim 4 blocks DONE
2026-05-27T22:36:12 siman_051/yad-avraham 1 blocks DONE
2026-05-27T22:36:12 siman_051/yad-ephraim 3 blocks DONE
2026-05-27T22:36:12 siman_051 COMPLETE
2026-05-27T22:36:35 siman_051/mechaber 4 blocks DONE
2026-05-27T22:36:35 siman_051/siftei-kohen 5 blocks DONE
2026-05-27T22:36:35 siman_051/turei-zahav 4 blocks DONE
2026-05-27T22:36:35 siman_051/baer-heitev 5 blocks DONE
2026-05-27T22:36:35 siman_051/beer-hagolah 7 blocks DONE
2026-05-27T22:36:35 siman_051/beur-hagra 4 blocks DONE
2026-05-27T22:36:35 siman_051/kereti 7 blocks DONE
2026-05-27T22:36:35 siman_051/peleti 3 blocks DONE
2026-05-27T22:36:35 siman_051/pitchei-teshuva 4 blocks DONE
2026-05-27T22:36:35 siman_051/nekudot-hakesef 2 blocks DONE
2026-05-27T22:36:35 siman_051/rabbi-akiva-eiger-yd 1 blocks DONE
2026-05-27T22:36:35 siman_051/kaf-hachayim 4 blocks DONE
2026-05-27T22:36:35 siman_051/yad-avraham 1 blocks DONE
2026-05-27T22:36:35 siman_051/yad-ephraim 3 blocks DONE
2026-05-27T22:36:35 siman_051 COMPLETE
2026-05-27T22:37:04 siman_054/mechaber 5 blocks DONE
2026-05-27T22:37:04 siman_054/siftei-kohen 9 blocks DONE
2026-05-27T22:37:04 siman_054/turei-zahav 4 blocks DONE
2026-05-27T22:37:04 siman_054/baer-heitev 7 blocks DONE
2026-05-27T22:37:04 siman_054/beer-hagolah 9 blocks DONE
2026-05-27T22:37:04 siman_054/beur-hagra 8 blocks DONE
2026-05-27T22:37:04 siman_054/kereti 9 blocks DONE
2026-05-27T22:37:04 siman_054/peleti 2 blocks DONE
2026-05-27T22:37:04 siman_054/pitchei-teshuva 3 blocks DONE
2026-05-27T22:37:04 siman_054/mateh-yehonatan 2 blocks DONE
2026-05-27T22:37:04 siman_054/kaf-hachayim 5 blocks DONE
2026-05-27T22:37:04 siman_054/nekudot-hakesef 1 blocks DONE
2026-05-27T22:37:04 siman_054/yad-avraham 1 blocks DONE
2026-05-27T22:37:04 siman_054/yad-ephraim 2 blocks DONE
2026-05-27T22:37:04 siman_054 COMPLETE
2026-05-27T22:38:39 siman_052/mechaber 7 blocks DONE
2026-05-27T22:38:39 siman_052/siftei-kohen 19 blocks DONE
2026-05-27T22:38:39 siman_052/turei-zahav 11 blocks DONE
2026-05-27T22:38:39 siman_052/baer-heitev 14 blocks DONE
2026-05-27T22:38:39 siman_052/beer-hagolah 15 blocks DONE
2026-05-27T22:38:39 siman_052/beur-hagra 13 blocks DONE
2026-05-27T22:38:39 siman_052/kereti 10 blocks DONE
2026-05-27T22:38:39 siman_052/peleti 6 blocks DONE
2026-05-27T22:38:39 siman_052/pitchei-teshuva 3 blocks DONE
2026-05-27T22:38:39 siman_052/mateh-yehonatan 1 blocks DONE
2026-05-27T22:38:39 siman_052/kaf-hachayim 7 blocks DONE
2026-05-27T22:38:39 siman_052/yad-avraham 1 blocks DONE
2026-05-27T22:38:39 siman_052/yad-ephraim 2 blocks DONE
2026-05-27T22:38:39 siman_052/nekudot-hakesef 4 blocks DONE
2026-05-27T22:38:39 siman_052 COMPLETE
2026-05-27T22:40:42 siman_053/mechaber 5 blocks DONE
2026-05-27T22:40:42 siman_053/siftei-kohen 17 blocks DONE
2026-05-27T22:40:42 siman_053/turei-zahav 10 blocks DONE
2026-05-27T22:40:42 siman_053/baer-heitev 13 blocks DONE
2026-05-27T22:40:42 siman_053/beer-hagolah 8 blocks DONE
2026-05-27T22:40:42 siman_053/beur-hagra 10 blocks DONE
2026-05-27T22:40:42 siman_053/kereti 14 blocks DONE
2026-05-27T22:40:42 siman_053/peleti 2 blocks DONE
2026-05-27T22:40:42 siman_053/pitchei-teshuva 5 blocks DONE
2026-05-27T22:40:42 siman_053/mateh-yehonatan 2 blocks DONE
2026-05-27T22:40:42 siman_053/kaf-hachayim 5 blocks DONE
2026-05-27T22:40:42 siman_053/nekudot-hakesef 2 blocks DONE
2026-05-27T22:40:42 siman_053/yad-avraham 1 blocks DONE
2026-05-27T22:40:42 siman_053/yad-ephraim 3 blocks DONE
2026-05-27T22:40:42 siman_053/rabbi-akiva-eiger-yd 5 blocks DONE
2026-05-27T22:40:42 siman_053 COMPLETE
2026-05-27T22:42:32 siman_053/mechaber 5 blocks DONE
2026-05-27T22:42:32 siman_053/siftei-kohen 17 blocks DONE
2026-05-27T22:42:32 siman_053/turei-zahav 10 blocks DONE
2026-05-27T22:42:32 siman_053/baer-heitev 13 blocks DONE
2026-05-27T22:42:32 siman_053/beer-hagolah 8 blocks DONE
2026-05-27T22:42:32 siman_053/beur-hagra 10 blocks DONE
2026-05-27T22:42:32 siman_053/kereti 15 blocks DONE
2026-05-27T22:42:32 siman_053/peleti 2 blocks DONE
2026-05-27T22:42:32 siman_053/pitchei-teshuva 5 blocks DONE
2026-05-27T22:42:32 siman_053/mateh-yehonatan 2 blocks DONE
2026-05-27T22:42:32 siman_053/kaf-hachayim 5 blocks DONE
2026-05-27T22:42:32 siman_053/nekudot-hakesef 2 blocks DONE
2026-05-27T22:42:32 siman_053/yad-avraham 1 blocks DONE
2026-05-27T22:42:32 siman_053/yad-ephraim 3 blocks DONE
2026-05-27T22:42:32 siman_053/rabbi-akiva-eiger-yd 5 blocks DONE
2026-05-27T22:42:32 siman_053 COMPLETE
2026-05-27T22:42:48 siman_052/mechaber 7 blocks DONE
2026-05-27T22:42:48 siman_052/siftei-kohen 19 blocks DONE
2026-05-27T22:42:48 siman_052/turei-zahav 11 blocks DONE
2026-05-27T22:42:48 siman_052/baer-heitev 14 blocks DONE
2026-05-27T22:42:48 siman_052/beer-hagolah 15 blocks DONE
2026-05-27T22:42:48 siman_052/beur-hagra 13 blocks DONE
2026-05-27T22:42:48 siman_052/kereti 10 blocks DONE
2026-05-27T22:42:48 siman_052/peleti 6 blocks DONE
2026-05-27T22:42:48 siman_052/pitchei-teshuva 3 blocks DONE
2026-05-27T22:42:48 siman_052/mateh-yehonatan 1 blocks DONE
2026-05-27T22:42:48 siman_052/kaf-hachayim 7 blocks DONE
2026-05-27T22:42:48 siman_052/yad-avraham 1 blocks DONE
2026-05-27T22:42:48 siman_052/yad-ephraim 2 blocks DONE
2026-05-27T22:42:48 siman_052/nekudot-hakesef 4 blocks DONE
2026-05-27T22:42:48 siman_052 COMPLETE
2026-05-27T22:42:55 siman_051/mechaber 4 blocks DONE
2026-05-27T22:42:55 siman_051/siftei-kohen 5 blocks DONE
2026-05-27T22:42:55 siman_051/turei-zahav 4 blocks DONE
2026-05-27T22:42:55 siman_051/baer-heitev 5 blocks DONE
2026-05-27T22:42:55 siman_051/beer-hagolah 7 blocks DONE
2026-05-27T22:42:55 siman_051/beur-hagra 4 blocks DONE
2026-05-27T22:42:55 siman_051/kereti 7 blocks DONE
2026-05-27T22:42:55 siman_051/peleti 3 blocks DONE
2026-05-27T22:42:55 siman_051/pitchei-teshuva 4 blocks DONE
2026-05-27T22:42:55 siman_051/nekudot-hakesef 2 blocks DONE
2026-05-27T22:42:55 siman_051/rabbi-akiva-eiger-yd 1 blocks DONE
2026-05-27T22:42:55 siman_051/kaf-hachayim 4 blocks DONE
2026-05-27T22:42:55 siman_051/yad-avraham 1 blocks DONE
2026-05-27T22:42:55 siman_051/yad-ephraim 3 blocks DONE
2026-05-27T22:42:55 siman_051 COMPLETE
2026-05-27T22:43:03 siman_053/mechaber 5 blocks DONE
2026-05-27T22:43:03 siman_053/siftei-kohen 17 blocks DONE
2026-05-27T22:43:03 siman_053/turei-zahav 10 blocks DONE
2026-05-27T22:43:03 siman_053/baer-heitev 13 blocks DONE
2026-05-27T22:43:03 siman_053/beer-hagolah 8 blocks DONE
2026-05-27T22:43:03 siman_053/beur-hagra 10 blocks DONE
2026-05-27T22:43:03 siman_053/kereti 15 blocks DONE
2026-05-27T22:43:03 siman_053/peleti 2 blocks DONE
2026-05-27T22:43:03 siman_053/pitchei-teshuva 5 blocks DONE
2026-05-27T22:43:03 siman_053/mateh-yehonatan 2 blocks DONE
2026-05-27T22:43:03 siman_053/kaf-hachayim 5 blocks DONE
2026-05-27T22:43:03 siman_053/nekudot-hakesef 2 blocks DONE
2026-05-27T22:43:03 siman_053/yad-avraham 1 blocks DONE
2026-05-27T22:43:03 siman_053/yad-ephraim 3 blocks DONE
2026-05-27T22:43:03 siman_053/rabbi-akiva-eiger-yd 5 blocks DONE
2026-05-27T22:43:03 siman_053 COMPLETE
2026-05-27T22:43:03 siman_054/mechaber 5 blocks DONE
2026-05-27T22:43:03 siman_054/siftei-kohen 9 blocks DONE
2026-05-27T22:43:03 siman_054/turei-zahav 4 blocks DONE
2026-05-27T22:43:03 siman_054/baer-heitev 7 blocks DONE
2026-05-27T22:43:03 siman_054/beer-hagolah 9 blocks DONE
2026-05-27T22:43:03 siman_054/beur-hagra 8 blocks DONE
2026-05-27T22:43:03 siman_054/kereti 9 blocks DONE
2026-05-27T22:43:03 siman_054/peleti 2 blocks DONE
2026-05-27T22:43:03 siman_054/pitchei-teshuva 3 blocks DONE
2026-05-27T22:43:03 siman_054/mateh-yehonatan 2 blocks DONE
2026-05-27T22:43:03 siman_054/kaf-hachayim 5 blocks DONE
2026-05-27T22:43:03 siman_054/nekudot-hakesef 1 blocks DONE
2026-05-27T22:43:03 siman_054/yad-avraham 1 blocks DONE
2026-05-27T22:43:03 siman_054/yad-ephraim 2 blocks DONE
2026-05-27T22:43:03 siman_054 COMPLETE
2026-05-27T22:51:02 siman_055/mechaber 13 blocks DONE
2026-05-27T22:51:02 siman_055/siftei-kohen 21 blocks DONE
2026-05-27T22:51:02 siman_055/turei-zahav 12 blocks DONE
2026-05-27T22:51:02 siman_055/baer-heitev 17 blocks DONE
2026-05-27T22:51:02 siman_055/beer-hagolah 13 blocks DONE
2026-05-27T22:51:02 siman_055/beur-hagra 25 blocks DONE
2026-05-27T22:51:02 siman_055/kereti 19 blocks DONE
2026-05-27T22:51:02 siman_055/peleti 8 blocks DONE
2026-05-27T22:51:02 siman_055/pitchei-teshuva 13 blocks DONE
2026-05-27T22:51:02 siman_055/mateh-yehonatan 4 blocks DONE
2026-05-27T22:51:02 siman_055/kaf-hachayim 13 blocks DONE
2026-05-27T22:51:02 siman_055/nekudot-hakesef 2 blocks DONE
2026-05-27T22:51:02 siman_055/yad-avraham 3 blocks DONE
2026-05-27T22:51:02 siman_055/yad-ephraim 5 blocks DONE
2026-05-27T22:51:02 siman_055/rabbi-akiva-eiger-yd 8 blocks DONE
2026-05-27T22:51:02 siman_055 COMPLETE
2026-05-27T22:51:14 siman_053/mechaber 5 blocks DONE
2026-05-27T22:51:14 siman_053/siftei-kohen 17 blocks DONE
2026-05-27T22:51:14 siman_053/turei-zahav 10 blocks DONE
2026-05-27T22:51:14 siman_053/baer-heitev 13 blocks DONE
2026-05-27T22:51:14 siman_053/beer-hagolah 8 blocks DONE
2026-05-27T22:51:14 siman_053/beur-hagra 10 blocks DONE
2026-05-27T22:51:14 siman_053/kereti 15 blocks DONE
2026-05-27T22:51:14 siman_053/peleti 2 blocks DONE
2026-05-27T22:51:14 siman_053/pitchei-teshuva 5 blocks DONE
2026-05-27T22:51:14 siman_053/mateh-yehonatan 2 blocks DONE
2026-05-27T22:51:14 siman_053/kaf-hachayim 5 blocks DONE
2026-05-27T22:51:14 siman_053/nekudot-hakesef 2 blocks DONE
2026-05-27T22:51:14 siman_053/yad-avraham 1 blocks DONE
2026-05-27T22:51:14 siman_053/yad-ephraim 3 blocks DONE
2026-05-27T22:51:14 siman_053/rabbi-akiva-eiger-yd 5 blocks DONE
2026-05-27T22:51:14 siman_053 COMPLETE
2026-05-27T22:51:14 siman_054/mechaber 5 blocks DONE
2026-05-27T22:51:14 siman_054/siftei-kohen 9 blocks DONE
2026-05-27T22:51:14 siman_054/turei-zahav 4 blocks DONE
2026-05-27T22:51:14 siman_054/baer-heitev 7 blocks DONE
2026-05-27T22:51:14 siman_054/beer-hagolah 9 blocks DONE
2026-05-27T22:51:14 siman_054/beur-hagra 8 blocks DONE
2026-05-27T22:51:14 siman_054/kereti 9 blocks DONE
2026-05-27T22:51:14 siman_054/peleti 2 blocks DONE
2026-05-27T22:51:14 siman_054/pitchei-teshuva 3 blocks DONE
2026-05-27T22:51:14 siman_054/mateh-yehonatan 2 blocks DONE
2026-05-27T22:51:14 siman_054/kaf-hachayim 5 blocks DONE
2026-05-27T22:51:14 siman_054/nekudot-hakesef 1 blocks DONE
2026-05-27T22:51:14 siman_054/yad-avraham 1 blocks DONE
2026-05-27T22:51:14 siman_054/yad-ephraim 2 blocks DONE
2026-05-27T22:51:14 siman_054 COMPLETE
2026-05-27T22:51:14 siman_055/mechaber 13 blocks DONE
2026-05-27T22:51:14 siman_055/siftei-kohen 21 blocks DONE
2026-05-27T22:51:14 siman_055/turei-zahav 12 blocks DONE
2026-05-27T22:51:14 siman_055/baer-heitev 17 blocks DONE
2026-05-27T22:51:14 siman_055/beer-hagolah 13 blocks DONE
2026-05-27T22:51:14 siman_055/beur-hagra 25 blocks DONE
2026-05-27T22:51:14 siman_055/kereti 19 blocks DONE
2026-05-27T22:51:14 siman_055/peleti 8 blocks DONE
2026-05-27T22:51:14 siman_055/pitchei-teshuva 13 blocks DONE
2026-05-27T22:51:14 siman_055/mateh-yehonatan 4 blocks DONE
2026-05-27T22:51:14 siman_055/kaf-hachayim 13 blocks DONE
2026-05-27T22:51:14 siman_055/nekudot-hakesef 2 blocks DONE
2026-05-27T22:51:14 siman_055/yad-avraham 3 blocks DONE
2026-05-27T22:51:14 siman_055/yad-ephraim 5 blocks DONE
2026-05-27T22:51:14 siman_055/rabbi-akiva-eiger-yd 8 blocks DONE
2026-05-27T22:51:14 siman_055 COMPLETE
2026-05-27T22:52:57 siman_053/mechaber 5 blocks DONE
2026-05-27T22:52:57 siman_053/siftei-kohen 17 blocks DONE
2026-05-27T22:52:57 siman_053/turei-zahav 10 blocks DONE
2026-05-27T22:52:57 siman_053/baer-heitev 13 blocks DONE
2026-05-27T22:52:57 siman_053/beer-hagolah 8 blocks DONE
2026-05-27T22:52:57 siman_053/beur-hagra 10 blocks DONE
2026-05-27T22:52:57 siman_053/kereti 15 blocks DONE
2026-05-27T22:52:57 siman_053/peleti 2 blocks DONE
2026-05-27T22:52:57 siman_053/pitchei-teshuva 5 blocks DONE
2026-05-27T22:52:57 siman_053/mateh-yehonatan 2 blocks DONE
2026-05-27T22:52:57 siman_053/kaf-hachayim 5 blocks DONE
2026-05-27T22:52:57 siman_053/nekudot-hakesef 2 blocks DONE
2026-05-27T22:52:57 siman_053/yad-avraham 1 blocks DONE
2026-05-27T22:52:57 siman_053/yad-ephraim 3 blocks DONE
2026-05-27T22:52:57 siman_053/rabbi-akiva-eiger-yd 5 blocks DONE
2026-05-27T22:52:57 siman_053 COMPLETE
2026-05-27T22:52:57 siman_054/mechaber 5 blocks DONE
2026-05-27T22:52:57 siman_054/siftei-kohen 9 blocks DONE
2026-05-27T22:52:57 siman_054/turei-zahav 4 blocks DONE
2026-05-27T22:52:57 siman_054/baer-heitev 7 blocks DONE
2026-05-27T22:52:57 siman_054/beer-hagolah 9 blocks DONE
2026-05-27T22:52:57 siman_054/beur-hagra 8 blocks DONE
2026-05-27T22:52:57 siman_054/kereti 9 blocks DONE
2026-05-27T22:52:57 siman_054/peleti 2 blocks DONE
2026-05-27T22:52:57 siman_054/pitchei-teshuva 3 blocks DONE
2026-05-27T22:52:57 siman_054/mateh-yehonatan 2 blocks DONE
2026-05-27T22:52:57 siman_054/kaf-hachayim 5 blocks DONE
2026-05-27T22:52:57 siman_054/nekudot-hakesef 1 blocks DONE
2026-05-27T22:52:57 siman_054/yad-avraham 1 blocks DONE
2026-05-27T22:52:57 siman_054/yad-ephraim 2 blocks DONE
2026-05-27T22:52:57 siman_054 COMPLETE
2026-05-27T22:52:57 siman_055/mechaber 13 blocks DONE
2026-05-27T22:52:57 siman_055/siftei-kohen 21 blocks DONE
2026-05-27T22:52:57 siman_055/turei-zahav 12 blocks DONE
2026-05-27T22:52:57 siman_055/baer-heitev 17 blocks DONE
2026-05-27T22:52:57 siman_055/beer-hagolah 13 blocks DONE
2026-05-27T22:52:57 siman_055/beur-hagra 25 blocks DONE
2026-05-27T22:52:57 siman_055/kereti 19 blocks DONE
2026-05-27T22:52:57 siman_055/peleti 8 blocks DONE
2026-05-27T22:52:57 siman_055/pitchei-teshuva 13 blocks DONE
2026-05-27T22:52:57 siman_055/mateh-yehonatan 4 blocks DONE
2026-05-27T22:52:57 siman_055/kaf-hachayim 13 blocks DONE
2026-05-27T22:52:57 siman_055/nekudot-hakesef 2 blocks DONE
2026-05-27T22:52:57 siman_055/yad-avraham 3 blocks DONE
2026-05-27T22:52:57 siman_055/yad-ephraim 5 blocks DONE
2026-05-27T22:52:57 siman_055/rabbi-akiva-eiger-yd 8 blocks DONE
2026-05-27T22:52:57 siman_055 COMPLETE
2026-05-27T22:53:11 siman_051/mechaber 4 blocks DONE
2026-05-27T22:53:11 siman_051/siftei-kohen 5 blocks DONE
2026-05-27T22:53:11 siman_051/turei-zahav 4 blocks DONE
2026-05-27T22:53:11 siman_051/baer-heitev 5 blocks DONE
2026-05-27T22:53:11 siman_051/beer-hagolah 7 blocks DONE
2026-05-27T22:53:11 siman_051/beur-hagra 4 blocks DONE
2026-05-27T22:53:11 siman_051/kereti 7 blocks DONE
2026-05-27T22:53:11 siman_051/peleti 3 blocks DONE
2026-05-27T22:53:11 siman_051/pitchei-teshuva 4 blocks DONE
2026-05-27T22:53:11 siman_051/nekudot-hakesef 2 blocks DONE
2026-05-27T22:53:11 siman_051/rabbi-akiva-eiger-yd 1 blocks DONE
2026-05-27T22:53:11 siman_051/kaf-hachayim 4 blocks DONE
2026-05-27T22:53:11 siman_051/yad-avraham 1 blocks DONE
2026-05-27T22:53:11 siman_051/yad-ephraim 3 blocks DONE
2026-05-27T22:53:11 siman_051 COMPLETE
2026-05-27T22:53:11 siman_052/mechaber 7 blocks DONE
2026-05-27T22:53:11 siman_052/siftei-kohen 19 blocks DONE
2026-05-27T22:53:11 siman_052/turei-zahav 11 blocks DONE
2026-05-27T22:53:11 siman_052/baer-heitev 14 blocks DONE
2026-05-27T22:53:11 siman_052/beer-hagolah 15 blocks DONE
2026-05-27T22:53:11 siman_052/beur-hagra 13 blocks DONE
2026-05-27T22:53:11 siman_052/kereti 10 blocks DONE
2026-05-27T22:53:11 siman_052/peleti 6 blocks DONE
2026-05-27T22:53:11 siman_052/pitchei-teshuva 3 blocks DONE
2026-05-27T22:53:11 siman_052/mateh-yehonatan 1 blocks DONE
2026-05-27T22:53:11 siman_052/kaf-hachayim 7 blocks DONE
2026-05-27T22:53:11 siman_052/yad-avraham 1 blocks DONE
2026-05-27T22:53:11 siman_052/yad-ephraim 2 blocks DONE
2026-05-27T22:53:11 siman_052/nekudot-hakesef 4 blocks DONE
2026-05-27T22:53:11 siman_052 COMPLETE
2026-05-27T22:53:11 siman_053/mechaber 5 blocks DONE
2026-05-27T22:53:11 siman_053/siftei-kohen 17 blocks DONE
2026-05-27T22:53:11 siman_053/turei-zahav 10 blocks DONE
2026-05-27T22:53:11 siman_053/baer-heitev 13 blocks DONE
2026-05-27T22:53:11 siman_053/beer-hagolah 8 blocks DONE
2026-05-27T22:53:11 siman_053/beur-hagra 10 blocks DONE
2026-05-27T22:53:11 siman_053/kereti 15 blocks DONE
2026-05-27T22:53:11 siman_053/peleti 2 blocks DONE
2026-05-27T22:53:11 siman_053/pitchei-teshuva 5 blocks DONE
2026-05-27T22:53:11 siman_053/mateh-yehonatan 2 blocks DONE
2026-05-27T22:53:11 siman_053/kaf-hachayim 5 blocks DONE
2026-05-27T22:53:11 siman_053/nekudot-hakesef 2 blocks DONE
2026-05-27T22:53:11 siman_053/yad-avraham 1 blocks DONE
2026-05-27T22:53:11 siman_053/yad-ephraim 3 blocks DONE
2026-05-27T22:53:11 siman_053/rabbi-akiva-eiger-yd 5 blocks DONE
2026-05-27T22:53:11 siman_053 COMPLETE
2026-05-27T22:53:11 siman_054/mechaber 5 blocks DONE
2026-05-27T22:53:11 siman_054/siftei-kohen 9 blocks DONE
2026-05-27T22:53:11 siman_054/turei-zahav 4 blocks DONE
2026-05-27T22:53:11 siman_054/baer-heitev 7 blocks DONE
2026-05-27T22:53:11 siman_054/beer-hagolah 9 blocks DONE
2026-05-27T22:53:11 siman_054/beur-hagra 8 blocks DONE
2026-05-27T22:53:11 siman_054/kereti 9 blocks DONE
2026-05-27T22:53:11 siman_054/peleti 2 blocks DONE
2026-05-27T22:53:11 siman_054/pitchei-teshuva 3 blocks DONE
2026-05-27T22:53:11 siman_054/mateh-yehonatan 2 blocks DONE
2026-05-27T22:53:11 siman_054/kaf-hachayim 5 blocks DONE
2026-05-27T22:53:11 siman_054/nekudot-hakesef 1 blocks DONE
2026-05-27T22:53:11 siman_054/yad-avraham 1 blocks DONE
2026-05-27T22:53:11 siman_054/yad-ephraim 2 blocks DONE
2026-05-27T22:53:11 siman_054 COMPLETE
2026-05-27T22:53:11 siman_055/mechaber 13 blocks DONE
2026-05-27T22:53:11 siman_055/siftei-kohen 21 blocks DONE
2026-05-27T22:53:11 siman_055/turei-zahav 12 blocks DONE
2026-05-27T22:53:11 siman_055/baer-heitev 17 blocks DONE
2026-05-27T22:53:11 siman_055/beer-hagolah 13 blocks DONE
2026-05-27T22:53:11 siman_055/beur-hagra 25 blocks DONE
2026-05-27T22:53:11 siman_055/kereti 19 blocks DONE
2026-05-27T22:53:11 siman_055/peleti 8 blocks DONE
2026-05-27T22:53:11 siman_055/pitchei-teshuva 13 blocks DONE
2026-05-27T22:53:11 siman_055/mateh-yehonatan 4 blocks DONE
2026-05-27T22:53:11 siman_055/kaf-hachayim 13 blocks DONE
2026-05-27T22:53:11 siman_055/nekudot-hakesef 2 blocks DONE
2026-05-27T22:53:11 siman_055/yad-avraham 3 blocks DONE
2026-05-27T22:53:11 siman_055/yad-ephraim 5 blocks DONE
2026-05-27T22:53:11 siman_055/rabbi-akiva-eiger-yd 8 blocks DONE
2026-05-27T22:53:11 siman_055 COMPLETE
2026-05-27T22:53:11 siman_051/baer-heitev 5 blocks DONE
2026-05-27T22:53:11 siman_051/beer-hagolah 7 blocks DONE
2026-05-27T22:53:11 siman_051/beur-hagra 4 blocks DONE
2026-05-27T22:53:11 siman_051/kaf-hachayim 4 blocks DONE
2026-05-27T22:53:11 siman_051/kereti 7 blocks DONE
2026-05-27T22:53:11 siman_051/mechaber 4 blocks DONE
2026-05-27T22:53:11 siman_051/nekudot-hakesef 2 blocks DONE
2026-05-27T22:53:11 siman_051/peleti 3 blocks DONE
2026-05-27T22:53:11 siman_051/pitchei-teshuva 4 blocks DONE
2026-05-27T22:53:11 siman_051/rabbi-akiva-eiger-yd 1 blocks DONE
2026-05-27T22:53:11 siman_051/siftei-kohen 5 blocks DONE
2026-05-27T22:53:11 siman_051/turei-zahav 4 blocks DONE
2026-05-27T22:53:11 siman_051/yad-avraham 1 blocks DONE
2026-05-27T22:53:11 siman_051/yad-ephraim 3 blocks DONE
2026-05-27T22:53:11 siman_051 COMPLETE
2026-05-27T22:53:11 siman_052/baer-heitev 14 blocks DONE
2026-05-27T22:53:11 siman_052/beer-hagolah 15 blocks DONE
2026-05-27T22:53:11 siman_052/beur-hagra 13 blocks DONE
2026-05-27T22:53:11 siman_052/kaf-hachayim 7 blocks DONE
2026-05-27T22:53:11 siman_052/kereti 10 blocks DONE
2026-05-27T22:53:11 siman_052/mateh-yehonatan 1 blocks DONE
2026-05-27T22:53:11 siman_052/mechaber 7 blocks DONE
2026-05-27T22:53:11 siman_052/nekudot-hakesef 4 blocks DONE
2026-05-27T22:53:11 siman_052/peleti 6 blocks DONE
2026-05-27T22:53:11 siman_052/pitchei-teshuva 3 blocks DONE
2026-05-27T22:53:11 siman_052/siftei-kohen 19 blocks DONE
2026-05-27T22:53:11 siman_052/turei-zahav 11 blocks DONE
2026-05-27T22:53:11 siman_052/yad-avraham 1 blocks DONE
2026-05-27T22:53:11 siman_052/yad-ephraim 2 blocks DONE
2026-05-27T22:53:11 siman_052 COMPLETE
2026-05-27T22:53:11 siman_053/baer-heitev 13 blocks DONE
2026-05-27T22:53:11 siman_053/beer-hagolah 8 blocks DONE
2026-05-27T22:53:11 siman_053/beur-hagra 10 blocks DONE
2026-05-27T22:53:11 siman_053/kaf-hachayim 5 blocks DONE
2026-05-27T22:53:11 siman_053/kereti 15 blocks DONE
2026-05-27T22:53:11 siman_053/mateh-yehonatan 2 blocks DONE
2026-05-27T22:53:11 siman_053/mechaber 5 blocks DONE
2026-05-27T22:53:11 siman_053/nekudot-hakesef 2 blocks DONE
2026-05-27T22:53:11 siman_053/peleti 2 blocks DONE
2026-05-27T22:53:11 siman_053/pitchei-teshuva 5 blocks DONE
2026-05-27T22:53:11 siman_053/rabbi-akiva-eiger-yd 5 blocks DONE
2026-05-27T22:53:11 siman_053/siftei-kohen 17 blocks DONE
2026-05-27T22:53:11 siman_053/turei-zahav 10 blocks DONE
2026-05-27T22:53:11 siman_053/yad-avraham 1 blocks DONE
2026-05-27T22:53:11 siman_053/yad-ephraim 3 blocks DONE
2026-05-27T22:53:11 siman_053 COMPLETE
2026-05-27T22:53:11 siman_054/baer-heitev 7 blocks DONE
2026-05-27T22:53:11 siman_054/beer-hagolah 9 blocks DONE
2026-05-27T22:53:11 siman_054/beur-hagra 8 blocks DONE
2026-05-27T22:53:11 siman_054/kaf-hachayim 5 blocks DONE
2026-05-27T22:53:11 siman_054/kereti 9 blocks DONE
2026-05-27T22:53:11 siman_054/mateh-yehonatan 2 blocks DONE
2026-05-27T22:53:11 siman_054/mechaber 5 blocks DONE
2026-05-27T22:53:11 siman_054/nekudot-hakesef 1 blocks DONE
2026-05-27T22:53:11 siman_054/peleti 2 blocks DONE
2026-05-27T22:53:11 siman_054/pitchei-teshuva 3 blocks DONE
2026-05-27T22:53:11 siman_054/siftei-kohen 9 blocks DONE
2026-05-27T22:53:11 siman_054/turei-zahav 4 blocks DONE
2026-05-27T22:53:11 siman_054/yad-avraham 1 blocks DONE
2026-05-27T22:53:11 siman_054/yad-ephraim 2 blocks DONE
2026-05-27T22:53:11 siman_054 COMPLETE
2026-05-27T22:53:11 siman_055/baer-heitev 17 blocks DONE
2026-05-27T22:53:11 siman_055/beer-hagolah 13 blocks DONE
2026-05-27T22:53:11 siman_055/beur-hagra 25 blocks DONE
2026-05-27T22:53:11 siman_055/kaf-hachayim 13 blocks DONE
2026-05-27T22:53:11 siman_055/kereti 19 blocks DONE
2026-05-27T22:53:11 siman_055/mateh-yehonatan 4 blocks DONE
2026-05-27T22:53:11 siman_055/mechaber 13 blocks DONE
2026-05-27T22:53:11 siman_055/nekudot-hakesef 2 blocks DONE
2026-05-27T22:53:11 siman_055/peleti 8 blocks DONE
2026-05-27T22:53:11 siman_055/pitchei-teshuva 13 blocks DONE
2026-05-27T22:53:11 siman_055/rabbi-akiva-eiger-yd 8 blocks DONE
2026-05-27T22:53:11 siman_055/siftei-kohen 21 blocks DONE
2026-05-27T22:53:11 siman_055/turei-zahav 12 blocks DONE
2026-05-27T22:53:11 siman_055/yad-avraham 3 blocks DONE
2026-05-27T22:53:11 siman_055/yad-ephraim 5 blocks DONE
2026-05-27T22:53:11 siman_055 COMPLETE
2026-05-27T22:57:12 siman_059/mechaber 2 blocks DONE
2026-05-27T22:57:12 siman_059/siftei-kohen 2 blocks DONE
2026-05-27T22:57:12 siman_059/turei-zahav 1 blocks DONE
2026-05-27T22:57:12 siman_059/baer-heitev 2 blocks DONE
2026-05-27T22:57:12 siman_059/beer-hagolah 6 blocks DONE
2026-05-27T22:57:12 siman_059/beur-hagra 6 blocks DONE
2026-05-27T22:57:12 siman_059/kereti 3 blocks DONE
2026-05-27T22:57:12 siman_059/pitchei-teshuva 1 blocks DONE
2026-05-27T22:57:12 siman_059/kaf-hachayim 2 blocks DONE
2026-05-27T22:57:12 siman_059/yad-ephraim 1 blocks DONE
2026-05-27T22:57:12 siman_059 COMPLETE
2026-05-27T22:57:12 siman_060/mechaber 3 blocks DONE
2026-05-27T22:57:12 siman_060/siftei-kohen 6 blocks DONE
2026-05-27T22:57:12 siman_060/turei-zahav 1 blocks DONE
2026-05-27T22:57:12 siman_060/baer-heitev 4 blocks DONE
2026-05-27T22:57:12 siman_060/beer-hagolah 3 blocks DONE
2026-05-27T22:57:12 siman_060/beur-hagra 2 blocks DONE
2026-05-27T22:57:12 siman_060/kereti 4 blocks DONE
2026-05-27T22:57:12 siman_060/peleti 1 blocks DONE
2026-05-27T22:57:12 siman_060/pitchei-teshuva 3 blocks DONE
2026-05-27T22:57:12 siman_060/kaf-hachayim 3 blocks DONE
2026-05-27T22:57:12 siman_060/yad-avraham 1 blocks DONE
2026-05-27T22:57:12 siman_060/yad-ephraim 2 blocks DONE
2026-05-27T22:57:12 siman_060 COMPLETE
2026-05-27T22:59:25 siman_065/mechaber 14 blocks DONE
2026-05-27T22:59:25 siman_065/siftei-kohen 11 blocks DONE
2026-05-27T22:59:25 siman_065/turei-zahav 8 blocks DONE
2026-05-27T22:59:25 siman_065/baer-heitev 6 blocks DONE
2026-05-27T22:59:25 siman_065/beer-hagolah 29 blocks DONE
2026-05-27T22:59:25 siman_065/beur-hagra 33 blocks DONE
2026-05-27T22:59:25 siman_065/kereti 16 blocks DONE
2026-05-27T22:59:25 siman_065/peleti 3 blocks DONE
2026-05-27T22:59:25 siman_065/pitchei-teshuva 6 blocks DONE
2026-05-27T22:59:25 siman_065/kaf-hachayim 14 blocks DONE
2026-05-27T22:59:25 siman_065/nekudot-hakesef 1 blocks DONE
2026-05-27T22:59:25 siman_065/yad-avraham 2 blocks DONE
2026-05-27T22:59:25 siman_065/yad-ephraim 3 blocks DONE
2026-05-27T22:59:25 siman_065/rabbi-akiva-eiger-yd 1 blocks DONE
2026-05-27T22:59:25 siman_065 COMPLETE
2026-05-27T23:00:55 siman_061/mechaber 33 blocks DONE
2026-05-27T23:00:55 siman_061/siftei-kohen 19 blocks DONE
2026-05-27T23:00:55 siman_061/turei-zahav 32 blocks DONE
2026-05-27T23:00:55 siman_061/baer-heitev 22 blocks DONE
2026-05-27T23:00:55 siman_061/beer-hagolah 33 blocks DONE
2026-05-27T23:00:55 siman_061/beur-hagra 31 blocks DONE
2026-05-27T23:00:55 siman_061/kereti 39 blocks DONE
2026-05-27T23:00:55 siman_061/peleti 14 blocks DONE
2026-05-27T23:00:55 siman_061/pitchei-teshuva 15 blocks DONE
2026-05-27T23:00:55 siman_061/kaf-hachayim 33 blocks DONE
2026-05-27T23:00:55 siman_061/nekudot-hakesef 1 blocks DONE
2026-05-27T23:00:55 siman_061/yad-avraham 5 blocks DONE
2026-05-27T23:00:55 siman_061/yad-ephraim 12 blocks DONE
2026-05-27T23:00:55 siman_061/rabbi-akiva-eiger-yd 4 blocks DONE
2026-05-27T23:00:55 siman_061 COMPLETE
2026-05-27T23:01:02 siman_057/mechaber 21 blocks DONE
2026-05-27T23:01:02 siman_057/siftei-kohen 51 blocks DONE
2026-05-27T23:01:02 siman_057/turei-zahav 23 blocks DONE
2026-05-27T23:01:02 siman_057/baer-heitev 35 blocks DONE
2026-05-27T23:01:02 siman_057/beer-hagolah 21 blocks DONE
2026-05-27T23:01:02 siman_057/beur-hagra 47 blocks DONE
2026-05-27T23:01:02 siman_057/kaf-hachayim 21 blocks DONE
2026-05-27T23:01:02 siman_057/kereti 17 blocks DONE
2026-05-27T23:01:02 siman_057/peleti 10 blocks DONE
2026-05-27T23:01:02 siman_057/pitchei-teshuva 21 blocks DONE
2026-05-27T23:01:02 siman_057/mateh-yehonatan 5 blocks DONE
2026-05-27T23:01:02 siman_057/nekudot-hakesef 4 blocks DONE
2026-05-27T23:01:02 siman_057/yad-avraham 4 blocks DONE
2026-05-27T23:01:02 siman_057/yad-ephraim 5 blocks DONE
2026-05-27T23:01:02 siman_057/rabbi-akiva-eiger-yd 2 blocks DONE
2026-05-27T23:01:02 siman_057 COMPLETE
2026-05-27T23:01:22 siman_056/mechaber 10 blocks DONE
2026-05-27T23:01:22 siman_056/siftei-kohen 13 blocks DONE
2026-05-27T23:01:22 siman_056/turei-zahav 8 blocks DONE
2026-05-27T23:01:22 siman_056/baer-heitev 8 blocks DONE
2026-05-27T23:01:22 siman_056/beer-hagolah 20 blocks DONE
2026-05-27T23:01:22 siman_056/beur-hagra 9 blocks DONE
2026-05-27T23:01:22 siman_056/kereti 6 blocks DONE
2026-05-27T23:01:22 siman_056/peleti 1 blocks DONE
2026-05-27T23:01:22 siman_056/pitchei-teshuva 4 blocks DONE
2026-05-27T23:01:22 siman_056/mateh-yehonatan 1 blocks DONE
2026-05-27T23:01:22 siman_056/kaf-hachayim 10 blocks DONE
2026-05-27T23:01:22 siman_056/nekudot-hakesef 1 blocks DONE
2026-05-27T23:01:22 siman_056/yad-avraham 3 blocks DONE
2026-05-27T23:01:22 siman_056/yad-ephraim 3 blocks DONE
2026-05-27T23:01:22 siman_056/rabbi-akiva-eiger-yd 2 blocks DONE
2026-05-27T23:01:22 siman_056 COMPLETE
2026-05-27T23:02:46 siman_064/mechaber 21 blocks DONE
2026-05-27T23:02:46 siman_064/siftei-kohen 15 blocks DONE
2026-05-27T23:02:46 siman_064/turei-zahav 16 blocks DONE
2026-05-27T23:02:46 siman_064/baer-heitev 16 blocks DONE
2026-05-27T23:02:46 siman_064/beer-hagolah 21 blocks DONE
2026-05-27T23:02:46 siman_064/beur-hagra 43 blocks DONE
2026-05-27T23:02:46 siman_064/kereti 19 blocks DONE
2026-05-27T23:02:46 siman_064/kaf-hachayim 20 blocks DONE
2026-05-27T23:02:46 siman_064/peleti 6 blocks DONE
2026-05-27T23:02:46 siman_064/pitchei-teshuva 9 blocks DONE
2026-05-27T23:02:46 siman_064/rabbi-akiva-eiger-yd 7 blocks DONE
2026-05-27T23:02:46 siman_064/yad-avraham 4 blocks DONE
2026-05-27T23:02:46 siman_064/yad-ephraim 1 blocks DONE
2026-05-27T23:02:46 siman_064 COMPLETE
2026-05-27T23:06:33 siman_063/mechaber 2 blocks DONE
2026-05-27T23:06:33 siman_063/siftei-kohen 11 blocks DONE
2026-05-27T23:06:33 siman_063/turei-zahav 3 blocks DONE
2026-05-27T23:06:33 siman_063/baer-heitev 6 blocks DONE
2026-05-27T23:06:33 siman_063/beer-hagolah 6 blocks DONE
2026-05-27T23:06:33 siman_063/beur-hagra 6 blocks DONE
2026-05-27T23:06:33 siman_063/kereti 15 blocks DONE
2026-05-27T23:06:33 siman_063/peleti 3 blocks DONE
2026-05-27T23:06:33 siman_063/pitchei-teshuva 2 blocks DONE
2026-05-27T23:06:33 siman_063/kaf-hachayim 2 blocks DONE
2026-05-27T23:06:33 siman_063/nekudot-hakesef 2 blocks DONE
2026-05-27T23:06:33 siman_063/yad-avraham 1 blocks DONE
2026-05-27T23:06:33 siman_063/rabbi-akiva-eiger-yd 1 blocks DONE
2026-05-27T23:06:33 siman_063 COMPLETE
2026-05-27T23:07:15 siman_058/mechaber 12 blocks DONE
2026-05-27T23:07:15 siman_058/siftei-kohen 18 blocks DONE
2026-05-27T23:07:15 siman_058/turei-zahav 12 blocks DONE
2026-05-27T23:07:15 siman_058/baer-heitev 12 blocks DONE
2026-05-27T23:07:15 siman_058/beer-hagolah 12 blocks DONE
2026-05-27T23:07:15 siman_058/beur-hagra 19 blocks DONE
2026-05-27T23:07:15 siman_058/kereti 17 blocks DONE
2026-05-27T23:07:15 siman_058/peleti 6 blocks DONE
2026-05-27T23:07:15 siman_058/pitchei-teshuva 7 blocks DONE
2026-05-27T23:07:15 siman_058/mateh-yehonatan 3 blocks DONE
2026-05-27T23:07:15 siman_058/kaf-hachayim 12 blocks DONE
2026-05-27T23:07:15 siman_058/nekudot-hakesef 2 blocks DONE
2026-05-27T23:07:15 siman_058/yad-avraham 1 blocks DONE
2026-05-27T23:07:15 siman_058/yad-ephraim 3 blocks DONE
2026-05-27T23:07:15 siman_058/rabbi-akiva-eiger-yd 4 blocks DONE
2026-05-27T23:07:15 siman_058 COMPLETE
2026-05-27T23:08:20 siman_062/mechaber 4 blocks DONE
2026-05-27T23:08:20 siman_062/siftei-kohen 14 blocks DONE
2026-05-27T23:08:20 siman_062/turei-zahav 2 blocks DONE
2026-05-27T23:08:20 siman_062/baer-heitev 8 blocks DONE
2026-05-27T23:08:20 siman_062/beer-hagolah 6 blocks DONE
2026-05-27T23:08:20 siman_062/beur-hagra 4 blocks DONE
2026-05-27T23:08:20 siman_062/kereti 6 blocks DONE
2026-05-27T23:08:20 siman_062/peleti 6 blocks DONE
2026-05-27T23:08:20 siman_062/pitchei-teshuva 3 blocks DONE
2026-05-27T23:08:20 siman_062/kaf-hachayim 4 blocks DONE
2026-05-27T23:08:20 siman_062/nekudot-hakesef 1 blocks DONE
2026-05-27T23:08:20 siman_062/yad-avraham 1 blocks DONE
2026-05-27T23:08:20 siman_062/rabbi-akiva-eiger-yd 2 blocks DONE
2026-05-27T23:08:20 siman_062 COMPLETE
2026-05-27T23:08:35 siman_062/mechaber 4 blocks DONE
2026-05-27T23:08:35 siman_062/siftei-kohen 14 blocks DONE
2026-05-27T23:08:35 siman_062/turei-zahav 2 blocks DONE
2026-05-27T23:08:35 siman_062/baer-heitev 8 blocks DONE
2026-05-27T23:08:35 siman_062/beer-hagolah 6 blocks DONE
2026-05-27T23:08:35 siman_062/beur-hagra 4 blocks DONE
2026-05-27T23:08:35 siman_062/kereti 6 blocks DONE
2026-05-27T23:08:35 siman_062/peleti 6 blocks DONE
2026-05-27T23:08:35 siman_062/pitchei-teshuva 3 blocks DONE
2026-05-27T23:08:35 siman_062/kaf-hachayim 4 blocks DONE
2026-05-27T23:08:35 siman_062/nekudot-hakesef 1 blocks DONE
2026-05-27T23:08:35 siman_062/yad-avraham 1 blocks DONE
2026-05-27T23:08:35 siman_062/rabbi-akiva-eiger-yd 2 blocks DONE
2026-05-27T23:08:35 siman_062 COMPLETE
2026-05-27T23:08:35 siman_063/mechaber 2 blocks DONE
2026-05-27T23:08:35 siman_063/siftei-kohen 11 blocks DONE
2026-05-27T23:08:35 siman_063/turei-zahav 3 blocks DONE
2026-05-27T23:08:35 siman_063/baer-heitev 6 blocks DONE
2026-05-27T23:08:35 siman_063/beer-hagolah 6 blocks DONE
2026-05-27T23:08:35 siman_063/beur-hagra 6 blocks DONE
2026-05-27T23:08:35 siman_063/kereti 15 blocks DONE
2026-05-27T23:08:35 siman_063/peleti 3 blocks DONE
2026-05-27T23:08:35 siman_063/pitchei-teshuva 2 blocks DONE
2026-05-27T23:08:35 siman_063/kaf-hachayim 2 blocks DONE
2026-05-27T23:08:35 siman_063/nekudot-hakesef 2 blocks DONE
2026-05-27T23:08:35 siman_063/yad-avraham 1 blocks DONE
2026-05-27T23:08:35 siman_063/rabbi-akiva-eiger-yd 1 blocks DONE
2026-05-27T23:08:35 siman_063 COMPLETE
2026-05-27T23:08:35 siman_064/mechaber 21 blocks DONE
2026-05-27T23:08:35 siman_064/siftei-kohen 15 blocks DONE
2026-05-27T23:08:35 siman_064/turei-zahav 16 blocks DONE
2026-05-27T23:08:35 siman_064/baer-heitev 16 blocks DONE
2026-05-27T23:08:35 siman_064/beer-hagolah 21 blocks DONE
2026-05-27T23:08:35 siman_064/beur-hagra 43 blocks DONE
2026-05-27T23:08:35 siman_064/kereti 19 blocks DONE
2026-05-27T23:08:35 siman_064/kaf-hachayim 20 blocks DONE
2026-05-27T23:08:35 siman_064/peleti 6 blocks DONE
2026-05-27T23:08:35 siman_064/pitchei-teshuva 9 blocks DONE
2026-05-27T23:08:35 siman_064/rabbi-akiva-eiger-yd 7 blocks DONE
2026-05-27T23:08:35 siman_064/yad-avraham 4 blocks DONE
2026-05-27T23:08:35 siman_064/yad-ephraim 1 blocks DONE
2026-05-27T23:08:35 siman_064 COMPLETE
2026-05-27T23:08:35 siman_065/mechaber 14 blocks DONE
2026-05-27T23:08:35 siman_065/siftei-kohen 11 blocks DONE
2026-05-27T23:08:35 siman_065/turei-zahav 8 blocks DONE
2026-05-27T23:08:35 siman_065/baer-heitev 6 blocks DONE
2026-05-27T23:08:35 siman_065/beer-hagolah 29 blocks DONE
2026-05-27T23:08:35 siman_065/beur-hagra 33 blocks DONE
2026-05-27T23:08:35 siman_065/kereti 16 blocks DONE
2026-05-27T23:08:35 siman_065/peleti 3 blocks DONE
2026-05-27T23:08:35 siman_065/pitchei-teshuva 6 blocks DONE
2026-05-27T23:08:35 siman_065/kaf-hachayim 14 blocks DONE
2026-05-27T23:08:35 siman_065/nekudot-hakesef 1 blocks DONE
2026-05-27T23:08:35 siman_065/yad-avraham 2 blocks DONE
2026-05-27T23:08:35 siman_065/yad-ephraim 3 blocks DONE
2026-05-27T23:08:35 siman_065/rabbi-akiva-eiger-yd 1 blocks DONE
2026-05-27T23:08:35 siman_065 COMPLETE
2026-05-27T23:08:56 siman_056/mechaber 10 blocks DONE
2026-05-27T23:08:56 siman_056/siftei-kohen 13 blocks DONE
2026-05-27T23:08:56 siman_056/turei-zahav 8 blocks DONE
2026-05-27T23:08:56 siman_056/baer-heitev 8 blocks DONE
2026-05-27T23:08:56 siman_056/beer-hagolah 20 blocks DONE
2026-05-27T23:08:56 siman_056/beur-hagra 9 blocks DONE
2026-05-27T23:08:56 siman_056/kereti 6 blocks DONE
2026-05-27T23:08:56 siman_056/peleti 1 blocks DONE
2026-05-27T23:08:56 siman_056/pitchei-teshuva 4 blocks DONE
2026-05-27T23:08:56 siman_056/mateh-yehonatan 1 blocks DONE
2026-05-27T23:08:56 siman_056/kaf-hachayim 10 blocks DONE
2026-05-27T23:08:56 siman_056/nekudot-hakesef 1 blocks DONE
2026-05-27T23:08:56 siman_056/yad-avraham 3 blocks DONE
2026-05-27T23:08:56 siman_056/yad-ephraim 3 blocks DONE
2026-05-27T23:08:56 siman_056/rabbi-akiva-eiger-yd 2 blocks DONE
2026-05-27T23:08:56 siman_056 COMPLETE
2026-05-27T23:08:56 siman_057/mechaber 21 blocks DONE
2026-05-27T23:08:56 siman_057/siftei-kohen 51 blocks DONE
2026-05-27T23:08:56 siman_057/turei-zahav 23 blocks DONE
2026-05-27T23:08:56 siman_057/baer-heitev 35 blocks DONE
2026-05-27T23:08:56 siman_057/beer-hagolah 21 blocks DONE
2026-05-27T23:08:56 siman_057/beur-hagra 47 blocks DONE
2026-05-27T23:08:56 siman_057/kaf-hachayim 21 blocks DONE
2026-05-27T23:08:56 siman_057/kereti 17 blocks DONE
2026-05-27T23:08:56 siman_057/peleti 10 blocks DONE
2026-05-27T23:08:56 siman_057/pitchei-teshuva 21 blocks DONE
2026-05-27T23:08:56 siman_057/mateh-yehonatan 5 blocks DONE
2026-05-27T23:08:56 siman_057/nekudot-hakesef 4 blocks DONE
2026-05-27T23:08:56 siman_057/yad-avraham 4 blocks DONE
2026-05-27T23:08:56 siman_057/yad-ephraim 5 blocks DONE
2026-05-27T23:08:56 siman_057/rabbi-akiva-eiger-yd 2 blocks DONE
2026-05-27T23:08:56 siman_057 COMPLETE
2026-05-27T23:08:56 siman_058/mechaber 12 blocks DONE
2026-05-27T23:08:56 siman_058/siftei-kohen 18 blocks DONE
2026-05-27T23:08:56 siman_058/turei-zahav 12 blocks DONE
2026-05-27T23:08:56 siman_058/baer-heitev 12 blocks DONE
2026-05-27T23:08:56 siman_058/beer-hagolah 12 blocks DONE
2026-05-27T23:08:56 siman_058/beur-hagra 19 blocks DONE
2026-05-27T23:08:56 siman_058/kereti 17 blocks DONE
2026-05-27T23:08:56 siman_058/peleti 6 blocks DONE
2026-05-27T23:08:56 siman_058/pitchei-teshuva 7 blocks DONE
2026-05-27T23:08:56 siman_058/mateh-yehonatan 3 blocks DONE
2026-05-27T23:08:56 siman_058/kaf-hachayim 12 blocks DONE
2026-05-27T23:08:56 siman_058/nekudot-hakesef 2 blocks DONE
2026-05-27T23:08:56 siman_058/yad-avraham 1 blocks DONE
2026-05-27T23:08:56 siman_058/yad-ephraim 3 blocks DONE
2026-05-27T23:08:56 siman_058/rabbi-akiva-eiger-yd 4 blocks DONE
2026-05-27T23:08:56 siman_058 COMPLETE
2026-05-27T23:08:56 siman_059/mechaber 2 blocks DONE
2026-05-27T23:08:56 siman_059/siftei-kohen 2 blocks DONE
2026-05-27T23:08:56 siman_059/turei-zahav 1 blocks DONE
2026-05-27T23:08:56 siman_059/baer-heitev 2 blocks DONE
2026-05-27T23:08:56 siman_059/beer-hagolah 6 blocks DONE
2026-05-27T23:08:56 siman_059/beur-hagra 6 blocks DONE
2026-05-27T23:08:56 siman_059/kereti 3 blocks DONE
2026-05-27T23:08:56 siman_059/pitchei-teshuva 1 blocks DONE
2026-05-27T23:08:56 siman_059/kaf-hachayim 2 blocks DONE
2026-05-27T23:08:56 siman_059/yad-ephraim 1 blocks DONE
2026-05-27T23:08:56 siman_059 COMPLETE
2026-05-27T23:08:56 siman_060/mechaber 3 blocks DONE
2026-05-27T23:08:56 siman_060/siftei-kohen 6 blocks DONE
2026-05-27T23:08:56 siman_060/turei-zahav 1 blocks DONE
2026-05-27T23:08:56 siman_060/baer-heitev 4 blocks DONE
2026-05-27T23:08:56 siman_060/beer-hagolah 3 blocks DONE
2026-05-27T23:08:56 siman_060/beur-hagra 2 blocks DONE
2026-05-27T23:08:56 siman_060/kereti 4 blocks DONE
2026-05-27T23:08:56 siman_060/peleti 1 blocks DONE
2026-05-27T23:08:56 siman_060/pitchei-teshuva 3 blocks DONE
2026-05-27T23:08:56 siman_060/kaf-hachayim 3 blocks DONE
2026-05-27T23:08:56 siman_060/yad-avraham 1 blocks DONE
2026-05-27T23:08:56 siman_060/yad-ephraim 2 blocks DONE
2026-05-27T23:08:56 siman_060 COMPLETE
2026-05-27T23:08:56 siman_061/mechaber 33 blocks DONE
2026-05-27T23:08:56 siman_061/siftei-kohen 19 blocks DONE
2026-05-27T23:08:56 siman_061/turei-zahav 32 blocks DONE
2026-05-27T23:08:56 siman_061/baer-heitev 22 blocks DONE
2026-05-27T23:08:56 siman_061/beer-hagolah 33 blocks DONE
2026-05-27T23:08:56 siman_061/beur-hagra 31 blocks DONE
2026-05-27T23:08:56 siman_061/kereti 39 blocks DONE
2026-05-27T23:08:56 siman_061/peleti 14 blocks DONE
2026-05-27T23:08:56 siman_061/pitchei-teshuva 15 blocks DONE
2026-05-27T23:08:56 siman_061/kaf-hachayim 33 blocks DONE
2026-05-27T23:08:56 siman_061/nekudot-hakesef 1 blocks DONE
2026-05-27T23:08:56 siman_061/yad-avraham 5 blocks DONE
2026-05-27T23:08:56 siman_061/yad-ephraim 12 blocks DONE
2026-05-27T23:08:56 siman_061/rabbi-akiva-eiger-yd 4 blocks DONE
2026-05-27T23:08:56 siman_061 COMPLETE
2026-05-27T23:08:56 siman_062/mechaber 4 blocks DONE
2026-05-27T23:08:56 siman_062/siftei-kohen 14 blocks DONE
2026-05-27T23:08:56 siman_062/turei-zahav 2 blocks DONE
2026-05-27T23:08:56 siman_062/baer-heitev 8 blocks DONE
2026-05-27T23:08:56 siman_062/beer-hagolah 6 blocks DONE
2026-05-27T23:08:56 siman_062/beur-hagra 4 blocks DONE
2026-05-27T23:08:56 siman_062/kereti 6 blocks DONE
2026-05-27T23:08:56 siman_062/peleti 6 blocks DONE
2026-05-27T23:08:56 siman_062/pitchei-teshuva 3 blocks DONE
2026-05-27T23:08:56 siman_062/kaf-hachayim 4 blocks DONE
2026-05-27T23:08:56 siman_062/nekudot-hakesef 1 blocks DONE
2026-05-27T23:08:56 siman_062/yad-avraham 1 blocks DONE
2026-05-27T23:08:56 siman_062/rabbi-akiva-eiger-yd 2 blocks DONE
2026-05-27T23:08:56 siman_062 COMPLETE
2026-05-27T23:08:56 siman_063/mechaber 2 blocks DONE
2026-05-27T23:08:56 siman_063/siftei-kohen 11 blocks DONE
2026-05-27T23:08:56 siman_063/turei-zahav 3 blocks DONE
2026-05-27T23:08:56 siman_063/baer-heitev 6 blocks DONE
2026-05-27T23:08:56 siman_063/beer-hagolah 6 blocks DONE
2026-05-27T23:08:56 siman_063/beur-hagra 6 blocks DONE
2026-05-27T23:08:56 siman_063/kereti 15 blocks DONE
2026-05-27T23:08:56 siman_063/peleti 3 blocks DONE
2026-05-27T23:08:56 siman_063/pitchei-teshuva 2 blocks DONE
2026-05-27T23:08:56 siman_063/kaf-hachayim 2 blocks DONE
2026-05-27T23:08:56 siman_063/nekudot-hakesef 2 blocks DONE
2026-05-27T23:08:56 siman_063/yad-avraham 1 blocks DONE
2026-05-27T23:08:56 siman_063/rabbi-akiva-eiger-yd 1 blocks DONE
2026-05-27T23:08:56 siman_063 COMPLETE
2026-05-27T23:08:56 siman_064/mechaber 21 blocks DONE
2026-05-27T23:08:56 siman_064/siftei-kohen 15 blocks DONE
2026-05-27T23:08:56 siman_064/turei-zahav 16 blocks DONE
2026-05-27T23:08:56 siman_064/baer-heitev 16 blocks DONE
2026-05-27T23:08:56 siman_064/beer-hagolah 21 blocks DONE
2026-05-27T23:08:56 siman_064/beur-hagra 43 blocks DONE
2026-05-27T23:08:56 siman_064/kereti 19 blocks DONE
2026-05-27T23:08:56 siman_064/kaf-hachayim 20 blocks DONE
2026-05-27T23:08:56 siman_064/peleti 6 blocks DONE
2026-05-27T23:08:56 siman_064/pitchei-teshuva 9 blocks DONE
2026-05-27T23:08:56 siman_064/rabbi-akiva-eiger-yd 7 blocks DONE
2026-05-27T23:08:56 siman_064/yad-avraham 4 blocks DONE
2026-05-27T23:08:56 siman_064/yad-ephraim 1 blocks DONE
2026-05-27T23:08:56 siman_064 COMPLETE
2026-05-27T23:08:56 siman_065/mechaber 14 blocks DONE
2026-05-27T23:08:56 siman_065/siftei-kohen 11 blocks DONE
2026-05-27T23:08:56 siman_065/turei-zahav 8 blocks DONE
2026-05-27T23:08:56 siman_065/baer-heitev 6 blocks DONE
2026-05-27T23:08:56 siman_065/beer-hagolah 29 blocks DONE
2026-05-27T23:08:56 siman_065/beur-hagra 33 blocks DONE
2026-05-27T23:08:56 siman_065/kereti 16 blocks DONE
2026-05-27T23:08:56 siman_065/peleti 3 blocks DONE
2026-05-27T23:08:56 siman_065/pitchei-teshuva 6 blocks DONE
2026-05-27T23:08:56 siman_065/kaf-hachayim 14 blocks DONE
2026-05-27T23:08:56 siman_065/nekudot-hakesef 1 blocks DONE
2026-05-27T23:08:56 siman_065/yad-avraham 2 blocks DONE
2026-05-27T23:08:56 siman_065/yad-ephraim 3 blocks DONE
2026-05-27T23:08:56 siman_065/rabbi-akiva-eiger-yd 1 blocks DONE
2026-05-27T23:08:56 siman_065 COMPLETE
2026-05-27T23:08:56 siman_056/baer-heitev 8 blocks DONE
2026-05-27T23:08:56 siman_056/beer-hagolah 20 blocks DONE
2026-05-27T23:08:56 siman_056/beur-hagra 9 blocks DONE
2026-05-27T23:08:56 siman_056/kaf-hachayim 10 blocks DONE
2026-05-27T23:08:56 siman_056/kereti 6 blocks DONE
2026-05-27T23:08:56 siman_056/mateh-yehonatan 1 blocks DONE
2026-05-27T23:08:56 siman_056/mechaber 10 blocks DONE
2026-05-27T23:08:56 siman_056/nekudot-hakesef 1 blocks DONE
2026-05-27T23:08:56 siman_056/peleti 1 blocks DONE
2026-05-27T23:08:56 siman_056/pitchei-teshuva 4 blocks DONE
2026-05-27T23:08:56 siman_056/rabbi-akiva-eiger-yd 2 blocks DONE
2026-05-27T23:08:56 siman_056/siftei-kohen 13 blocks DONE
2026-05-27T23:08:56 siman_056/turei-zahav 8 blocks DONE
2026-05-27T23:08:56 siman_056/yad-avraham 3 blocks DONE
2026-05-27T23:08:56 siman_056/yad-ephraim 3 blocks DONE
2026-05-27T23:08:56 siman_056 COMPLETE
2026-05-27T23:08:56 siman_057/baer-heitev 35 blocks DONE
2026-05-27T23:08:56 siman_057/beer-hagolah 21 blocks DONE
2026-05-27T23:08:56 siman_057/beur-hagra 47 blocks DONE
2026-05-27T23:08:56 siman_057/kaf-hachayim 21 blocks DONE
2026-05-27T23:08:56 siman_057/kereti 17 blocks DONE
2026-05-27T23:08:56 siman_057/mateh-yehonatan 5 blocks DONE
2026-05-27T23:08:56 siman_057/mechaber 21 blocks DONE
2026-05-27T23:08:56 siman_057/nekudot-hakesef 4 blocks DONE
2026-05-27T23:08:56 siman_057/peleti 10 blocks DONE
2026-05-27T23:08:56 siman_057/pitchei-teshuva 21 blocks DONE
2026-05-27T23:08:56 siman_057/rabbi-akiva-eiger-yd 2 blocks DONE
2026-05-27T23:08:56 siman_057/siftei-kohen 51 blocks DONE
2026-05-27T23:08:56 siman_057/turei-zahav 23 blocks DONE
2026-05-27T23:08:56 siman_057/yad-avraham 4 blocks DONE
2026-05-27T23:08:56 siman_057/yad-ephraim 5 blocks DONE
2026-05-27T23:08:56 siman_057 COMPLETE
2026-05-27T23:08:57 siman_058/baer-heitev 12 blocks DONE
2026-05-27T23:08:57 siman_058/beer-hagolah 12 blocks DONE
2026-05-27T23:08:57 siman_058/beur-hagra 19 blocks DONE
2026-05-27T23:08:57 siman_058/kaf-hachayim 12 blocks DONE
2026-05-27T23:08:57 siman_058/kereti 17 blocks DONE
2026-05-27T23:08:57 siman_058/mateh-yehonatan 3 blocks DONE
2026-05-27T23:08:57 siman_058/mechaber 12 blocks DONE
2026-05-27T23:08:57 siman_058/nekudot-hakesef 2 blocks DONE
2026-05-27T23:08:57 siman_058/peleti 6 blocks DONE
2026-05-27T23:08:57 siman_058/pitchei-teshuva 7 blocks DONE
2026-05-27T23:08:57 siman_058/rabbi-akiva-eiger-yd 4 blocks DONE
2026-05-27T23:08:57 siman_058/siftei-kohen 18 blocks DONE
2026-05-27T23:08:57 siman_058/turei-zahav 12 blocks DONE
2026-05-27T23:08:57 siman_058/yad-avraham 1 blocks DONE
2026-05-27T23:08:57 siman_058/yad-ephraim 3 blocks DONE
2026-05-27T23:08:57 siman_058 COMPLETE
2026-05-27T23:08:57 siman_059/baer-heitev 2 blocks DONE
2026-05-27T23:08:57 siman_059/beer-hagolah 6 blocks DONE
2026-05-27T23:08:57 siman_059/beur-hagra 6 blocks DONE
2026-05-27T23:08:57 siman_059/kaf-hachayim 2 blocks DONE
2026-05-27T23:08:57 siman_059/kereti 3 blocks DONE
2026-05-27T23:08:57 siman_059/mechaber 2 blocks DONE
2026-05-27T23:08:57 siman_059/pitchei-teshuva 1 blocks DONE
2026-05-27T23:08:57 siman_059/siftei-kohen 2 blocks DONE
2026-05-27T23:08:57 siman_059/turei-zahav 1 blocks DONE
2026-05-27T23:08:57 siman_059/yad-ephraim 1 blocks DONE
2026-05-27T23:08:57 siman_059 COMPLETE
2026-05-27T23:08:57 siman_060/baer-heitev 4 blocks DONE
2026-05-27T23:08:57 siman_060/beer-hagolah 3 blocks DONE
2026-05-27T23:08:57 siman_060/beur-hagra 2 blocks DONE
2026-05-27T23:08:57 siman_060/kaf-hachayim 3 blocks DONE
2026-05-27T23:08:57 siman_060/kereti 4 blocks DONE
2026-05-27T23:08:57 siman_060/mechaber 3 blocks DONE
2026-05-27T23:08:57 siman_060/peleti 1 blocks DONE
2026-05-27T23:08:57 siman_060/pitchei-teshuva 3 blocks DONE
2026-05-27T23:08:57 siman_060/siftei-kohen 6 blocks DONE
2026-05-27T23:08:57 siman_060/turei-zahav 1 blocks DONE
2026-05-27T23:08:57 siman_060/yad-avraham 1 blocks DONE
2026-05-27T23:08:57 siman_060/yad-ephraim 2 blocks DONE
2026-05-27T23:08:57 siman_060 COMPLETE
2026-05-27T23:08:57 siman_061/baer-heitev 22 blocks DONE
2026-05-27T23:08:57 siman_061/beer-hagolah 33 blocks DONE
2026-05-27T23:08:57 siman_061/beur-hagra 31 blocks DONE
2026-05-27T23:08:57 siman_061/kaf-hachayim 33 blocks DONE
2026-05-27T23:08:57 siman_061/kereti 39 blocks DONE
2026-05-27T23:08:57 siman_061/mechaber 33 blocks DONE
2026-05-27T23:08:57 siman_061/nekudot-hakesef 1 blocks DONE
2026-05-27T23:08:57 siman_061/peleti 14 blocks DONE
2026-05-27T23:08:57 siman_061/pitchei-teshuva 15 blocks DONE
2026-05-27T23:08:57 siman_061/rabbi-akiva-eiger-yd 4 blocks DONE
2026-05-27T23:08:57 siman_061/siftei-kohen 19 blocks DONE
2026-05-27T23:08:57 siman_061/turei-zahav 32 blocks DONE
2026-05-27T23:08:57 siman_061/yad-avraham 5 blocks DONE
2026-05-27T23:08:57 siman_061/yad-ephraim 12 blocks DONE
2026-05-27T23:08:57 siman_061 COMPLETE
2026-05-27T23:08:57 siman_062/baer-heitev 8 blocks DONE
2026-05-27T23:08:57 siman_062/beer-hagolah 6 blocks DONE
2026-05-27T23:08:57 siman_062/beur-hagra 4 blocks DONE
2026-05-27T23:08:57 siman_062/kaf-hachayim 4 blocks DONE
2026-05-27T23:08:57 siman_062/kereti 6 blocks DONE
2026-05-27T23:08:57 siman_062/mechaber 4 blocks DONE
2026-05-27T23:08:57 siman_062/nekudot-hakesef 1 blocks DONE
2026-05-27T23:08:57 siman_062/peleti 6 blocks DONE
2026-05-27T23:08:57 siman_062/pitchei-teshuva 3 blocks DONE
2026-05-27T23:08:57 siman_062/rabbi-akiva-eiger-yd 2 blocks DONE
2026-05-27T23:08:57 siman_062/siftei-kohen 14 blocks DONE
2026-05-27T23:08:57 siman_062/turei-zahav 2 blocks DONE
2026-05-27T23:08:57 siman_062/yad-avraham 1 blocks DONE
2026-05-27T23:08:57 siman_062 COMPLETE
2026-05-27T23:08:57 siman_063/baer-heitev 6 blocks DONE
2026-05-27T23:08:57 siman_063/beer-hagolah 6 blocks DONE
2026-05-27T23:08:57 siman_063/beur-hagra 6 blocks DONE
2026-05-27T23:08:57 siman_063/kaf-hachayim 2 blocks DONE
2026-05-27T23:08:57 siman_063/kereti 15 blocks DONE
2026-05-27T23:08:57 siman_063/mechaber 2 blocks DONE
2026-05-27T23:08:57 siman_063/nekudot-hakesef 2 blocks DONE
2026-05-27T23:08:57 siman_063/peleti 3 blocks DONE
2026-05-27T23:08:57 siman_063/pitchei-teshuva 2 blocks DONE
2026-05-27T23:08:57 siman_063/rabbi-akiva-eiger-yd 1 blocks DONE
2026-05-27T23:08:57 siman_063/siftei-kohen 11 blocks DONE
2026-05-27T23:08:57 siman_063/turei-zahav 3 blocks DONE
2026-05-27T23:08:57 siman_063/yad-avraham 1 blocks DONE
2026-05-27T23:08:57 siman_063 COMPLETE
2026-05-27T23:08:57 siman_064/baer-heitev 16 blocks DONE
2026-05-27T23:08:57 siman_064/beer-hagolah 21 blocks DONE
2026-05-27T23:08:57 siman_064/beur-hagra 43 blocks DONE
2026-05-27T23:08:57 siman_064/kaf-hachayim 20 blocks DONE
2026-05-27T23:08:57 siman_064/kereti 19 blocks DONE
2026-05-27T23:08:57 siman_064/mechaber 21 blocks DONE
2026-05-27T23:08:57 siman_064/peleti 6 blocks DONE
2026-05-27T23:08:57 siman_064/pitchei-teshuva 9 blocks DONE
2026-05-27T23:08:57 siman_064/rabbi-akiva-eiger-yd 7 blocks DONE
2026-05-27T23:08:57 siman_064/siftei-kohen 15 blocks DONE
2026-05-27T23:08:57 siman_064/turei-zahav 16 blocks DONE
2026-05-27T23:08:57 siman_064/yad-avraham 4 blocks DONE
2026-05-27T23:08:57 siman_064/yad-ephraim 1 blocks DONE
2026-05-27T23:08:57 siman_064 COMPLETE
2026-05-27T23:08:57 siman_065/baer-heitev 6 blocks DONE
2026-05-27T23:08:57 siman_065/beer-hagolah 29 blocks DONE
2026-05-27T23:08:57 siman_065/beur-hagra 33 blocks DONE
2026-05-27T23:08:57 siman_065/kaf-hachayim 14 blocks DONE
2026-05-27T23:08:57 siman_065/kereti 16 blocks DONE
2026-05-27T23:08:57 siman_065/mechaber 14 blocks DONE
2026-05-27T23:08:57 siman_065/nekudot-hakesef 1 blocks DONE
2026-05-27T23:08:57 siman_065/peleti 3 blocks DONE
2026-05-27T23:08:57 siman_065/pitchei-teshuva 6 blocks DONE
2026-05-27T23:08:57 siman_065/rabbi-akiva-eiger-yd 1 blocks DONE
2026-05-27T23:08:57 siman_065/siftei-kohen 11 blocks DONE
2026-05-27T23:08:57 siman_065/turei-zahav 8 blocks DONE
2026-05-27T23:08:57 siman_065/yad-avraham 2 blocks DONE
2026-05-27T23:08:57 siman_065/yad-ephraim 3 blocks DONE
2026-05-27T23:08:57 siman_065 COMPLETE
2026-05-27T23:16:48 siman_066/mechaber 10 blocks DONE
2026-05-27T23:16:48 siman_066/siftei-kohen 16 blocks DONE
2026-05-27T23:16:48 siman_066/turei-zahav 6 blocks DONE
2026-05-27T23:16:48 siman_066/baer-heitev 11 blocks DONE
2026-05-27T23:16:48 siman_066/beer-hagolah 16 blocks DONE
2026-05-27T23:16:48 siman_066/beur-hagra 14 blocks DONE
2026-05-27T23:16:48 siman_066/kereti 12 blocks DONE
2026-05-27T23:16:48 siman_066/peleti 4 blocks DONE
2026-05-27T23:16:48 siman_066/pitchei-teshuva 3 blocks DONE
2026-05-27T23:16:48 siman_066/kaf-hachayim 10 blocks DONE
2026-05-27T23:16:48 siman_066/mateh-yehonatan 1 blocks DONE
2026-05-27T23:16:48 siman_066/yad-avraham 3 blocks DONE
2026-05-27T23:16:48 siman_066/yad-ephraim 2 blocks DONE
2026-05-27T23:16:48 siman_066/rabbi-akiva-eiger-yd 6 blocks DONE
2026-05-27T23:16:48 siman_066 COMPLETE
2026-05-27T23:16:49 siman_067/mechaber 6 blocks DONE
2026-05-27T23:16:49 siman_067/siftei-kohen 13 blocks DONE
2026-05-27T23:16:49 siman_067/turei-zahav 4 blocks DONE
2026-05-27T23:16:49 siman_067/baer-heitev 9 blocks DONE
2026-05-27T23:16:49 siman_067/beer-hagolah 11 blocks DONE
2026-05-27T23:16:49 siman_067/beur-hagra 10 blocks DONE
2026-05-27T23:16:49 siman_067/kereti 13 blocks DONE
2026-05-27T23:16:49 siman_067/peleti 3 blocks DONE
2026-05-27T23:16:49 siman_067/pitchei-teshuva 1 blocks DONE
2026-05-27T23:16:49 siman_067/kaf-hachayim 6 blocks DONE
2026-05-27T23:16:49 siman_067/mateh-yehonatan 1 blocks DONE
2026-05-27T23:16:49 siman_067/nekudot-hakesef 1 blocks DONE
2026-05-27T23:16:49 siman_067/rabbi-akiva-eiger-yd 2 blocks DONE
2026-05-27T23:16:49 siman_067 COMPLETE
2026-05-27T23:34:44 siman_069/mechaber 21 blocks DONE
2026-05-27T23:34:44 siman_069/siftei-kohen 74 blocks DONE
2026-05-27T23:34:44 siman_069/turei-zahav 54 blocks DONE
2026-05-27T23:34:44 siman_069/baer-heitev 74 blocks DONE
2026-05-27T23:34:44 siman_069/beer-hagolah 21 blocks DONE
2026-05-27T23:34:44 siman_069/beur-hagra 87 blocks DONE
2026-05-27T23:34:44 siman_069/kereti 63 blocks DONE
2026-05-27T23:34:44 siman_069/peleti 22 blocks DONE
2026-05-27T23:34:44 siman_069/pitchei-teshuva 21 blocks DONE
2026-05-27T23:34:44 siman_069/kaf-hachayim 21 blocks DONE
2026-05-27T23:34:44 siman_069/mateh-yehonatan 14 blocks DONE
2026-05-27T23:34:44 siman_069/nekudot-hakesef 14 blocks DONE
2026-05-27T23:34:44 siman_069/yad-avraham 15 blocks DONE
2026-05-27T23:34:44 siman_069/yad-ephraim 19 blocks DONE
2026-05-27T23:34:44 siman_069/rabbi-akiva-eiger-yd 21 blocks DONE
2026-05-27T23:34:44 siman_069 COMPLETE
2026-05-27T23:35:21 siman_068/mechaber 15 blocks DONE
2026-05-27T23:35:21 siman_068/siftei-kohen 35 blocks DONE
2026-05-27T23:35:21 siman_068/turei-zahav 9 blocks DONE
2026-05-27T23:35:21 siman_068/baer-heitev 24 blocks DONE
2026-05-27T23:35:21 siman_068/beer-hagolah 15 blocks DONE
2026-05-27T23:35:21 siman_068/beur-hagra 40 blocks DONE
2026-05-27T23:35:21 siman_068/kereti 22 blocks DONE
2026-05-27T23:35:21 siman_068/peleti 2 blocks DONE
2026-05-27T23:35:21 siman_068/pitchei-teshuva 2 blocks DONE
2026-05-27T23:35:21 siman_068/kaf-hachayim 15 blocks DONE
2026-05-27T23:35:21 siman_068/mateh-yehonatan 1 blocks DONE
2026-05-27T23:35:21 siman_068/yad-avraham 3 blocks DONE
2026-05-27T23:35:21 siman_068/yad-ephraim 2 blocks DONE
2026-05-27T23:35:21 siman_068/rabbi-akiva-eiger-yd 4 blocks DONE
2026-05-27T23:35:21 siman_068 COMPLETE
2026-05-27T23:35:21 siman_069/mechaber 21 blocks DONE
2026-05-27T23:35:21 siman_069/siftei-kohen 74 blocks DONE
2026-05-27T23:35:21 siman_069/turei-zahav 54 blocks DONE
2026-05-27T23:35:21 siman_069/baer-heitev 74 blocks DONE
2026-05-27T23:35:21 siman_069/beer-hagolah 21 blocks DONE
2026-05-27T23:35:21 siman_069/beur-hagra 87 blocks DONE
2026-05-27T23:35:21 siman_069/kereti 63 blocks DONE
2026-05-27T23:35:21 siman_069/peleti 22 blocks DONE
2026-05-27T23:35:21 siman_069/pitchei-teshuva 21 blocks DONE
2026-05-27T23:35:21 siman_069/kaf-hachayim 21 blocks DONE
2026-05-27T23:35:21 siman_069/mateh-yehonatan 14 blocks DONE
2026-05-27T23:35:21 siman_069/nekudot-hakesef 14 blocks DONE
2026-05-27T23:35:21 siman_069/yad-avraham 15 blocks DONE
2026-05-27T23:35:21 siman_069/yad-ephraim 19 blocks DONE
2026-05-27T23:35:21 siman_069/rabbi-akiva-eiger-yd 21 blocks DONE
2026-05-27T23:35:21 siman_069 COMPLETE
2026-05-27T23:35:21 siman_070/mechaber 6 blocks DONE
2026-05-27T23:35:21 siman_070/siftei-kohen 50 blocks DONE
2026-05-27T23:35:21 siman_070/turei-zahav 20 blocks DONE
2026-05-27T23:35:21 siman_070/baer-heitev 35 blocks DONE
2026-05-27T23:35:21 siman_070/beer-hagolah 6 blocks DONE
2026-05-27T23:35:21 siman_070/beur-hagra 43 blocks DONE
2026-05-27T23:35:21 siman_070/kereti 6 blocks DONE
2026-05-27T23:35:21 siman_070/peleti 5 blocks DONE
2026-05-27T23:35:21 siman_070/pitchei-teshuva 6 blocks DONE
2026-05-27T23:35:21 siman_070/kaf-hachayim 6 blocks DONE
2026-05-27T23:35:21 siman_070/mateh-yehonatan 2 blocks DONE
2026-05-27T23:35:21 siman_070/nekudot-hakesef 4 blocks DONE
2026-05-27T23:35:21 siman_070/yad-avraham 6 blocks DONE
2026-05-27T23:35:21 siman_070/yad-ephraim 6 blocks DONE
2026-05-27T23:35:21 siman_070/rabbi-akiva-eiger-yd 6 blocks DONE
2026-05-27T23:35:21 siman_070 COMPLETE
2026-05-27T23:35:37 siman_066/mechaber 10 blocks DONE
2026-05-27T23:35:37 siman_066/siftei-kohen 16 blocks DONE
2026-05-27T23:35:37 siman_066/turei-zahav 6 blocks DONE
2026-05-27T23:35:37 siman_066/baer-heitev 11 blocks DONE
2026-05-27T23:35:37 siman_066/beer-hagolah 16 blocks DONE
2026-05-27T23:35:37 siman_066/beur-hagra 14 blocks DONE
2026-05-27T23:35:37 siman_066/kereti 12 blocks DONE
2026-05-27T23:35:37 siman_066/peleti 4 blocks DONE
2026-05-27T23:35:37 siman_066/pitchei-teshuva 3 blocks DONE
2026-05-27T23:35:37 siman_066/kaf-hachayim 10 blocks DONE
2026-05-27T23:35:37 siman_066/mateh-yehonatan 1 blocks DONE
2026-05-27T23:35:37 siman_066/yad-avraham 3 blocks DONE
2026-05-27T23:35:37 siman_066/yad-ephraim 2 blocks DONE
2026-05-27T23:35:37 siman_066/rabbi-akiva-eiger-yd 6 blocks DONE
2026-05-27T23:35:37 siman_066 COMPLETE
2026-05-27T23:35:37 siman_067/mechaber 6 blocks DONE
2026-05-27T23:35:37 siman_067/siftei-kohen 13 blocks DONE
2026-05-27T23:35:37 siman_067/turei-zahav 4 blocks DONE
2026-05-27T23:35:37 siman_067/baer-heitev 9 blocks DONE
2026-05-27T23:35:37 siman_067/beer-hagolah 11 blocks DONE
2026-05-27T23:35:37 siman_067/beur-hagra 10 blocks DONE
2026-05-27T23:35:37 siman_067/kereti 13 blocks DONE
2026-05-27T23:35:37 siman_067/peleti 3 blocks DONE
2026-05-27T23:35:37 siman_067/pitchei-teshuva 1 blocks DONE
2026-05-27T23:35:37 siman_067/kaf-hachayim 6 blocks DONE
2026-05-27T23:35:37 siman_067/mateh-yehonatan 1 blocks DONE
2026-05-27T23:35:37 siman_067/nekudot-hakesef 1 blocks DONE
2026-05-27T23:35:37 siman_067/rabbi-akiva-eiger-yd 2 blocks DONE
2026-05-27T23:35:37 siman_067 COMPLETE
2026-05-27T23:35:37 siman_068/mechaber 15 blocks DONE
2026-05-27T23:35:37 siman_068/siftei-kohen 35 blocks DONE
2026-05-27T23:35:37 siman_068/turei-zahav 9 blocks DONE
2026-05-27T23:35:37 siman_068/baer-heitev 24 blocks DONE
2026-05-27T23:35:37 siman_068/beer-hagolah 15 blocks DONE
2026-05-27T23:35:37 siman_068/beur-hagra 40 blocks DONE
2026-05-27T23:35:37 siman_068/kereti 22 blocks DONE
2026-05-27T23:35:37 siman_068/peleti 2 blocks DONE
2026-05-27T23:35:37 siman_068/pitchei-teshuva 2 blocks DONE
2026-05-27T23:35:37 siman_068/kaf-hachayim 15 blocks DONE
2026-05-27T23:35:37 siman_068/mateh-yehonatan 1 blocks DONE
2026-05-27T23:35:37 siman_068/yad-avraham 3 blocks DONE
2026-05-27T23:35:37 siman_068/yad-ephraim 2 blocks DONE
2026-05-27T23:35:37 siman_068/rabbi-akiva-eiger-yd 4 blocks DONE
2026-05-27T23:35:37 siman_068 COMPLETE
2026-05-27T23:35:37 siman_069/mechaber 21 blocks DONE
2026-05-27T23:35:37 siman_069/siftei-kohen 74 blocks DONE
2026-05-27T23:35:37 siman_069/turei-zahav 54 blocks DONE
2026-05-27T23:35:37 siman_069/baer-heitev 74 blocks DONE
2026-05-27T23:35:37 siman_069/beer-hagolah 21 blocks DONE
2026-05-27T23:35:37 siman_069/beur-hagra 87 blocks DONE
2026-05-27T23:35:37 siman_069/kereti 63 blocks DONE
2026-05-27T23:35:37 siman_069/peleti 22 blocks DONE
2026-05-27T23:35:37 siman_069/pitchei-teshuva 21 blocks DONE
2026-05-27T23:35:37 siman_069/kaf-hachayim 21 blocks DONE
2026-05-27T23:35:37 siman_069/mateh-yehonatan 14 blocks DONE
2026-05-27T23:35:37 siman_069/nekudot-hakesef 14 blocks DONE
2026-05-27T23:35:37 siman_069/yad-avraham 15 blocks DONE
2026-05-27T23:35:37 siman_069/yad-ephraim 19 blocks DONE
2026-05-27T23:35:37 siman_069/rabbi-akiva-eiger-yd 21 blocks DONE
2026-05-27T23:35:37 siman_069 COMPLETE
2026-05-27T23:35:37 siman_070/mechaber 6 blocks DONE
2026-05-27T23:35:37 siman_070/siftei-kohen 50 blocks DONE
2026-05-27T23:35:37 siman_070/turei-zahav 20 blocks DONE
2026-05-27T23:35:37 siman_070/baer-heitev 35 blocks DONE
2026-05-27T23:35:37 siman_070/beer-hagolah 6 blocks DONE
2026-05-27T23:35:37 siman_070/beur-hagra 43 blocks DONE
2026-05-27T23:35:37 siman_070/kereti 6 blocks DONE
2026-05-27T23:35:37 siman_070/peleti 5 blocks DONE
2026-05-27T23:35:37 siman_070/pitchei-teshuva 6 blocks DONE
2026-05-27T23:35:37 siman_070/kaf-hachayim 6 blocks DONE
2026-05-27T23:35:37 siman_070/mateh-yehonatan 2 blocks DONE
2026-05-27T23:35:37 siman_070/nekudot-hakesef 4 blocks DONE
2026-05-27T23:35:37 siman_070/yad-avraham 6 blocks DONE
2026-05-27T23:35:37 siman_070/yad-ephraim 6 blocks DONE
2026-05-27T23:35:37 siman_070/rabbi-akiva-eiger-yd 6 blocks DONE
2026-05-27T23:35:37 siman_070 COMPLETE
2026-05-27T23:35:37 siman_066/baer-heitev 11 blocks DONE
2026-05-27T23:35:37 siman_066/beer-hagolah 16 blocks DONE
2026-05-27T23:35:37 siman_066/beur-hagra 14 blocks DONE
2026-05-27T23:35:37 siman_066/kaf-hachayim 10 blocks DONE
2026-05-27T23:35:37 siman_066/kereti 12 blocks DONE
2026-05-27T23:35:37 siman_066/mateh-yehonatan 1 blocks DONE
2026-05-27T23:35:37 siman_066/mechaber 10 blocks DONE
2026-05-27T23:35:37 siman_066/peleti 4 blocks DONE
2026-05-27T23:35:37 siman_066/pitchei-teshuva 3 blocks DONE
2026-05-27T23:35:37 siman_066/rabbi-akiva-eiger-yd 6 blocks DONE
2026-05-27T23:35:37 siman_066/siftei-kohen 16 blocks DONE
2026-05-27T23:35:37 siman_066/turei-zahav 6 blocks DONE
2026-05-27T23:35:37 siman_066/yad-avraham 3 blocks DONE
2026-05-27T23:35:37 siman_066/yad-ephraim 2 blocks DONE
2026-05-27T23:35:37 siman_066 COMPLETE
2026-05-27T23:35:37 siman_067/baer-heitev 9 blocks DONE
2026-05-27T23:35:37 siman_067/beer-hagolah 11 blocks DONE
2026-05-27T23:35:37 siman_067/beur-hagra 10 blocks DONE
2026-05-27T23:35:37 siman_067/kaf-hachayim 6 blocks DONE
2026-05-27T23:35:37 siman_067/kereti 13 blocks DONE
2026-05-27T23:35:37 siman_067/mateh-yehonatan 1 blocks DONE
2026-05-27T23:35:37 siman_067/mechaber 6 blocks DONE
2026-05-27T23:35:37 siman_067/nekudot-hakesef 1 blocks DONE
2026-05-27T23:35:37 siman_067/peleti 3 blocks DONE
2026-05-27T23:35:37 siman_067/pitchei-teshuva 1 blocks DONE
2026-05-27T23:35:37 siman_067/rabbi-akiva-eiger-yd 2 blocks DONE
2026-05-27T23:35:37 siman_067/siftei-kohen 13 blocks DONE
2026-05-27T23:35:37 siman_067/turei-zahav 4 blocks DONE
2026-05-27T23:35:37 siman_067 COMPLETE
2026-05-27T23:35:38 siman_068/baer-heitev 24 blocks DONE
2026-05-27T23:35:38 siman_068/beer-hagolah 15 blocks DONE
2026-05-27T23:35:38 siman_068/beur-hagra 40 blocks DONE
2026-05-27T23:35:38 siman_068/kaf-hachayim 15 blocks DONE
2026-05-27T23:35:38 siman_068/kereti 22 blocks DONE
2026-05-27T23:35:38 siman_068/mateh-yehonatan 1 blocks DONE
2026-05-27T23:35:38 siman_068/mechaber 15 blocks DONE
2026-05-27T23:35:38 siman_068/peleti 2 blocks DONE
2026-05-27T23:35:38 siman_068/pitchei-teshuva 2 blocks DONE
2026-05-27T23:35:38 siman_068/rabbi-akiva-eiger-yd 4 blocks DONE
2026-05-27T23:35:38 siman_068/siftei-kohen 35 blocks DONE
2026-05-27T23:35:38 siman_068/turei-zahav 9 blocks DONE
2026-05-27T23:35:38 siman_068/yad-avraham 3 blocks DONE
2026-05-27T23:35:38 siman_068/yad-ephraim 2 blocks DONE
2026-05-27T23:35:38 siman_068 COMPLETE
2026-05-27T23:35:38 siman_069/baer-heitev 74 blocks DONE
2026-05-27T23:35:38 siman_069/beer-hagolah 21 blocks DONE
2026-05-27T23:35:38 siman_069/beur-hagra 87 blocks DONE
2026-05-27T23:35:38 siman_069/kaf-hachayim 21 blocks DONE
2026-05-27T23:35:38 siman_069/kereti 63 blocks DONE
2026-05-27T23:35:38 siman_069/mateh-yehonatan 14 blocks DONE
2026-05-27T23:35:38 siman_069/mechaber 21 blocks DONE
2026-05-27T23:35:38 siman_069/nekudot-hakesef 14 blocks DONE
2026-05-27T23:35:38 siman_069/peleti 22 blocks DONE
2026-05-27T23:35:38 siman_069/pitchei-teshuva 21 blocks DONE
2026-05-27T23:35:38 siman_069/rabbi-akiva-eiger-yd 21 blocks DONE
2026-05-27T23:35:38 siman_069/siftei-kohen 93 blocks DONE
2026-05-27T23:35:38 siman_069/turei-zahav 54 blocks DONE
2026-05-27T23:35:38 siman_069/yad-avraham 15 blocks DONE
2026-05-27T23:35:38 siman_069/yad-ephraim 19 blocks DONE
2026-05-27T23:35:38 siman_069 COMPLETE
2026-05-27T23:35:38 siman_070/baer-heitev 35 blocks DONE
2026-05-27T23:35:38 siman_070/beer-hagolah 6 blocks DONE
2026-05-27T23:35:38 siman_070/beur-hagra 43 blocks DONE
2026-05-27T23:35:38 siman_070/kaf-hachayim 6 blocks DONE
2026-05-27T23:35:38 siman_070/kereti 6 blocks DONE
2026-05-27T23:35:38 siman_070/mateh-yehonatan 2 blocks DONE
2026-05-27T23:35:38 siman_070/mechaber 6 blocks DONE
2026-05-27T23:35:38 siman_070/nekudot-hakesef 4 blocks DONE
2026-05-27T23:35:38 siman_070/peleti 5 blocks DONE
2026-05-27T23:35:38 siman_070/pitchei-teshuva 6 blocks DONE
2026-05-27T23:35:38 siman_070/rabbi-akiva-eiger-yd 6 blocks DONE
2026-05-27T23:35:38 siman_070/siftei-kohen 50 blocks DONE
2026-05-27T23:35:38 siman_070/turei-zahav 20 blocks DONE
2026-05-27T23:35:38 siman_070/yad-avraham 6 blocks DONE
2026-05-27T23:35:38 siman_070/yad-ephraim 6 blocks DONE
2026-05-27T23:35:38 siman_070 COMPLETE
2026-05-27T23:37:15 siman_069/siftei-kohen-part2 19 blocks DONE
2026-05-27T23:38:02 siman_074/mechaber 1 blocks DONE
2026-05-27T23:38:02 siman_074/siftei-kohen 5 blocks DONE
2026-05-27T23:38:02 siman_074/turei-zahav 1 blocks DONE
2026-05-27T23:38:02 siman_074/baer-heitev 1 blocks DONE
2026-05-27T23:38:02 siman_074/beer-hagolah 1 blocks DONE
2026-05-27T23:38:02 siman_074/beur-hagra 3 blocks DONE
2026-05-27T23:38:02 siman_074/pitchei-teshuva 1 blocks DONE
2026-05-27T23:38:02 siman_074/peleti 1 blocks DONE
2026-05-27T23:38:02 siman_074/kaf-hachayim 1 blocks DONE
2026-05-27T23:38:02 siman_074/kereti 3 blocks DONE
2026-05-27T23:38:02 siman_074/rabbi-akiva-eiger-yd 1 blocks DONE
2026-05-27T23:38:02 siman_074 COMPLETE
2026-05-27T23:38:02 siman_075/mechaber 3 blocks DONE
2026-05-27T23:38:02 siman_075/siftei-kohen 13 blocks DONE
2026-05-27T23:38:02 siman_075/turei-zahav 7 blocks DONE
2026-05-27T23:38:02 siman_075/baer-heitev 9 blocks DONE
2026-05-27T23:38:02 siman_075/beer-hagolah 6 blocks DONE
2026-05-27T23:38:02 siman_075/beur-hagra 10 blocks DONE
2026-05-27T23:38:02 siman_075/pitchei-teshuva 3 blocks DONE
2026-05-27T23:38:02 siman_075/peleti 1 blocks DONE
2026-05-27T23:38:02 siman_075/yad-avraham 3 blocks DONE
2026-05-27T23:38:02 siman_075/yad-ephraim 3 blocks DONE
2026-05-27T23:38:02 siman_075/rabbi-akiva-eiger-yd 2 blocks DONE
2026-05-27T23:38:02 siman_075/kaf-hachayim 3 blocks DONE
2026-05-27T23:38:02 siman_075/kereti 8 blocks DONE
2026-05-27T23:38:02 siman_075/mateh-yehonatan 1 blocks DONE
2026-05-27T23:38:02 siman_075 COMPLETE
2026-05-27T23:39:46 siman_071/mechaber 3 blocks DONE
2026-05-27T23:39:46 siman_071/siftei-kohen 11 blocks DONE
2026-05-27T23:39:46 siman_071/turei-zahav 3 blocks DONE
2026-05-27T23:39:46 siman_071/baer-heitev 9 blocks DONE
2026-05-27T23:39:46 siman_071/beer-hagolah 3 blocks DONE
2026-05-27T23:39:46 siman_071/beur-hagra 16 blocks DONE
2026-05-27T23:39:46 siman_071/kereti 6 blocks DONE
2026-05-27T23:39:46 siman_071/peleti 3 blocks DONE
2026-05-27T23:39:46 siman_071/pitchei-teshuva 1 blocks DONE
2026-05-27T23:39:46 siman_071/kaf-hachayim 3 blocks DONE
2026-05-27T23:39:46 siman_071/mateh-yehonatan 1 blocks DONE
2026-05-27T23:39:46 siman_071/yad-avraham 2 blocks DONE
2026-05-27T23:39:46 siman_071/yad-ephraim 2 blocks DONE
2026-05-27T23:39:46 siman_071/rabbi-akiva-eiger-yd 1 blocks DONE
2026-05-27T23:39:46 siman_071 COMPLETE
2026-05-27T23:45:55 siman_072/mechaber 4 blocks DONE
2026-05-27T23:45:55 siman_072/siftei-kohen 20 blocks DONE
2026-05-27T23:45:55 siman_072/turei-zahav 10 blocks DONE
2026-05-27T23:45:55 siman_072/baer-heitev 15 blocks DONE
2026-05-27T23:45:55 siman_072/beer-hagolah 4 blocks DONE
2026-05-27T23:45:55 siman_072/beur-hagra 19 blocks DONE
2026-05-27T23:45:55 siman_072/kereti 12 blocks DONE
2026-05-27T23:45:55 siman_072/peleti 3 blocks DONE
2026-05-27T23:45:55 siman_072/pitchei-teshuva 1 blocks DONE
2026-05-27T23:45:55 siman_072/kaf-hachayim 4 blocks DONE
2026-05-27T23:45:55 siman_072/mateh-yehonatan 2 blocks DONE
2026-05-27T23:45:55 siman_072/nekudot-hakesef 1 blocks DONE
2026-05-27T23:45:55 siman_072/yad-avraham 2 blocks DONE
2026-05-27T23:45:55 siman_072/yad-ephraim 4 blocks DONE
2026-05-27T23:45:55 siman_072/rabbi-akiva-eiger-yd 4 blocks DONE
2026-05-27T23:45:55 siman_072 COMPLETE
2026-05-27T23:50:04 siman_073/mechaber 6 blocks DONE
2026-05-27T23:50:04 siman_073/siftei-kohen 26 blocks DONE
2026-05-27T23:50:04 siman_073/turei-zahav 9 blocks DONE
2026-05-27T23:50:04 siman_073/baer-heitev 22 blocks DONE
2026-05-27T23:50:04 siman_073/beer-hagolah 6 blocks DONE
2026-05-27T23:50:04 siman_073/beur-hagra 28 blocks DONE
2026-05-27T23:50:04 siman_073/kereti 6 blocks DONE
2026-05-27T23:50:04 siman_073/peleti 5 blocks DONE
2026-05-27T23:50:04 siman_073/pitchei-teshuva 6 blocks DONE
2026-05-27T23:50:04 siman_073/kaf-hachayim 6 blocks DONE
2026-05-27T23:50:04 siman_073/mateh-yehonatan 2 blocks DONE
2026-05-27T23:50:04 siman_073/nekudot-hakesef 4 blocks DONE
2026-05-27T23:50:04 siman_073/yad-avraham 3 blocks DONE
2026-05-27T23:50:04 siman_073/yad-ephraim 4 blocks DONE
2026-05-27T23:50:04 siman_073/rabbi-akiva-eiger-yd 3 blocks DONE
2026-05-27T23:50:04 siman_073 COMPLETE
2026-05-27T23:50:19 siman_069/siftei-kohen-part2 19 blocks DONE
2026-05-27T23:50:19 siman_071/mechaber 3 blocks DONE
2026-05-27T23:50:19 siman_071/siftei-kohen 11 blocks DONE
2026-05-27T23:50:19 siman_071/turei-zahav 3 blocks DONE
2026-05-27T23:50:19 siman_071/baer-heitev 9 blocks DONE
2026-05-27T23:50:19 siman_071/beer-hagolah 3 blocks DONE
2026-05-27T23:50:19 siman_071/beur-hagra 16 blocks DONE
2026-05-27T23:50:19 siman_071/kereti 6 blocks DONE
2026-05-27T23:50:19 siman_071/peleti 3 blocks DONE
2026-05-27T23:50:19 siman_071/pitchei-teshuva 1 blocks DONE
2026-05-27T23:50:19 siman_071/kaf-hachayim 3 blocks DONE
2026-05-27T23:50:19 siman_071/mateh-yehonatan 1 blocks DONE
2026-05-27T23:50:19 siman_071/yad-avraham 2 blocks DONE
2026-05-27T23:50:19 siman_071/yad-ephraim 2 blocks DONE
2026-05-27T23:50:19 siman_071/rabbi-akiva-eiger-yd 1 blocks DONE
2026-05-27T23:50:19 siman_071 COMPLETE
2026-05-27T23:50:19 siman_072/mechaber 4 blocks DONE
2026-05-27T23:50:19 siman_072/siftei-kohen 20 blocks DONE
2026-05-27T23:50:19 siman_072/turei-zahav 10 blocks DONE
2026-05-27T23:50:19 siman_072/baer-heitev 15 blocks DONE
2026-05-27T23:50:19 siman_072/beer-hagolah 4 blocks DONE
2026-05-27T23:50:19 siman_072/beur-hagra 19 blocks DONE
2026-05-27T23:50:19 siman_072/kereti 12 blocks DONE
2026-05-27T23:50:19 siman_072/peleti 3 blocks DONE
2026-05-27T23:50:19 siman_072/pitchei-teshuva 1 blocks DONE
2026-05-27T23:50:19 siman_072/kaf-hachayim 4 blocks DONE
2026-05-27T23:50:19 siman_072/mateh-yehonatan 2 blocks DONE
2026-05-27T23:50:19 siman_072/nekudot-hakesef 1 blocks DONE
2026-05-27T23:50:19 siman_072/yad-avraham 2 blocks DONE
2026-05-27T23:50:19 siman_072/yad-ephraim 4 blocks DONE
2026-05-27T23:50:19 siman_072/rabbi-akiva-eiger-yd 4 blocks DONE
2026-05-27T23:50:19 siman_072 COMPLETE
2026-05-27T23:50:19 siman_073/mechaber 6 blocks DONE
2026-05-27T23:50:19 siman_073/siftei-kohen 26 blocks DONE
2026-05-27T23:50:19 siman_073/turei-zahav 9 blocks DONE
2026-05-27T23:50:19 siman_073/baer-heitev 22 blocks DONE
2026-05-27T23:50:19 siman_073/beer-hagolah 6 blocks DONE
2026-05-27T23:50:19 siman_073/beur-hagra 28 blocks DONE
2026-05-27T23:50:19 siman_073/kereti 6 blocks DONE
2026-05-27T23:50:19 siman_073/peleti 5 blocks DONE
2026-05-27T23:50:19 siman_073/pitchei-teshuva 6 blocks DONE
2026-05-27T23:50:19 siman_073/kaf-hachayim 6 blocks DONE
2026-05-27T23:50:19 siman_073/mateh-yehonatan 2 blocks DONE
2026-05-27T23:50:19 siman_073/nekudot-hakesef 4 blocks DONE
2026-05-27T23:50:19 siman_073/yad-avraham 3 blocks DONE
2026-05-27T23:50:19 siman_073/yad-ephraim 4 blocks DONE
2026-05-27T23:50:19 siman_073/rabbi-akiva-eiger-yd 3 blocks DONE
2026-05-27T23:50:19 siman_073 COMPLETE
2026-05-27T23:50:19 siman_074/mechaber 1 blocks DONE
2026-05-27T23:50:19 siman_074/siftei-kohen 5 blocks DONE
2026-05-27T23:50:19 siman_074/turei-zahav 1 blocks DONE
2026-05-27T23:50:19 siman_074/baer-heitev 1 blocks DONE
2026-05-27T23:50:19 siman_074/beer-hagolah 1 blocks DONE
2026-05-27T23:50:19 siman_074/beur-hagra 3 blocks DONE
2026-05-27T23:50:19 siman_074/pitchei-teshuva 1 blocks DONE
2026-05-27T23:50:19 siman_074/peleti 1 blocks DONE
2026-05-27T23:50:19 siman_074/kaf-hachayim 1 blocks DONE
2026-05-27T23:50:19 siman_074/kereti 3 blocks DONE
2026-05-27T23:50:19 siman_074/rabbi-akiva-eiger-yd 1 blocks DONE
2026-05-27T23:50:19 siman_074 COMPLETE
2026-05-27T23:50:19 siman_075/mechaber 3 blocks DONE
2026-05-27T23:50:19 siman_075/siftei-kohen 13 blocks DONE
2026-05-27T23:50:19 siman_075/turei-zahav 7 blocks DONE
2026-05-27T23:50:19 siman_075/baer-heitev 9 blocks DONE
2026-05-27T23:50:19 siman_075/beer-hagolah 6 blocks DONE
2026-05-27T23:50:19 siman_075/beur-hagra 10 blocks DONE
2026-05-27T23:50:19 siman_075/pitchei-teshuva 3 blocks DONE
2026-05-27T23:50:19 siman_075/peleti 1 blocks DONE
2026-05-27T23:50:19 siman_075/yad-avraham 3 blocks DONE
2026-05-27T23:50:19 siman_075/yad-ephraim 3 blocks DONE
2026-05-27T23:50:19 siman_075/rabbi-akiva-eiger-yd 2 blocks DONE
2026-05-27T23:50:19 siman_075/kaf-hachayim 3 blocks DONE
2026-05-27T23:50:19 siman_075/kereti 8 blocks DONE
2026-05-27T23:50:19 siman_075/mateh-yehonatan 1 blocks DONE
2026-05-27T23:50:19 siman_075 COMPLETE
2026-05-27T23:50:20 siman_071/baer-heitev 9 blocks DONE
2026-05-27T23:50:20 siman_071/beer-hagolah 3 blocks DONE
2026-05-27T23:50:20 siman_071/beur-hagra 16 blocks DONE
2026-05-27T23:50:20 siman_071/kaf-hachayim 3 blocks DONE
2026-05-27T23:50:20 siman_071/kereti 6 blocks DONE
2026-05-27T23:50:20 siman_071/mateh-yehonatan 1 blocks DONE
2026-05-27T23:50:20 siman_071/mechaber 3 blocks DONE
2026-05-27T23:50:20 siman_071/peleti 3 blocks DONE
2026-05-27T23:50:20 siman_071/pitchei-teshuva 1 blocks DONE
2026-05-27T23:50:20 siman_071/rabbi-akiva-eiger-yd 1 blocks DONE
2026-05-27T23:50:20 siman_071/siftei-kohen 11 blocks DONE
2026-05-27T23:50:20 siman_071/turei-zahav 3 blocks DONE
2026-05-27T23:50:20 siman_071/yad-avraham 2 blocks DONE
2026-05-27T23:50:20 siman_071/yad-ephraim 2 blocks DONE
2026-05-27T23:50:20 siman_071 COMPLETE
2026-05-27T23:50:20 siman_072/baer-heitev 15 blocks DONE
2026-05-27T23:50:20 siman_072/beer-hagolah 4 blocks DONE
2026-05-27T23:50:20 siman_072/beur-hagra 19 blocks DONE
2026-05-27T23:50:20 siman_072/kaf-hachayim 4 blocks DONE
2026-05-27T23:50:20 siman_072/kereti 12 blocks DONE
2026-05-27T23:50:20 siman_072/mateh-yehonatan 2 blocks DONE
2026-05-27T23:50:20 siman_072/mechaber 4 blocks DONE
2026-05-27T23:50:20 siman_072/nekudot-hakesef 1 blocks DONE
2026-05-27T23:50:20 siman_072/peleti 3 blocks DONE
2026-05-27T23:50:20 siman_072/pitchei-teshuva 1 blocks DONE
2026-05-27T23:50:20 siman_072/rabbi-akiva-eiger-yd 4 blocks DONE
2026-05-27T23:50:20 siman_072/siftei-kohen 20 blocks DONE
2026-05-27T23:50:20 siman_072/turei-zahav 10 blocks DONE
2026-05-27T23:50:20 siman_072/yad-avraham 2 blocks DONE
2026-05-27T23:50:20 siman_072/yad-ephraim 4 blocks DONE
2026-05-27T23:50:20 siman_072 COMPLETE
2026-05-27T23:50:20 siman_073/baer-heitev 22 blocks DONE
2026-05-27T23:50:20 siman_073/beer-hagolah 6 blocks DONE
2026-05-27T23:50:20 siman_073/beur-hagra 28 blocks DONE
2026-05-27T23:50:20 siman_073/kaf-hachayim 6 blocks DONE
2026-05-27T23:50:20 siman_073/kereti 6 blocks DONE
2026-05-27T23:50:20 siman_073/mateh-yehonatan 2 blocks DONE
2026-05-27T23:50:20 siman_073/mechaber 6 blocks DONE
2026-05-27T23:50:20 siman_073/nekudot-hakesef 4 blocks DONE
2026-05-27T23:50:20 siman_073/peleti 5 blocks DONE
2026-05-27T23:50:20 siman_073/pitchei-teshuva 6 blocks DONE
2026-05-27T23:50:20 siman_073/rabbi-akiva-eiger-yd 3 blocks DONE
2026-05-27T23:50:20 siman_073/siftei-kohen 26 blocks DONE
2026-05-27T23:50:20 siman_073/turei-zahav 9 blocks DONE
2026-05-27T23:50:20 siman_073/yad-avraham 3 blocks DONE
2026-05-27T23:50:20 siman_073/yad-ephraim 4 blocks DONE
2026-05-27T23:50:20 siman_073 COMPLETE
2026-05-27T23:50:20 siman_074/baer-heitev 1 blocks DONE
2026-05-27T23:50:20 siman_074/beer-hagolah 1 blocks DONE
2026-05-27T23:50:20 siman_074/beur-hagra 3 blocks DONE
2026-05-27T23:50:20 siman_074/kaf-hachayim 1 blocks DONE
2026-05-27T23:50:20 siman_074/kereti 3 blocks DONE
2026-05-27T23:50:20 siman_074/mechaber 1 blocks DONE
2026-05-27T23:50:20 siman_074/peleti 1 blocks DONE
2026-05-27T23:50:20 siman_074/pitchei-teshuva 1 blocks DONE
2026-05-27T23:50:20 siman_074/rabbi-akiva-eiger-yd 1 blocks DONE
2026-05-27T23:50:20 siman_074/siftei-kohen 5 blocks DONE
2026-05-27T23:50:20 siman_074/turei-zahav 1 blocks DONE
2026-05-27T23:50:20 siman_074 COMPLETE
2026-05-27T23:50:20 siman_075/baer-heitev 9 blocks DONE
2026-05-27T23:50:20 siman_075/beer-hagolah 6 blocks DONE
2026-05-27T23:50:20 siman_075/beur-hagra 10 blocks DONE
2026-05-27T23:50:20 siman_075/kaf-hachayim 3 blocks DONE
2026-05-27T23:50:20 siman_075/kereti 8 blocks DONE
2026-05-27T23:50:20 siman_075/mateh-yehonatan 1 blocks DONE
2026-05-27T23:50:20 siman_075/mechaber 3 blocks DONE
2026-05-27T23:50:20 siman_075/peleti 1 blocks DONE
2026-05-27T23:50:20 siman_075/pitchei-teshuva 3 blocks DONE
2026-05-27T23:50:20 siman_075/rabbi-akiva-eiger-yd 2 blocks DONE
2026-05-27T23:50:20 siman_075/siftei-kohen 13 blocks DONE
2026-05-27T23:50:20 siman_075/turei-zahav 7 blocks DONE
2026-05-27T23:50:20 siman_075/yad-avraham 3 blocks DONE
2026-05-27T23:50:20 siman_075/yad-ephraim 3 blocks DONE
2026-05-27T23:50:20 siman_075 COMPLETE
2026-05-27T23:52:30 siman_085/mechaber 3 blocks DONE
2026-05-27T23:52:30 siman_085/siftei-kohen 4 blocks DONE
2026-05-27T23:52:30 siman_085/turei-zahav 3 blocks DONE
2026-05-27T23:52:30 siman_085/baer-heitev 4 blocks DONE
2026-05-27T23:52:30 siman_085/beer-hagolah 3 blocks DONE
2026-05-27T23:52:30 siman_085/beur-hagra 2 blocks DONE
2026-05-27T23:52:30 siman_085/kaf-hachayim 3 blocks DONE
2026-05-27T23:52:30 siman_085/kereti 4 blocks DONE
2026-05-27T23:52:30 siman_085/nekudot-hakesef 1 blocks DONE
2026-05-27T23:52:30 siman_085/yad-avraham 1 blocks DONE
2026-05-27T23:52:30 siman_085 COMPLETE
2026-05-27T23:53:45 siman_088/mechaber 2 blocks DONE
2026-05-27T23:53:45 siman_088/siftei-kohen 8 blocks DONE
2026-05-27T23:53:45 siman_088/turei-zahav 4 blocks DONE
2026-05-27T23:53:45 siman_088/baer-heitev 5 blocks DONE
2026-05-27T23:53:45 siman_088/beer-hagolah 3 blocks DONE
2026-05-27T23:53:45 siman_088/beur-hagra 3 blocks DONE
2026-05-27T23:53:45 siman_088/kaf-hachayim 2 blocks DONE
2026-05-27T23:53:45 siman_088/kereti 4 blocks DONE
2026-05-27T23:53:45 siman_088/mateh-yehonatan 1 blocks DONE
2026-05-27T23:53:45 siman_088/peleti 2 blocks DONE
2026-05-27T23:53:45 siman_088/pitchei-teshuva 2 blocks DONE
2026-05-27T23:53:45 siman_088/rabbi-akiva-eiger-yd 1 blocks DONE
2026-05-27T23:53:45 siman_088/yad-avraham 2 blocks DONE
2026-05-27T23:53:45 siman_088/yad-ephraim 1 blocks DONE
2026-05-27T23:53:45 siman_088 COMPLETE
2026-05-27T23:53:48 siman_078/baer-heitev 4 blocks DONE
2026-05-27T23:53:48 siman_078/beer-hagolah 2 blocks DONE
2026-05-27T23:53:48 siman_078/beur-hagra 4 blocks DONE
2026-05-27T23:53:48 siman_078/kaf-hachayim 1 blocks DONE
2026-05-27T23:53:48 siman_078/kereti 4 blocks DONE
2026-05-27T23:53:48 siman_078/mechaber 1 blocks DONE
2026-05-27T23:53:48 siman_078/rabbi-akiva-eiger-yd 1 blocks DONE
2026-05-27T23:53:48 siman_078/siftei-kohen 2 blocks DONE
2026-05-27T23:53:48 siman_078/turei-zahav 2 blocks DONE
2026-05-27T23:53:48 siman_078 COMPLETE
2026-05-27T23:53:57 siman_080/mechaber 6 blocks DONE
2026-05-27T23:53:57 siman_080/siftei-kohen 4 blocks DONE
2026-05-27T23:53:57 siman_080/turei-zahav 3 blocks DONE
2026-05-27T23:53:57 siman_080/baer-heitev 4 blocks DONE
2026-05-27T23:53:57 siman_080/beer-hagolah 9 blocks DONE
2026-05-27T23:53:57 siman_080/beur-hagra 11 blocks DONE
2026-05-27T23:53:57 siman_080/pitchei-teshuva 2 blocks DONE
2026-05-27T23:53:57 siman_080/peleti 2 blocks DONE
2026-05-27T23:53:57 siman_080/kaf-hachayim 6 blocks DONE
2026-05-27T23:53:57 siman_080/kereti 5 blocks DONE
2026-05-27T23:53:57 siman_080 COMPLETE
2026-05-27T23:55:10 siman_086/mechaber 10 blocks DONE (mechaber-only pass)
2026-05-27T23:55:10 siman_089/mechaber 4 blocks DONE (mechaber-only pass)
2026-05-27T23:55:10 siman_090/mechaber 4 blocks DONE (mechaber-only pass)
2026-05-27T23:55:25 siman_087/mechaber 11 blocks DONE (mechaber-only pass)
2026-05-27T23:56:07 siman_077/baer-heitev 7 blocks DONE
2026-05-27T23:56:07 siman_077/beer-hagolah 1 blocks DONE
2026-05-27T23:56:07 siman_077/beur-hagra 7 blocks DONE
2026-05-27T23:56:07 siman_077/kaf-hachayim 1 blocks DONE
2026-05-27T23:56:07 siman_077/kereti 3 blocks DONE
2026-05-27T23:56:07 siman_077/mechaber 1 blocks DONE
2026-05-27T23:56:07 siman_077/nekudot-hakesef 1 blocks DONE
2026-05-27T23:56:07 siman_077/peleti 1 blocks DONE
2026-05-27T23:56:07 siman_077/rabbi-akiva-eiger-yd 1 blocks DONE
2026-05-27T23:56:07 siman_077/siftei-kohen 6 blocks DONE
2026-05-27T23:56:07 siman_077/turei-zahav 5 blocks DONE
2026-05-27T23:56:07 siman_077/yad-ephraim 1 blocks DONE
2026-05-27T23:56:07 siman_077 COMPLETE
2026-05-27T23:56:07 siman_079/baer-heitev 7 blocks DONE
2026-05-27T23:56:07 siman_079/beer-hagolah 10 blocks DONE
2026-05-27T23:56:07 siman_079/beur-hagra 5 blocks DONE
2026-05-27T23:56:07 siman_079/kaf-hachayim 3 blocks DONE
2026-05-27T23:56:07 siman_079/kereti 7 blocks DONE
2026-05-27T23:56:07 siman_079/mechaber 3 blocks DONE
2026-05-27T23:56:07 siman_079/peleti 2 blocks DONE
2026-05-27T23:56:07 siman_079/pitchei-teshuva 3 blocks DONE
2026-05-27T23:56:07 siman_079/siftei-kohen 8 blocks DONE
2026-05-27T23:56:07 siman_079/turei-zahav 5 blocks DONE
2026-05-27T23:56:07 siman_079/yad-avraham 2 blocks DONE
2026-05-27T23:56:07 siman_079 COMPLETE
2026-05-27T23:56:27 siman_082/mechaber 5 blocks DONE
2026-05-27T23:56:27 siman_082/siftei-kohen 11 blocks DONE
2026-05-27T23:56:27 siman_082/turei-zahav 7 blocks DONE
2026-05-27T23:56:27 siman_082/baer-heitev 10 blocks DONE
2026-05-27T23:56:27 siman_082/beer-hagolah 5 blocks DONE
2026-05-27T23:56:27 siman_082/beur-hagra 9 blocks DONE
2026-05-27T23:56:27 siman_082/pitchei-teshuva 2 blocks DONE
2026-05-27T23:56:27 siman_082/peleti 4 blocks DONE
2026-05-27T23:56:27 siman_082/kaf-hachayim 5 blocks DONE
2026-05-27T23:56:27 siman_082/kereti 5 blocks DONE
2026-05-27T23:56:27 siman_082/yad-avraham 1 blocks DONE
2026-05-27T23:56:27 siman_082/rabbi-akiva-eiger-yd 1 blocks DONE
2026-05-27T23:56:27 siman_082/nekudot-hakesef 1 blocks DONE
2026-05-27T23:56:27 siman_082 COMPLETE
2026-05-27T23:58:46 siman_083/mechaber 10 blocks DONE
2026-05-27T23:58:46 siman_083/siftei-kohen 31 blocks DONE
2026-05-27T23:58:46 siman_083/turei-zahav 14 blocks DONE
2026-05-27T23:58:46 siman_083/baer-heitev 23 blocks DONE
2026-05-27T23:58:46 siman_083/beer-hagolah 10 blocks DONE
2026-05-27T23:58:46 siman_083/beur-hagra 33 blocks DONE
2026-05-27T23:58:46 siman_083/kereti 23 blocks DONE
2026-05-27T23:58:46 siman_083/peleti 7 blocks DONE
2026-05-27T23:58:46 siman_083/pitchei-teshuva 6 blocks DONE
2026-05-27T23:58:46 siman_083/kaf-hachayim 10 blocks DONE
2026-05-27T23:58:46 siman_083/nekudot-hakesef 3 blocks DONE
2026-05-27T23:58:46 siman_083/yad-avraham 3 blocks DONE
2026-05-27T23:58:46 siman_083/rabbi-akiva-eiger-yd 1 blocks DONE
2026-05-27T23:58:46 siman_083 COMPLETE
2026-05-27T23:58:46 siman_084/mechaber 17 blocks DONE
2026-05-27T23:58:46 siman_084/siftei-kohen 49 blocks DONE
2026-05-27T23:58:46 siman_084/turei-zahav 24 blocks DONE
2026-05-27T23:58:46 siman_084/baer-heitev 37 blocks DONE
2026-05-27T23:58:46 siman_084/beer-hagolah 17 blocks DONE
2026-05-27T23:58:46 siman_084/beur-hagra 48 blocks DONE
2026-05-27T23:58:46 siman_084/kereti 24 blocks DONE
2026-05-27T23:58:46 siman_084/peleti 8 blocks DONE
2026-05-27T23:58:46 siman_084/pitchei-teshuva 13 blocks DONE
2026-05-27T23:58:46 siman_084/kaf-hachayim 17 blocks DONE
2026-05-27T23:58:46 siman_084/nekudot-hakesef 5 blocks DONE
2026-05-27T23:58:46 siman_084/yad-avraham 5 blocks DONE
2026-05-27T23:58:46 siman_084/yad-ephraim 1 blocks DONE
2026-05-27T23:58:46 siman_084/rabbi-akiva-eiger-yd 5 blocks DONE
2026-05-27T23:58:46 siman_084 COMPLETE
2026-05-27T23:59:05 siman_076/baer-heitev 20 blocks DONE
2026-05-27T23:59:05 siman_076/beer-hagolah 6 blocks DONE
2026-05-27T23:59:05 siman_076/beur-hagra 18 blocks DONE
2026-05-27T23:59:05 siman_076/kaf-hachayim 6 blocks DONE
2026-05-27T23:59:05 siman_076/kereti 16 blocks DONE
2026-05-27T23:59:05 siman_076/mechaber 6 blocks DONE
2026-05-27T23:59:05 siman_076/nekudot-hakesef 5 blocks DONE
2026-05-27T23:59:05 siman_076/pitchei-teshuva 2 blocks DONE
2026-05-27T23:59:05 siman_076/rabbi-akiva-eiger-yd 1 blocks DONE
2026-05-27T23:59:05 siman_076/siftei-kohen 25 blocks DONE
2026-05-27T23:59:05 siman_076/turei-zahav 11 blocks DONE
2026-05-27T23:59:05 siman_076/yad-avraham 1 blocks DONE
2026-05-27T23:59:05 siman_076/yad-ephraim 1 blocks DONE
2026-05-27T23:59:05 siman_076 COMPLETE
2026-05-28T00:00:20 siman_081/mechaber 9 blocks DONE
2026-05-28T00:00:20 siman_081/siftei-kohen 27 blocks DONE
2026-05-28T00:00:20 siman_081/turei-zahav 12 blocks DONE
2026-05-28T00:00:20 siman_081/baer-heitev 20 blocks DONE
2026-05-28T00:00:20 siman_081/beer-hagolah 9 blocks DONE
2026-05-28T00:00:20 siman_081/beur-hagra 35 blocks DONE
2026-05-28T00:00:20 siman_081/pitchei-teshuva 9 blocks DONE
2026-05-28T00:00:20 siman_081/peleti 8 blocks DONE
2026-05-28T00:00:20 siman_081/kaf-hachayim 9 blocks DONE
2026-05-28T00:00:20 siman_081/kereti 15 blocks DONE
2026-05-28T00:00:20 siman_081/yad-avraham 6 blocks DONE
2026-05-28T00:00:20 siman_081/rabbi-akiva-eiger-yd 2 blocks DONE
2026-05-28T00:00:20 siman_081/nekudot-hakesef 3 blocks DONE
2026-05-28T00:00:20 siman_081 COMPLETE
2026-05-28T00:01:21 siman_083/mechaber 10 blocks DONE
2026-05-28T00:01:21 siman_083/siftei-kohen 31 blocks DONE
2026-05-28T00:01:21 siman_083/turei-zahav 14 blocks DONE
2026-05-28T00:01:21 siman_083/baer-heitev 23 blocks DONE
2026-05-28T00:01:21 siman_083/beer-hagolah 10 blocks DONE
2026-05-28T00:01:21 siman_083/beur-hagra 33 blocks DONE
2026-05-28T00:01:21 siman_083/kereti 23 blocks DONE
2026-05-28T00:01:21 siman_083/peleti 7 blocks DONE
2026-05-28T00:01:21 siman_083/pitchei-teshuva 6 blocks DONE
2026-05-28T00:01:21 siman_083/kaf-hachayim 10 blocks DONE
2026-05-28T00:01:21 siman_083/nekudot-hakesef 3 blocks DONE
2026-05-28T00:01:21 siman_083/yad-avraham 3 blocks DONE
2026-05-28T00:01:21 siman_083/rabbi-akiva-eiger-yd 1 blocks DONE
2026-05-28T00:01:21 siman_083 COMPLETE
2026-05-28T00:04:19 siman_084/mechaber 17 blocks DONE
2026-05-28T00:04:19 siman_084/siftei-kohen 49 blocks DONE
2026-05-28T00:04:19 siman_084/turei-zahav 24 blocks DONE
2026-05-28T00:04:19 siman_084/baer-heitev 37 blocks DONE
2026-05-28T00:04:19 siman_084/beer-hagolah 17 blocks DONE
2026-05-28T00:04:19 siman_084/beur-hagra 48 blocks DONE
2026-05-28T00:04:19 siman_084/kereti 24 blocks DONE
2026-05-28T00:04:19 siman_084/peleti 8 blocks DONE
2026-05-28T00:04:19 siman_084/pitchei-teshuva 13 blocks DONE
2026-05-28T00:04:19 siman_084/kaf-hachayim 17 blocks DONE
2026-05-28T00:04:19 siman_084/nekudot-hakesef 5 blocks DONE
2026-05-28T00:04:19 siman_084/yad-avraham 5 blocks DONE
2026-05-28T00:04:19 siman_084/yad-ephraim 1 blocks DONE
2026-05-28T00:04:19 siman_084/rabbi-akiva-eiger-yd 5 blocks DONE
2026-05-28T00:04:19 siman_084 COMPLETE
2026-05-28T00:04:53 siman_084/mechaber 17 blocks DONE
2026-05-28T00:04:53 siman_084/siftei-kohen 49 blocks DONE
2026-05-28T00:04:53 siman_084/turei-zahav 24 blocks DONE
2026-05-28T00:04:53 siman_084/baer-heitev 37 blocks DONE
2026-05-28T00:04:53 siman_084/beer-hagolah 17 blocks DONE
2026-05-28T00:04:53 siman_084/beur-hagra 48 blocks DONE
2026-05-28T00:04:53 siman_084/kereti 24 blocks DONE
2026-05-28T00:04:53 siman_084/peleti 8 blocks DONE
2026-05-28T00:04:53 siman_084/pitchei-teshuva 13 blocks DONE
2026-05-28T00:04:53 siman_084/kaf-hachayim 17 blocks DONE
2026-05-28T00:04:53 siman_084/nekudot-hakesef 5 blocks DONE
2026-05-28T00:04:53 siman_084/yad-avraham 5 blocks DONE
2026-05-28T00:04:53 siman_084/yad-ephraim 1 blocks DONE
2026-05-28T00:04:53 siman_084/rabbi-akiva-eiger-yd 5 blocks DONE
2026-05-28T00:04:53 siman_084 COMPLETE
2026-05-28T00:05:08 siman_076/baer-heitev 20 blocks DONE
2026-05-28T00:05:08 siman_076/beer-hagolah 6 blocks DONE
2026-05-28T00:05:08 siman_076/beur-hagra 18 blocks DONE
2026-05-28T00:05:08 siman_076/kaf-hachayim 6 blocks DONE
2026-05-28T00:05:08 siman_076/kereti 16 blocks DONE
2026-05-28T00:05:08 siman_076/mechaber 6 blocks DONE
2026-05-28T00:05:08 siman_076/nekudot-hakesef 5 blocks DONE
2026-05-28T00:05:08 siman_076/pitchei-teshuva 2 blocks DONE
2026-05-28T00:05:08 siman_076/rabbi-akiva-eiger-yd 1 blocks DONE
2026-05-28T00:05:08 siman_076/siftei-kohen 25 blocks DONE
2026-05-28T00:05:08 siman_076/turei-zahav 11 blocks DONE
2026-05-28T00:05:08 siman_076/yad-avraham 1 blocks DONE
2026-05-28T00:05:08 siman_076/yad-ephraim 1 blocks DONE
2026-05-28T00:05:08 siman_076 COMPLETE
2026-05-28T00:05:08 siman_077/baer-heitev 7 blocks DONE
2026-05-28T00:05:08 siman_077/beer-hagolah 1 blocks DONE
2026-05-28T00:05:08 siman_077/beur-hagra 7 blocks DONE
2026-05-28T00:05:08 siman_077/kaf-hachayim 1 blocks DONE
2026-05-28T00:05:08 siman_077/kereti 3 blocks DONE
2026-05-28T00:05:08 siman_077/mechaber 1 blocks DONE
2026-05-28T00:05:08 siman_077/nekudot-hakesef 1 blocks DONE
2026-05-28T00:05:08 siman_077/peleti 1 blocks DONE
2026-05-28T00:05:08 siman_077/rabbi-akiva-eiger-yd 1 blocks DONE
2026-05-28T00:05:08 siman_077/siftei-kohen 6 blocks DONE
2026-05-28T00:05:08 siman_077/turei-zahav 5 blocks DONE
2026-05-28T00:05:08 siman_077/yad-ephraim 1 blocks DONE
2026-05-28T00:05:08 siman_077 COMPLETE
2026-05-28T00:05:08 siman_078/baer-heitev 4 blocks DONE
2026-05-28T00:05:08 siman_078/beer-hagolah 2 blocks DONE
2026-05-28T00:05:08 siman_078/beur-hagra 4 blocks DONE
2026-05-28T00:05:08 siman_078/kaf-hachayim 1 blocks DONE
2026-05-28T00:05:08 siman_078/kereti 4 blocks DONE
2026-05-28T00:05:08 siman_078/mechaber 1 blocks DONE
2026-05-28T00:05:08 siman_078/rabbi-akiva-eiger-yd 1 blocks DONE
2026-05-28T00:05:08 siman_078/siftei-kohen 2 blocks DONE
2026-05-28T00:05:08 siman_078/turei-zahav 2 blocks DONE
2026-05-28T00:05:08 siman_078 COMPLETE
2026-05-28T00:05:09 siman_079/baer-heitev 7 blocks DONE
2026-05-28T00:05:09 siman_079/beer-hagolah 10 blocks DONE
2026-05-28T00:05:09 siman_079/beur-hagra 5 blocks DONE
2026-05-28T00:05:09 siman_079/kaf-hachayim 3 blocks DONE
2026-05-28T00:05:09 siman_079/kereti 7 blocks DONE
2026-05-28T00:05:09 siman_079/mechaber 3 blocks DONE
2026-05-28T00:05:09 siman_079/peleti 2 blocks DONE
2026-05-28T00:05:09 siman_079/pitchei-teshuva 3 blocks DONE
2026-05-28T00:05:09 siman_079/siftei-kohen 8 blocks DONE
2026-05-28T00:05:09 siman_079/turei-zahav 5 blocks DONE
2026-05-28T00:05:09 siman_079/yad-avraham 2 blocks DONE
2026-05-28T00:05:09 siman_079 COMPLETE
2026-05-28T00:05:09 siman_080/mechaber 6 blocks DONE
2026-05-28T00:05:09 siman_080/siftei-kohen 4 blocks DONE
2026-05-28T00:05:09 siman_080/turei-zahav 3 blocks DONE
2026-05-28T00:05:09 siman_080/baer-heitev 4 blocks DONE
2026-05-28T00:05:09 siman_080/beer-hagolah 9 blocks DONE
2026-05-28T00:05:09 siman_080/beur-hagra 11 blocks DONE
2026-05-28T00:05:09 siman_080/pitchei-teshuva 2 blocks DONE
2026-05-28T00:05:09 siman_080/peleti 2 blocks DONE
2026-05-28T00:05:09 siman_080/kaf-hachayim 6 blocks DONE
2026-05-28T00:05:09 siman_080/kereti 5 blocks DONE
2026-05-28T00:05:09 siman_080 COMPLETE
2026-05-28T00:05:09 siman_081/mechaber 9 blocks DONE
2026-05-28T00:05:09 siman_081/siftei-kohen 27 blocks DONE
2026-05-28T00:05:09 siman_081/turei-zahav 12 blocks DONE
2026-05-28T00:05:09 siman_081/baer-heitev 20 blocks DONE
2026-05-28T00:05:09 siman_081/beer-hagolah 9 blocks DONE
2026-05-28T00:05:09 siman_081/beur-hagra 35 blocks DONE
2026-05-28T00:05:09 siman_081/pitchei-teshuva 9 blocks DONE
2026-05-28T00:05:09 siman_081/peleti 8 blocks DONE
2026-05-28T00:05:09 siman_081/kaf-hachayim 9 blocks DONE
2026-05-28T00:05:09 siman_081/kereti 15 blocks DONE
2026-05-28T00:05:09 siman_081/yad-avraham 6 blocks DONE
2026-05-28T00:05:09 siman_081/rabbi-akiva-eiger-yd 2 blocks DONE
2026-05-28T00:05:09 siman_081/nekudot-hakesef 3 blocks DONE
2026-05-28T00:05:09 siman_081 COMPLETE
2026-05-28T00:05:09 siman_082/mechaber 5 blocks DONE
2026-05-28T00:05:09 siman_082/siftei-kohen 11 blocks DONE
2026-05-28T00:05:09 siman_082/turei-zahav 7 blocks DONE
2026-05-28T00:05:09 siman_082/baer-heitev 10 blocks DONE
2026-05-28T00:05:09 siman_082/beer-hagolah 5 blocks DONE
2026-05-28T00:05:09 siman_082/beur-hagra 9 blocks DONE
2026-05-28T00:05:09 siman_082/pitchei-teshuva 2 blocks DONE
2026-05-28T00:05:09 siman_082/peleti 4 blocks DONE
2026-05-28T00:05:09 siman_082/kaf-hachayim 5 blocks DONE
2026-05-28T00:05:09 siman_082/kereti 5 blocks DONE
2026-05-28T00:05:09 siman_082/yad-avraham 1 blocks DONE
2026-05-28T00:05:09 siman_082/rabbi-akiva-eiger-yd 1 blocks DONE
2026-05-28T00:05:09 siman_082/nekudot-hakesef 1 blocks DONE
2026-05-28T00:05:09 siman_082 COMPLETE
2026-05-28T00:05:09 siman_083/mechaber 10 blocks DONE
2026-05-28T00:05:09 siman_083/siftei-kohen 31 blocks DONE
2026-05-28T00:05:09 siman_083/turei-zahav 14 blocks DONE
2026-05-28T00:05:09 siman_083/baer-heitev 23 blocks DONE
2026-05-28T00:05:09 siman_083/beer-hagolah 10 blocks DONE
2026-05-28T00:05:09 siman_083/beur-hagra 33 blocks DONE
2026-05-28T00:05:09 siman_083/kereti 23 blocks DONE
2026-05-28T00:05:09 siman_083/peleti 7 blocks DONE
2026-05-28T00:05:09 siman_083/pitchei-teshuva 6 blocks DONE
2026-05-28T00:05:09 siman_083/kaf-hachayim 10 blocks DONE
2026-05-28T00:05:09 siman_083/nekudot-hakesef 3 blocks DONE
2026-05-28T00:05:09 siman_083/yad-avraham 3 blocks DONE
2026-05-28T00:05:09 siman_083/rabbi-akiva-eiger-yd 1 blocks DONE
2026-05-28T00:05:09 siman_083 COMPLETE
2026-05-28T00:05:09 siman_084/mechaber 17 blocks DONE
2026-05-28T00:05:09 siman_084/siftei-kohen 49 blocks DONE
2026-05-28T00:05:09 siman_084/turei-zahav 24 blocks DONE
2026-05-28T00:05:09 siman_084/baer-heitev 37 blocks DONE
2026-05-28T00:05:09 siman_084/beer-hagolah 17 blocks DONE
2026-05-28T00:05:09 siman_084/beur-hagra 48 blocks DONE
2026-05-28T00:05:09 siman_084/kereti 24 blocks DONE
2026-05-28T00:05:09 siman_084/peleti 8 blocks DONE
2026-05-28T00:05:09 siman_084/pitchei-teshuva 13 blocks DONE
2026-05-28T00:05:09 siman_084/kaf-hachayim 17 blocks DONE
2026-05-28T00:05:09 siman_084/nekudot-hakesef 5 blocks DONE
2026-05-28T00:05:09 siman_084/yad-avraham 5 blocks DONE
2026-05-28T00:05:09 siman_084/yad-ephraim 1 blocks DONE
2026-05-28T00:05:09 siman_084/rabbi-akiva-eiger-yd 5 blocks DONE
2026-05-28T00:05:09 siman_084 COMPLETE
2026-05-28T00:05:09 siman_085/mechaber 3 blocks DONE
2026-05-28T00:05:09 siman_085/siftei-kohen 4 blocks DONE
2026-05-28T00:05:09 siman_085/turei-zahav 3 blocks DONE
2026-05-28T00:05:09 siman_085/baer-heitev 4 blocks DONE
2026-05-28T00:05:09 siman_085/beer-hagolah 3 blocks DONE
2026-05-28T00:05:09 siman_085/beur-hagra 2 blocks DONE
2026-05-28T00:05:09 siman_085/kaf-hachayim 3 blocks DONE
2026-05-28T00:05:09 siman_085/kereti 4 blocks DONE
2026-05-28T00:05:09 siman_085/nekudot-hakesef 1 blocks DONE
2026-05-28T00:05:09 siman_085/yad-avraham 1 blocks DONE
2026-05-28T00:05:09 siman_085 COMPLETE
2026-05-28T00:05:09 siman_088/mechaber 2 blocks DONE
2026-05-28T00:05:09 siman_088/siftei-kohen 8 blocks DONE
2026-05-28T00:05:09 siman_088/turei-zahav 4 blocks DONE
2026-05-28T00:05:09 siman_088/baer-heitev 5 blocks DONE
2026-05-28T00:05:09 siman_088/beer-hagolah 3 blocks DONE
2026-05-28T00:05:09 siman_088/beur-hagra 3 blocks DONE
2026-05-28T00:05:09 siman_088/kaf-hachayim 2 blocks DONE
2026-05-28T00:05:09 siman_088/kereti 4 blocks DONE
2026-05-28T00:05:09 siman_088/mateh-yehonatan 1 blocks DONE
2026-05-28T00:05:09 siman_088/peleti 2 blocks DONE
2026-05-28T00:05:09 siman_088/pitchei-teshuva 2 blocks DONE
2026-05-28T00:05:09 siman_088/rabbi-akiva-eiger-yd 1 blocks DONE
2026-05-28T00:05:09 siman_088/yad-avraham 2 blocks DONE
2026-05-28T00:05:09 siman_088/yad-ephraim 1 blocks DONE
2026-05-28T00:05:09 siman_088 COMPLETE
2026-05-28T00:07:25 siman_089/baer-heitev 15 blocks DONE
2026-05-28T00:07:25 siman_089/beer-hagolah 17 blocks DONE
2026-05-28T00:07:25 siman_089/beur-hagra 21 blocks DONE
2026-05-28T00:07:25 siman_089/kaf-hachayim 4 blocks DONE
2026-05-28T00:07:25 siman_089/kereti 16 blocks DONE
2026-05-28T00:07:25 siman_089/mateh-yehonatan 3 blocks DONE
2026-05-28T00:07:25 siman_089/mechaber 4 blocks DONE
2026-05-28T00:07:25 siman_089/nekudot-hakesef 1 blocks DONE
2026-05-28T00:07:25 siman_089/peleti 6 blocks DONE
2026-05-28T00:07:25 siman_089/pitchei-teshuva 4 blocks DONE
2026-05-28T00:07:25 siman_089/rabbi-akiva-eiger-yd 4 blocks DONE
2026-05-28T00:07:25 siman_089/siftei-kohen 22 blocks DONE
2026-05-28T00:07:25 siman_089/turei-zahav 7 blocks DONE
2026-05-28T00:07:25 siman_089/yad-avraham 4 blocks DONE
2026-05-28T00:07:25 siman_089/yad-ephraim 1 blocks DONE
2026-05-28T00:07:25 siman_089 COMPLETE
2026-05-28T00:07:25 siman_090/baer-heitev 26 blocks DONE
2026-05-28T00:07:25 siman_090/beer-hagolah 4 blocks DONE
2026-05-28T00:07:25 siman_090/beur-hagra 35 blocks DONE
2026-05-28T00:07:25 siman_090/kaf-hachayim 4 blocks DONE
2026-05-28T00:07:25 siman_090/kereti 10 blocks DONE
2026-05-28T00:07:25 siman_090/mateh-yehonatan 3 blocks DONE
2026-05-28T00:07:25 siman_090/mechaber 4 blocks DONE
2026-05-28T00:07:25 siman_090/nekudot-hakesef 2 blocks DONE
2026-05-28T00:07:25 siman_090/peleti 6 blocks DONE
2026-05-28T00:07:25 siman_090/pitchei-teshuva 4 blocks DONE
2026-05-28T00:07:25 siman_090/rabbi-akiva-eiger-yd 4 blocks DONE
2026-05-28T00:07:25 siman_090/siftei-kohen 28 blocks DONE
2026-05-28T00:07:25 siman_090/turei-zahav 13 blocks DONE
2026-05-28T00:07:25 siman_090/yad-avraham 4 blocks DONE
2026-05-28T00:07:25 siman_090 COMPLETE
2026-05-28T00:09:13 siman_089/baer-heitev 15 blocks DONE
2026-05-28T00:09:13 siman_089/beer-hagolah 17 blocks DONE
2026-05-28T00:09:13 siman_089/beur-hagra 21 blocks DONE
2026-05-28T00:09:13 siman_089/kaf-hachayim 4 blocks DONE
2026-05-28T00:09:13 siman_089/kereti 16 blocks DONE
2026-05-28T00:09:13 siman_089/mateh-yehonatan 3 blocks DONE
2026-05-28T00:09:13 siman_089/mechaber 4 blocks DONE
2026-05-28T00:09:13 siman_089/nekudot-hakesef 1 blocks DONE
2026-05-28T00:09:13 siman_089/peleti 6 blocks DONE
2026-05-28T00:09:13 siman_089/pitchei-teshuva 4 blocks DONE
2026-05-28T00:09:13 siman_089/rabbi-akiva-eiger-yd 4 blocks DONE
2026-05-28T00:09:13 siman_089/siftei-kohen 22 blocks DONE
2026-05-28T00:09:13 siman_089/turei-zahav 7 blocks DONE
2026-05-28T00:09:13 siman_089/yad-avraham 4 blocks DONE
2026-05-28T00:09:13 siman_089/yad-ephraim 1 blocks DONE
2026-05-28T00:09:13 siman_089 COMPLETE
2026-05-28T00:09:13 siman_090/baer-heitev 26 blocks DONE
2026-05-28T00:09:13 siman_090/beer-hagolah 4 blocks DONE
2026-05-28T00:09:13 siman_090/beur-hagra 35 blocks DONE
2026-05-28T00:09:13 siman_090/kaf-hachayim 4 blocks DONE
2026-05-28T00:09:13 siman_090/kereti 10 blocks DONE
2026-05-28T00:09:13 siman_090/mateh-yehonatan 3 blocks DONE
2026-05-28T00:09:13 siman_090/mechaber 4 blocks DONE
2026-05-28T00:09:13 siman_090/nekudot-hakesef 2 blocks DONE
2026-05-28T00:09:13 siman_090/peleti 6 blocks DONE
2026-05-28T00:09:13 siman_090/pitchei-teshuva 4 blocks DONE
2026-05-28T00:09:13 siman_090/rabbi-akiva-eiger-yd 4 blocks DONE
2026-05-28T00:09:13 siman_090/siftei-kohen 28 blocks DONE
2026-05-28T00:09:13 siman_090/turei-zahav 13 blocks DONE
2026-05-28T00:09:13 siman_090/yad-avraham 4 blocks DONE
2026-05-28T00:09:13 siman_090 COMPLETE
2026-05-28T00:11:31 siman_097/baer-heitev 6 blocks DONE
2026-05-28T00:11:31 siman_097/beer-hagolah 8 blocks DONE
2026-05-28T00:11:31 siman_097/beur-hagra 6 blocks DONE
2026-05-28T00:11:31 siman_097/kaf-hachayim 3 blocks DONE
2026-05-28T00:11:31 siman_097/kereti 5 blocks DONE
2026-05-28T00:11:31 siman_097/mateh-yehonatan 1 blocks DONE
2026-05-28T00:11:31 siman_097/mechaber 3 blocks DONE
2026-05-28T00:11:31 siman_097/nekudot-hakesef 2 blocks DONE
2026-05-28T00:11:31 siman_097/peleti 2 blocks DONE
2026-05-28T00:11:31 siman_097/pitchei-teshuva 3 blocks DONE
2026-05-28T00:11:31 siman_097/siftei-kohen 5 blocks DONE
2026-05-28T00:11:31 siman_097/turei-zahav 5 blocks DONE
2026-05-28T00:11:31 siman_097/yad-avraham 2 blocks DONE
2026-05-28T00:11:31 siman_097/yad-ephraim 1 blocks DONE
2026-05-28T00:11:31 siman_097 COMPLETE
2026-05-28T00:11:53 siman_097/baer-heitev 6 blocks DONE
2026-05-28T00:11:53 siman_097/beer-hagolah 8 blocks DONE
2026-05-28T00:11:53 siman_097/beur-hagra 6 blocks DONE
2026-05-28T00:11:53 siman_097/kaf-hachayim 3 blocks DONE
2026-05-28T00:11:53 siman_097/kereti 5 blocks DONE
2026-05-28T00:11:53 siman_097/mateh-yehonatan 1 blocks DONE
2026-05-28T00:11:53 siman_097/mechaber 3 blocks DONE
2026-05-28T00:11:53 siman_097/nekudot-hakesef 2 blocks DONE
2026-05-28T00:11:53 siman_097/peleti 2 blocks DONE
2026-05-28T00:11:53 siman_097/pitchei-teshuva 3 blocks DONE
2026-05-28T00:11:53 siman_097/siftei-kohen 5 blocks DONE
2026-05-28T00:11:53 siman_097/turei-zahav 5 blocks DONE
2026-05-28T00:11:53 siman_097/yad-avraham 2 blocks DONE
2026-05-28T00:11:53 siman_097/yad-ephraim 1 blocks DONE
2026-05-28T00:11:53 siman_097 COMPLETE
2026-05-28T00:12:10 siman_093/mechaber 1 blocks DONE
2026-05-28T00:12:10 siman_093/siftei-kohen 6 blocks DONE
2026-05-28T00:12:10 siman_093/turei-zahav 2 blocks DONE
2026-05-28T00:12:10 siman_093/baer-heitev 6 blocks DONE
2026-05-28T00:12:10 siman_093/beer-hagolah 1 blocks DONE
2026-05-28T00:12:10 siman_093/beur-hagra 9 blocks DONE
2026-05-28T00:12:10 siman_093/kaf-hachayim 1 blocks DONE
2026-05-28T00:12:10 siman_093/kereti 1 blocks DONE
2026-05-28T00:12:10 siman_093/mateh-yehonatan 1 blocks DONE
2026-05-28T00:12:10 siman_093/peleti 1 blocks DONE
2026-05-28T00:12:10 siman_093/pitchei-teshuva 1 blocks DONE
2026-05-28T00:12:10 siman_093/rabbi-akiva-eiger-yd 1 blocks DONE
2026-05-28T00:12:10 siman_093/nekudot-hakesef 1 blocks DONE
2026-05-28T00:12:10 siman_093/yad-avraham 1 blocks DONE
2026-05-28T00:12:10 siman_093 COMPLETE
2026-05-28T00:13:20 siman_096/baer-heitev 17 blocks DONE
2026-05-28T00:13:20 siman_096/beer-hagolah 5 blocks DONE
2026-05-28T00:13:20 siman_096/beur-hagra 17 blocks DONE
2026-05-28T00:13:20 siman_096/kaf-hachayim 5 blocks DONE
2026-05-28T00:13:20 siman_096/kereti 10 blocks DONE
2026-05-28T00:13:20 siman_096/mateh-yehonatan 3 blocks DONE
2026-05-28T00:13:20 siman_096/mechaber 5 blocks DONE
2026-05-28T00:13:20 siman_096/nekudot-hakesef 2 blocks DONE
2026-05-28T00:13:20 siman_096/peleti 6 blocks DONE
2026-05-28T00:13:20 siman_096/pitchei-teshuva 5 blocks DONE
2026-05-28T00:13:20 siman_096/rabbi-akiva-eiger-yd 5 blocks DONE
2026-05-28T00:13:20 siman_096/siftei-kohen 23 blocks DONE
2026-05-28T00:13:20 siman_096/turei-zahav 14 blocks DONE
2026-05-28T00:13:20 siman_096/yad-avraham 1 blocks DONE
2026-05-28T00:13:20 siman_096/yad-ephraim 1 blocks DONE
2026-05-28T00:13:20 siman_096 COMPLETE
2026-05-28T00:13:20 siman_096/baer-heitev 17 blocks DONE
2026-05-28T00:13:20 siman_096/beer-hagolah 5 blocks DONE
2026-05-28T00:13:20 siman_096/beur-hagra 17 blocks DONE
2026-05-28T00:13:20 siman_096/kaf-hachayim 5 blocks DONE
2026-05-28T00:13:20 siman_096/kereti 10 blocks DONE
2026-05-28T00:13:20 siman_096/mateh-yehonatan 3 blocks DONE
2026-05-28T00:13:20 siman_096/mechaber 5 blocks DONE
2026-05-28T00:13:20 siman_096/nekudot-hakesef 2 blocks DONE
2026-05-28T00:13:20 siman_096/peleti 6 blocks DONE
2026-05-28T00:13:20 siman_096/pitchei-teshuva 5 blocks DONE
2026-05-28T00:13:20 siman_096/rabbi-akiva-eiger-yd 5 blocks DONE
2026-05-28T00:13:20 siman_096/siftei-kohen 23 blocks DONE
2026-05-28T00:13:20 siman_096/turei-zahav 14 blocks DONE
2026-05-28T00:13:20 siman_096/yad-avraham 1 blocks DONE
2026-05-28T00:13:20 siman_096/yad-ephraim 1 blocks DONE
2026-05-28T00:13:20 siman_096 COMPLETE
2026-05-28T00:13:20 siman_097/baer-heitev 6 blocks DONE
2026-05-28T00:13:20 siman_097/beer-hagolah 8 blocks DONE
2026-05-28T00:13:20 siman_097/beur-hagra 6 blocks DONE
2026-05-28T00:13:20 siman_097/kaf-hachayim 3 blocks DONE
2026-05-28T00:13:20 siman_097/kereti 5 blocks DONE
2026-05-28T00:13:20 siman_097/mateh-yehonatan 1 blocks DONE
2026-05-28T00:13:20 siman_097/mechaber 3 blocks DONE
2026-05-28T00:13:20 siman_097/nekudot-hakesef 2 blocks DONE
2026-05-28T00:13:20 siman_097/peleti 2 blocks DONE
2026-05-28T00:13:20 siman_097/pitchei-teshuva 3 blocks DONE
2026-05-28T00:13:20 siman_097/siftei-kohen 5 blocks DONE
2026-05-28T00:13:20 siman_097/turei-zahav 5 blocks DONE
2026-05-28T00:13:20 siman_097/yad-avraham 2 blocks DONE
2026-05-28T00:13:20 siman_097/yad-ephraim 1 blocks DONE
2026-05-28T00:13:20 siman_097 COMPLETE
2026-05-28T00:13:21 siman_097/baer-heitev 6 blocks DONE
2026-05-28T00:13:21 siman_097/beer-hagolah 8 blocks DONE
2026-05-28T00:13:21 siman_097/beur-hagra 6 blocks DONE
2026-05-28T00:13:21 siman_097/kaf-hachayim 3 blocks DONE
2026-05-28T00:13:21 siman_097/kereti 5 blocks DONE
2026-05-28T00:13:21 siman_097/mateh-yehonatan 1 blocks DONE
2026-05-28T00:13:21 siman_097/mechaber 3 blocks DONE
2026-05-28T00:13:21 siman_097/nekudot-hakesef 2 blocks DONE
2026-05-28T00:13:21 siman_097/peleti 2 blocks DONE
2026-05-28T00:13:21 siman_097/pitchei-teshuva 3 blocks DONE
2026-05-28T00:13:21 siman_097/siftei-kohen 5 blocks DONE
2026-05-28T00:13:21 siman_097/turei-zahav 5 blocks DONE
2026-05-28T00:13:21 siman_097/yad-avraham 2 blocks DONE
2026-05-28T00:13:21 siman_097/yad-ephraim 1 blocks DONE
2026-05-28T00:13:21 siman_097 COMPLETE
2026-05-28T00:13:52 siman_098/baer-heitev 22 blocks DONE
2026-05-28T00:13:52 siman_098/beer-hagolah 19 blocks DONE
2026-05-28T00:13:52 siman_098/beur-hagra 39 blocks DONE
2026-05-28T00:13:52 siman_098/kaf-hachayim 9 blocks DONE
2026-05-28T00:13:52 siman_098/kereti 24 blocks DONE
2026-05-28T00:13:52 siman_098/mateh-yehonatan 1 blocks DONE
2026-05-28T00:13:52 siman_098/mechaber 9 blocks DONE
2026-05-28T00:13:52 siman_098/nekudot-hakesef 6 blocks DONE
2026-05-28T00:13:52 siman_098/peleti 11 blocks DONE
2026-05-28T00:13:52 siman_098/pitchei-teshuva 9 blocks DONE
2026-05-28T00:13:52 siman_098/rabbi-akiva-eiger-yd 9 blocks DONE
2026-05-28T00:13:52 siman_098/siftei-kohen 35 blocks DONE
2026-05-28T00:13:52 siman_098/turei-zahav 15 blocks DONE
2026-05-28T00:13:52 siman_098/yad-avraham 9 blocks DONE
2026-05-28T00:13:52 siman_098/yad-ephraim 1 blocks DONE
2026-05-28T00:13:52 siman_098 COMPLETE
2026-05-28T00:13:52 siman_098/baer-heitev 22 blocks DONE
2026-05-28T00:13:52 siman_098/beer-hagolah 19 blocks DONE
2026-05-28T00:13:52 siman_098/beur-hagra 39 blocks DONE
2026-05-28T00:13:52 siman_098/kaf-hachayim 9 blocks DONE
2026-05-28T00:13:52 siman_098/kereti 24 blocks DONE
2026-05-28T00:13:52 siman_098/mateh-yehonatan 1 blocks DONE
2026-05-28T00:13:52 siman_098/mechaber 9 blocks DONE
2026-05-28T00:13:52 siman_098/nekudot-hakesef 6 blocks DONE
2026-05-28T00:13:52 siman_098/peleti 11 blocks DONE
2026-05-28T00:13:52 siman_098/pitchei-teshuva 9 blocks DONE
2026-05-28T00:13:52 siman_098/rabbi-akiva-eiger-yd 9 blocks DONE
2026-05-28T00:13:52 siman_098/siftei-kohen 35 blocks DONE
2026-05-28T00:13:52 siman_098/turei-zahav 15 blocks DONE
2026-05-28T00:13:52 siman_098/yad-avraham 9 blocks DONE
2026-05-28T00:13:52 siman_098/yad-ephraim 1 blocks DONE
2026-05-28T00:13:52 siman_098 COMPLETE
2026-05-28T00:13:52 siman_099/baer-heitev 18 blocks DONE
2026-05-28T00:13:52 siman_099/beer-hagolah 15 blocks DONE
2026-05-28T00:13:52 siman_099/beur-hagra 18 blocks DONE
2026-05-28T00:13:52 siman_099/kaf-hachayim 7 blocks DONE
2026-05-28T00:13:52 siman_099/kereti 18 blocks DONE
2026-05-28T00:13:52 siman_099/mateh-yehonatan 7 blocks DONE
2026-05-28T00:13:52 siman_099/mechaber 7 blocks DONE
2026-05-28T00:13:52 siman_099/nekudot-hakesef 6 blocks DONE
2026-05-28T00:13:52 siman_099/peleti 12 blocks DONE
2026-05-28T00:13:52 siman_099/pitchei-teshuva 7 blocks DONE
2026-05-28T00:13:52 siman_099/rabbi-akiva-eiger-yd 7 blocks DONE
2026-05-28T00:13:52 siman_099/siftei-kohen 23 blocks DONE
2026-05-28T00:13:52 siman_099/turei-zahav 15 blocks DONE
2026-05-28T00:13:52 siman_099/yad-avraham 7 blocks DONE
2026-05-28T00:13:52 siman_099/yad-ephraim 1 blocks DONE
2026-05-28T00:13:52 siman_099 COMPLETE
2026-05-28T00:13:53 siman_099/baer-heitev 18 blocks DONE
2026-05-28T00:13:53 siman_099/beer-hagolah 15 blocks DONE
2026-05-28T00:13:53 siman_099/beur-hagra 18 blocks DONE
2026-05-28T00:13:53 siman_099/kaf-hachayim 7 blocks DONE
2026-05-28T00:13:53 siman_099/kereti 18 blocks DONE
2026-05-28T00:13:53 siman_099/mateh-yehonatan 7 blocks DONE
2026-05-28T00:13:53 siman_099/mechaber 7 blocks DONE
2026-05-28T00:13:53 siman_099/nekudot-hakesef 6 blocks DONE
2026-05-28T00:13:53 siman_099/peleti 12 blocks DONE
2026-05-28T00:13:53 siman_099/pitchei-teshuva 7 blocks DONE
2026-05-28T00:13:53 siman_099/rabbi-akiva-eiger-yd 7 blocks DONE
2026-05-28T00:13:53 siman_099/siftei-kohen 23 blocks DONE
2026-05-28T00:13:53 siman_099/turei-zahav 15 blocks DONE
2026-05-28T00:13:53 siman_099/yad-avraham 7 blocks DONE
2026-05-28T00:13:53 siman_099/yad-ephraim 1 blocks DONE
2026-05-28T00:13:53 siman_099 COMPLETE
2026-05-28T00:13:53 siman_100/baer-heitev 6 blocks DONE
2026-05-28T00:13:53 siman_100/beer-hagolah 4 blocks DONE
2026-05-28T00:13:53 siman_100/beur-hagra 20 blocks DONE
2026-05-28T00:13:53 siman_100/kaf-hachayim 4 blocks DONE
2026-05-28T00:13:53 siman_100/kereti 12 blocks DONE
2026-05-28T00:13:53 siman_100/mateh-yehonatan 4 blocks DONE
2026-05-28T00:13:53 siman_100/mechaber 4 blocks DONE
2026-05-28T00:13:53 siman_100/peleti 7 blocks DONE
2026-05-28T00:13:53 siman_100/pitchei-teshuva 3 blocks DONE
2026-05-28T00:13:53 siman_100/siftei-kohen 11 blocks DONE
2026-05-28T00:13:53 siman_100/turei-zahav 6 blocks DONE
2026-05-28T00:13:53 siman_100/yad-avraham 4 blocks DONE
2026-05-28T00:13:53 siman_100 COMPLETE
2026-05-28T00:13:53 siman_100/baer-heitev 6 blocks DONE
2026-05-28T00:13:53 siman_100/beer-hagolah 4 blocks DONE
2026-05-28T00:13:53 siman_100/beur-hagra 20 blocks DONE
2026-05-28T00:13:53 siman_100/kaf-hachayim 4 blocks DONE
2026-05-28T00:13:53 siman_100/kereti 12 blocks DONE
2026-05-28T00:13:53 siman_100/mateh-yehonatan 4 blocks DONE
2026-05-28T00:13:53 siman_100/mechaber 4 blocks DONE
2026-05-28T00:13:53 siman_100/peleti 7 blocks DONE
2026-05-28T00:13:53 siman_100/pitchei-teshuva 3 blocks DONE
2026-05-28T00:13:53 siman_100/siftei-kohen 11 blocks DONE
2026-05-28T00:13:53 siman_100/turei-zahav 6 blocks DONE
2026-05-28T00:13:53 siman_100/yad-avraham 4 blocks DONE
2026-05-28T00:13:53 siman_100 COMPLETE
2026-05-28T00:15:08 siman_091/baer-heitev 22 blocks DONE
2026-05-28T00:15:08 siman_091/beer-hagolah 14 blocks DONE
2026-05-28T00:15:08 siman_091/beur-hagra 19 blocks DONE
2026-05-28T00:15:08 siman_091/kaf-hachayim 8 blocks DONE
2026-05-28T00:15:08 siman_091/kereti 14 blocks DONE
2026-05-28T00:15:08 siman_091/mateh-yehonatan 3 blocks DONE
2026-05-28T00:15:08 siman_091/mechaber 8 blocks DONE
2026-05-28T00:15:08 siman_091/nekudot-hakesef 3 blocks DONE
2026-05-28T00:15:08 siman_091/peleti 7 blocks DONE
2026-05-28T00:15:08 siman_091/pitchei-teshuva 8 blocks DONE
2026-05-28T00:15:08 siman_091/rabbi-akiva-eiger-yd 8 blocks DONE
2026-05-28T00:15:08 siman_091/siftei-kohen 27 blocks DONE
2026-05-28T00:15:08 siman_091/turei-zahav 12 blocks DONE
2026-05-28T00:15:08 siman_091/yad-avraham 3 blocks DONE
2026-05-28T00:15:08 siman_091/yad-ephraim 5 blocks DONE
2026-05-28T00:15:08 siman_091 COMPLETE
2026-05-28T00:15:08 siman_092/baer-heitev 31 blocks DONE
2026-05-28T00:15:08 siman_092/beer-hagolah 9 blocks DONE
2026-05-28T00:15:08 siman_092/beur-hagra 43 blocks DONE
2026-05-28T00:15:08 siman_092/kaf-hachayim 9 blocks DONE
2026-05-28T00:15:08 siman_092/kereti 32 blocks DONE
2026-05-28T00:15:08 siman_092/mateh-yehonatan 8 blocks DONE
2026-05-28T00:15:08 siman_092/mechaber 9 blocks DONE
2026-05-28T00:15:08 siman_092/nekudot-hakesef 8 blocks DONE
2026-05-28T00:15:08 siman_092/peleti 14 blocks DONE
2026-05-28T00:15:08 siman_092/pitchei-teshuva 8 blocks DONE
2026-05-28T00:15:08 siman_092/rabbi-akiva-eiger-yd 9 blocks DONE
2026-05-28T00:15:08 siman_092/siftei-kohen 38 blocks DONE
2026-05-28T00:15:08 siman_092/turei-zahav 30 blocks DONE
2026-05-28T00:15:08 siman_092/yad-avraham 9 blocks DONE
2026-05-28T00:15:08 siman_092/yad-ephraim 1 blocks DONE
2026-05-28T00:15:08 siman_092 COMPLETE
2026-05-28T00:15:08 siman_093/baer-heitev 6 blocks DONE
2026-05-28T00:15:08 siman_093/beer-hagolah 1 blocks DONE
2026-05-28T00:15:08 siman_093/beur-hagra 9 blocks DONE
2026-05-28T00:15:08 siman_093/kaf-hachayim 1 blocks DONE
2026-05-28T00:15:08 siman_093/kereti 1 blocks DONE
2026-05-28T00:15:08 siman_093/mateh-yehonatan 1 blocks DONE
2026-05-28T00:15:08 siman_093/mechaber 1 blocks DONE
2026-05-28T00:15:08 siman_093/nekudot-hakesef 1 blocks DONE
2026-05-28T00:15:08 siman_093/peleti 1 blocks DONE
2026-05-28T00:15:08 siman_093/pitchei-teshuva 1 blocks DONE
2026-05-28T00:15:08 siman_093/rabbi-akiva-eiger-yd 1 blocks DONE
2026-05-28T00:15:08 siman_093/siftei-kohen 6 blocks DONE
2026-05-28T00:15:08 siman_093/turei-zahav 2 blocks DONE
2026-05-28T00:15:08 siman_093/yad-avraham 1 blocks DONE
2026-05-28T00:15:08 siman_093 COMPLETE
2026-05-28T00:15:09 siman_094/baer-heitev 26 blocks DONE
2026-05-28T00:15:09 siman_094/beer-hagolah 9 blocks DONE
2026-05-28T00:15:09 siman_094/beur-hagra 30 blocks DONE
2026-05-28T00:15:09 siman_094/kaf-hachayim 9 blocks DONE
2026-05-28T00:15:09 siman_094/kereti 26 blocks DONE
2026-05-28T00:15:09 siman_094/mateh-yehonatan 7 blocks DONE
2026-05-28T00:15:09 siman_094/mechaber 9 blocks DONE
2026-05-28T00:15:09 siman_094/nekudot-hakesef 4 blocks DONE
2026-05-28T00:15:09 siman_094/peleti 11 blocks DONE
2026-05-28T00:15:09 siman_094/pitchei-teshuva 7 blocks DONE
2026-05-28T00:15:09 siman_094/rabbi-akiva-eiger-yd 9 blocks DONE
2026-05-28T00:15:09 siman_094/siftei-kohen 34 blocks DONE
2026-05-28T00:15:09 siman_094/turei-zahav 17 blocks DONE
2026-05-28T00:15:09 siman_094/yad-avraham 9 blocks DONE
2026-05-28T00:15:09 siman_094/yad-ephraim 1 blocks DONE
2026-05-28T00:15:09 siman_094 COMPLETE
2026-05-28T00:15:09 siman_095/baer-heitev 22 blocks DONE
2026-05-28T00:15:09 siman_095/beer-hagolah 7 blocks DONE
2026-05-28T00:15:09 siman_095/beur-hagra 29 blocks DONE
2026-05-28T00:15:09 siman_095/kaf-hachayim 7 blocks DONE
2026-05-28T00:15:09 siman_095/kereti 7 blocks DONE
2026-05-28T00:15:09 siman_095/mateh-yehonatan 5 blocks DONE
2026-05-28T00:15:09 siman_095/mechaber 7 blocks DONE
2026-05-28T00:15:09 siman_095/nekudot-hakesef 3 blocks DONE
2026-05-28T00:15:09 siman_095/peleti 4 blocks DONE
2026-05-28T00:15:09 siman_095/pitchei-teshuva 7 blocks DONE
2026-05-28T00:15:09 siman_095/rabbi-akiva-eiger-yd 5 blocks DONE
2026-05-28T00:15:09 siman_095/siftei-kohen 25 blocks DONE
2026-05-28T00:15:09 siman_095/turei-zahav 18 blocks DONE
2026-05-28T00:15:09 siman_095/yad-avraham 5 blocks DONE
2026-05-28T00:15:09 siman_095/yad-ephraim 3 blocks DONE
2026-05-28T00:15:09 siman_095 COMPLETE
2026-05-28T00:15:30 siman_095/baer-heitev 22 blocks DONE
2026-05-28T00:15:30 siman_095/beer-hagolah 7 blocks DONE
2026-05-28T00:15:30 siman_095/beur-hagra 29 blocks DONE
2026-05-28T00:15:30 siman_095/kaf-hachayim 7 blocks DONE
2026-05-28T00:15:30 siman_095/kereti 7 blocks DONE
2026-05-28T00:15:30 siman_095/mateh-yehonatan 5 blocks DONE
2026-05-28T00:15:30 siman_095/mechaber 7 blocks DONE
2026-05-28T00:15:30 siman_095/nekudot-hakesef 3 blocks DONE
2026-05-28T00:15:30 siman_095/peleti 4 blocks DONE
2026-05-28T00:15:30 siman_095/pitchei-teshuva 7 blocks DONE
2026-05-28T00:15:30 siman_095/rabbi-akiva-eiger-yd 5 blocks DONE
2026-05-28T00:15:30 siman_095/siftei-kohen 25 blocks DONE
2026-05-28T00:15:30 siman_095/turei-zahav 18 blocks DONE
2026-05-28T00:15:30 siman_095/yad-avraham 5 blocks DONE
2026-05-28T00:15:30 siman_095/yad-ephraim 3 blocks DONE
2026-05-28T00:15:30 siman_095 COMPLETE
2026-05-28T00:15:53 siman_089/baer-heitev 15 blocks DONE
2026-05-28T00:15:53 siman_089/beer-hagolah 17 blocks DONE
2026-05-28T00:15:53 siman_089/beur-hagra 21 blocks DONE
2026-05-28T00:15:53 siman_089/kaf-hachayim 4 blocks DONE
2026-05-28T00:15:53 siman_089/kereti 16 blocks DONE
2026-05-28T00:15:53 siman_089/mateh-yehonatan 3 blocks DONE
2026-05-28T00:15:53 siman_089/mechaber 4 blocks DONE
2026-05-28T00:15:53 siman_089/nekudot-hakesef 1 blocks DONE
2026-05-28T00:15:53 siman_089/peleti 6 blocks DONE
2026-05-28T00:15:53 siman_089/pitchei-teshuva 4 blocks DONE
2026-05-28T00:15:53 siman_089/rabbi-akiva-eiger-yd 4 blocks DONE
2026-05-28T00:15:53 siman_089/siftei-kohen 22 blocks DONE
2026-05-28T00:15:53 siman_089/turei-zahav 7 blocks DONE
2026-05-28T00:15:53 siman_089/yad-avraham 4 blocks DONE
2026-05-28T00:15:53 siman_089/yad-ephraim 1 blocks DONE
2026-05-28T00:15:53 siman_089 COMPLETE
2026-05-28T00:15:53 siman_090/baer-heitev 26 blocks DONE
2026-05-28T00:15:53 siman_090/beer-hagolah 4 blocks DONE
2026-05-28T00:15:53 siman_090/beur-hagra 35 blocks DONE
2026-05-28T00:15:53 siman_090/kaf-hachayim 4 blocks DONE
2026-05-28T00:15:53 siman_090/kereti 10 blocks DONE
2026-05-28T00:15:53 siman_090/mateh-yehonatan 3 blocks DONE
2026-05-28T00:15:53 siman_090/mechaber 4 blocks DONE
2026-05-28T00:15:53 siman_090/nekudot-hakesef 2 blocks DONE
2026-05-28T00:15:53 siman_090/peleti 6 blocks DONE
2026-05-28T00:15:53 siman_090/pitchei-teshuva 4 blocks DONE
2026-05-28T00:15:53 siman_090/rabbi-akiva-eiger-yd 4 blocks DONE
2026-05-28T00:15:53 siman_090/siftei-kohen 28 blocks DONE
2026-05-28T00:15:53 siman_090/turei-zahav 13 blocks DONE
2026-05-28T00:15:53 siman_090/yad-avraham 4 blocks DONE
2026-05-28T00:15:53 siman_090 COMPLETE
2026-05-28T00:15:54 siman_086/baer-heitev 19 blocks DONE
2026-05-28T00:15:54 siman_086/beer-hagolah 10 blocks DONE
2026-05-28T00:15:54 siman_086/beur-hagra 13 blocks DONE
2026-05-28T00:15:54 siman_086/kaf-hachayim 10 blocks DONE
2026-05-28T00:15:54 siman_086/kereti 19 blocks DONE
2026-05-28T00:15:54 siman_086/mechaber 10 blocks DONE
2026-05-28T00:15:54 siman_086/nekudot-hakesef 5 blocks DONE
2026-05-28T00:15:54 siman_086/peleti 10 blocks DONE
2026-05-28T00:15:54 siman_086/pitchei-teshuva 7 blocks DONE
2026-05-28T00:15:54 siman_086/rabbi-akiva-eiger-yd 1 blocks DONE
2026-05-28T00:15:54 siman_086/siftei-kohen 31 blocks DONE
2026-05-28T00:15:54 siman_086/turei-zahav 16 blocks DONE
2026-05-28T00:15:54 siman_086/yad-avraham 1 blocks DONE
2026-05-28T00:15:54 siman_086 COMPLETE
2026-05-28T00:16:06 siman_086/baer-heitev 19 blocks DONE
2026-05-28T00:16:06 siman_086/beer-hagolah 10 blocks DONE
2026-05-28T00:16:06 siman_086/beur-hagra 13 blocks DONE
2026-05-28T00:16:06 siman_086/kaf-hachayim 10 blocks DONE
2026-05-28T00:16:06 siman_086/kereti 19 blocks DONE
2026-05-28T00:16:06 siman_086/mechaber 10 blocks DONE
2026-05-28T00:16:06 siman_086/nekudot-hakesef 5 blocks DONE
2026-05-28T00:16:06 siman_086/peleti 10 blocks DONE
2026-05-28T00:16:06 siman_086/pitchei-teshuva 7 blocks DONE
2026-05-28T00:16:06 siman_086/rabbi-akiva-eiger-yd 1 blocks DONE
2026-05-28T00:16:06 siman_086/siftei-kohen 31 blocks DONE
2026-05-28T00:16:06 siman_086/turei-zahav 16 blocks DONE
2026-05-28T00:16:06 siman_086/yad-avraham 1 blocks DONE
2026-05-28T00:16:06 siman_086 COMPLETE
2026-05-28T00:16:18 siman_089/baer-heitev 15 blocks DONE
2026-05-28T00:16:18 siman_089/beer-hagolah 17 blocks DONE
2026-05-28T00:16:18 siman_089/beur-hagra 21 blocks DONE
2026-05-28T00:16:18 siman_089/kaf-hachayim 4 blocks DONE
2026-05-28T00:16:18 siman_089/kereti 16 blocks DONE
2026-05-28T00:16:18 siman_089/mateh-yehonatan 3 blocks DONE
2026-05-28T00:16:18 siman_089/mechaber 4 blocks DONE
2026-05-28T00:16:18 siman_089/nekudot-hakesef 1 blocks DONE
2026-05-28T00:16:18 siman_089/peleti 6 blocks DONE
2026-05-28T00:16:18 siman_089/pitchei-teshuva 4 blocks DONE
2026-05-28T00:16:18 siman_089/rabbi-akiva-eiger-yd 4 blocks DONE
2026-05-28T00:16:18 siman_089/siftei-kohen 22 blocks DONE
2026-05-28T00:16:18 siman_089/turei-zahav 7 blocks DONE
2026-05-28T00:16:18 siman_089/yad-avraham 4 blocks DONE
2026-05-28T00:16:18 siman_089/yad-ephraim 1 blocks DONE
2026-05-28T00:16:18 siman_089 COMPLETE
2026-05-28T00:16:18 siman_090/baer-heitev 26 blocks DONE
2026-05-28T00:16:18 siman_090/beer-hagolah 4 blocks DONE
2026-05-28T00:16:18 siman_090/beur-hagra 35 blocks DONE
2026-05-28T00:16:18 siman_090/kaf-hachayim 4 blocks DONE
2026-05-28T00:16:18 siman_090/kereti 10 blocks DONE
2026-05-28T00:16:18 siman_090/mateh-yehonatan 3 blocks DONE
2026-05-28T00:16:18 siman_090/mechaber 4 blocks DONE
2026-05-28T00:16:18 siman_090/nekudot-hakesef 2 blocks DONE
2026-05-28T00:16:18 siman_090/peleti 6 blocks DONE
2026-05-28T00:16:18 siman_090/pitchei-teshuva 4 blocks DONE
2026-05-28T00:16:18 siman_090/rabbi-akiva-eiger-yd 4 blocks DONE
2026-05-28T00:16:18 siman_090/siftei-kohen 28 blocks DONE
2026-05-28T00:16:18 siman_090/turei-zahav 13 blocks DONE
2026-05-28T00:16:18 siman_090/yad-avraham 4 blocks DONE
2026-05-28T00:16:18 siman_090 COMPLETE
2026-05-28T00:17:08 siman_100/baer-heitev 6 blocks DONE
2026-05-28T00:17:08 siman_100/beer-hagolah 4 blocks DONE
2026-05-28T00:17:08 siman_100/beur-hagra 20 blocks DONE
2026-05-28T00:17:08 siman_100/kaf-hachayim 4 blocks DONE
2026-05-28T00:17:08 siman_100/kereti 12 blocks DONE
2026-05-28T00:17:08 siman_100/mateh-yehonatan 4 blocks DONE
2026-05-28T00:17:08 siman_100/mechaber 4 blocks DONE
2026-05-28T00:17:08 siman_100/peleti 7 blocks DONE
2026-05-28T00:17:08 siman_100/pitchei-teshuva 3 blocks DONE
2026-05-28T00:17:08 siman_100/siftei-kohen 11 blocks DONE
2026-05-28T00:17:08 siman_100/turei-zahav 6 blocks DONE
2026-05-28T00:17:08 siman_100/yad-avraham 4 blocks DONE
2026-05-28T00:17:08 siman_100 COMPLETE
2026-05-28T00:17:08 siman_100/baer-heitev 6 blocks DONE
2026-05-28T00:17:08 siman_100/beer-hagolah 4 blocks DONE
2026-05-28T00:17:08 siman_100/beur-hagra 20 blocks DONE
2026-05-28T00:17:08 siman_100/kaf-hachayim 4 blocks DONE
2026-05-28T00:17:08 siman_100/kereti 12 blocks DONE
2026-05-28T00:17:08 siman_100/mateh-yehonatan 4 blocks DONE
2026-05-28T00:17:08 siman_100/mechaber 4 blocks DONE
2026-05-28T00:17:08 siman_100/peleti 7 blocks DONE
2026-05-28T00:17:08 siman_100/pitchei-teshuva 3 blocks DONE
2026-05-28T00:17:08 siman_100/siftei-kohen 11 blocks DONE
2026-05-28T00:17:08 siman_100/turei-zahav 6 blocks DONE
2026-05-28T00:17:08 siman_100/yad-avraham 4 blocks DONE
2026-05-28T00:17:08 siman_100 COMPLETE
2026-05-28T00:17:34 siman_100/baer-heitev 6 blocks DONE
2026-05-28T00:17:34 siman_100/beer-hagolah 4 blocks DONE
2026-05-28T00:17:34 siman_100/beur-hagra 20 blocks DONE
2026-05-28T00:17:34 siman_100/kaf-hachayim 4 blocks DONE
2026-05-28T00:17:34 siman_100/kereti 12 blocks DONE
2026-05-28T00:17:34 siman_100/mateh-yehonatan 4 blocks DONE
2026-05-28T00:17:34 siman_100/mechaber 4 blocks DONE
2026-05-28T00:17:34 siman_100/peleti 7 blocks DONE
2026-05-28T00:17:34 siman_100/pitchei-teshuva 3 blocks DONE
2026-05-28T00:17:34 siman_100/siftei-kohen 11 blocks DONE
2026-05-28T00:17:34 siman_100/turei-zahav 6 blocks DONE
2026-05-28T00:17:34 siman_100/yad-avraham 4 blocks DONE
2026-05-28T00:17:34 siman_100 COMPLETE
2026-05-28T00:17:36 siman_089/baer-heitev 15 blocks DONE
2026-05-28T00:17:36 siman_089/beer-hagolah 17 blocks DONE
2026-05-28T00:17:36 siman_089/beur-hagra 21 blocks DONE
2026-05-28T00:17:36 siman_089/kaf-hachayim 4 blocks DONE
2026-05-28T00:17:36 siman_089/kereti 16 blocks DONE
2026-05-28T00:17:36 siman_089/mateh-yehonatan 3 blocks DONE
2026-05-28T00:17:36 siman_089/mechaber 4 blocks DONE
2026-05-28T00:17:36 siman_089/nekudot-hakesef 1 blocks DONE
2026-05-28T00:17:36 siman_089/peleti 6 blocks DONE
2026-05-28T00:17:36 siman_089/pitchei-teshuva 4 blocks DONE
2026-05-28T00:17:36 siman_089/rabbi-akiva-eiger-yd 4 blocks DONE
2026-05-28T00:17:36 siman_089/siftei-kohen 22 blocks DONE
2026-05-28T00:17:36 siman_089/turei-zahav 7 blocks DONE
2026-05-28T00:17:36 siman_089/yad-avraham 4 blocks DONE
2026-05-28T00:17:36 siman_089/yad-ephraim 1 blocks DONE
2026-05-28T00:17:36 siman_089 COMPLETE
2026-05-28T00:17:36 siman_090/baer-heitev 26 blocks DONE
2026-05-28T00:17:36 siman_090/beer-hagolah 4 blocks DONE
2026-05-28T00:17:36 siman_090/beur-hagra 35 blocks DONE
2026-05-28T00:17:36 siman_090/kaf-hachayim 4 blocks DONE
2026-05-28T00:17:36 siman_090/kereti 10 blocks DONE
2026-05-28T00:17:36 siman_090/mateh-yehonatan 3 blocks DONE
2026-05-28T00:17:36 siman_090/mechaber 4 blocks DONE
2026-05-28T00:17:36 siman_090/nekudot-hakesef 2 blocks DONE
2026-05-28T00:17:36 siman_090/peleti 6 blocks DONE
2026-05-28T00:17:36 siman_090/pitchei-teshuva 4 blocks DONE
2026-05-28T00:17:36 siman_090/rabbi-akiva-eiger-yd 4 blocks DONE
2026-05-28T00:17:36 siman_090/siftei-kohen 28 blocks DONE
2026-05-28T00:17:36 siman_090/turei-zahav 13 blocks DONE
2026-05-28T00:17:36 siman_090/yad-avraham 4 blocks DONE
2026-05-28T00:17:36 siman_090 COMPLETE
2026-05-28T00:18:22 siman_100/baer-heitev 6 blocks DONE
2026-05-28T00:18:22 siman_100/beer-hagolah 4 blocks DONE
2026-05-28T00:18:22 siman_100/beur-hagra 20 blocks DONE
2026-05-28T00:18:22 siman_100/kaf-hachayim 4 blocks DONE
2026-05-28T00:18:22 siman_100/kereti 12 blocks DONE
2026-05-28T00:18:22 siman_100/mateh-yehonatan 4 blocks DONE
2026-05-28T00:18:22 siman_100/mechaber 4 blocks DONE
2026-05-28T00:18:22 siman_100/peleti 7 blocks DONE
2026-05-28T00:18:22 siman_100/pitchei-teshuva 3 blocks DONE
2026-05-28T00:18:22 siman_100/siftei-kohen 11 blocks DONE
2026-05-28T00:18:22 siman_100/turei-zahav 6 blocks DONE
2026-05-28T00:18:22 siman_100/yad-avraham 4 blocks DONE
2026-05-28T00:18:22 siman_100 COMPLETE
2026-05-28T00:21:27 siman_086/baer-heitev 19 blocks DONE
2026-05-28T00:21:27 siman_086/beer-hagolah 10 blocks DONE
2026-05-28T00:21:27 siman_086/beur-hagra 13 blocks DONE
2026-05-28T00:21:27 siman_086/kaf-hachayim 10 blocks DONE
2026-05-28T00:21:27 siman_086/kereti 19 blocks DONE
2026-05-28T00:21:27 siman_086/mechaber 10 blocks DONE
2026-05-28T00:21:27 siman_086/nekudot-hakesef 5 blocks DONE
2026-05-28T00:21:27 siman_086/peleti 10 blocks DONE
2026-05-28T00:21:27 siman_086/pitchei-teshuva 7 blocks DONE
2026-05-28T00:21:27 siman_086/rabbi-akiva-eiger-yd 1 blocks DONE
2026-05-28T00:21:27 siman_086/siftei-kohen 31 blocks DONE
2026-05-28T00:21:27 siman_086/turei-zahav 16 blocks DONE
2026-05-28T00:21:27 siman_086/yad-avraham 1 blocks DONE
2026-05-28T00:21:27 siman_086 COMPLETE
2026-05-28T00:23:07 siman_089/baer-heitev 15 blocks DONE
2026-05-28T00:23:07 siman_089/beer-hagolah 17 blocks DONE
2026-05-28T00:23:07 siman_089/beur-hagra 21 blocks DONE
2026-05-28T00:23:07 siman_089/kaf-hachayim 4 blocks DONE
2026-05-28T00:23:07 siman_089/kereti 16 blocks DONE
2026-05-28T00:23:07 siman_089/mateh-yehonatan 3 blocks DONE
2026-05-28T00:23:07 siman_089/mechaber 4 blocks DONE
2026-05-28T00:23:07 siman_089/nekudot-hakesef 1 blocks DONE
2026-05-28T00:23:07 siman_089/peleti 6 blocks DONE
2026-05-28T00:23:07 siman_089/pitchei-teshuva 4 blocks DONE
2026-05-28T00:23:07 siman_089/rabbi-akiva-eiger-yd 4 blocks DONE
2026-05-28T00:23:07 siman_089/siftei-kohen 22 blocks DONE
2026-05-28T00:23:07 siman_089/turei-zahav 7 blocks DONE
2026-05-28T00:23:07 siman_089/yad-avraham 4 blocks DONE
2026-05-28T00:23:07 siman_089/yad-ephraim 1 blocks DONE
2026-05-28T00:23:07 siman_089 COMPLETE
2026-05-28T00:25:47 siman_096/baer-heitev 17 blocks DONE
2026-05-28T00:25:47 siman_096/beer-hagolah 5 blocks DONE
2026-05-28T00:25:47 siman_096/beur-hagra 17 blocks DONE
2026-05-28T00:25:47 siman_096/kaf-hachayim 5 blocks DONE
2026-05-28T00:25:47 siman_096/kereti 10 blocks DONE
2026-05-28T00:25:47 siman_096/mateh-yehonatan 3 blocks DONE
2026-05-28T00:25:47 siman_096/mechaber 5 blocks DONE
2026-05-28T00:25:47 siman_096/nekudot-hakesef 2 blocks DONE
2026-05-28T00:25:47 siman_096/peleti 6 blocks DONE
2026-05-28T00:25:47 siman_096/pitchei-teshuva 5 blocks DONE
2026-05-28T00:25:47 siman_096/rabbi-akiva-eiger-yd 5 blocks DONE
2026-05-28T00:25:47 siman_096/siftei-kohen 23 blocks DONE
2026-05-28T00:25:47 siman_096/turei-zahav 14 blocks DONE
2026-05-28T00:25:47 siman_096/yad-avraham 1 blocks DONE
2026-05-28T00:25:47 siman_096/yad-ephraim 1 blocks DONE
2026-05-28T00:25:47 siman_096 COMPLETE
2026-05-28T00:25:47 siman_096/baer-heitev 17 blocks DONE
2026-05-28T00:25:47 siman_096/beer-hagolah 5 blocks DONE
2026-05-28T00:25:47 siman_096/beur-hagra 17 blocks DONE
2026-05-28T00:25:47 siman_096/kaf-hachayim 5 blocks DONE
2026-05-28T00:25:47 siman_096/kereti 10 blocks DONE
2026-05-28T00:25:47 siman_096/mateh-yehonatan 3 blocks DONE
2026-05-28T00:25:47 siman_096/mechaber 5 blocks DONE
2026-05-28T00:25:47 siman_096/nekudot-hakesef 2 blocks DONE
2026-05-28T00:25:47 siman_096/peleti 6 blocks DONE
2026-05-28T00:25:47 siman_096/pitchei-teshuva 5 blocks DONE
2026-05-28T00:25:47 siman_096/rabbi-akiva-eiger-yd 5 blocks DONE
2026-05-28T00:25:47 siman_096/siftei-kohen 23 blocks DONE
2026-05-28T00:25:47 siman_096/turei-zahav 14 blocks DONE
2026-05-28T00:25:47 siman_096/yad-avraham 1 blocks DONE
2026-05-28T00:25:47 siman_096/yad-ephraim 1 blocks DONE
2026-05-28T00:25:47 siman_096 COMPLETE
2026-05-28T00:25:47 siman_097/baer-heitev 6 blocks DONE
2026-05-28T00:25:47 siman_097/beer-hagolah 8 blocks DONE
2026-05-28T00:25:47 siman_097/beur-hagra 6 blocks DONE
2026-05-28T00:25:47 siman_097/kaf-hachayim 3 blocks DONE
2026-05-28T00:25:47 siman_097/kereti 5 blocks DONE
2026-05-28T00:25:47 siman_097/mateh-yehonatan 1 blocks DONE
2026-05-28T00:25:47 siman_097/mechaber 3 blocks DONE
2026-05-28T00:25:47 siman_097/nekudot-hakesef 2 blocks DONE
2026-05-28T00:25:47 siman_097/peleti 2 blocks DONE
2026-05-28T00:25:47 siman_097/pitchei-teshuva 3 blocks DONE
2026-05-28T00:25:47 siman_097/siftei-kohen 5 blocks DONE
2026-05-28T00:25:47 siman_097/turei-zahav 5 blocks DONE
2026-05-28T00:25:47 siman_097/yad-avraham 2 blocks DONE
2026-05-28T00:25:47 siman_097/yad-ephraim 1 blocks DONE
2026-05-28T00:25:47 siman_097 COMPLETE
2026-05-28T00:25:47 siman_097/baer-heitev 6 blocks DONE
2026-05-28T00:25:47 siman_097/beer-hagolah 8 blocks DONE
2026-05-28T00:25:47 siman_097/beur-hagra 6 blocks DONE
2026-05-28T00:25:47 siman_097/kaf-hachayim 3 blocks DONE
2026-05-28T00:25:47 siman_097/kereti 5 blocks DONE
2026-05-28T00:25:47 siman_097/mateh-yehonatan 1 blocks DONE
2026-05-28T00:25:47 siman_097/mechaber 3 blocks DONE
2026-05-28T00:25:47 siman_097/nekudot-hakesef 2 blocks DONE
2026-05-28T00:25:47 siman_097/peleti 2 blocks DONE
2026-05-28T00:25:47 siman_097/pitchei-teshuva 3 blocks DONE
2026-05-28T00:25:47 siman_097/siftei-kohen 5 blocks DONE
2026-05-28T00:25:47 siman_097/turei-zahav 5 blocks DONE
2026-05-28T00:25:47 siman_097/yad-avraham 2 blocks DONE
2026-05-28T00:25:47 siman_097/yad-ephraim 1 blocks DONE
2026-05-28T00:25:47 siman_097 COMPLETE
2026-05-28T00:26:29 siman_098/baer-heitev 22 blocks DONE
2026-05-28T00:26:29 siman_098/beer-hagolah 19 blocks DONE
2026-05-28T00:26:29 siman_098/beur-hagra 39 blocks DONE
2026-05-28T00:26:29 siman_098/kaf-hachayim 9 blocks DONE
2026-05-28T00:26:29 siman_098/kereti 24 blocks DONE
2026-05-28T00:26:29 siman_098/mateh-yehonatan 1 blocks DONE
2026-05-28T00:26:29 siman_098/mechaber 9 blocks DONE
2026-05-28T00:26:29 siman_098/nekudot-hakesef 6 blocks DONE
2026-05-28T00:26:29 siman_098/peleti 11 blocks DONE
2026-05-28T00:26:29 siman_098/peleti 11 blocks DONE
2026-05-28T00:26:29 siman_098/pitchei-teshuva 9 blocks DONE
2026-05-28T00:26:29 siman_098/rabbi-akiva-eiger-yd 9 blocks DONE
2026-05-28T00:26:29 siman_098/siftei-kohen 35 blocks DONE
2026-05-28T00:26:29 siman_098/turei-zahav 15 blocks DONE
2026-05-28T00:26:29 siman_098/yad-avraham 9 blocks DONE
2026-05-28T00:26:29 siman_098/yad-ephraim 1 blocks DONE
2026-05-28T00:26:29 siman_098 COMPLETE
2026-05-28T00:26:29 siman_098/baer-heitev 22 blocks DONE
2026-05-28T00:26:29 siman_098/beer-hagolah 19 blocks DONE
2026-05-28T00:26:29 siman_098/beur-hagra 39 blocks DONE
2026-05-28T00:26:29 siman_098/kaf-hachayim 9 blocks DONE
2026-05-28T00:26:29 siman_098/kereti 24 blocks DONE
2026-05-28T00:26:29 siman_098/mateh-yehonatan 1 blocks DONE
2026-05-28T00:26:29 siman_098/mechaber 9 blocks DONE
2026-05-28T00:26:29 siman_098/nekudot-hakesef 6 blocks DONE
2026-05-28T00:26:29 siman_098/peleti 11 blocks DONE
2026-05-28T00:26:29 siman_098/pitchei-teshuva 9 blocks DONE
2026-05-28T00:26:29 siman_098/rabbi-akiva-eiger-yd 9 blocks DONE
2026-05-28T00:26:29 siman_098/siftei-kohen 35 blocks DONE
2026-05-28T00:26:29 siman_098/turei-zahav 15 blocks DONE
2026-05-28T00:26:29 siman_098/yad-avraham 9 blocks DONE
2026-05-28T00:26:29 siman_098/yad-ephraim 1 blocks DONE
2026-05-28T00:26:29 siman_098 COMPLETE
2026-05-28T00:26:29 siman_099/baer-heitev 18 blocks DONE
2026-05-28T00:26:29 siman_099/beer-hagolah 15 blocks DONE
2026-05-28T00:26:29 siman_099/beur-hagra 18 blocks DONE
2026-05-28T00:26:29 siman_099/kaf-hachayim 7 blocks DONE
2026-05-28T00:26:29 siman_099/kereti 18 blocks DONE
2026-05-28T00:26:29 siman_099/mateh-yehonatan 7 blocks DONE
2026-05-28T00:26:29 siman_099/mechaber 7 blocks DONE
2026-05-28T00:26:29 siman_099/nekudot-hakesef 6 blocks DONE
2026-05-28T00:26:29 siman_099/peleti 12 blocks DONE
2026-05-28T00:26:29 siman_099/pitchei-teshuva 7 blocks DONE
2026-05-28T00:26:29 siman_099/rabbi-akiva-eiger-yd 7 blocks DONE
2026-05-28T00:26:29 siman_099/siftei-kohen 23 blocks DONE
2026-05-28T00:26:29 siman_099/turei-zahav 15 blocks DONE
2026-05-28T00:26:29 siman_099/yad-avraham 7 blocks DONE
2026-05-28T00:26:29 siman_099/yad-ephraim 1 blocks DONE
2026-05-28T00:26:29 siman_099 COMPLETE
2026-05-28T00:26:29 siman_099/baer-heitev 18 blocks DONE
2026-05-28T00:26:29 siman_099/beer-hagolah 15 blocks DONE
2026-05-28T00:26:29 siman_099/beur-hagra 18 blocks DONE
2026-05-28T00:26:29 siman_099/kaf-hachayim 7 blocks DONE
2026-05-28T00:26:29 siman_099/kereti 18 blocks DONE
2026-05-28T00:26:29 siman_099/mateh-yehonatan 7 blocks DONE
2026-05-28T00:26:29 siman_099/mechaber 7 blocks DONE
2026-05-28T00:26:29 siman_099/nekudot-hakesef 6 blocks DONE
2026-05-28T00:26:29 siman_099/peleti 12 blocks DONE
2026-05-28T00:26:29 siman_099/pitchei-teshuva 7 blocks DONE
2026-05-28T00:26:29 siman_099/rabbi-akiva-eiger-yd 7 blocks DONE
2026-05-28T00:26:29 siman_099/siftei-kohen 23 blocks DONE
2026-05-28T00:26:29 siman_099/turei-zahav 15 blocks DONE
2026-05-28T00:26:29 siman_099/yad-avraham 7 blocks DONE
2026-05-28T00:26:29 siman_099/yad-ephraim 1 blocks DONE
2026-05-28T00:26:29 siman_099 COMPLETE
2026-05-28T00:26:29 siman_100/baer-heitev 6 blocks DONE
2026-05-28T00:26:29 siman_100/beer-hagolah 4 blocks DONE
2026-05-28T00:26:29 siman_100/beur-hagra 20 blocks DONE
2026-05-28T00:26:29 siman_100/kaf-hachayim 4 blocks DONE
2026-05-28T00:26:29 siman_100/kereti 12 blocks DONE
2026-05-28T00:26:29 siman_100/mateh-yehonatan 4 blocks DONE
2026-05-28T00:26:29 siman_100/mechaber 4 blocks DONE
2026-05-28T00:26:29 siman_100/peleti 7 blocks DONE
2026-05-28T00:26:29 siman_100/pitchei-teshuva 3 blocks DONE
2026-05-28T00:26:29 siman_100/siftei-kohen 11 blocks DONE
2026-05-28T00:26:29 siman_100/turei-zahav 6 blocks DONE
2026-05-28T00:26:29 siman_100/yad-avraham 4 blocks DONE
2026-05-28T00:26:29 siman_100 COMPLETE
2026-05-28T00:26:29 siman_100/baer-heitev 6 blocks DONE
2026-05-28T00:26:29 siman_100/beer-hagolah 4 blocks DONE
2026-05-28T00:26:29 siman_100/beur-hagra 20 blocks DONE
2026-05-28T00:26:29 siman_100/kaf-hachayim 4 blocks DONE
2026-05-28T00:26:29 siman_100/kereti 12 blocks DONE
2026-05-28T00:26:29 siman_100/mateh-yehonatan 4 blocks DONE
2026-05-28T00:26:29 siman_100/mechaber 4 blocks DONE
2026-05-28T00:26:29 siman_100/peleti 7 blocks DONE
2026-05-28T00:26:29 siman_100/pitchei-teshuva 3 blocks DONE
2026-05-28T00:26:29 siman_100/siftei-kohen 11 blocks DONE
2026-05-28T00:26:29 siman_100/turei-zahav 6 blocks DONE
2026-05-28T00:26:29 siman_100/yad-avraham 4 blocks DONE
2026-05-28T00:26:29 siman_100 COMPLETE
2026-05-28T00:28:23 siman_089/baer-heitev 15 blocks DONE
2026-05-28T00:28:23 siman_089/beer-hagolah 17 blocks DONE
2026-05-28T00:28:23 siman_089/beur-hagra 21 blocks DONE
2026-05-28T00:28:23 siman_089/kaf-hachayim 4 blocks DONE
2026-05-28T00:28:23 siman_089/kereti 16 blocks DONE
2026-05-28T00:28:23 siman_089/mateh-yehonatan 3 blocks DONE
2026-05-28T00:28:23 siman_089/mechaber 4 blocks DONE
2026-05-28T00:28:23 siman_089/nekudot-hakesef 1 blocks DONE
2026-05-28T00:28:23 siman_089/peleti 6 blocks DONE
2026-05-28T00:28:23 siman_089/pitchei-teshuva 4 blocks DONE
2026-05-28T00:28:23 siman_089/rabbi-akiva-eiger-yd 4 blocks DONE
2026-05-28T00:28:23 siman_089/siftei-kohen 22 blocks DONE
2026-05-28T00:28:23 siman_089/turei-zahav 7 blocks DONE
2026-05-28T00:28:23 siman_089/yad-avraham 4 blocks DONE
2026-05-28T00:28:23 siman_089/yad-ephraim 1 blocks DONE
2026-05-28T00:28:23 siman_089 COMPLETE
2026-05-28T00:28:23 siman_090/baer-heitev 26 blocks DONE
2026-05-28T00:28:23 siman_090/beer-hagolah 4 blocks DONE
2026-05-28T00:28:23 siman_090/beur-hagra 35 blocks DONE
2026-05-28T00:28:23 siman_090/kaf-hachayim 4 blocks DONE
2026-05-28T00:28:23 siman_090/kereti 10 blocks DONE
2026-05-28T00:28:23 siman_090/mateh-yehonatan 3 blocks DONE
2026-05-28T00:28:23 siman_090/mechaber 4 blocks DONE
2026-05-28T00:28:23 siman_090/nekudot-hakesef 2 blocks DONE
2026-05-28T00:28:23 siman_090/peleti 6 blocks DONE
2026-05-28T00:28:23 siman_090/pitchei-teshuva 4 blocks DONE
2026-05-28T00:28:23 siman_090/rabbi-akiva-eiger-yd 4 blocks DONE
2026-05-28T00:28:23 siman_090/siftei-kohen 28 blocks DONE
2026-05-28T00:28:23 siman_090/turei-zahav 13 blocks DONE
2026-05-28T00:28:23 siman_090/yad-avraham 4 blocks DONE
2026-05-28T00:28:23 siman_090 COMPLETE
2026-05-28T00:28:32 siman_090/baer-heitev 26 blocks DONE
2026-05-28T00:28:32 siman_090/beer-hagolah 4 blocks DONE
2026-05-28T00:28:32 siman_090/beur-hagra 35 blocks DONE
2026-05-28T00:28:32 siman_090/kaf-hachayim 4 blocks DONE
2026-05-28T00:28:32 siman_090/kereti 10 blocks DONE
2026-05-28T00:28:32 siman_090/mateh-yehonatan 3 blocks DONE
2026-05-28T00:28:32 siman_090/mechaber 4 blocks DONE
2026-05-28T00:28:32 siman_090/nekudot-hakesef 2 blocks DONE
2026-05-28T00:28:32 siman_090/peleti 6 blocks DONE
2026-05-28T00:28:32 siman_090/pitchei-teshuva 4 blocks DONE
2026-05-28T00:28:32 siman_090/rabbi-akiva-eiger-yd 4 blocks DONE
2026-05-28T00:28:32 siman_090/siftei-kohen 28 blocks DONE
2026-05-28T00:28:32 siman_090/turei-zahav 13 blocks DONE
2026-05-28T00:28:32 siman_090/yad-avraham 4 blocks DONE
2026-05-28T00:28:32 siman_090 COMPLETE
2026-05-28T00:28:39 siman_087/baer-heitev 30 blocks DONE
2026-05-28T00:28:39 siman_087/beer-hagolah 11 blocks DONE
2026-05-28T00:28:39 siman_087/beur-hagra 31 blocks DONE
2026-05-28T00:28:39 siman_087/kaf-hachayim 11 blocks DONE
2026-05-28T00:28:39 siman_087/kereti 25 blocks DONE
2026-05-28T00:28:39 siman_087/mateh-yehonatan 11 blocks DONE
2026-05-28T00:28:39 siman_087/mechaber 11 blocks DONE
2026-05-28T00:28:39 siman_087/nekudot-hakesef 6 blocks DONE
2026-05-28T00:28:39 siman_087/peleti 21 blocks DONE
2026-05-28T00:28:39 siman_087/peleti 21 blocks DONE
2026-05-28T00:28:39 siman_087/pitchei-teshuva 11 blocks DONE
2026-05-28T00:28:39 siman_087/rabbi-akiva-eiger-yd 11 blocks DONE
2026-05-28T00:28:39 siman_087/siftei-kohen 36 blocks DONE
2026-05-28T00:28:39 siman_087/turei-zahav 13 blocks DONE
2026-05-28T00:28:39 siman_087/yad-avraham 11 blocks DONE
2026-05-28T00:28:39 siman_087/yad-ephraim 11 blocks DONE
2026-05-28T00:28:39 siman_087 COMPLETE
2026-05-28T00:28:43 siman_089/baer-heitev 15 blocks DONE
2026-05-28T00:28:43 siman_089/beer-hagolah 17 blocks DONE
2026-05-28T00:28:43 siman_089/beur-hagra 21 blocks DONE
2026-05-28T00:28:43 siman_089/kaf-hachayim 4 blocks DONE
2026-05-28T00:28:43 siman_089/kereti 16 blocks DONE
2026-05-28T00:28:43 siman_089/mateh-yehonatan 3 blocks DONE
2026-05-28T00:28:43 siman_089/mechaber 4 blocks DONE
2026-05-28T00:28:43 siman_089/nekudot-hakesef 1 blocks DONE
2026-05-28T00:28:43 siman_089/peleti 6 blocks DONE
2026-05-28T00:28:43 siman_089/pitchei-teshuva 4 blocks DONE
2026-05-28T00:28:43 siman_089/rabbi-akiva-eiger-yd 4 blocks DONE
2026-05-28T00:28:43 siman_089/siftei-kohen 22 blocks DONE
2026-05-28T00:28:43 siman_089/turei-zahav 7 blocks DONE
2026-05-28T00:28:43 siman_089/yad-avraham 4 blocks DONE
2026-05-28T00:28:43 siman_089/yad-ephraim 1 blocks DONE
2026-05-28T00:28:43 siman_089 COMPLETE
2026-05-28T00:28:43 siman_090/baer-heitev 26 blocks DONE
2026-05-28T00:28:43 siman_090/beer-hagolah 4 blocks DONE
2026-05-28T00:28:43 siman_090/beur-hagra 35 blocks DONE
2026-05-28T00:28:43 siman_090/kaf-hachayim 4 blocks DONE
2026-05-28T00:28:43 siman_090/kereti 10 blocks DONE
2026-05-28T00:28:43 siman_090/mateh-yehonatan 3 blocks DONE
2026-05-28T00:28:43 siman_090/mechaber 4 blocks DONE
2026-05-28T00:28:43 siman_090/nekudot-hakesef 2 blocks DONE
2026-05-28T00:28:43 siman_090/peleti 6 blocks DONE
2026-05-28T00:28:43 siman_090/pitchei-teshuva 4 blocks DONE
2026-05-28T00:28:43 siman_090/rabbi-akiva-eiger-yd 4 blocks DONE
2026-05-28T00:28:43 siman_090/siftei-kohen 28 blocks DONE
2026-05-28T00:28:43 siman_090/turei-zahav 13 blocks DONE
2026-05-28T00:28:43 siman_090/yad-avraham 4 blocks DONE
2026-05-28T00:28:43 siman_090 COMPLETE
2026-05-28T03:28:49 siman_090 quality-pass re-patch 147 blocks DONE
2026-05-28T03:28:49 siman_090 COMPLETE
2026-05-28T00:29:07 siman_089/baer-heitev 15 blocks DONE
2026-05-28T00:29:07 siman_089/beer-hagolah 17 blocks DONE
2026-05-28T00:29:07 siman_089/beur-hagra 21 blocks DONE
2026-05-28T00:29:07 siman_089/kaf-hachayim 4 blocks DONE
2026-05-28T00:29:07 siman_089/kereti 16 blocks DONE
2026-05-28T00:29:07 siman_089/mateh-yehonatan 3 blocks DONE
2026-05-28T00:29:07 siman_089/mechaber 4 blocks DONE
2026-05-28T00:29:07 siman_089/nekudot-hakesef 1 blocks DONE
2026-05-28T00:29:07 siman_089/peleti 6 blocks DONE
2026-05-28T00:29:07 siman_089/pitchei-teshuva 4 blocks DONE
2026-05-28T00:29:07 siman_089/rabbi-akiva-eiger-yd 4 blocks DONE
2026-05-28T00:29:07 siman_089/siftei-kohen 22 blocks DONE
2026-05-28T00:29:07 siman_089/turei-zahav 7 blocks DONE
2026-05-28T00:29:07 siman_089/yad-avraham 4 blocks DONE
2026-05-28T00:29:07 siman_089/yad-ephraim 1 blocks DONE
2026-05-28T00:29:07 siman_089 COMPLETE
2026-05-28T00:29:07 siman_090/baer-heitev 26 blocks DONE
2026-05-28T00:29:07 siman_090/beer-hagolah 4 blocks DONE
2026-05-28T00:29:07 siman_090/beur-hagra 35 blocks DONE
2026-05-28T00:29:07 siman_090/kaf-hachayim 4 blocks DONE
2026-05-28T00:29:07 siman_090/kereti 10 blocks DONE
2026-05-28T00:29:07 siman_090/mateh-yehonatan 3 blocks DONE
2026-05-28T00:29:07 siman_090/mechaber 4 blocks DONE
2026-05-28T00:29:07 siman_090/nekudot-hakesef 2 blocks DONE
2026-05-28T00:29:07 siman_090/peleti 6 blocks DONE
2026-05-28T00:29:07 siman_090/pitchei-teshuva 4 blocks DONE
2026-05-28T00:29:07 siman_090/rabbi-akiva-eiger-yd 4 blocks DONE
2026-05-28T00:29:07 siman_090/siftei-kohen 28 blocks DONE
2026-05-28T00:29:07 siman_090/turei-zahav 13 blocks DONE
2026-05-28T00:29:07 siman_090/yad-avraham 4 blocks DONE
2026-05-28T00:29:07 siman_090 COMPLETE
2026-05-28T00:30:05 siman_086/baer-heitev 19 blocks DONE
2026-05-28T00:30:05 siman_086/beer-hagolah 10 blocks DONE
2026-05-28T00:30:05 siman_086/beur-hagra 13 blocks DONE
2026-05-28T00:30:05 siman_086/kaf-hachayim 10 blocks DONE
2026-05-28T00:30:05 siman_086/kereti 19 blocks DONE
2026-05-28T00:30:05 siman_086/mechaber 10 blocks DONE
2026-05-28T00:30:05 siman_086/nekudot-hakesef 5 blocks DONE
2026-05-28T00:30:05 siman_086/peleti 10 blocks DONE
2026-05-28T00:30:05 siman_086/pitchei-teshuva 7 blocks DONE
2026-05-28T00:30:05 siman_086/rabbi-akiva-eiger-yd 1 blocks DONE
2026-05-28T00:30:05 siman_086/siftei-kohen 31 blocks DONE
2026-05-28T00:30:05 siman_086/turei-zahav 16 blocks DONE
2026-05-28T00:30:05 siman_086/yad-avraham 1 blocks DONE
2026-05-28T00:30:05 siman_086 COMPLETE
2026-05-28T00:30:06 siman_087/baer-heitev 30 blocks DONE
2026-05-28T00:30:06 siman_087/beer-hagolah 11 blocks DONE
2026-05-28T00:30:06 siman_087/beur-hagra 31 blocks DONE
2026-05-28T00:30:06 siman_087/kaf-hachayim 11 blocks DONE
2026-05-28T00:30:06 siman_087/kereti 25 blocks DONE
2026-05-28T00:30:06 siman_087/mateh-yehonatan 11 blocks DONE
2026-05-28T00:30:06 siman_087/mechaber 11 blocks DONE
2026-05-28T00:30:06 siman_087/nekudot-hakesef 6 blocks DONE
2026-05-28T00:30:06 siman_087/peleti 21 blocks DONE
2026-05-28T00:30:06 siman_087/peleti 21 blocks DONE
2026-05-28T00:30:06 siman_087/pitchei-teshuva 11 blocks DONE
2026-05-28T00:30:06 siman_087/rabbi-akiva-eiger-yd 11 blocks DONE
2026-05-28T00:30:06 siman_087/siftei-kohen 36 blocks DONE
2026-05-28T00:30:06 siman_087/turei-zahav 13 blocks DONE
2026-05-28T00:30:06 siman_087/yad-avraham 11 blocks DONE
2026-05-28T00:30:06 siman_087/yad-ephraim 11 blocks DONE
2026-05-28T00:30:06 siman_087 COMPLETE
2026-05-28T00:30:06 siman_089/baer-heitev 15 blocks DONE
2026-05-28T00:30:06 siman_089/beer-hagolah 17 blocks DONE
2026-05-28T00:30:06 siman_089/beur-hagra 21 blocks DONE
2026-05-28T00:30:06 siman_089/kaf-hachayim 4 blocks DONE
2026-05-28T00:30:06 siman_089/kereti 16 blocks DONE
2026-05-28T00:30:06 siman_089/mateh-yehonatan 3 blocks DONE
2026-05-28T00:30:06 siman_089/mechaber 4 blocks DONE
2026-05-28T00:30:06 siman_089/nekudot-hakesef 1 blocks DONE
2026-05-28T00:30:06 siman_089/peleti 6 blocks DONE
2026-05-28T00:30:06 siman_089/pitchei-teshuva 4 blocks DONE
2026-05-28T00:30:06 siman_089/rabbi-akiva-eiger-yd 4 blocks DONE
2026-05-28T00:30:06 siman_089/siftei-kohen 22 blocks DONE
2026-05-28T00:30:06 siman_089/turei-zahav 7 blocks DONE
2026-05-28T00:30:06 siman_089/yad-avraham 4 blocks DONE
2026-05-28T00:30:06 siman_089/yad-ephraim 1 blocks DONE
2026-05-28T00:30:06 siman_089 COMPLETE
2026-05-28T00:30:06 siman_090/baer-heitev 26 blocks DONE
2026-05-28T00:30:06 siman_090/beer-hagolah 4 blocks DONE
2026-05-28T00:30:06 siman_090/beur-hagra 35 blocks DONE
2026-05-28T00:30:06 siman_090/kaf-hachayim 4 blocks DONE
2026-05-28T00:30:06 siman_090/kereti 10 blocks DONE
2026-05-28T00:30:06 siman_090/mateh-yehonatan 3 blocks DONE
2026-05-28T00:30:06 siman_090/mechaber 4 blocks DONE
2026-05-28T00:30:06 siman_090/nekudot-hakesef 2 blocks DONE
2026-05-28T00:30:06 siman_090/peleti 6 blocks DONE
2026-05-28T00:30:06 siman_090/pitchei-teshuva 4 blocks DONE
2026-05-28T00:30:06 siman_090/rabbi-akiva-eiger-yd 4 blocks DONE
2026-05-28T00:30:06 siman_090/siftei-kohen 28 blocks DONE
2026-05-28T00:30:06 siman_090/turei-zahav 13 blocks DONE
2026-05-28T00:30:06 siman_090/yad-avraham 4 blocks DONE
2026-05-28T00:30:06 siman_090 COMPLETE
2026-05-28T00:30:06 siman_091/baer-heitev 22 blocks DONE
2026-05-28T00:30:06 siman_091/beer-hagolah 14 blocks DONE
2026-05-28T00:30:06 siman_091/beur-hagra 19 blocks DONE
2026-05-28T00:30:06 siman_091/kaf-hachayim 8 blocks DONE
2026-05-28T00:30:06 siman_091/kereti 14 blocks DONE
2026-05-28T00:30:06 siman_091/mateh-yehonatan 3 blocks DONE
2026-05-28T00:30:06 siman_091/mechaber 8 blocks DONE
2026-05-28T00:30:06 siman_091/nekudot-hakesef 3 blocks DONE
2026-05-28T00:30:06 siman_091/peleti 7 blocks DONE
2026-05-28T00:30:06 siman_091/pitchei-teshuva 8 blocks DONE
2026-05-28T00:30:06 siman_091/rabbi-akiva-eiger-yd 8 blocks DONE
2026-05-28T00:30:06 siman_091/siftei-kohen 27 blocks DONE
2026-05-28T00:30:06 siman_091/turei-zahav 12 blocks DONE
2026-05-28T00:30:06 siman_091/yad-avraham 3 blocks DONE
2026-05-28T00:30:06 siman_091/yad-ephraim 5 blocks DONE
2026-05-28T00:30:06 siman_091 COMPLETE
2026-05-28T00:30:06 siman_092/baer-heitev 31 blocks DONE
2026-05-28T00:30:06 siman_092/beer-hagolah 9 blocks DONE
2026-05-28T00:30:06 siman_092/beur-hagra 43 blocks DONE
2026-05-28T00:30:06 siman_092/kaf-hachayim 9 blocks DONE
2026-05-28T00:30:06 siman_092/kereti 32 blocks DONE
2026-05-28T00:30:06 siman_092/mateh-yehonatan 8 blocks DONE
2026-05-28T00:30:06 siman_092/mechaber 9 blocks DONE
2026-05-28T00:30:06 siman_092/nekudot-hakesef 8 blocks DONE
2026-05-28T00:30:06 siman_092/peleti 14 blocks DONE
2026-05-28T00:30:06 siman_092/pitchei-teshuva 8 blocks DONE
2026-05-28T00:30:06 siman_092/rabbi-akiva-eiger-yd 9 blocks DONE
2026-05-28T00:30:06 siman_092/siftei-kohen 38 blocks DONE
2026-05-28T00:30:06 siman_092/turei-zahav 30 blocks DONE
2026-05-28T00:30:06 siman_092/yad-avraham 9 blocks DONE
2026-05-28T00:30:06 siman_092/yad-ephraim 1 blocks DONE
2026-05-28T00:30:06 siman_092 COMPLETE
2026-05-28T00:30:07 siman_093/baer-heitev 6 blocks DONE
2026-05-28T00:30:07 siman_093/beer-hagolah 1 blocks DONE
2026-05-28T00:30:07 siman_093/beur-hagra 9 blocks DONE
2026-05-28T00:30:07 siman_093/kaf-hachayim 1 blocks DONE
2026-05-28T00:30:07 siman_093/kereti 1 blocks DONE
2026-05-28T00:30:07 siman_093/mateh-yehonatan 1 blocks DONE
2026-05-28T00:30:07 siman_093/mechaber 1 blocks DONE
2026-05-28T00:30:07 siman_093/nekudot-hakesef 1 blocks DONE
2026-05-28T00:30:07 siman_093/peleti 1 blocks DONE
2026-05-28T00:30:07 siman_093/pitchei-teshuva 1 blocks DONE
2026-05-28T00:30:07 siman_093/rabbi-akiva-eiger-yd 1 blocks DONE
2026-05-28T00:30:07 siman_093/siftei-kohen 6 blocks DONE
2026-05-28T00:30:07 siman_093/turei-zahav 2 blocks DONE
2026-05-28T00:30:07 siman_093/yad-avraham 1 blocks DONE
2026-05-28T00:30:07 siman_093 COMPLETE
2026-05-28T00:30:07 siman_094/baer-heitev 26 blocks DONE
2026-05-28T00:30:07 siman_094/beer-hagolah 9 blocks DONE
2026-05-28T00:30:07 siman_094/beur-hagra 30 blocks DONE
2026-05-28T00:30:07 siman_094/kaf-hachayim 9 blocks DONE
2026-05-28T00:30:07 siman_094/kereti 26 blocks DONE
2026-05-28T00:30:07 siman_094/mateh-yehonatan 7 blocks DONE
2026-05-28T00:30:07 siman_094/mechaber 9 blocks DONE
2026-05-28T00:30:07 siman_094/nekudot-hakesef 4 blocks DONE
2026-05-28T00:30:07 siman_094/peleti 11 blocks DONE
2026-05-28T00:30:07 siman_094/pitchei-teshuva 7 blocks DONE
2026-05-28T00:30:07 siman_094/rabbi-akiva-eiger-yd 9 blocks DONE
2026-05-28T00:30:07 siman_094/siftei-kohen 34 blocks DONE
2026-05-28T00:30:07 siman_094/turei-zahav 17 blocks DONE
2026-05-28T00:30:07 siman_094/yad-avraham 9 blocks DONE
2026-05-28T00:30:07 siman_094/yad-ephraim 1 blocks DONE
2026-05-28T00:30:07 siman_094 COMPLETE
2026-05-28T00:30:07 siman_095/baer-heitev 22 blocks DONE
2026-05-28T00:30:07 siman_095/beer-hagolah 7 blocks DONE
2026-05-28T00:30:07 siman_095/beur-hagra 29 blocks DONE
2026-05-28T00:30:07 siman_095/kaf-hachayim 7 blocks DONE
2026-05-28T00:30:07 siman_095/kereti 7 blocks DONE
2026-05-28T00:30:07 siman_095/mateh-yehonatan 5 blocks DONE
2026-05-28T00:30:07 siman_095/mechaber 7 blocks DONE
2026-05-28T00:30:07 siman_095/nekudot-hakesef 3 blocks DONE
2026-05-28T00:30:07 siman_095/peleti 4 blocks DONE
2026-05-28T00:30:07 siman_095/pitchei-teshuva 7 blocks DONE
2026-05-28T00:30:07 siman_095/rabbi-akiva-eiger-yd 5 blocks DONE
2026-05-28T00:30:07 siman_095/siftei-kohen 25 blocks DONE
2026-05-28T00:30:07 siman_095/turei-zahav 18 blocks DONE
2026-05-28T00:30:07 siman_095/yad-avraham 5 blocks DONE
2026-05-28T00:30:07 siman_095/yad-ephraim 3 blocks DONE
2026-05-28T00:30:07 siman_095 COMPLETE
2026-05-28T00:30:08 siman_096/baer-heitev 17 blocks DONE
2026-05-28T00:30:08 siman_096/beer-hagolah 5 blocks DONE
2026-05-28T00:30:08 siman_096/beur-hagra 17 blocks DONE
2026-05-28T00:30:08 siman_096/kaf-hachayim 5 blocks DONE
2026-05-28T00:30:08 siman_096/kereti 10 blocks DONE
2026-05-28T00:30:08 siman_096/mateh-yehonatan 3 blocks DONE
2026-05-28T00:30:08 siman_096/mechaber 5 blocks DONE
2026-05-28T00:30:08 siman_096/nekudot-hakesef 2 blocks DONE
2026-05-28T00:30:08 siman_096/peleti 6 blocks DONE
2026-05-28T00:30:08 siman_096/pitchei-teshuva 5 blocks DONE
2026-05-28T00:30:08 siman_096/rabbi-akiva-eiger-yd 5 blocks DONE
2026-05-28T00:30:08 siman_096/siftei-kohen 23 blocks DONE
2026-05-28T00:30:08 siman_096/turei-zahav 14 blocks DONE
2026-05-28T00:30:08 siman_096/yad-avraham 1 blocks DONE
2026-05-28T00:30:08 siman_096/yad-ephraim 1 blocks DONE
2026-05-28T00:30:08 siman_096 COMPLETE
2026-05-28T00:30:08 siman_096/baer-heitev 17 blocks DONE
2026-05-28T00:30:08 siman_096/beer-hagolah 5 blocks DONE
2026-05-28T00:30:08 siman_096/beur-hagra 17 blocks DONE
2026-05-28T00:30:08 siman_096/kaf-hachayim 5 blocks DONE
2026-05-28T00:30:08 siman_096/kereti 10 blocks DONE
2026-05-28T00:30:08 siman_096/mateh-yehonatan 3 blocks DONE
2026-05-28T00:30:08 siman_096/mechaber 5 blocks DONE
2026-05-28T00:30:08 siman_096/nekudot-hakesef 2 blocks DONE
2026-05-28T00:30:08 siman_096/peleti 6 blocks DONE
2026-05-28T00:30:08 siman_096/pitchei-teshuva 5 blocks DONE
2026-05-28T00:30:08 siman_096/rabbi-akiva-eiger-yd 5 blocks DONE
2026-05-28T00:30:08 siman_096/siftei-kohen 23 blocks DONE
2026-05-28T00:30:08 siman_096/turei-zahav 14 blocks DONE
2026-05-28T00:30:08 siman_096/yad-avraham 1 blocks DONE
2026-05-28T00:30:08 siman_096/yad-ephraim 1 blocks DONE
2026-05-28T00:30:08 siman_096 COMPLETE
2026-05-28T00:30:08 siman_097/baer-heitev 6 blocks DONE
2026-05-28T00:30:08 siman_097/beer-hagolah 8 blocks DONE
2026-05-28T00:30:08 siman_097/beur-hagra 6 blocks DONE
2026-05-28T00:30:08 siman_097/kaf-hachayim 3 blocks DONE
2026-05-28T00:30:08 siman_097/kereti 5 blocks DONE
2026-05-28T00:30:08 siman_097/mateh-yehonatan 1 blocks DONE
2026-05-28T00:30:08 siman_097/mechaber 3 blocks DONE
2026-05-28T00:30:08 siman_097/nekudot-hakesef 2 blocks DONE
2026-05-28T00:30:08 siman_097/peleti 2 blocks DONE
2026-05-28T00:30:08 siman_097/pitchei-teshuva 3 blocks DONE
2026-05-28T00:30:08 siman_097/siftei-kohen 5 blocks DONE
2026-05-28T00:30:08 siman_097/turei-zahav 5 blocks DONE
2026-05-28T00:30:08 siman_097/yad-avraham 2 blocks DONE
2026-05-28T00:30:08 siman_097/yad-ephraim 1 blocks DONE
2026-05-28T00:30:08 siman_097 COMPLETE
2026-05-28T00:30:08 siman_097/baer-heitev 6 blocks DONE
2026-05-28T00:30:08 siman_097/beer-hagolah 8 blocks DONE
2026-05-28T00:30:08 siman_097/beur-hagra 6 blocks DONE
2026-05-28T00:30:08 siman_097/kaf-hachayim 3 blocks DONE
2026-05-28T00:30:08 siman_097/kereti 5 blocks DONE
2026-05-28T00:30:08 siman_097/mateh-yehonatan 1 blocks DONE
2026-05-28T00:30:08 siman_097/mechaber 3 blocks DONE
2026-05-28T00:30:08 siman_097/nekudot-hakesef 2 blocks DONE
2026-05-28T00:30:08 siman_097/peleti 2 blocks DONE
2026-05-28T00:30:08 siman_097/pitchei-teshuva 3 blocks DONE
2026-05-28T00:30:08 siman_097/siftei-kohen 5 blocks DONE
2026-05-28T00:30:08 siman_097/turei-zahav 5 blocks DONE
2026-05-28T00:30:08 siman_097/yad-avraham 2 blocks DONE
2026-05-28T00:30:08 siman_097/yad-ephraim 1 blocks DONE
2026-05-28T00:30:08 siman_097 COMPLETE
2026-05-28T00:30:09 siman_098/baer-heitev 22 blocks DONE
2026-05-28T00:30:09 siman_098/beer-hagolah 19 blocks DONE
2026-05-28T00:30:09 siman_098/beur-hagra 39 blocks DONE
2026-05-28T00:30:09 siman_098/kaf-hachayim 9 blocks DONE
2026-05-28T00:30:09 siman_098/kereti 24 blocks DONE
2026-05-28T00:30:09 siman_098/mateh-yehonatan 1 blocks DONE
2026-05-28T00:30:09 siman_098/mechaber 9 blocks DONE
2026-05-28T00:30:09 siman_098/nekudot-hakesef 6 blocks DONE
2026-05-28T00:30:09 siman_098/peleti 11 blocks DONE
2026-05-28T00:30:09 siman_098/peleti 11 blocks DONE
2026-05-28T00:30:09 siman_098/pitchei-teshuva 9 blocks DONE
2026-05-28T00:30:09 siman_098/rabbi-akiva-eiger-yd 9 blocks DONE
2026-05-28T00:30:09 siman_098/siftei-kohen 35 blocks DONE
2026-05-28T00:30:09 siman_098/turei-zahav 15 blocks DONE
2026-05-28T00:30:09 siman_098/yad-avraham 9 blocks DONE
2026-05-28T00:30:09 siman_098/yad-ephraim 1 blocks DONE
2026-05-28T00:30:09 siman_098 COMPLETE
2026-05-28T00:30:09 siman_098/baer-heitev 22 blocks DONE
2026-05-28T00:30:09 siman_098/beer-hagolah 19 blocks DONE
2026-05-28T00:30:09 siman_098/beur-hagra 39 blocks DONE
2026-05-28T00:30:09 siman_098/kaf-hachayim 9 blocks DONE
2026-05-28T00:30:09 siman_098/kereti 24 blocks DONE
2026-05-28T00:30:09 siman_098/mateh-yehonatan 1 blocks DONE
2026-05-28T00:30:09 siman_098/mechaber 9 blocks DONE
2026-05-28T00:30:09 siman_098/nekudot-hakesef 6 blocks DONE
2026-05-28T00:30:09 siman_098/peleti 11 blocks DONE
2026-05-28T00:30:09 siman_098/pitchei-teshuva 9 blocks DONE
2026-05-28T00:30:09 siman_098/rabbi-akiva-eiger-yd 9 blocks DONE
2026-05-28T00:30:09 siman_098/siftei-kohen 35 blocks DONE
2026-05-28T00:30:09 siman_098/turei-zahav 15 blocks DONE
2026-05-28T00:30:09 siman_098/yad-avraham 9 blocks DONE
2026-05-28T00:30:09 siman_098/yad-ephraim 1 blocks DONE
2026-05-28T00:30:09 siman_098 COMPLETE
2026-05-28T00:30:10 siman_099/baer-heitev 18 blocks DONE
2026-05-28T00:30:10 siman_099/beer-hagolah 15 blocks DONE
2026-05-28T00:30:10 siman_099/beur-hagra 18 blocks DONE
2026-05-28T00:30:10 siman_099/kaf-hachayim 7 blocks DONE
2026-05-28T00:30:10 siman_099/kereti 18 blocks DONE
2026-05-28T00:30:10 siman_099/mateh-yehonatan 7 blocks DONE
2026-05-28T00:30:10 siman_099/mechaber 7 blocks DONE
2026-05-28T00:30:10 siman_099/nekudot-hakesef 6 blocks DONE
2026-05-28T00:30:10 siman_099/peleti 12 blocks DONE
2026-05-28T00:30:10 siman_099/pitchei-teshuva 7 blocks DONE
2026-05-28T00:30:10 siman_099/rabbi-akiva-eiger-yd 7 blocks DONE
2026-05-28T00:30:10 siman_099/siftei-kohen 23 blocks DONE
2026-05-28T00:30:10 siman_099/turei-zahav 15 blocks DONE
2026-05-28T00:30:10 siman_099/yad-avraham 7 blocks DONE
2026-05-28T00:30:10 siman_099/yad-ephraim 1 blocks DONE
2026-05-28T00:30:10 siman_099 COMPLETE
2026-05-28T00:30:10 siman_099/baer-heitev 18 blocks DONE
2026-05-28T00:30:10 siman_099/beer-hagolah 15 blocks DONE
2026-05-28T00:30:10 siman_099/beur-hagra 18 blocks DONE
2026-05-28T00:30:10 siman_099/kaf-hachayim 7 blocks DONE
2026-05-28T00:30:10 siman_099/kereti 18 blocks DONE
2026-05-28T00:30:10 siman_099/mateh-yehonatan 7 blocks DONE
2026-05-28T00:30:10 siman_099/mechaber 7 blocks DONE
2026-05-28T00:30:10 siman_099/nekudot-hakesef 6 blocks DONE
2026-05-28T00:30:10 siman_099/peleti 12 blocks DONE
2026-05-28T00:30:10 siman_099/pitchei-teshuva 7 blocks DONE
2026-05-28T00:30:10 siman_099/rabbi-akiva-eiger-yd 7 blocks DONE
2026-05-28T00:30:10 siman_099/siftei-kohen 23 blocks DONE
2026-05-28T00:30:10 siman_099/turei-zahav 15 blocks DONE
2026-05-28T00:30:10 siman_099/yad-avraham 7 blocks DONE
2026-05-28T00:30:10 siman_099/yad-ephraim 1 blocks DONE
2026-05-28T00:30:10 siman_099 COMPLETE
2026-05-28T00:30:10 siman_100/baer-heitev 6 blocks DONE
2026-05-28T00:30:10 siman_100/beer-hagolah 4 blocks DONE
2026-05-28T00:30:10 siman_100/beur-hagra 20 blocks DONE
2026-05-28T00:30:10 siman_100/kaf-hachayim 4 blocks DONE
2026-05-28T00:30:10 siman_100/kereti 12 blocks DONE
2026-05-28T00:30:10 siman_100/mateh-yehonatan 4 blocks DONE
2026-05-28T00:30:10 siman_100/mechaber 4 blocks DONE
2026-05-28T00:30:10 siman_100/peleti 7 blocks DONE
2026-05-28T00:30:10 siman_100/pitchei-teshuva 3 blocks DONE
2026-05-28T00:30:10 siman_100/siftei-kohen 11 blocks DONE
2026-05-28T00:30:10 siman_100/turei-zahav 6 blocks DONE
2026-05-28T00:30:10 siman_100/yad-avraham 4 blocks DONE
2026-05-28T00:30:10 siman_100 COMPLETE
2026-05-28T00:30:10 siman_100/baer-heitev 6 blocks DONE
2026-05-28T00:30:10 siman_100/beer-hagolah 4 blocks DONE
2026-05-28T00:30:10 siman_100/beur-hagra 20 blocks DONE
2026-05-28T00:30:10 siman_100/kaf-hachayim 4 blocks DONE
2026-05-28T00:30:10 siman_100/kereti 12 blocks DONE
2026-05-28T00:30:10 siman_100/mateh-yehonatan 4 blocks DONE
2026-05-28T00:30:10 siman_100/mechaber 4 blocks DONE
2026-05-28T00:30:10 siman_100/peleti 7 blocks DONE
2026-05-28T00:30:10 siman_100/pitchei-teshuva 3 blocks DONE
2026-05-28T00:30:10 siman_100/siftei-kohen 11 blocks DONE
2026-05-28T00:30:10 siman_100/turei-zahav 6 blocks DONE
2026-05-28T00:30:10 siman_100/yad-avraham 4 blocks DONE
2026-05-28T00:30:10 siman_100 COMPLETE
2026-05-28T00:30:17 siman_076/baer-heitev 20 blocks DONE
2026-05-28T00:30:17 siman_076/beer-hagolah 6 blocks DONE
2026-05-28T00:30:17 siman_076/beur-hagra 18 blocks DONE
2026-05-28T00:30:17 siman_076/kaf-hachayim 6 blocks DONE
2026-05-28T00:30:17 siman_076/kereti 16 blocks DONE
2026-05-28T00:30:17 siman_076/mechaber 6 blocks DONE
2026-05-28T00:30:17 siman_076/nekudot-hakesef 5 blocks DONE
2026-05-28T00:30:17 siman_076/pitchei-teshuva 2 blocks DONE
2026-05-28T00:30:17 siman_076/rabbi-akiva-eiger-yd 1 blocks DONE
2026-05-28T00:30:17 siman_076/siftei-kohen 25 blocks DONE
2026-05-28T00:30:17 siman_076/turei-zahav 11 blocks DONE
2026-05-28T00:30:17 siman_076/yad-avraham 1 blocks DONE
2026-05-28T00:30:17 siman_076/yad-ephraim 1 blocks DONE
2026-05-28T00:30:17 siman_076 COMPLETE
2026-05-28T00:30:17 siman_077/baer-heitev 7 blocks DONE
2026-05-28T00:30:17 siman_077/beer-hagolah 1 blocks DONE
2026-05-28T00:30:17 siman_077/beur-hagra 7 blocks DONE
2026-05-28T00:30:17 siman_077/kaf-hachayim 1 blocks DONE
2026-05-28T00:30:17 siman_077/kereti 3 blocks DONE
2026-05-28T00:30:17 siman_077/mechaber 1 blocks DONE
2026-05-28T00:30:17 siman_077/nekudot-hakesef 1 blocks DONE
2026-05-28T00:30:17 siman_077/peleti 1 blocks DONE
2026-05-28T00:30:17 siman_077/rabbi-akiva-eiger-yd 1 blocks DONE
2026-05-28T00:30:17 siman_077/siftei-kohen 6 blocks DONE
2026-05-28T00:30:17 siman_077/turei-zahav 5 blocks DONE
2026-05-28T00:30:17 siman_077/yad-ephraim 1 blocks DONE
2026-05-28T00:30:17 siman_077 COMPLETE
2026-05-28T00:30:17 siman_078/baer-heitev 4 blocks DONE
2026-05-28T00:30:17 siman_078/beer-hagolah 2 blocks DONE
2026-05-28T00:30:17 siman_078/beur-hagra 4 blocks DONE
2026-05-28T00:30:17 siman_078/kaf-hachayim 1 blocks DONE
2026-05-28T00:30:17 siman_078/kereti 4 blocks DONE
2026-05-28T00:30:17 siman_078/mechaber 1 blocks DONE
2026-05-28T00:30:17 siman_078/rabbi-akiva-eiger-yd 1 blocks DONE
2026-05-28T00:30:17 siman_078/siftei-kohen 2 blocks DONE
2026-05-28T00:30:17 siman_078/turei-zahav 2 blocks DONE
2026-05-28T00:30:17 siman_078 COMPLETE
2026-05-28T00:30:18 siman_079/baer-heitev 7 blocks DONE
2026-05-28T00:30:18 siman_079/beer-hagolah 10 blocks DONE
2026-05-28T00:30:18 siman_079/beur-hagra 5 blocks DONE
2026-05-28T00:30:18 siman_079/kaf-hachayim 3 blocks DONE
2026-05-28T00:30:18 siman_079/kereti 7 blocks DONE
2026-05-28T00:30:18 siman_079/mechaber 3 blocks DONE
2026-05-28T00:30:18 siman_079/peleti 2 blocks DONE
2026-05-28T00:30:18 siman_079/pitchei-teshuva 3 blocks DONE
2026-05-28T00:30:18 siman_079/siftei-kohen 8 blocks DONE
2026-05-28T00:30:18 siman_079/turei-zahav 5 blocks DONE
2026-05-28T00:30:18 siman_079/yad-avraham 2 blocks DONE
2026-05-28T00:30:18 siman_079 COMPLETE
2026-05-28T00:30:18 siman_080/baer-heitev 4 blocks DONE
2026-05-28T00:30:18 siman_080/beer-hagolah 9 blocks DONE
2026-05-28T00:30:18 siman_080/beur-hagra 11 blocks DONE
2026-05-28T00:30:18 siman_080/kaf-hachayim 6 blocks DONE
2026-05-28T00:30:18 siman_080/kereti 5 blocks DONE
2026-05-28T00:30:18 siman_080/mechaber 6 blocks DONE
2026-05-28T00:30:18 siman_080/peleti 2 blocks DONE
2026-05-28T00:30:18 siman_080/pitchei-teshuva 2 blocks DONE
2026-05-28T00:30:18 siman_080/siftei-kohen 4 blocks DONE
2026-05-28T00:30:18 siman_080/turei-zahav 3 blocks DONE
2026-05-28T00:30:18 siman_080 COMPLETE
2026-05-28T00:30:18 siman_081/baer-heitev 20 blocks DONE
2026-05-28T00:30:18 siman_081/beer-hagolah 9 blocks DONE
2026-05-28T00:30:18 siman_081/beur-hagra 35 blocks DONE
2026-05-28T00:30:18 siman_081/kaf-hachayim 9 blocks DONE
2026-05-28T00:30:18 siman_081/kereti 15 blocks DONE
2026-05-28T00:30:18 siman_081/mechaber 9 blocks DONE
2026-05-28T00:30:18 siman_081/nekudot-hakesef 3 blocks DONE
2026-05-28T00:30:18 siman_081/peleti 8 blocks DONE
2026-05-28T00:30:18 siman_081/pitchei-teshuva 9 blocks DONE
2026-05-28T00:30:18 siman_081/rabbi-akiva-eiger-yd 2 blocks DONE
2026-05-28T00:30:18 siman_081/siftei-kohen 27 blocks DONE
2026-05-28T00:30:18 siman_081/turei-zahav 12 blocks DONE
2026-05-28T00:30:18 siman_081/yad-avraham 6 blocks DONE
2026-05-28T00:30:18 siman_081 COMPLETE
2026-05-28T00:30:18 siman_082/baer-heitev 10 blocks DONE
2026-05-28T00:30:18 siman_082/beer-hagolah 5 blocks DONE
2026-05-28T00:30:18 siman_082/beur-hagra 9 blocks DONE
2026-05-28T00:30:18 siman_082/kaf-hachayim 5 blocks DONE
2026-05-28T00:30:18 siman_082/kereti 5 blocks DONE
2026-05-28T00:30:18 siman_082/mechaber 5 blocks DONE
2026-05-28T00:30:18 siman_082/nekudot-hakesef 1 blocks DONE
2026-05-28T00:30:18 siman_082/peleti 4 blocks DONE
2026-05-28T00:30:18 siman_082/pitchei-teshuva 2 blocks DONE
2026-05-28T00:30:18 siman_082/rabbi-akiva-eiger-yd 1 blocks DONE
2026-05-28T00:30:18 siman_082/siftei-kohen 11 blocks DONE
2026-05-28T00:30:18 siman_082/turei-zahav 7 blocks DONE
2026-05-28T00:30:18 siman_082/yad-avraham 1 blocks DONE
2026-05-28T00:30:18 siman_082 COMPLETE
2026-05-28T00:30:18 siman_083/baer-heitev 23 blocks DONE
2026-05-28T00:30:18 siman_083/beer-hagolah 10 blocks DONE
2026-05-28T00:30:18 siman_083/beur-hagra 33 blocks DONE
2026-05-28T00:30:18 siman_083/kaf-hachayim 10 blocks DONE
2026-05-28T00:30:18 siman_083/kereti 23 blocks DONE
2026-05-28T00:30:18 siman_083/mechaber 10 blocks DONE
2026-05-28T00:30:18 siman_083/nekudot-hakesef 3 blocks DONE
2026-05-28T00:30:18 siman_083/peleti 7 blocks DONE
2026-05-28T00:30:18 siman_083/pitchei-teshuva 6 blocks DONE
2026-05-28T00:30:18 siman_083/rabbi-akiva-eiger-yd 1 blocks DONE
2026-05-28T00:30:18 siman_083/siftei-kohen 31 blocks DONE
2026-05-28T00:30:18 siman_083/turei-zahav 14 blocks DONE
2026-05-28T00:30:18 siman_083/yad-avraham 3 blocks DONE
2026-05-28T00:30:18 siman_083 COMPLETE
2026-05-28T00:30:18 siman_084/baer-heitev 37 blocks DONE
2026-05-28T00:30:18 siman_084/beer-hagolah 17 blocks DONE
2026-05-28T00:30:18 siman_084/beur-hagra 48 blocks DONE
2026-05-28T00:30:18 siman_084/kaf-hachayim 17 blocks DONE
2026-05-28T00:30:18 siman_084/kereti 24 blocks DONE
2026-05-28T00:30:18 siman_084/mechaber 17 blocks DONE
2026-05-28T00:30:18 siman_084/nekudot-hakesef 5 blocks DONE
2026-05-28T00:30:18 siman_084/peleti 8 blocks DONE
2026-05-28T00:30:18 siman_084/pitchei-teshuva 13 blocks DONE
2026-05-28T00:30:18 siman_084/rabbi-akiva-eiger-yd 5 blocks DONE
2026-05-28T00:30:18 siman_084/siftei-kohen 49 blocks DONE
2026-05-28T00:30:18 siman_084/turei-zahav 24 blocks DONE
2026-05-28T00:30:18 siman_084/yad-avraham 5 blocks DONE
2026-05-28T00:30:18 siman_084/yad-ephraim 1 blocks DONE
2026-05-28T00:30:18 siman_084 COMPLETE
2026-05-28T00:30:18 siman_085/baer-heitev 4 blocks DONE
2026-05-28T00:30:18 siman_085/beer-hagolah 3 blocks DONE
2026-05-28T00:30:18 siman_085/beur-hagra 2 blocks DONE
2026-05-28T00:30:18 siman_085/kaf-hachayim 3 blocks DONE
2026-05-28T00:30:18 siman_085/kereti 4 blocks DONE
2026-05-28T00:30:18 siman_085/mechaber 3 blocks DONE
2026-05-28T00:30:18 siman_085/nekudot-hakesef 1 blocks DONE
2026-05-28T00:30:18 siman_085/siftei-kohen 4 blocks DONE
2026-05-28T00:30:18 siman_085/turei-zahav 3 blocks DONE
2026-05-28T00:30:18 siman_085/yad-avraham 1 blocks DONE
2026-05-28T00:30:18 siman_085 COMPLETE
2026-05-28T00:30:18 siman_086/baer-heitev 19 blocks DONE
2026-05-28T00:30:18 siman_086/beer-hagolah 10 blocks DONE
2026-05-28T00:30:18 siman_086/beur-hagra 13 blocks DONE
2026-05-28T00:30:18 siman_086/kaf-hachayim 10 blocks DONE
2026-05-28T00:30:18 siman_086/kereti 19 blocks DONE
2026-05-28T00:30:18 siman_086/mechaber 10 blocks DONE
2026-05-28T00:30:18 siman_086/nekudot-hakesef 5 blocks DONE
2026-05-28T00:30:18 siman_086/peleti 10 blocks DONE
2026-05-28T00:30:18 siman_086/pitchei-teshuva 7 blocks DONE
2026-05-28T00:30:18 siman_086/rabbi-akiva-eiger-yd 1 blocks DONE
2026-05-28T00:30:18 siman_086/siftei-kohen 31 blocks DONE
2026-05-28T00:30:18 siman_086/turei-zahav 16 blocks DONE
2026-05-28T00:30:18 siman_086/yad-avraham 1 blocks DONE
2026-05-28T00:30:18 siman_086 COMPLETE
2026-05-28T00:30:18 siman_087/baer-heitev 30 blocks DONE
2026-05-28T00:30:18 siman_087/beer-hagolah 11 blocks DONE
2026-05-28T00:30:18 siman_087/beur-hagra 31 blocks DONE
2026-05-28T00:30:18 siman_087/kaf-hachayim 11 blocks DONE
2026-05-28T00:30:18 siman_087/kereti 25 blocks DONE
2026-05-28T00:30:18 siman_087/mateh-yehonatan 11 blocks DONE
2026-05-28T00:30:18 siman_087/mechaber 11 blocks DONE
2026-05-28T00:30:18 siman_087/nekudot-hakesef 6 blocks DONE
2026-05-28T00:30:18 siman_087/peleti 21 blocks DONE
2026-05-28T00:30:18 siman_087/pitchei-teshuva 11 blocks DONE
2026-05-28T00:30:18 siman_087/rabbi-akiva-eiger-yd 11 blocks DONE
2026-05-28T00:30:18 siman_087/siftei-kohen 36 blocks DONE
2026-05-28T00:30:18 siman_087/turei-zahav 13 blocks DONE
2026-05-28T00:30:18 siman_087/yad-avraham 11 blocks DONE
2026-05-28T00:30:18 siman_087/yad-ephraim 11 blocks DONE
2026-05-28T00:30:18 siman_087 COMPLETE
2026-05-28T00:30:18 siman_088/baer-heitev 5 blocks DONE
2026-05-28T00:30:18 siman_088/beer-hagolah 3 blocks DONE
2026-05-28T00:30:18 siman_088/beur-hagra 3 blocks DONE
2026-05-28T00:30:18 siman_088/kaf-hachayim 2 blocks DONE
2026-05-28T00:30:18 siman_088/kereti 4 blocks DONE
2026-05-28T00:30:18 siman_088/mateh-yehonatan 1 blocks DONE
2026-05-28T00:30:18 siman_088/mechaber 2 blocks DONE
2026-05-28T00:30:18 siman_088/nekudot-hakesef 1 blocks DONE
2026-05-28T00:30:18 siman_088/peleti 2 blocks DONE
2026-05-28T00:30:18 siman_088/pitchei-teshuva 2 blocks DONE
2026-05-28T00:30:18 siman_088/rabbi-akiva-eiger-yd 1 blocks DONE
2026-05-28T00:30:18 siman_088/siftei-kohen 8 blocks DONE
2026-05-28T00:30:18 siman_088/turei-zahav 4 blocks DONE
2026-05-28T00:30:18 siman_088/yad-avraham 2 blocks DONE
2026-05-28T00:30:18 siman_088/yad-ephraim 1 blocks DONE
2026-05-28T00:30:18 siman_088 COMPLETE
2026-05-28T00:30:19 siman_089/baer-heitev 15 blocks DONE
2026-05-28T00:30:19 siman_089/beer-hagolah 17 blocks DONE
2026-05-28T00:30:19 siman_089/beur-hagra 21 blocks DONE
2026-05-28T00:30:19 siman_089/kaf-hachayim 4 blocks DONE
2026-05-28T00:30:19 siman_089/kereti 16 blocks DONE
2026-05-28T00:30:19 siman_089/mateh-yehonatan 3 blocks DONE
2026-05-28T00:30:19 siman_089/mechaber 4 blocks DONE
2026-05-28T00:30:19 siman_089/nekudot-hakesef 1 blocks DONE
2026-05-28T00:30:19 siman_089/peleti 6 blocks DONE
2026-05-28T00:30:19 siman_089/pitchei-teshuva 4 blocks DONE
2026-05-28T00:30:19 siman_089/rabbi-akiva-eiger-yd 4 blocks DONE
2026-05-28T00:30:19 siman_089/siftei-kohen 22 blocks DONE
2026-05-28T00:30:19 siman_089/turei-zahav 7 blocks DONE
2026-05-28T00:30:19 siman_089/yad-avraham 4 blocks DONE
2026-05-28T00:30:19 siman_089/yad-ephraim 1 blocks DONE
2026-05-28T00:30:19 siman_089 COMPLETE
2026-05-28T00:30:19 siman_090/baer-heitev 26 blocks DONE
2026-05-28T00:30:19 siman_090/beer-hagolah 4 blocks DONE
2026-05-28T00:30:19 siman_090/beur-hagra 35 blocks DONE
2026-05-28T00:30:19 siman_090/kaf-hachayim 4 blocks DONE
2026-05-28T00:30:19 siman_090/kereti 10 blocks DONE
2026-05-28T00:30:19 siman_090/mateh-yehonatan 3 blocks DONE
2026-05-28T00:30:19 siman_090/mechaber 4 blocks DONE
2026-05-28T00:30:19 siman_090/nekudot-hakesef 2 blocks DONE
2026-05-28T00:30:19 siman_090/peleti 6 blocks DONE
2026-05-28T00:30:19 siman_090/pitchei-teshuva 4 blocks DONE
2026-05-28T00:30:19 siman_090/rabbi-akiva-eiger-yd 4 blocks DONE
2026-05-28T00:30:19 siman_090/siftei-kohen 28 blocks DONE
2026-05-28T00:30:19 siman_090/turei-zahav 13 blocks DONE
2026-05-28T00:30:19 siman_090/yad-avraham 4 blocks DONE
2026-05-28T00:30:19 siman_090 COMPLETE
2026-05-28T00:30:19 siman_091/baer-heitev 22 blocks DONE
2026-05-28T00:30:19 siman_091/beer-hagolah 14 blocks DONE
2026-05-28T00:30:19 siman_091/beur-hagra 19 blocks DONE
2026-05-28T00:30:19 siman_091/kaf-hachayim 8 blocks DONE
2026-05-28T00:30:19 siman_091/kereti 14 blocks DONE
2026-05-28T00:30:19 siman_091/mateh-yehonatan 3 blocks DONE
2026-05-28T00:30:19 siman_091/mechaber 8 blocks DONE
2026-05-28T00:30:19 siman_091/nekudot-hakesef 3 blocks DONE
2026-05-28T00:30:19 siman_091/peleti 7 blocks DONE
2026-05-28T00:30:19 siman_091/pitchei-teshuva 8 blocks DONE
2026-05-28T00:30:19 siman_091/rabbi-akiva-eiger-yd 8 blocks DONE
2026-05-28T00:30:19 siman_091/siftei-kohen 27 blocks DONE
2026-05-28T00:30:19 siman_091/turei-zahav 12 blocks DONE
2026-05-28T00:30:19 siman_091/yad-avraham 3 blocks DONE
2026-05-28T00:30:19 siman_091/yad-ephraim 5 blocks DONE
2026-05-28T00:30:19 siman_091 COMPLETE
2026-05-28T00:30:19 siman_092/baer-heitev 31 blocks DONE
2026-05-28T00:30:19 siman_092/beer-hagolah 9 blocks DONE
2026-05-28T00:30:19 siman_092/beur-hagra 43 blocks DONE
2026-05-28T00:30:19 siman_092/kaf-hachayim 9 blocks DONE
2026-05-28T00:30:19 siman_092/kereti 32 blocks DONE
2026-05-28T00:30:19 siman_092/mateh-yehonatan 8 blocks DONE
2026-05-28T00:30:19 siman_092/mechaber 9 blocks DONE
2026-05-28T00:30:19 siman_092/nekudot-hakesef 8 blocks DONE
2026-05-28T00:30:19 siman_092/peleti 14 blocks DONE
2026-05-28T00:30:19 siman_092/pitchei-teshuva 8 blocks DONE
2026-05-28T00:30:19 siman_092/rabbi-akiva-eiger-yd 9 blocks DONE
2026-05-28T00:30:19 siman_092/siftei-kohen 38 blocks DONE
2026-05-28T00:30:19 siman_092/turei-zahav 30 blocks DONE
2026-05-28T00:30:19 siman_092/yad-avraham 9 blocks DONE
2026-05-28T00:30:19 siman_092/yad-ephraim 1 blocks DONE
2026-05-28T00:30:19 siman_092 COMPLETE
2026-05-28T00:30:19 siman_093/baer-heitev 6 blocks DONE
2026-05-28T00:30:19 siman_093/beer-hagolah 1 blocks DONE
2026-05-28T00:30:19 siman_093/beur-hagra 9 blocks DONE
2026-05-28T00:30:19 siman_093/kaf-hachayim 1 blocks DONE
2026-05-28T00:30:19 siman_093/kereti 1 blocks DONE
2026-05-28T00:30:19 siman_093/mateh-yehonatan 1 blocks DONE
2026-05-28T00:30:19 siman_093/mechaber 1 blocks DONE
2026-05-28T00:30:19 siman_093/nekudot-hakesef 1 blocks DONE
2026-05-28T00:30:19 siman_093/peleti 1 blocks DONE
2026-05-28T00:30:19 siman_093/pitchei-teshuva 1 blocks DONE
2026-05-28T00:30:19 siman_093/rabbi-akiva-eiger-yd 1 blocks DONE
2026-05-28T00:30:19 siman_093/siftei-kohen 6 blocks DONE
2026-05-28T00:30:19 siman_093/turei-zahav 2 blocks DONE
2026-05-28T00:30:19 siman_093/yad-avraham 1 blocks DONE
2026-05-28T00:30:19 siman_093 COMPLETE
2026-05-28T00:30:19 siman_094/baer-heitev 26 blocks DONE
2026-05-28T00:30:19 siman_094/beer-hagolah 9 blocks DONE
2026-05-28T00:30:19 siman_094/beur-hagra 30 blocks DONE
2026-05-28T00:30:19 siman_094/kaf-hachayim 9 blocks DONE
2026-05-28T00:30:19 siman_094/kereti 26 blocks DONE
2026-05-28T00:30:19 siman_094/mateh-yehonatan 7 blocks DONE
2026-05-28T00:30:19 siman_094/mechaber 9 blocks DONE
2026-05-28T00:30:19 siman_094/nekudot-hakesef 4 blocks DONE
2026-05-28T00:30:19 siman_094/peleti 11 blocks DONE
2026-05-28T00:30:19 siman_094/pitchei-teshuva 7 blocks DONE
2026-05-28T00:30:19 siman_094/rabbi-akiva-eiger-yd 9 blocks DONE
2026-05-28T00:30:19 siman_094/siftei-kohen 34 blocks DONE
2026-05-28T00:30:19 siman_094/turei-zahav 17 blocks DONE
2026-05-28T00:30:19 siman_094/yad-avraham 9 blocks DONE
2026-05-28T00:30:19 siman_094/yad-ephraim 1 blocks DONE
2026-05-28T00:30:19 siman_094 COMPLETE
2026-05-28T00:30:19 siman_095/baer-heitev 22 blocks DONE
2026-05-28T00:30:19 siman_095/beer-hagolah 7 blocks DONE
2026-05-28T00:30:19 siman_095/beur-hagra 29 blocks DONE
2026-05-28T00:30:19 siman_095/kaf-hachayim 7 blocks DONE
2026-05-28T00:30:19 siman_095/kereti 7 blocks DONE
2026-05-28T00:30:19 siman_095/mateh-yehonatan 5 blocks DONE
2026-05-28T00:30:19 siman_095/mechaber 7 blocks DONE
2026-05-28T00:30:19 siman_095/nekudot-hakesef 3 blocks DONE
2026-05-28T00:30:19 siman_095/peleti 4 blocks DONE
2026-05-28T00:30:19 siman_095/pitchei-teshuva 7 blocks DONE
2026-05-28T00:30:19 siman_095/rabbi-akiva-eiger-yd 5 blocks DONE
2026-05-28T00:30:19 siman_095/siftei-kohen 25 blocks DONE
2026-05-28T00:30:19 siman_095/turei-zahav 18 blocks DONE
2026-05-28T00:30:19 siman_095/yad-avraham 5 blocks DONE
2026-05-28T00:30:19 siman_095/yad-ephraim 3 blocks DONE
2026-05-28T00:30:19 siman_095 COMPLETE
2026-05-28T00:30:19 siman_096/baer-heitev 17 blocks DONE
2026-05-28T00:30:19 siman_096/beer-hagolah 5 blocks DONE
2026-05-28T00:30:19 siman_096/beur-hagra 17 blocks DONE
2026-05-28T00:30:19 siman_096/kaf-hachayim 5 blocks DONE
2026-05-28T00:30:19 siman_096/kereti 10 blocks DONE
2026-05-28T00:30:19 siman_096/mateh-yehonatan 3 blocks DONE
2026-05-28T00:30:19 siman_096/mechaber 5 blocks DONE
2026-05-28T00:30:19 siman_096/nekudot-hakesef 2 blocks DONE
2026-05-28T00:30:19 siman_096/peleti 6 blocks DONE
2026-05-28T00:30:19 siman_096/pitchei-teshuva 5 blocks DONE
2026-05-28T00:30:19 siman_096/rabbi-akiva-eiger-yd 5 blocks DONE
2026-05-28T00:30:19 siman_096/siftei-kohen 23 blocks DONE
2026-05-28T00:30:19 siman_096/turei-zahav 14 blocks DONE
2026-05-28T00:30:19 siman_096/yad-avraham 1 blocks DONE
2026-05-28T00:30:19 siman_096/yad-ephraim 1 blocks DONE
2026-05-28T00:30:19 siman_096 COMPLETE
2026-05-28T00:30:19 siman_097/baer-heitev 6 blocks DONE
2026-05-28T00:30:19 siman_097/beer-hagolah 8 blocks DONE
2026-05-28T00:30:19 siman_097/beur-hagra 6 blocks DONE
2026-05-28T00:30:19 siman_097/kaf-hachayim 3 blocks DONE
2026-05-28T00:30:19 siman_097/kereti 5 blocks DONE
2026-05-28T00:30:19 siman_097/mateh-yehonatan 1 blocks DONE
2026-05-28T00:30:19 siman_097/mechaber 3 blocks DONE
2026-05-28T00:30:19 siman_097/nekudot-hakesef 2 blocks DONE
2026-05-28T00:30:19 siman_097/peleti 2 blocks DONE
2026-05-28T00:30:19 siman_097/pitchei-teshuva 3 blocks DONE
2026-05-28T00:30:19 siman_097/siftei-kohen 5 blocks DONE
2026-05-28T00:30:19 siman_097/turei-zahav 5 blocks DONE
2026-05-28T00:30:19 siman_097/yad-avraham 2 blocks DONE
2026-05-28T00:30:19 siman_097/yad-ephraim 1 blocks DONE
2026-05-28T00:30:19 siman_097 COMPLETE
2026-05-28T00:30:19 siman_098/baer-heitev 22 blocks DONE
2026-05-28T00:30:19 siman_098/beer-hagolah 19 blocks DONE
2026-05-28T00:30:19 siman_098/beur-hagra 39 blocks DONE
2026-05-28T00:30:19 siman_098/kaf-hachayim 9 blocks DONE
2026-05-28T00:30:19 siman_098/kereti 24 blocks DONE
2026-05-28T00:30:19 siman_098/mateh-yehonatan 1 blocks DONE
2026-05-28T00:30:19 siman_098/mechaber 9 blocks DONE
2026-05-28T00:30:19 siman_098/nekudot-hakesef 6 blocks DONE
2026-05-28T00:30:19 siman_098/peleti 11 blocks DONE
2026-05-28T00:30:19 siman_098/pitchei-teshuva 9 blocks DONE
2026-05-28T00:30:19 siman_098/rabbi-akiva-eiger-yd 9 blocks DONE
2026-05-28T00:30:19 siman_098/siftei-kohen 35 blocks DONE
2026-05-28T00:30:19 siman_098/turei-zahav 15 blocks DONE
2026-05-28T00:30:19 siman_098/yad-avraham 9 blocks DONE
2026-05-28T00:30:19 siman_098/yad-ephraim 1 blocks DONE
2026-05-28T00:30:19 siman_098 COMPLETE
2026-05-28T00:30:20 siman_099/baer-heitev 18 blocks DONE
2026-05-28T00:30:20 siman_099/beer-hagolah 15 blocks DONE
2026-05-28T00:30:20 siman_099/beur-hagra 18 blocks DONE
2026-05-28T00:30:20 siman_099/kaf-hachayim 7 blocks DONE
2026-05-28T00:30:20 siman_099/kereti 18 blocks DONE
2026-05-28T00:30:20 siman_099/mateh-yehonatan 7 blocks DONE
2026-05-28T00:30:20 siman_099/mechaber 7 blocks DONE
2026-05-28T00:30:20 siman_099/nekudot-hakesef 6 blocks DONE
2026-05-28T00:30:20 siman_099/peleti 12 blocks DONE
2026-05-28T00:30:20 siman_099/pitchei-teshuva 7 blocks DONE
2026-05-28T00:30:20 siman_099/rabbi-akiva-eiger-yd 7 blocks DONE
2026-05-28T00:30:20 siman_099/siftei-kohen 23 blocks DONE
2026-05-28T00:30:20 siman_099/turei-zahav 15 blocks DONE
2026-05-28T00:30:20 siman_099/yad-avraham 7 blocks DONE
2026-05-28T00:30:20 siman_099/yad-ephraim 1 blocks DONE
2026-05-28T00:30:20 siman_099 COMPLETE
2026-05-28T00:30:20 siman_100/baer-heitev 6 blocks DONE
2026-05-28T00:30:20 siman_100/beer-hagolah 4 blocks DONE
2026-05-28T00:30:20 siman_100/beur-hagra 20 blocks DONE
2026-05-28T00:30:20 siman_100/kaf-hachayim 4 blocks DONE
2026-05-28T00:30:20 siman_100/kereti 12 blocks DONE
2026-05-28T00:30:20 siman_100/mateh-yehonatan 4 blocks DONE
2026-05-28T00:30:20 siman_100/mechaber 4 blocks DONE
2026-05-28T00:30:20 siman_100/peleti 7 blocks DONE
2026-05-28T00:30:20 siman_100/pitchei-teshuva 3 blocks DONE
2026-05-28T00:30:20 siman_100/siftei-kohen 11 blocks DONE
2026-05-28T00:30:20 siman_100/turei-zahav 6 blocks DONE
2026-05-28T00:30:20 siman_100/yad-avraham 4 blocks DONE
2026-05-28T00:30:20 siman_100 COMPLETE
2026-05-28T00:35:02 siman_094/baer-heitev 26 blocks DONE
2026-05-28T00:35:02 siman_094/beer-hagolah 9 blocks DONE
2026-05-28T00:35:02 siman_094/beur-hagra 30 blocks DONE
2026-05-28T00:35:02 siman_094/kaf-hachayim 9 blocks DONE
2026-05-28T00:35:02 siman_094/kereti 26 blocks DONE
2026-05-28T00:35:02 siman_094/mateh-yehonatan 7 blocks DONE
2026-05-28T00:35:02 siman_094/mechaber 9 blocks DONE
2026-05-28T00:35:02 siman_094/nekudot-hakesef 4 blocks DONE
2026-05-28T00:35:02 siman_094/peleti 11 blocks DONE
2026-05-28T00:35:02 siman_094/pitchei-teshuva 7 blocks DONE
2026-05-28T00:35:02 siman_094/rabbi-akiva-eiger-yd 9 blocks DONE
2026-05-28T00:35:02 siman_094/siftei-kohen 34 blocks DONE
2026-05-28T00:35:02 siman_094/turei-zahav 17 blocks DONE
2026-05-28T00:35:02 siman_094/yad-avraham 9 blocks DONE
2026-05-28T00:35:02 siman_094/yad-ephraim 1 blocks DONE
2026-05-28T00:35:02 siman_094 COMPLETE
2026-05-28T00:35:34 siman_093/baer-heitev 6 blocks DONE
2026-05-28T00:35:34 siman_093/beer-hagolah 1 blocks DONE
2026-05-28T00:35:34 siman_093/beur-hagra 9 blocks DONE
2026-05-28T00:35:34 siman_093/kaf-hachayim 1 blocks DONE
2026-05-28T00:35:34 siman_093/kereti 1 blocks DONE
2026-05-28T00:35:34 siman_093/mateh-yehonatan 1 blocks DONE
2026-05-28T00:35:34 siman_093/mechaber 1 blocks DONE
2026-05-28T00:35:34 siman_093/nekudot-hakesef 1 blocks DONE
2026-05-28T00:35:34 siman_093/peleti 1 blocks DONE
2026-05-28T00:35:34 siman_093/pitchei-teshuva 1 blocks DONE
2026-05-28T00:35:34 siman_093/rabbi-akiva-eiger-yd 1 blocks DONE
2026-05-28T00:35:34 siman_093/siftei-kohen 6 blocks DONE
2026-05-28T00:35:34 siman_093/turei-zahav 2 blocks DONE
2026-05-28T00:35:34 siman_093/yad-avraham 1 blocks DONE
2026-05-28T00:35:34 siman_093 COMPLETE
2026-05-28T00:36:39 siman_106/baer-heitev 4 blocks DONE
2026-05-28T00:36:39 siman_106/beer-hagolah 4 blocks DONE
2026-05-28T00:36:39 siman_106/beur-hagra 10 blocks DONE
2026-05-28T00:36:39 siman_106/kaf-hachayim 2 blocks DONE
2026-05-28T00:36:39 siman_106/kereti 8 blocks DONE
2026-05-28T00:36:39 siman_106/mateh-yehonatan 1 blocks DONE
2026-05-28T00:36:39 siman_106/mechaber 2 blocks DONE
2026-05-28T00:36:39 siman_106/peleti 3 blocks DONE
2026-05-28T00:36:39 siman_106/pitchei-teshuva 2 blocks DONE
2026-05-28T00:36:39 siman_106/rabbi-akiva-eiger-yd 2 blocks DONE
2026-05-28T00:36:39 siman_106/siftei-kohen 7 blocks DONE
2026-05-28T00:36:39 siman_106/turei-zahav 2 blocks DONE
2026-05-28T00:36:39 siman_106/yad-avraham 2 blocks DONE
2026-05-28T00:36:39 siman_106 COMPLETE
2026-05-28T00:36:39 siman_107/baer-heitev 7 blocks DONE
2026-05-28T00:36:39 siman_107/beer-hagolah 2 blocks DONE
2026-05-28T00:36:39 siman_107/beur-hagra 8 blocks DONE
2026-05-28T00:36:39 siman_107/kaf-hachayim 2 blocks DONE
2026-05-28T00:36:39 siman_107/kereti 6 blocks DONE
2026-05-28T00:36:39 siman_107/mechaber 2 blocks DONE
2026-05-28T00:36:39 siman_107/nekudot-hakesef 2 blocks DONE
2026-05-28T00:36:39 siman_107/peleti 2 blocks DONE
2026-05-28T00:36:39 siman_107/pitchei-teshuva 2 blocks DONE
2026-05-28T00:36:39 siman_107/rabbi-akiva-eiger-yd 2 blocks DONE
2026-05-28T00:36:39 siman_107/siftei-kohen 7 blocks DONE
2026-05-28T00:36:39 siman_107/turei-zahav 5 blocks DONE
2026-05-28T00:36:39 siman_107/yad-avraham 2 blocks DONE
2026-05-28T00:36:39 siman_107 COMPLETE
2026-05-28T00:36:40 siman_108/baer-heitev 24 blocks DONE
2026-05-28T00:36:40 siman_108/beer-hagolah 7 blocks DONE
2026-05-28T00:36:40 siman_108/beur-hagra 37 blocks DONE
2026-05-28T00:36:40 siman_108/kaf-hachayim 7 blocks DONE
2026-05-28T00:36:40 siman_108/kereti 21 blocks DONE
2026-05-28T00:36:40 siman_108/mateh-yehonatan 5 blocks DONE
2026-05-28T00:36:40 siman_108/mechaber 7 blocks DONE
2026-05-28T00:36:40 siman_108/nekudot-hakesef 2 blocks DONE
2026-05-28T00:36:40 siman_108/peleti 12 blocks DONE
2026-05-28T00:36:40 siman_108/pitchei-teshuva 5 blocks DONE
2026-05-28T00:36:40 siman_108/rabbi-akiva-eiger-yd 3 blocks DONE
2026-05-28T00:36:40 siman_108/siftei-kohen 27 blocks DONE
2026-05-28T00:36:40 siman_108/turei-zahav 10 blocks DONE
2026-05-28T00:36:40 siman_108/yad-avraham 6 blocks DONE
2026-05-28T00:36:40 siman_108 COMPLETE
2026-05-28T00:36:40 siman_109/baer-heitev 7 blocks DONE
2026-05-28T00:36:40 siman_109/beer-hagolah 6 blocks DONE
2026-05-28T00:36:40 siman_109/beur-hagra 11 blocks DONE
2026-05-28T00:36:40 siman_109/kaf-hachayim 2 blocks DONE
2026-05-28T00:36:40 siman_109/kereti 11 blocks DONE
2026-05-28T00:36:40 siman_109/mateh-yehonatan 1 blocks DONE
2026-05-28T00:36:40 siman_109/mechaber 2 blocks DONE
2026-05-28T00:36:40 siman_109/nekudot-hakesef 1 blocks DONE
2026-05-28T00:36:40 siman_109/peleti 5 blocks DONE
2026-05-28T00:36:40 siman_109/pitchei-teshuva 2 blocks DONE
2026-05-28T00:36:40 siman_109/rabbi-akiva-eiger-yd 2 blocks DONE
2026-05-28T00:36:40 siman_109/siftei-kohen 13 blocks DONE
2026-05-28T00:36:40 siman_109/turei-zahav 4 blocks DONE
2026-05-28T00:36:40 siman_109/yad-avraham 2 blocks DONE
2026-05-28T00:36:40 siman_109 COMPLETE
2026-05-28T00:36:41 siman_110/baer-heitev 30 blocks DONE
2026-05-28T00:36:41 siman_110/beer-hagolah 10 blocks DONE
2026-05-28T00:36:41 siman_110/beur-hagra 39 blocks DONE
2026-05-28T00:36:41 siman_110/kaf-hachayim 10 blocks DONE
2026-05-28T00:36:41 siman_110/kereti 31 blocks DONE
2026-05-28T00:36:41 siman_110/mateh-yehonatan 5 blocks DONE
2026-05-28T00:36:41 siman_110/mechaber 10 blocks DONE
2026-05-28T00:36:41 siman_110/nekudot-hakesef 10 blocks DONE
2026-05-28T00:36:41 siman_110/peleti 31 blocks DONE
2026-05-28T00:36:41 siman_110/pitchei-teshuva 10 blocks DONE
2026-05-28T00:36:41 siman_110/rabbi-akiva-eiger-yd 10 blocks DONE
2026-05-28T00:36:41 siman_110/siftei-kohen 66 blocks DONE
2026-05-28T00:36:41 siman_110/turei-zahav 16 blocks DONE
2026-05-28T00:36:41 siman_110/yad-avraham 7 blocks DONE
2026-05-28T00:36:41 siman_110 COMPLETE
2026-05-28T00:37:10 siman_104/baer-heitev 8 blocks DONE
2026-05-28T00:37:10 siman_104/beer-hagolah 8 blocks DONE
2026-05-28T00:37:10 siman_104/beur-hagra 12 blocks DONE
2026-05-28T00:37:10 siman_104/kaf-hachayim 3 blocks DONE
2026-05-28T00:37:10 siman_104/kereti 7 blocks DONE
2026-05-28T00:37:10 siman_104/mateh-yehonatan 3 blocks DONE
2026-05-28T00:37:10 siman_104/mechaber 3 blocks DONE
2026-05-28T00:37:10 siman_104/nekudot-hakesef 1 blocks DONE
2026-05-28T00:37:10 siman_104/peleti 4 blocks DONE
2026-05-28T00:37:10 siman_104/pitchei-teshuva 3 blocks DONE
2026-05-28T00:37:10 siman_104/rabbi-akiva-eiger-yd 3 blocks DONE
2026-05-28T00:37:10 siman_104/siftei-kohen 9 blocks DONE
2026-05-28T00:37:10 siman_104/turei-zahav 6 blocks DONE
2026-05-28T00:37:10 siman_104/yad-avraham 3 blocks DONE
2026-05-28T00:37:10 siman_104 COMPLETE
2026-05-28T00:42:57 siman_103/baer-heitev 18 blocks DONE
2026-05-28T00:42:57 siman_103/beer-hagolah 15 blocks DONE
2026-05-28T00:42:57 siman_103/beur-hagra 27 blocks DONE
2026-05-28T00:42:57 siman_103/kaf-hachayim 7 blocks DONE
2026-05-28T00:42:57 siman_103/kereti 14 blocks DONE
2026-05-28T00:42:57 siman_103/nekudot-hakesef 2 blocks DONE
2026-05-28T00:42:57 siman_103/peleti 6 blocks DONE
2026-05-28T00:42:57 siman_103/pitchei-teshuva 7 blocks DONE
2026-05-28T00:42:57 siman_103/rabbi-akiva-eiger-yd 6 blocks DONE
2026-05-28T00:42:57 siman_103/siftei-kohen 20 blocks DONE
2026-05-28T00:42:57 siman_103/turei-zahav 11 blocks DONE
2026-05-28T00:42:57 siman_103/yad-avraham 5 blocks DONE
2026-05-28T00:42:57 siman_103/mechaber 7 blocks DONE
2026-05-28T00:42:57 siman_103 COMPLETE
2026-05-28T00:45:02 siman_091/baer-heitev 22 blocks DONE
2026-05-28T00:45:02 siman_091/beer-hagolah 14 blocks DONE
2026-05-28T00:45:02 siman_091/beur-hagra 19 blocks DONE
2026-05-28T00:45:02 siman_091/kaf-hachayim 8 blocks DONE
2026-05-28T00:45:02 siman_091/kereti 14 blocks DONE
2026-05-28T00:45:02 siman_091/mateh-yehonatan 3 blocks DONE
2026-05-28T00:45:02 siman_091/mechaber 8 blocks DONE
2026-05-28T00:45:02 siman_091/nekudot-hakesef 3 blocks DONE
2026-05-28T00:45:02 siman_091/peleti 7 blocks DONE
2026-05-28T00:45:02 siman_091/pitchei-teshuva 8 blocks DONE
2026-05-28T00:45:02 siman_091/rabbi-akiva-eiger-yd 8 blocks DONE
2026-05-28T00:45:02 siman_091/siftei-kohen 27 blocks DONE
2026-05-28T00:45:02 siman_091/turei-zahav 12 blocks DONE
2026-05-28T00:45:02 siman_091/yad-avraham 3 blocks DONE
2026-05-28T00:45:02 siman_091/yad-ephraim 5 blocks DONE
2026-05-28T00:45:02 siman_091 COMPLETE
2026-05-28T00:45:11 siman_105/baer-heitev 34 blocks DONE
2026-05-28T00:45:11 siman_105/beer-hagolah 14 blocks DONE
2026-05-28T00:45:11 siman_105/beur-hagra 88 blocks DONE
2026-05-28T00:45:11 siman_105/kaf-hachayim 14 blocks DONE
2026-05-28T00:45:11 siman_105/kereti 21 blocks DONE
2026-05-28T00:45:11 siman_105/mateh-yehonatan 3 blocks DONE
2026-05-28T00:45:11 siman_105/mechaber 14 blocks DONE
2026-05-28T00:45:11 siman_105/nekudot-hakesef 6 blocks DONE
2026-05-28T00:45:11 siman_105/peleti 11 blocks DONE
2026-05-28T00:45:11 siman_105/pitchei-teshuva 14 blocks DONE
2026-05-28T00:45:11 siman_105/rabbi-akiva-eiger-yd 14 blocks DONE
2026-05-28T00:45:11 siman_105/siftei-kohen 46 blocks DONE
2026-05-28T00:45:11 siman_105/turei-zahav 30 blocks DONE
2026-05-28T00:45:11 siman_105/yad-avraham 14 blocks DONE
2026-05-28T00:45:11 siman_105 COMPLETE
2026-05-28T00:45:26 siman_105/baer-heitev 34 blocks DONE
2026-05-28T00:45:26 siman_105/beer-hagolah 14 blocks DONE
2026-05-28T00:45:26 siman_105/beur-hagra 88 blocks DONE
2026-05-28T00:45:26 siman_105/kaf-hachayim 14 blocks DONE
2026-05-28T00:45:26 siman_105/kereti 21 blocks DONE
2026-05-28T00:45:26 siman_105/mateh-yehonatan 3 blocks DONE
2026-05-28T00:45:26 siman_105/mechaber 14 blocks DONE
2026-05-28T00:45:26 siman_105/nekudot-hakesef 6 blocks DONE
2026-05-28T00:45:26 siman_105/peleti 11 blocks DONE
2026-05-28T00:45:26 siman_105/pitchei-teshuva 14 blocks DONE
2026-05-28T00:45:26 siman_105/rabbi-akiva-eiger-yd 14 blocks DONE
2026-05-28T00:45:26 siman_105/siftei-kohen 46 blocks DONE
2026-05-28T00:45:26 siman_105/turei-zahav 30 blocks DONE
2026-05-28T00:45:26 siman_105/yad-avraham 14 blocks DONE
2026-05-28T00:45:26 siman_105 COMPLETE
2026-05-28T00:45:28 siman_091/baer-heitev 22 blocks DONE
2026-05-28T00:45:28 siman_091/beer-hagolah 14 blocks DONE
2026-05-28T00:45:28 siman_091/beur-hagra 19 blocks DONE
2026-05-28T00:45:28 siman_091/kaf-hachayim 8 blocks DONE
2026-05-28T00:45:28 siman_091/kereti 14 blocks DONE
2026-05-28T00:45:28 siman_091/mateh-yehonatan 3 blocks DONE
2026-05-28T00:45:28 siman_091/mechaber 8 blocks DONE
2026-05-28T00:45:28 siman_091/nekudot-hakesef 3 blocks DONE
2026-05-28T00:45:28 siman_091/peleti 7 blocks DONE
2026-05-28T00:45:28 siman_091/pitchei-teshuva 8 blocks DONE
2026-05-28T00:45:28 siman_091/rabbi-akiva-eiger-yd 8 blocks DONE
2026-05-28T00:45:28 siman_091/siftei-kohen 27 blocks DONE
2026-05-28T00:45:28 siman_091/turei-zahav 12 blocks DONE
2026-05-28T00:45:28 siman_091/yad-avraham 3 blocks DONE
2026-05-28T00:45:28 siman_091/yad-ephraim 5 blocks DONE
2026-05-28T00:45:28 siman_091 COMPLETE
2026-05-28T00:45:28 siman_092/baer-heitev 31 blocks DONE
2026-05-28T00:45:28 siman_092/beer-hagolah 9 blocks DONE
2026-05-28T00:45:28 siman_092/beur-hagra 43 blocks DONE
2026-05-28T00:45:28 siman_092/kaf-hachayim 9 blocks DONE
2026-05-28T00:45:28 siman_092/kereti 32 blocks DONE
2026-05-28T00:45:28 siman_092/mateh-yehonatan 8 blocks DONE
2026-05-28T00:45:28 siman_092/mechaber 9 blocks DONE
2026-05-28T00:45:28 siman_092/nekudot-hakesef 8 blocks DONE
2026-05-28T00:45:28 siman_092/peleti 14 blocks DONE
2026-05-28T00:45:28 siman_092/pitchei-teshuva 8 blocks DONE
2026-05-28T00:45:28 siman_092/rabbi-akiva-eiger-yd 9 blocks DONE
2026-05-28T00:45:28 siman_092/siftei-kohen 38 blocks DONE
2026-05-28T00:45:28 siman_092/turei-zahav 30 blocks DONE
2026-05-28T00:45:28 siman_092/yad-avraham 9 blocks DONE
2026-05-28T00:45:28 siman_092/yad-ephraim 1 blocks DONE
2026-05-28T00:45:28 siman_092 COMPLETE
2026-05-28T00:45:28 siman_093/baer-heitev 6 blocks DONE
2026-05-28T00:45:28 siman_093/beer-hagolah 1 blocks DONE
2026-05-28T00:45:28 siman_093/beur-hagra 9 blocks DONE
2026-05-28T00:45:28 siman_093/kaf-hachayim 1 blocks DONE
2026-05-28T00:45:28 siman_093/kereti 1 blocks DONE
2026-05-28T00:45:28 siman_093/mateh-yehonatan 1 blocks DONE
2026-05-28T00:45:28 siman_093/mechaber 1 blocks DONE
2026-05-28T00:45:28 siman_093/nekudot-hakesef 1 blocks DONE
2026-05-28T00:45:28 siman_093/peleti 1 blocks DONE
2026-05-28T00:45:28 siman_093/pitchei-teshuva 1 blocks DONE
2026-05-28T00:45:28 siman_093/rabbi-akiva-eiger-yd 1 blocks DONE
2026-05-28T00:45:28 siman_093/siftei-kohen 6 blocks DONE
2026-05-28T00:45:28 siman_093/turei-zahav 2 blocks DONE
2026-05-28T00:45:28 siman_093/yad-avraham 1 blocks DONE
2026-05-28T00:45:28 siman_093 COMPLETE
2026-05-28T00:45:28 siman_094/baer-heitev 26 blocks DONE
2026-05-28T00:45:28 siman_094/beer-hagolah 9 blocks DONE
2026-05-28T00:45:28 siman_094/beur-hagra 30 blocks DONE
2026-05-28T00:45:28 siman_094/kaf-hachayim 9 blocks DONE
2026-05-28T00:45:28 siman_094/kereti 26 blocks DONE
2026-05-28T00:45:28 siman_094/mateh-yehonatan 7 blocks DONE
2026-05-28T00:45:28 siman_094/mechaber 9 blocks DONE
2026-05-28T00:45:28 siman_094/nekudot-hakesef 4 blocks DONE
2026-05-28T00:45:28 siman_094/peleti 11 blocks DONE
2026-05-28T00:45:28 siman_094/pitchei-teshuva 7 blocks DONE
2026-05-28T00:45:28 siman_094/rabbi-akiva-eiger-yd 9 blocks DONE
2026-05-28T00:45:28 siman_094/siftei-kohen 34 blocks DONE
2026-05-28T00:45:28 siman_094/turei-zahav 17 blocks DONE
2026-05-28T00:45:28 siman_094/yad-avraham 9 blocks DONE
2026-05-28T00:45:28 siman_094/yad-ephraim 1 blocks DONE
2026-05-28T00:45:28 siman_094 COMPLETE
2026-05-28T00:45:28 siman_095/baer-heitev 22 blocks DONE
2026-05-28T00:45:28 siman_095/beer-hagolah 7 blocks DONE
2026-05-28T00:45:28 siman_095/beur-hagra 29 blocks DONE
2026-05-28T00:45:28 siman_095/kaf-hachayim 7 blocks DONE
2026-05-28T00:45:28 siman_095/kereti 7 blocks DONE
2026-05-28T00:45:28 siman_095/mateh-yehonatan 5 blocks DONE
2026-05-28T00:45:28 siman_095/mechaber 7 blocks DONE
2026-05-28T00:45:28 siman_095/nekudot-hakesef 3 blocks DONE
2026-05-28T00:45:28 siman_095/peleti 4 blocks DONE
2026-05-28T00:45:28 siman_095/pitchei-teshuva 7 blocks DONE
2026-05-28T00:45:28 siman_095/rabbi-akiva-eiger-yd 5 blocks DONE
2026-05-28T00:45:28 siman_095/siftei-kohen 25 blocks DONE
2026-05-28T00:45:28 siman_095/turei-zahav 18 blocks DONE
2026-05-28T00:45:28 siman_095/yad-avraham 5 blocks DONE
2026-05-28T00:45:28 siman_095/yad-ephraim 3 blocks DONE
2026-05-28T00:45:28 siman_095 COMPLETE
2026-05-28T00:45:35 siman_105/baer-heitev 34 blocks DONE
2026-05-28T00:45:35 siman_105/beer-hagolah 14 blocks DONE
2026-05-28T00:45:35 siman_105/beur-hagra 88 blocks DONE
2026-05-28T00:45:35 siman_105/kaf-hachayim 14 blocks DONE
2026-05-28T00:45:35 siman_105/kereti 21 blocks DONE
2026-05-28T00:45:35 siman_105/mateh-yehonatan 3 blocks DONE
2026-05-28T00:45:35 siman_105/mechaber 14 blocks DONE
2026-05-28T00:45:35 siman_105/nekudot-hakesef 6 blocks DONE
2026-05-28T00:45:35 siman_105/peleti 11 blocks DONE
2026-05-28T00:45:35 siman_105/pitchei-teshuva 14 blocks DONE
2026-05-28T00:45:35 siman_105/rabbi-akiva-eiger-yd 14 blocks DONE
2026-05-28T00:45:35 siman_105/siftei-kohen 46 blocks DONE
2026-05-28T00:45:35 siman_105/turei-zahav 30 blocks DONE
2026-05-28T00:45:35 siman_105/yad-avraham 14 blocks DONE
2026-05-28T00:45:35 siman_105 COMPLETE
2026-05-28T01:15:51 siman_101/baer-heitev 18 blocks DONE
2026-05-28T01:15:51 siman_101/beer-hagolah 14 blocks DONE
2026-05-28T01:15:51 siman_101/beur-hagra 24 blocks DONE
2026-05-28T01:15:51 siman_101/kaf-hachayim 9 blocks DONE
2026-05-28T01:15:51 siman_101/kereti 15 blocks DONE
2026-05-28T01:15:51 siman_101/mateh-yehonatan 7 blocks DONE
2026-05-28T01:15:51 siman_101/mechaber 9 blocks DONE
2026-05-28T01:15:51 siman_101/nekudot-hakesef 2 blocks DONE
2026-05-28T01:15:51 siman_101/peleti 7 blocks DONE
2026-05-28T01:15:51 siman_101/pitchei-teshuva 7 blocks DONE
2026-05-28T01:15:51 siman_101/rabbi-akiva-eiger-yd 7 blocks DONE
2026-05-28T01:15:51 siman_101/siftei-kohen 19 blocks DONE
2026-05-28T01:15:51 siman_101/turei-zahav 15 blocks DONE
2026-05-28T01:15:51 siman_101/yad-avraham 4 blocks DONE
2026-05-28T01:15:51 siman_101/yad-ephraim 1 blocks DONE
2026-05-28T01:15:51 siman_101 COMPLETE
2026-05-28T01:18:39 siman_087/baer-heitev 30 blocks DONE
2026-05-28T01:18:39 siman_087/beer-hagolah 11 blocks DONE
2026-05-28T01:18:39 siman_087/beur-hagra 31 blocks DONE
2026-05-28T01:18:39 siman_087/kaf-hachayim 11 blocks DONE
2026-05-28T01:18:39 siman_087/kereti 25 blocks DONE
2026-05-28T01:18:39 siman_087/mateh-yehonatan 11 blocks DONE
2026-05-28T01:18:39 siman_087/mechaber 11 blocks DONE
2026-05-28T01:18:39 siman_087/nekudot-hakesef 6 blocks DONE
2026-05-28T01:18:39 siman_087/peleti 21 blocks DONE
2026-05-28T01:18:39 siman_087/peleti 21 blocks DONE
2026-05-28T01:18:39 siman_087/pitchei-teshuva 11 blocks DONE
2026-05-28T01:18:39 siman_087/rabbi-akiva-eiger-yd 11 blocks DONE
2026-05-28T01:18:39 siman_087/siftei-kohen 36 blocks DONE
2026-05-28T01:18:39 siman_087/turei-zahav 13 blocks DONE
2026-05-28T01:18:39 siman_087/yad-avraham 11 blocks DONE
2026-05-28T01:18:39 siman_087/yad-ephraim 11 blocks DONE
2026-05-28T01:18:39 siman_087 COMPLETE
2026-05-28T01:18:52 siman_086/baer-heitev 19 blocks DONE
2026-05-28T01:18:52 siman_086/beer-hagolah 10 blocks DONE
2026-05-28T01:18:52 siman_086/beur-hagra 13 blocks DONE
2026-05-28T01:18:52 siman_086/kaf-hachayim 10 blocks DONE
2026-05-28T01:18:52 siman_086/kereti 19 blocks DONE
2026-05-28T01:18:52 siman_086/mechaber 10 blocks DONE
2026-05-28T01:18:52 siman_086/nekudot-hakesef 5 blocks DONE
2026-05-28T01:18:52 siman_086/peleti 10 blocks DONE
2026-05-28T01:18:52 siman_086/pitchei-teshuva 7 blocks DONE
2026-05-28T01:18:52 siman_086/rabbi-akiva-eiger-yd 1 blocks DONE
2026-05-28T01:18:52 siman_086/siftei-kohen 31 blocks DONE
2026-05-28T01:18:52 siman_086/turei-zahav 16 blocks DONE
2026-05-28T01:18:52 siman_086/yad-avraham 1 blocks DONE
2026-05-28T01:18:52 siman_086 COMPLETE
2026-05-28T04:18:58 siman_087 quality-pass yad/mateh full translations DONE
2026-05-28T04:18:58 siman_087 COMPLETE
2026-05-28T01:25:38 siman_102/baer-heitev 13 blocks DONE
2026-05-28T01:25:38 siman_102/beer-hagolah 4 blocks DONE
2026-05-28T01:25:38 siman_102/beur-hagra 21 blocks DONE
2026-05-28T01:25:38 siman_102/kaf-hachayim 4 blocks DONE
2026-05-28T01:25:38 siman_102/kereti 20 blocks DONE
2026-05-28T01:25:38 siman_102/mateh-yehonatan 2 blocks DONE
2026-05-28T01:25:38 siman_102/mechaber 4 blocks DONE
2026-05-28T01:25:38 siman_102/nekudot-hakesef 1 blocks DONE
2026-05-28T01:25:38 siman_102/peleti 10 blocks DONE
2026-05-28T01:25:38 siman_102/pitchei-teshuva 4 blocks DONE
2026-05-28T01:25:38 siman_102/rabbi-akiva-eiger-yd 4 blocks DONE
2026-05-28T01:25:38 siman_102/siftei-kohen 15 blocks DONE
2026-05-28T01:25:38 siman_102/turei-zahav 13 blocks DONE
2026-05-28T01:25:38 siman_102/yad-avraham 4 blocks DONE
2026-05-28T01:25:38 siman_102 COMPLETE
2026-05-28T01:25:52 siman_101/baer-heitev 18 blocks DONE
2026-05-28T01:25:52 siman_101/beer-hagolah 14 blocks DONE
2026-05-28T01:25:52 siman_101/beur-hagra 24 blocks DONE
2026-05-28T01:25:52 siman_101/kaf-hachayim 9 blocks DONE
2026-05-28T01:25:52 siman_101/kereti 15 blocks DONE
2026-05-28T01:25:52 siman_101/mateh-yehonatan 7 blocks DONE
2026-05-28T01:25:52 siman_101/mechaber 9 blocks DONE
2026-05-28T01:25:52 siman_101/nekudot-hakesef 2 blocks DONE
2026-05-28T01:25:52 siman_101/peleti 7 blocks DONE
2026-05-28T01:25:52 siman_101/pitchei-teshuva 7 blocks DONE
2026-05-28T01:25:52 siman_101/rabbi-akiva-eiger-yd 7 blocks DONE
2026-05-28T01:25:52 siman_101/siftei-kohen 19 blocks DONE
2026-05-28T01:25:52 siman_101/turei-zahav 15 blocks DONE
2026-05-28T01:25:52 siman_101/yad-avraham 4 blocks DONE
2026-05-28T01:25:52 siman_101/yad-ephraim 1 blocks DONE
2026-05-28T01:25:52 siman_101 COMPLETE
2026-05-28T01:26:16 siman_106/baer-heitev 4 blocks DONE
2026-05-28T01:26:16 siman_106/beer-hagolah 4 blocks DONE
2026-05-28T01:26:16 siman_106/beur-hagra 10 blocks DONE
2026-05-28T01:26:16 siman_106/kaf-hachayim 2 blocks DONE
2026-05-28T01:26:16 siman_106/kereti 8 blocks DONE
2026-05-28T01:26:16 siman_106/mateh-yehonatan 1 blocks DONE
2026-05-28T01:26:16 siman_106/mechaber 2 blocks DONE
2026-05-28T01:26:16 siman_106/peleti 3 blocks DONE
2026-05-28T01:26:16 siman_106/pitchei-teshuva 2 blocks DONE
2026-05-28T01:26:16 siman_106/rabbi-akiva-eiger-yd 2 blocks DONE
2026-05-28T01:26:16 siman_106/siftei-kohen 7 blocks DONE
2026-05-28T01:26:16 siman_106/turei-zahav 2 blocks DONE
2026-05-28T01:26:16 siman_106/yad-avraham 2 blocks DONE
2026-05-28T01:26:16 siman_106 COMPLETE
2026-05-28T01:26:16 siman_107/baer-heitev 7 blocks DONE
2026-05-28T01:26:16 siman_107/beer-hagolah 2 blocks DONE
2026-05-28T01:26:16 siman_107/beur-hagra 8 blocks DONE
2026-05-28T01:26:16 siman_107/kaf-hachayim 2 blocks DONE
2026-05-28T01:26:16 siman_107/kereti 6 blocks DONE
2026-05-28T01:26:16 siman_107/mechaber 2 blocks DONE
2026-05-28T01:26:16 siman_107/nekudot-hakesef 2 blocks DONE
2026-05-28T01:26:16 siman_107/peleti 2 blocks DONE
2026-05-28T01:26:16 siman_107/pitchei-teshuva 2 blocks DONE
2026-05-28T01:26:16 siman_107/rabbi-akiva-eiger-yd 2 blocks DONE
2026-05-28T01:26:16 siman_107/siftei-kohen 7 blocks DONE
2026-05-28T01:26:16 siman_107/turei-zahav 5 blocks DONE
2026-05-28T01:26:16 siman_107/yad-avraham 2 blocks DONE
2026-05-28T01:26:16 siman_107 COMPLETE
2026-05-28T01:26:17 siman_108/baer-heitev 24 blocks DONE
2026-05-28T01:26:17 siman_108/beer-hagolah 7 blocks DONE
2026-05-28T01:26:17 siman_108/beur-hagra 37 blocks DONE
2026-05-28T01:26:17 siman_108/kaf-hachayim 7 blocks DONE
2026-05-28T01:26:17 siman_108/kereti 21 blocks DONE
2026-05-28T01:26:17 siman_108/mateh-yehonatan 5 blocks DONE
2026-05-28T01:26:17 siman_108/mechaber 7 blocks DONE
2026-05-28T01:26:17 siman_108/nekudot-hakesef 2 blocks DONE
2026-05-28T01:26:17 siman_108/peleti 12 blocks DONE
2026-05-28T01:26:17 siman_108/pitchei-teshuva 5 blocks DONE
2026-05-28T01:26:17 siman_108/rabbi-akiva-eiger-yd 3 blocks DONE
2026-05-28T01:26:17 siman_108/siftei-kohen 27 blocks DONE
2026-05-28T01:26:17 siman_108/turei-zahav 10 blocks DONE
2026-05-28T01:26:17 siman_108/yad-avraham 6 blocks DONE
2026-05-28T01:26:17 siman_108 COMPLETE
2026-05-28T01:26:17 siman_109/baer-heitev 7 blocks DONE
2026-05-28T01:26:17 siman_109/beer-hagolah 6 blocks DONE
2026-05-28T01:26:17 siman_109/beur-hagra 11 blocks DONE
2026-05-28T01:26:17 siman_109/kaf-hachayim 2 blocks DONE
2026-05-28T01:26:17 siman_109/kereti 11 blocks DONE
2026-05-28T01:26:17 siman_109/mateh-yehonatan 1 blocks DONE
2026-05-28T01:26:17 siman_109/mechaber 2 blocks DONE
2026-05-28T01:26:17 siman_109/nekudot-hakesef 1 blocks DONE
2026-05-28T01:26:17 siman_109/peleti 5 blocks DONE
2026-05-28T01:26:17 siman_109/pitchei-teshuva 2 blocks DONE
2026-05-28T01:26:17 siman_109/rabbi-akiva-eiger-yd 2 blocks DONE
2026-05-28T01:26:17 siman_109/siftei-kohen 13 blocks DONE
2026-05-28T01:26:17 siman_109/turei-zahav 4 blocks DONE
2026-05-28T01:26:17 siman_109/yad-avraham 2 blocks DONE
2026-05-28T01:26:17 siman_109 COMPLETE
2026-05-28T01:26:18 siman_110/baer-heitev 30 blocks DONE
2026-05-28T01:26:18 siman_110/beer-hagolah 10 blocks DONE
2026-05-28T01:26:18 siman_110/beur-hagra 39 blocks DONE
2026-05-28T01:26:18 siman_110/kaf-hachayim 10 blocks DONE
2026-05-28T01:26:18 siman_110/kereti 31 blocks DONE
2026-05-28T01:26:18 siman_110/mateh-yehonatan 5 blocks DONE
2026-05-28T01:26:18 siman_110/mechaber 10 blocks DONE
2026-05-28T01:26:18 siman_110/nekudot-hakesef 10 blocks DONE
2026-05-28T01:26:18 siman_110/peleti 31 blocks DONE
2026-05-28T01:26:18 siman_110/pitchei-teshuva 10 blocks DONE
2026-05-28T01:26:18 siman_110/rabbi-akiva-eiger-yd 10 blocks DONE
2026-05-28T01:26:18 siman_110/siftei-kohen 66 blocks DONE
2026-05-28T01:26:18 siman_110/turei-zahav 16 blocks DONE
2026-05-28T01:26:18 siman_110/yad-avraham 7 blocks DONE
2026-05-28T01:26:18 siman_110 COMPLETE
2026-05-28T01:26:18 siman_101/baer-heitev 18 blocks DONE
2026-05-28T01:26:18 siman_101/beer-hagolah 14 blocks DONE
2026-05-28T01:26:18 siman_101/beur-hagra 24 blocks DONE
2026-05-28T01:26:18 siman_101/kaf-hachayim 9 blocks DONE
2026-05-28T01:26:18 siman_101/kereti 15 blocks DONE
2026-05-28T01:26:18 siman_101/mateh-yehonatan 7 blocks DONE
2026-05-28T01:26:18 siman_101/mechaber 9 blocks DONE
2026-05-28T01:26:18 siman_101/nekudot-hakesef 2 blocks DONE
2026-05-28T01:26:18 siman_101/peleti 7 blocks DONE
2026-05-28T01:26:18 siman_101/pitchei-teshuva 7 blocks DONE
2026-05-28T01:26:18 siman_101/rabbi-akiva-eiger-yd 7 blocks DONE
2026-05-28T01:26:18 siman_101/siftei-kohen 19 blocks DONE
2026-05-28T01:26:18 siman_101/turei-zahav 15 blocks DONE
2026-05-28T01:26:18 siman_101/yad-avraham 4 blocks DONE
2026-05-28T01:26:18 siman_101/yad-ephraim 1 blocks DONE
2026-05-28T01:26:18 siman_101 COMPLETE
2026-05-28T01:26:19 siman_102/baer-heitev 13 blocks DONE
2026-05-28T01:26:19 siman_102/beer-hagolah 4 blocks DONE
2026-05-28T01:26:19 siman_102/beur-hagra 21 blocks DONE
2026-05-28T01:26:19 siman_102/kaf-hachayim 4 blocks DONE
2026-05-28T01:26:19 siman_102/kereti 20 blocks DONE
2026-05-28T01:26:19 siman_102/mateh-yehonatan 2 blocks DONE
2026-05-28T01:26:19 siman_102/mechaber 4 blocks DONE
2026-05-28T01:26:19 siman_102/nekudot-hakesef 1 blocks DONE
2026-05-28T01:26:19 siman_102/peleti 10 blocks DONE
2026-05-28T01:26:19 siman_102/pitchei-teshuva 4 blocks DONE
2026-05-28T01:26:19 siman_102/rabbi-akiva-eiger-yd 4 blocks DONE
2026-05-28T01:26:19 siman_102/siftei-kohen 15 blocks DONE
2026-05-28T01:26:19 siman_102/turei-zahav 13 blocks DONE
2026-05-28T01:26:19 siman_102/yad-avraham 4 blocks DONE
2026-05-28T01:26:19 siman_102 COMPLETE
2026-05-28T01:26:19 siman_103/baer-heitev 18 blocks DONE
2026-05-28T01:26:19 siman_103/beer-hagolah 15 blocks DONE
2026-05-28T01:26:19 siman_103/beur-hagra 26 blocks DONE
2026-05-28T01:26:19 siman_103/kaf-hachayim 7 blocks DONE
2026-05-28T01:26:19 siman_103/kereti 14 blocks DONE
2026-05-28T01:26:19 siman_103/mechaber 7 blocks DONE
2026-05-28T01:26:19 siman_103/nekudot-hakesef 2 blocks DONE
2026-05-28T01:26:19 siman_103/peleti 6 blocks DONE
2026-05-28T01:26:19 siman_103/pitchei-teshuva 7 blocks DONE
2026-05-28T01:26:19 siman_103/rabbi-akiva-eiger-yd 6 blocks DONE
2026-05-28T01:26:19 siman_103/siftei-kohen 20 blocks DONE
2026-05-28T01:26:19 siman_103/turei-zahav 11 blocks DONE
2026-05-28T01:26:19 siman_103/yad-avraham 5 blocks DONE
2026-05-28T01:26:19 siman_103 COMPLETE
2026-05-28T01:26:19 siman_104/baer-heitev 8 blocks DONE
2026-05-28T01:26:19 siman_104/beer-hagolah 8 blocks DONE
2026-05-28T01:26:19 siman_104/beur-hagra 12 blocks DONE
2026-05-28T01:26:19 siman_104/kaf-hachayim 3 blocks DONE
2026-05-28T01:26:19 siman_104/kereti 7 blocks DONE
2026-05-28T01:26:19 siman_104/mateh-yehonatan 3 blocks DONE
2026-05-28T01:26:19 siman_104/mechaber 3 blocks DONE
2026-05-28T01:26:19 siman_104/nekudot-hakesef 1 blocks DONE
2026-05-28T01:26:19 siman_104/peleti 4 blocks DONE
2026-05-28T01:26:19 siman_104/pitchei-teshuva 3 blocks DONE
2026-05-28T01:26:19 siman_104/rabbi-akiva-eiger-yd 3 blocks DONE
2026-05-28T01:26:19 siman_104/siftei-kohen 9 blocks DONE
2026-05-28T01:26:19 siman_104/turei-zahav 6 blocks DONE
2026-05-28T01:26:19 siman_104/yad-avraham 3 blocks DONE
2026-05-28T01:26:19 siman_104 COMPLETE
2026-05-28T01:26:19 siman_105/baer-heitev 34 blocks DONE
2026-05-28T01:26:19 siman_105/beer-hagolah 14 blocks DONE
2026-05-28T01:26:19 siman_105/beur-hagra 88 blocks DONE
2026-05-28T01:26:19 siman_105/kaf-hachayim 14 blocks DONE
2026-05-28T01:26:19 siman_105/kereti 21 blocks DONE
2026-05-28T01:26:19 siman_105/mateh-yehonatan 3 blocks DONE
2026-05-28T01:26:19 siman_105/mechaber 14 blocks DONE
2026-05-28T01:26:19 siman_105/nekudot-hakesef 6 blocks DONE
2026-05-28T01:26:19 siman_105/peleti 11 blocks DONE
2026-05-28T01:26:19 siman_105/pitchei-teshuva 14 blocks DONE
2026-05-28T01:26:19 siman_105/rabbi-akiva-eiger-yd 14 blocks DONE
2026-05-28T01:26:19 siman_105/siftei-kohen 46 blocks DONE
2026-05-28T01:26:19 siman_105/turei-zahav 30 blocks DONE
2026-05-28T01:26:19 siman_105/yad-avraham 14 blocks DONE
2026-05-28T01:26:19 siman_105 COMPLETE
2026-05-28T01:26:19 siman_106/baer-heitev 4 blocks DONE
2026-05-28T01:26:19 siman_106/beer-hagolah 4 blocks DONE
2026-05-28T01:26:19 siman_106/beur-hagra 10 blocks DONE
2026-05-28T01:26:19 siman_106/kaf-hachayim 2 blocks DONE
2026-05-28T01:26:19 siman_106/kereti 8 blocks DONE
2026-05-28T01:26:19 siman_106/mateh-yehonatan 1 blocks DONE
2026-05-28T01:26:19 siman_106/mechaber 2 blocks DONE
2026-05-28T01:26:19 siman_106/peleti 3 blocks DONE
2026-05-28T01:26:19 siman_106/pitchei-teshuva 2 blocks DONE
2026-05-28T01:26:19 siman_106/rabbi-akiva-eiger-yd 2 blocks DONE
2026-05-28T01:26:19 siman_106/siftei-kohen 7 blocks DONE
2026-05-28T01:26:19 siman_106/turei-zahav 2 blocks DONE
2026-05-28T01:26:19 siman_106/yad-avraham 2 blocks DONE
2026-05-28T01:26:19 siman_106 COMPLETE
2026-05-28T01:26:19 siman_107/baer-heitev 7 blocks DONE
2026-05-28T01:26:19 siman_107/beer-hagolah 2 blocks DONE
2026-05-28T01:26:19 siman_107/beur-hagra 8 blocks DONE
2026-05-28T01:26:19 siman_107/kaf-hachayim 2 blocks DONE
2026-05-28T01:26:19 siman_107/kereti 6 blocks DONE
2026-05-28T01:26:19 siman_107/mechaber 2 blocks DONE
2026-05-28T01:26:19 siman_107/nekudot-hakesef 2 blocks DONE
2026-05-28T01:26:19 siman_107/peleti 2 blocks DONE
2026-05-28T01:26:19 siman_107/pitchei-teshuva 2 blocks DONE
2026-05-28T01:26:19 siman_107/rabbi-akiva-eiger-yd 2 blocks DONE
2026-05-28T01:26:19 siman_107/siftei-kohen 7 blocks DONE
2026-05-28T01:26:19 siman_107/turei-zahav 5 blocks DONE
2026-05-28T01:26:19 siman_107/yad-avraham 2 blocks DONE
2026-05-28T01:26:19 siman_107 COMPLETE
2026-05-28T01:26:19 siman_108/baer-heitev 24 blocks DONE
2026-05-28T01:26:19 siman_108/beer-hagolah 7 blocks DONE
2026-05-28T01:26:19 siman_108/beur-hagra 37 blocks DONE
2026-05-28T01:26:19 siman_108/kaf-hachayim 7 blocks DONE
2026-05-28T01:26:19 siman_108/kereti 21 blocks DONE
2026-05-28T01:26:19 siman_108/mateh-yehonatan 5 blocks DONE
2026-05-28T01:26:19 siman_108/mechaber 7 blocks DONE
2026-05-28T01:26:19 siman_108/nekudot-hakesef 2 blocks DONE
2026-05-28T01:26:19 siman_108/peleti 12 blocks DONE
2026-05-28T01:26:19 siman_108/pitchei-teshuva 5 blocks DONE
2026-05-28T01:26:19 siman_108/rabbi-akiva-eiger-yd 3 blocks DONE
2026-05-28T01:26:19 siman_108/siftei-kohen 27 blocks DONE
2026-05-28T01:26:19 siman_108/turei-zahav 10 blocks DONE
2026-05-28T01:26:19 siman_108/yad-avraham 6 blocks DONE
2026-05-28T01:26:19 siman_108 COMPLETE
2026-05-28T01:26:19 siman_109/baer-heitev 7 blocks DONE
2026-05-28T01:26:19 siman_109/beer-hagolah 6 blocks DONE
2026-05-28T01:26:19 siman_109/beur-hagra 11 blocks DONE
2026-05-28T01:26:19 siman_109/kaf-hachayim 2 blocks DONE
2026-05-28T01:26:19 siman_109/kereti 11 blocks DONE
2026-05-28T01:26:19 siman_109/mateh-yehonatan 1 blocks DONE
2026-05-28T01:26:19 siman_109/mechaber 2 blocks DONE
2026-05-28T01:26:19 siman_109/nekudot-hakesef 1 blocks DONE
2026-05-28T01:26:19 siman_109/peleti 5 blocks DONE
2026-05-28T01:26:19 siman_109/pitchei-teshuva 2 blocks DONE
2026-05-28T01:26:19 siman_109/rabbi-akiva-eiger-yd 2 blocks DONE
2026-05-28T01:26:19 siman_109/siftei-kohen 13 blocks DONE
2026-05-28T01:26:19 siman_109/turei-zahav 4 blocks DONE
2026-05-28T01:26:19 siman_109/yad-avraham 2 blocks DONE
2026-05-28T01:26:19 siman_109 COMPLETE
2026-05-28T01:26:19 siman_110/baer-heitev 30 blocks DONE
2026-05-28T01:26:19 siman_110/beer-hagolah 10 blocks DONE
2026-05-28T01:26:19 siman_110/beur-hagra 39 blocks DONE
2026-05-28T01:26:19 siman_110/kaf-hachayim 10 blocks DONE
2026-05-28T01:26:19 siman_110/kereti 31 blocks DONE
2026-05-28T01:26:19 siman_110/mateh-yehonatan 5 blocks DONE
2026-05-28T01:26:19 siman_110/mechaber 10 blocks DONE
2026-05-28T01:26:19 siman_110/nekudot-hakesef 10 blocks DONE
2026-05-28T01:26:19 siman_110/peleti 31 blocks DONE
2026-05-28T01:26:19 siman_110/pitchei-teshuva 10 blocks DONE
2026-05-28T01:26:19 siman_110/rabbi-akiva-eiger-yd 10 blocks DONE
2026-05-28T01:26:19 siman_110/siftei-kohen 66 blocks DONE
2026-05-28T01:26:19 siman_110/turei-zahav 16 blocks DONE
2026-05-28T01:26:19 siman_110/yad-avraham 7 blocks DONE
2026-05-28T01:26:19 siman_110 COMPLETE
2026-05-28T01:28:01 siman_114/baer-heitev 20 blocks DONE
2026-05-28T01:28:01 siman_114/beer-hagolah 12 blocks DONE
2026-05-28T01:28:01 siman_114/beur-hagra 28 blocks DONE
2026-05-28T01:28:01 siman_114/kaf-hachayim 12 blocks DONE
2026-05-28T01:28:01 siman_114/mateh-yehonatan 4 blocks DONE
2026-05-28T01:28:01 siman_114/mechaber 12 blocks DONE
2026-05-28T01:28:01 siman_114/nekudot-hakesef 4 blocks DONE
2026-05-28T01:28:01 siman_114/pitchei-teshuva 7 blocks DONE
2026-05-28T01:28:01 siman_114/rabbi-akiva-eiger-yd 1 blocks DONE
2026-05-28T01:28:01 siman_114/siftei-kohen 21 blocks DONE
2026-05-28T01:28:01 siman_114/turei-zahav 15 blocks DONE
2026-05-28T01:28:01 siman_114/yad-ephraim 3 blocks DONE
2026-05-28T01:28:01 siman_114 COMPLETE
2026-05-28T01:28:01 siman_115/baer-heitev 19 blocks DONE
2026-05-28T01:28:01 siman_115/beer-hagolah 9 blocks DONE
2026-05-28T01:28:01 siman_115/beur-hagra 24 blocks DONE
2026-05-28T01:28:01 siman_115/kaf-hachayim 3 blocks DONE
2026-05-28T01:28:01 siman_115/mateh-yehonatan 3 blocks DONE
2026-05-28T01:28:01 siman_115/mechaber 3 blocks DONE
2026-05-28T01:28:01 siman_115/nekudot-hakesef 3 blocks DONE
2026-05-28T01:28:01 siman_115/pitchei-teshuva 3 blocks DONE
2026-05-28T01:28:01 siman_115/rabbi-akiva-eiger-yd 1 blocks DONE
2026-05-28T01:28:01 siman_115/siftei-kohen 29 blocks DONE
2026-05-28T01:28:01 siman_115/turei-zahav 14 blocks DONE
2026-05-28T01:28:01 siman_115/yad-ephraim 3 blocks DONE
2026-05-28T01:28:01 siman_115 COMPLETE
2026-05-28T01:28:02 siman_116/baer-heitev 9 blocks DONE
2026-05-28T01:28:02 siman_116/beer-hagolah 7 blocks DONE
2026-05-28T01:28:02 siman_116/beur-hagra 20 blocks DONE
2026-05-28T01:28:02 siman_116/kaf-hachayim 7 blocks DONE
2026-05-28T01:28:02 siman_116/mateh-yehonatan 2 blocks DONE
2026-05-28T01:28:02 siman_116/mechaber 7 blocks DONE
2026-05-28T01:28:02 siman_116/nekudot-hakesef 1 blocks DONE
2026-05-28T01:28:02 siman_116/pitchei-teshuva 7 blocks DONE
2026-05-28T01:28:02 siman_116/rabbi-akiva-eiger-yd 5 blocks DONE
2026-05-28T01:28:02 siman_116/siftei-kohen 8 blocks DONE
2026-05-28T01:28:02 siman_116/turei-zahav 6 blocks DONE
2026-05-28T01:28:02 siman_116/yad-avraham 1 blocks DONE
2026-05-28T01:28:02 siman_116/yad-ephraim 4 blocks DONE
2026-05-28T01:28:02 siman_116 COMPLETE
2026-05-28T01:41:49 siman_120/baer-heitev 22 blocks DONE
2026-05-28T01:41:49 siman_120/beer-hagolah 26 blocks DONE
2026-05-28T01:41:49 siman_120/beur-hagra 40 blocks DONE
2026-05-28T01:41:49 siman_120/mateh-yehonatan 3 blocks DONE
2026-05-28T01:41:49 siman_120/mechaber 16 blocks DONE
2026-05-28T01:41:49 siman_120/nekudot-hakesef 2 blocks DONE
2026-05-28T01:41:49 siman_120/pitchei-teshuva 15 blocks DONE
2026-05-28T01:41:49 siman_120/rabbi-akiva-eiger-yd 7 blocks DONE
2026-05-28T01:41:49 siman_120/siftei-kohen 29 blocks DONE
2026-05-28T01:41:49 siman_120/turei-zahav 18 blocks DONE
2026-05-28T01:41:49 siman_120/yad-ephraim 3 blocks DONE
2026-05-28T01:41:49 siman_120 COMPLETE
2026-05-28T01:45:05 siman_111/baer-heitev 16 blocks DONE
2026-05-28T01:45:05 siman_111/beer-hagolah 7 blocks DONE
2026-05-28T01:45:05 siman_111/beur-hagra 21 blocks DONE
2026-05-28T01:45:05 siman_111/kaf-hachayim 7 blocks DONE
2026-05-28T01:45:05 siman_111/kereti 7 blocks DONE
2026-05-28T01:45:05 siman_111/mateh-yehonatan 2 blocks DONE
2026-05-28T01:45:05 siman_111/mechaber 7 blocks DONE
2026-05-28T01:45:05 siman_111/peleti 8 blocks DONE
2026-05-28T01:45:05 siman_111/pitchei-teshuva 2 blocks DONE
2026-05-28T01:45:05 siman_111/rabbi-akiva-eiger-yd 1 blocks DONE
2026-05-28T01:45:05 siman_111/siftei-kohen 20 blocks DONE
2026-05-28T01:45:05 siman_111/turei-zahav 10 blocks DONE
2026-05-28T01:45:05 siman_111/yad-avraham 2 blocks DONE
2026-05-28T01:45:05 siman_111 COMPLETE
2026-05-28T01:45:05 siman_112/baer-heitev 14 blocks DONE
2026-05-28T01:45:05 siman_112/beer-hagolah 23 blocks DONE
2026-05-28T01:45:05 siman_112/beur-hagra 34 blocks DONE
2026-05-28T01:45:05 siman_112/kaf-hachayim 16 blocks DONE
2026-05-28T01:45:05 siman_112/mateh-yehonatan 6 blocks DONE
2026-05-28T01:45:05 siman_112/mechaber 16 blocks DONE
2026-05-28T01:45:05 siman_112/nekudot-hakesef 3 blocks DONE
2026-05-28T01:45:05 siman_112/pitchei-teshuva 6 blocks DONE
2026-05-28T01:45:05 siman_112/rabbi-akiva-eiger-yd 1 blocks DONE
2026-05-28T01:45:05 siman_112/siftei-kohen 26 blocks DONE
2026-05-28T01:45:05 siman_112/turei-zahav 10 blocks DONE
2026-05-28T01:45:05 siman_112/yad-ephraim 3 blocks DONE
2026-05-28T01:45:05 siman_112 COMPLETE
2026-05-28T01:45:06 siman_113/baer-heitev 19 blocks DONE
2026-05-28T01:45:06 siman_113/beer-hagolah 16 blocks DONE
2026-05-28T01:45:06 siman_113/beur-hagra 42 blocks DONE
2026-05-28T01:45:06 siman_113/kaf-hachayim 16 blocks DONE
2026-05-28T01:45:06 siman_113/mateh-yehonatan 3 blocks DONE
2026-05-28T01:45:06 siman_113/mechaber 16 blocks DONE
2026-05-28T01:45:06 siman_113/nekudot-hakesef 2 blocks DONE
2026-05-28T01:45:06 siman_113/pitchei-teshuva 6 blocks DONE
2026-05-28T01:45:06 siman_113/rabbi-akiva-eiger-yd 2 blocks DONE
2026-05-28T01:45:06 siman_113/siftei-kohen 21 blocks DONE
2026-05-28T01:45:06 siman_113/turei-zahav 15 blocks DONE
2026-05-28T01:45:06 siman_113/yad-avraham 1 blocks DONE
2026-05-28T01:45:06 siman_113/yad-ephraim 3 blocks DONE
2026-05-28T01:45:06 siman_113 COMPLETE
2026-05-28T01:55:16 siman_117/baer-heitev 7 blocks DONE
2026-05-28T01:55:16 siman_117/beer-hagolah 6 blocks DONE
2026-05-28T01:55:16 siman_117/beur-hagra 10 blocks DONE
2026-05-28T01:55:16 siman_117/kaf-hachayim 1 blocks DONE
2026-05-28T01:55:16 siman_117/mateh-yehonatan 1 blocks DONE
2026-05-28T01:55:16 siman_117/mechaber 1 blocks DONE
2026-05-28T01:55:16 siman_117/nekudot-hakesef 1 blocks DONE
2026-05-28T01:55:16 siman_117/pitchei-teshuva 1 blocks DONE
2026-05-28T01:55:16 siman_117/rabbi-akiva-eiger-yd 1 blocks DONE
2026-05-28T01:55:16 siman_117/siftei-kohen 14 blocks DONE
2026-05-28T01:55:16 siman_117/turei-zahav 4 blocks DONE
2026-05-28T01:55:16 siman_117/yad-avraham 1 blocks DONE
2026-05-28T01:55:16 siman_117/yad-ephraim 1 blocks DONE
2026-05-28T01:55:16 siman_117 COMPLETE
2026-05-28T01:55:17 siman_118/baer-heitev 26 blocks DONE
2026-05-28T01:55:17 siman_118/beer-hagolah 13 blocks DONE
2026-05-28T01:55:17 siman_118/beur-hagra 39 blocks DONE
2026-05-28T01:55:17 siman_118/kaf-hachayim 18 blocks DONE
2026-05-28T01:55:17 siman_118/mateh-yehonatan 5 blocks DONE
2026-05-28T01:55:17 siman_118/mechaber 13 blocks DONE
2026-05-28T01:55:17 siman_118/nekudot-hakesef 4 blocks DONE
2026-05-28T01:55:17 siman_118/pitchei-teshuva 7 blocks DONE
2026-05-28T01:55:17 siman_118/rabbi-akiva-eiger-yd 1 blocks DONE
2026-05-28T01:55:17 siman_118/siftei-kohen 42 blocks DONE
2026-05-28T01:55:17 siman_118/turei-zahav 12 blocks DONE
2026-05-28T01:55:17 siman_118/yad-ephraim 5 blocks DONE
2026-05-28T01:55:17 siman_118 COMPLETE
2026-05-28T01:55:17 siman_119/baer-heitev 26 blocks DONE
2026-05-28T01:55:17 siman_119/beer-hagolah 28 blocks DONE
2026-05-28T01:55:17 siman_119/beur-hagra 41 blocks DONE
2026-05-28T01:55:17 siman_119/kaf-hachayim 23 blocks DONE
2026-05-28T01:55:17 siman_119/mateh-yehonatan 4 blocks DONE
2026-05-28T01:55:17 siman_119/mechaber 20 blocks DONE
2026-05-28T01:55:17 siman_119/nekudot-hakesef 8 blocks DONE
2026-05-28T01:55:17 siman_119/pitchei-teshuva 6 blocks DONE
2026-05-28T01:55:17 siman_119/siftei-kohen 38 blocks DONE
2026-05-28T01:55:17 siman_119/turei-zahav 18 blocks DONE
2026-05-28T01:55:17 siman_119/yad-avraham 1 blocks DONE
2026-05-28T01:55:17 siman_119/yad-ephraim 4 blocks DONE
2026-05-28T01:55:17 siman_119 COMPLETE
2026-05-28T01:55:47 siman_111/baer-heitev 16 blocks DONE
2026-05-28T01:55:47 siman_111/beer-hagolah 7 blocks DONE
2026-05-28T01:55:47 siman_111/beur-hagra 21 blocks DONE
2026-05-28T01:55:47 siman_111/kaf-hachayim 7 blocks DONE
2026-05-28T01:55:47 siman_111/kereti 7 blocks DONE
2026-05-28T01:55:47 siman_111/mateh-yehonatan 2 blocks DONE
2026-05-28T01:55:47 siman_111/mechaber 7 blocks DONE
2026-05-28T01:55:47 siman_111/peleti 8 blocks DONE
2026-05-28T01:55:47 siman_111/pitchei-teshuva 2 blocks DONE
2026-05-28T01:55:47 siman_111/rabbi-akiva-eiger-yd 1 blocks DONE
2026-05-28T01:55:47 siman_111/siftei-kohen 20 blocks DONE
2026-05-28T01:55:47 siman_111/turei-zahav 10 blocks DONE
2026-05-28T01:55:47 siman_111/yad-avraham 2 blocks DONE
2026-05-28T01:55:47 siman_111 COMPLETE
2026-05-28T01:55:47 siman_112/baer-heitev 14 blocks DONE
2026-05-28T01:55:47 siman_112/beer-hagolah 23 blocks DONE
2026-05-28T01:55:47 siman_112/beur-hagra 34 blocks DONE
2026-05-28T01:55:47 siman_112/kaf-hachayim 16 blocks DONE
2026-05-28T01:55:47 siman_112/mateh-yehonatan 6 blocks DONE
2026-05-28T01:55:47 siman_112/mechaber 16 blocks DONE
2026-05-28T01:55:47 siman_112/nekudot-hakesef 3 blocks DONE
2026-05-28T01:55:47 siman_112/pitchei-teshuva 6 blocks DONE
2026-05-28T01:55:47 siman_112/rabbi-akiva-eiger-yd 1 blocks DONE
2026-05-28T01:55:47 siman_112/siftei-kohen 26 blocks DONE
2026-05-28T01:55:47 siman_112/turei-zahav 10 blocks DONE
2026-05-28T01:55:47 siman_112/yad-ephraim 3 blocks DONE
2026-05-28T01:55:47 siman_112 COMPLETE
2026-05-28T01:55:48 siman_113/baer-heitev 19 blocks DONE
2026-05-28T01:55:48 siman_113/beer-hagolah 16 blocks DONE
2026-05-28T01:55:48 siman_113/beur-hagra 42 blocks DONE
2026-05-28T01:55:48 siman_113/kaf-hachayim 16 blocks DONE
2026-05-28T01:55:48 siman_113/mateh-yehonatan 3 blocks DONE
2026-05-28T01:55:48 siman_113/mechaber 16 blocks DONE
2026-05-28T01:55:48 siman_113/nekudot-hakesef 2 blocks DONE
2026-05-28T01:55:48 siman_113/pitchei-teshuva 6 blocks DONE
2026-05-28T01:55:48 siman_113/rabbi-akiva-eiger-yd 2 blocks DONE
2026-05-28T01:55:48 siman_113/siftei-kohen 21 blocks DONE
2026-05-28T01:55:48 siman_113/turei-zahav 15 blocks DONE
2026-05-28T01:55:48 siman_113/yad-avraham 1 blocks DONE
2026-05-28T01:55:48 siman_113/yad-ephraim 3 blocks DONE
2026-05-28T01:55:48 siman_113 COMPLETE
2026-05-28T01:55:49 siman_114/baer-heitev 20 blocks DONE
2026-05-28T01:55:49 siman_114/beer-hagolah 12 blocks DONE
2026-05-28T01:55:49 siman_114/beur-hagra 28 blocks DONE
2026-05-28T01:55:49 siman_114/kaf-hachayim 12 blocks DONE
2026-05-28T01:55:49 siman_114/mateh-yehonatan 4 blocks DONE
2026-05-28T01:55:49 siman_114/mechaber 12 blocks DONE
2026-05-28T01:55:49 siman_114/nekudot-hakesef 4 blocks DONE
2026-05-28T01:55:49 siman_114/pitchei-teshuva 7 blocks DONE
2026-05-28T01:55:49 siman_114/rabbi-akiva-eiger-yd 1 blocks DONE
2026-05-28T01:55:49 siman_114/siftei-kohen 21 blocks DONE
2026-05-28T01:55:49 siman_114/turei-zahav 15 blocks DONE
2026-05-28T01:55:49 siman_114/yad-ephraim 3 blocks DONE
2026-05-28T01:55:49 siman_114 COMPLETE
2026-05-28T01:55:49 siman_115/baer-heitev 19 blocks DONE
2026-05-28T01:55:49 siman_115/beer-hagolah 9 blocks DONE
2026-05-28T01:55:49 siman_115/beur-hagra 24 blocks DONE
2026-05-28T01:55:49 siman_115/kaf-hachayim 3 blocks DONE
2026-05-28T01:55:49 siman_115/mateh-yehonatan 3 blocks DONE
2026-05-28T01:55:49 siman_115/mechaber 3 blocks DONE
2026-05-28T01:55:49 siman_115/nekudot-hakesef 3 blocks DONE
2026-05-28T01:55:49 siman_115/pitchei-teshuva 3 blocks DONE
2026-05-28T01:55:49 siman_115/rabbi-akiva-eiger-yd 1 blocks DONE
2026-05-28T01:55:49 siman_115/siftei-kohen 29 blocks DONE
2026-05-28T01:55:49 siman_115/turei-zahav 14 blocks DONE
2026-05-28T01:55:49 siman_115/yad-ephraim 3 blocks DONE
2026-05-28T01:55:49 siman_115 COMPLETE
2026-05-28T01:55:50 siman_116/baer-heitev 9 blocks DONE
2026-05-28T01:55:50 siman_116/beer-hagolah 7 blocks DONE
2026-05-28T01:55:50 siman_116/beur-hagra 20 blocks DONE
2026-05-28T01:55:50 siman_116/kaf-hachayim 7 blocks DONE
2026-05-28T01:55:50 siman_116/mateh-yehonatan 2 blocks DONE
2026-05-28T01:55:50 siman_116/mechaber 7 blocks DONE
2026-05-28T01:55:50 siman_116/nekudot-hakesef 1 blocks DONE
2026-05-28T01:55:50 siman_116/pitchei-teshuva 7 blocks DONE
2026-05-28T01:55:50 siman_116/rabbi-akiva-eiger-yd 5 blocks DONE
2026-05-28T01:55:50 siman_116/siftei-kohen 8 blocks DONE
2026-05-28T01:55:50 siman_116/turei-zahav 6 blocks DONE
2026-05-28T01:55:50 siman_116/yad-avraham 1 blocks DONE
2026-05-28T01:55:50 siman_116/yad-ephraim 4 blocks DONE
2026-05-28T01:55:50 siman_116 COMPLETE
2026-05-28T01:55:51 siman_117/baer-heitev 7 blocks DONE
2026-05-28T01:55:51 siman_117/beer-hagolah 6 blocks DONE
2026-05-28T01:55:51 siman_117/beur-hagra 10 blocks DONE
2026-05-28T01:55:51 siman_117/kaf-hachayim 1 blocks DONE
2026-05-28T01:55:51 siman_117/mateh-yehonatan 1 blocks DONE
2026-05-28T01:55:51 siman_117/mechaber 1 blocks DONE
2026-05-28T01:55:51 siman_117/nekudot-hakesef 1 blocks DONE
2026-05-28T01:55:51 siman_117/pitchei-teshuva 1 blocks DONE
2026-05-28T01:55:51 siman_117/rabbi-akiva-eiger-yd 1 blocks DONE
2026-05-28T01:55:51 siman_117/siftei-kohen 14 blocks DONE
2026-05-28T01:55:51 siman_117/turei-zahav 4 blocks DONE
2026-05-28T01:55:51 siman_117/yad-avraham 1 blocks DONE
2026-05-28T01:55:51 siman_117/yad-ephraim 1 blocks DONE
2026-05-28T01:55:51 siman_117 COMPLETE
2026-05-28T01:55:51 siman_118/baer-heitev 26 blocks DONE
2026-05-28T01:55:51 siman_118/beer-hagolah 13 blocks DONE
2026-05-28T01:55:51 siman_118/beur-hagra 39 blocks DONE
2026-05-28T01:55:51 siman_118/kaf-hachayim 18 blocks DONE
2026-05-28T01:55:51 siman_118/mateh-yehonatan 5 blocks DONE
2026-05-28T01:55:51 siman_118/mechaber 13 blocks DONE
2026-05-28T01:55:51 siman_118/nekudot-hakesef 4 blocks DONE
2026-05-28T01:55:51 siman_118/pitchei-teshuva 7 blocks DONE
2026-05-28T01:55:51 siman_118/rabbi-akiva-eiger-yd 1 blocks DONE
2026-05-28T01:55:51 siman_118/siftei-kohen 42 blocks DONE
2026-05-28T01:55:51 siman_118/turei-zahav 12 blocks DONE
2026-05-28T01:55:51 siman_118/yad-ephraim 5 blocks DONE
2026-05-28T01:55:51 siman_118 COMPLETE
2026-05-28T01:55:52 siman_119/baer-heitev 26 blocks DONE
2026-05-28T01:55:52 siman_119/beer-hagolah 28 blocks DONE
2026-05-28T01:55:52 siman_119/beur-hagra 41 blocks DONE
2026-05-28T01:55:52 siman_119/kaf-hachayim 23 blocks DONE
2026-05-28T01:55:52 siman_119/mateh-yehonatan 4 blocks DONE
2026-05-28T01:55:52 siman_119/mechaber 20 blocks DONE
2026-05-28T01:55:52 siman_119/nekudot-hakesef 8 blocks DONE
2026-05-28T01:55:52 siman_119/pitchei-teshuva 6 blocks DONE
2026-05-28T01:55:52 siman_119/siftei-kohen 38 blocks DONE
2026-05-28T01:55:52 siman_119/turei-zahav 18 blocks DONE
2026-05-28T01:55:52 siman_119/yad-avraham 1 blocks DONE
2026-05-28T01:55:52 siman_119/yad-ephraim 4 blocks DONE
2026-05-28T01:55:52 siman_119 COMPLETE
2026-05-28T01:55:52 siman_120/baer-heitev 22 blocks DONE
2026-05-28T01:55:52 siman_120/beer-hagolah 26 blocks DONE
2026-05-28T01:55:52 siman_120/beur-hagra 40 blocks DONE
2026-05-28T01:55:52 siman_120/mateh-yehonatan 3 blocks DONE
2026-05-28T01:55:52 siman_120/mechaber 16 blocks DONE
2026-05-28T01:55:52 siman_120/nekudot-hakesef 2 blocks DONE
2026-05-28T01:55:52 siman_120/pitchei-teshuva 15 blocks DONE
2026-05-28T01:55:52 siman_120/rabbi-akiva-eiger-yd 7 blocks DONE
2026-05-28T01:55:52 siman_120/siftei-kohen 29 blocks DONE
2026-05-28T01:55:52 siman_120/turei-zahav 18 blocks DONE
2026-05-28T01:55:52 siman_120/yad-ephraim 3 blocks DONE
2026-05-28T01:55:52 siman_120 COMPLETE
2026-05-28T01:56:01 siman_111/baer-heitev 16 blocks DONE
2026-05-28T01:56:01 siman_111/beer-hagolah 7 blocks DONE
2026-05-28T01:56:01 siman_111/beur-hagra 21 blocks DONE
2026-05-28T01:56:01 siman_111/kaf-hachayim 7 blocks DONE
2026-05-28T01:56:01 siman_111/kereti 7 blocks DONE
2026-05-28T01:56:01 siman_111/mateh-yehonatan 2 blocks DONE
2026-05-28T01:56:01 siman_111/mechaber 7 blocks DONE
2026-05-28T01:56:01 siman_111/peleti 8 blocks DONE
2026-05-28T01:56:01 siman_111/pitchei-teshuva 2 blocks DONE
2026-05-28T01:56:01 siman_111/rabbi-akiva-eiger-yd 1 blocks DONE
2026-05-28T01:56:01 siman_111/siftei-kohen 20 blocks DONE
2026-05-28T01:56:01 siman_111/turei-zahav 10 blocks DONE
2026-05-28T01:56:01 siman_111/yad-avraham 2 blocks DONE
2026-05-28T01:56:01 siman_111 COMPLETE
2026-05-28T01:56:08 siman_112/baer-heitev 14 blocks DONE
2026-05-28T01:56:08 siman_112/beer-hagolah 23 blocks DONE
2026-05-28T01:56:08 siman_112/beur-hagra 34 blocks DONE
2026-05-28T01:56:08 siman_112/kaf-hachayim 16 blocks DONE
2026-05-28T01:56:08 siman_112/mateh-yehonatan 6 blocks DONE
2026-05-28T01:56:08 siman_112/mechaber 16 blocks DONE
2026-05-28T01:56:08 siman_112/nekudot-hakesef 3 blocks DONE
2026-05-28T01:56:08 siman_112/pitchei-teshuva 6 blocks DONE
2026-05-28T01:56:08 siman_112/rabbi-akiva-eiger-yd 1 blocks DONE
2026-05-28T01:56:08 siman_112/siftei-kohen 26 blocks DONE
2026-05-28T01:56:08 siman_112/turei-zahav 10 blocks DONE
2026-05-28T01:56:08 siman_112/yad-ephraim 3 blocks DONE
2026-05-28T01:56:08 siman_112 COMPLETE
2026-05-28T01:56:08 siman_113/baer-heitev 19 blocks DONE
2026-05-28T01:56:08 siman_113/beer-hagolah 16 blocks DONE
2026-05-28T01:56:08 siman_113/beur-hagra 42 blocks DONE
2026-05-28T01:56:08 siman_113/kaf-hachayim 16 blocks DONE
2026-05-28T01:56:08 siman_113/mateh-yehonatan 3 blocks DONE
2026-05-28T01:56:08 siman_113/mechaber 16 blocks DONE
2026-05-28T01:56:08 siman_113/nekudot-hakesef 2 blocks DONE
2026-05-28T01:56:08 siman_113/pitchei-teshuva 6 blocks DONE
2026-05-28T01:56:08 siman_113/rabbi-akiva-eiger-yd 2 blocks DONE
2026-05-28T01:56:08 siman_113/siftei-kohen 21 blocks DONE
2026-05-28T01:56:08 siman_113/turei-zahav 15 blocks DONE
2026-05-28T01:56:08 siman_113/yad-avraham 1 blocks DONE
2026-05-28T01:56:08 siman_113/yad-ephraim 3 blocks DONE
2026-05-28T01:56:08 siman_113 COMPLETE
2026-05-28T01:56:08 siman_114/baer-heitev 20 blocks DONE
2026-05-28T01:56:08 siman_114/beer-hagolah 12 blocks DONE
2026-05-28T01:56:08 siman_114/beur-hagra 28 blocks DONE
2026-05-28T01:56:08 siman_114/kaf-hachayim 12 blocks DONE
2026-05-28T01:56:08 siman_114/mateh-yehonatan 4 blocks DONE
2026-05-28T01:56:08 siman_114/mechaber 12 blocks DONE
2026-05-28T01:56:08 siman_114/nekudot-hakesef 4 blocks DONE
2026-05-28T01:56:08 siman_114/pitchei-teshuva 7 blocks DONE
2026-05-28T01:56:08 siman_114/rabbi-akiva-eiger-yd 1 blocks DONE
2026-05-28T01:56:08 siman_114/siftei-kohen 21 blocks DONE
2026-05-28T01:56:08 siman_114/turei-zahav 15 blocks DONE
2026-05-28T01:56:08 siman_114/yad-ephraim 3 blocks DONE
2026-05-28T01:56:08 siman_114 COMPLETE
2026-05-28T01:56:08 siman_115/baer-heitev 19 blocks DONE
2026-05-28T01:56:08 siman_115/beer-hagolah 9 blocks DONE
2026-05-28T01:56:08 siman_115/beur-hagra 24 blocks DONE
2026-05-28T01:56:08 siman_115/kaf-hachayim 3 blocks DONE
2026-05-28T01:56:08 siman_115/mateh-yehonatan 3 blocks DONE
2026-05-28T01:56:08 siman_115/mechaber 3 blocks DONE
2026-05-28T01:56:08 siman_115/nekudot-hakesef 3 blocks DONE
2026-05-28T01:56:08 siman_115/pitchei-teshuva 3 blocks DONE
2026-05-28T01:56:08 siman_115/rabbi-akiva-eiger-yd 1 blocks DONE
2026-05-28T01:56:08 siman_115/siftei-kohen 29 blocks DONE
2026-05-28T01:56:08 siman_115/turei-zahav 14 blocks DONE
2026-05-28T01:56:08 siman_115/yad-ephraim 3 blocks DONE
2026-05-28T01:56:08 siman_115 COMPLETE
2026-05-28T01:56:09 siman_116/baer-heitev 9 blocks DONE
2026-05-28T01:56:09 siman_116/beer-hagolah 7 blocks DONE
2026-05-28T01:56:09 siman_116/beur-hagra 20 blocks DONE
2026-05-28T01:56:09 siman_116/kaf-hachayim 7 blocks DONE
2026-05-28T01:56:09 siman_116/mateh-yehonatan 2 blocks DONE
2026-05-28T01:56:09 siman_116/mechaber 7 blocks DONE
2026-05-28T01:56:09 siman_116/nekudot-hakesef 1 blocks DONE
2026-05-28T01:56:09 siman_116/pitchei-teshuva 7 blocks DONE
2026-05-28T01:56:09 siman_116/rabbi-akiva-eiger-yd 5 blocks DONE
2026-05-28T01:56:09 siman_116/siftei-kohen 8 blocks DONE
2026-05-28T01:56:09 siman_116/turei-zahav 6 blocks DONE
2026-05-28T01:56:09 siman_116/yad-avraham 1 blocks DONE
2026-05-28T01:56:09 siman_116/yad-ephraim 4 blocks DONE
2026-05-28T01:56:09 siman_116 COMPLETE
2026-05-28T01:56:09 siman_117/baer-heitev 7 blocks DONE
2026-05-28T01:56:09 siman_117/beer-hagolah 6 blocks DONE
2026-05-28T01:56:09 siman_117/beur-hagra 10 blocks DONE
2026-05-28T01:56:09 siman_117/kaf-hachayim 1 blocks DONE
2026-05-28T01:56:09 siman_117/mateh-yehonatan 1 blocks DONE
2026-05-28T01:56:09 siman_117/mechaber 1 blocks DONE
2026-05-28T01:56:09 siman_117/nekudot-hakesef 1 blocks DONE
2026-05-28T01:56:09 siman_117/pitchei-teshuva 1 blocks DONE
2026-05-28T01:56:09 siman_117/rabbi-akiva-eiger-yd 1 blocks DONE
2026-05-28T01:56:09 siman_117/siftei-kohen 14 blocks DONE
2026-05-28T01:56:09 siman_117/turei-zahav 4 blocks DONE
2026-05-28T01:56:09 siman_117/yad-avraham 1 blocks DONE
2026-05-28T01:56:09 siman_117/yad-ephraim 1 blocks DONE
2026-05-28T01:56:09 siman_117 COMPLETE
2026-05-28T01:56:09 siman_118/baer-heitev 26 blocks DONE
2026-05-28T01:56:09 siman_118/beer-hagolah 13 blocks DONE
2026-05-28T01:56:09 siman_118/beur-hagra 39 blocks DONE
2026-05-28T01:56:09 siman_118/kaf-hachayim 18 blocks DONE
2026-05-28T01:56:09 siman_118/mateh-yehonatan 5 blocks DONE
2026-05-28T01:56:09 siman_118/mechaber 13 blocks DONE
2026-05-28T01:56:09 siman_118/nekudot-hakesef 4 blocks DONE
2026-05-28T01:56:09 siman_118/pitchei-teshuva 7 blocks DONE
2026-05-28T01:56:09 siman_118/rabbi-akiva-eiger-yd 1 blocks DONE
2026-05-28T01:56:09 siman_118/siftei-kohen 42 blocks DONE
2026-05-28T01:56:09 siman_118/turei-zahav 12 blocks DONE
2026-05-28T01:56:09 siman_118/yad-ephraim 5 blocks DONE
2026-05-28T01:56:09 siman_118 COMPLETE
2026-05-28T01:56:09 siman_119/baer-heitev 26 blocks DONE
2026-05-28T01:56:09 siman_119/beer-hagolah 28 blocks DONE
2026-05-28T01:56:09 siman_119/beur-hagra 41 blocks DONE
2026-05-28T01:56:09 siman_119/kaf-hachayim 23 blocks DONE
2026-05-28T01:56:09 siman_119/mateh-yehonatan 4 blocks DONE
2026-05-28T01:56:09 siman_119/mechaber 20 blocks DONE
2026-05-28T01:56:09 siman_119/nekudot-hakesef 8 blocks DONE
2026-05-28T01:56:09 siman_119/pitchei-teshuva 6 blocks DONE
2026-05-28T01:56:09 siman_119/siftei-kohen 38 blocks DONE
2026-05-28T01:56:09 siman_119/turei-zahav 18 blocks DONE
2026-05-28T01:56:09 siman_119/yad-avraham 1 blocks DONE
2026-05-28T01:56:09 siman_119/yad-ephraim 4 blocks DONE
2026-05-28T01:56:09 siman_119 COMPLETE
2026-05-28T01:56:09 siman_120/baer-heitev 22 blocks DONE
2026-05-28T01:56:09 siman_120/beer-hagolah 26 blocks DONE
2026-05-28T01:56:09 siman_120/beur-hagra 40 blocks DONE
2026-05-28T01:56:09 siman_120/mateh-yehonatan 3 blocks DONE
2026-05-28T01:56:09 siman_120/mechaber 16 blocks DONE
2026-05-28T01:56:09 siman_120/nekudot-hakesef 2 blocks DONE
2026-05-28T01:56:09 siman_120/pitchei-teshuva 15 blocks DONE
2026-05-28T01:56:09 siman_120/rabbi-akiva-eiger-yd 7 blocks DONE
2026-05-28T01:56:09 siman_120/siftei-kohen 29 blocks DONE
2026-05-28T01:56:09 siman_120/turei-zahav 18 blocks DONE
2026-05-28T01:56:09 siman_120/yad-ephraim 3 blocks DONE
2026-05-28T01:56:09 siman_120 COMPLETE
2026-05-28T01:59:26 siman_125/baer-heitev 18 blocks DONE
2026-05-28T01:59:26 siman_125/beer-hagolah 24 blocks DONE
2026-05-28T01:59:26 siman_125/beur-hagra 25 blocks DONE
2026-05-28T01:59:26 siman_125/mateh-yehonatan 3 blocks DONE
2026-05-28T01:59:26 siman_125/mechaber 11 blocks DONE
2026-05-28T01:59:26 siman_125/nekudot-hakesef 3 blocks DONE
2026-05-28T01:59:26 siman_125/pitchei-teshuva 1 blocks DONE
2026-05-28T01:59:26 siman_125/rabbi-akiva-eiger-yd 3 blocks DONE
2026-05-28T01:59:26 siman_125/siftei-kohen 22 blocks DONE
2026-05-28T01:59:26 siman_125/turei-zahav 13 blocks DONE
2026-05-28T01:59:26 siman_125/yad-ephraim 2 blocks DONE
2026-05-28T01:59:26 siman_125 COMPLETE
2026-05-28T01:59:27 siman_126/baer-heitev 11 blocks DONE
2026-05-28T01:59:27 siman_126/beer-hagolah 7 blocks DONE
2026-05-28T01:59:27 siman_126/beur-hagra 16 blocks DONE
2026-05-28T01:59:27 siman_126/mechaber 7 blocks DONE
2026-05-28T01:59:27 siman_126/nekudot-hakesef 2 blocks DONE
2026-05-28T01:59:27 siman_126/pitchei-teshuva 2 blocks DONE
2026-05-28T01:59:27 siman_126/rabbi-akiva-eiger-yd 1 blocks DONE
2026-05-28T01:59:27 siman_126/siftei-kohen 13 blocks DONE
2026-05-28T01:59:27 siman_126/turei-zahav 7 blocks DONE
2026-05-28T01:59:27 siman_126/yad-ephraim 1 blocks DONE
2026-05-28T01:59:27 siman_126 COMPLETE
2026-05-28T02:01:47 siman_121/baer-heitev 10 blocks DONE
2026-05-28T02:01:47 siman_121/beer-hagolah 7 blocks DONE
2026-05-28T02:01:47 siman_121/beur-hagra 31 blocks DONE
2026-05-28T02:01:47 siman_121/mateh-yehonatan 1 blocks DONE
2026-05-28T02:01:47 siman_121/mechaber 7 blocks DONE
2026-05-28T02:01:47 siman_121/nekudot-hakesef 1 blocks DONE
2026-05-28T02:01:47 siman_121/pitchei-teshuva 7 blocks DONE
2026-05-28T02:01:47 siman_121/rabbi-akiva-eiger-yd 6 blocks DONE
2026-05-28T02:01:47 siman_121/siftei-kohen 20 blocks DONE
2026-05-28T02:01:47 siman_121/turei-zahav 7 blocks DONE
2026-05-28T02:01:47 siman_121/yad-ephraim 1 blocks DONE
2026-05-28T02:01:47 siman_121 COMPLETE
2026-05-28T02:01:51 siman_122/baer-heitev 9 blocks DONE
2026-05-28T02:01:51 siman_122/beer-hagolah 13 blocks DONE
2026-05-28T02:01:51 siman_122/beur-hagra 34 blocks DONE
2026-05-28T02:01:51 siman_122/mateh-yehonatan 3 blocks DONE
2026-05-28T02:01:51 siman_122/mechaber 12 blocks DONE
2026-05-28T02:01:51 siman_122/nekudot-hakesef 2 blocks DONE
2026-05-28T02:01:51 siman_122/pitchei-teshuva 7 blocks DONE
2026-05-28T02:01:51 siman_122/rabbi-akiva-eiger-yd 5 blocks DONE
2026-05-28T02:01:51 siman_122/siftei-kohen 10 blocks DONE
2026-05-28T02:01:51 siman_122/turei-zahav 9 blocks DONE
2026-05-28T02:01:51 siman_122/yad-ephraim 2 blocks DONE
2026-05-28T02:01:51 siman_122 COMPLETE
2026-05-28T02:08:03 siman_123/baer-heitev 31 blocks DONE
2026-05-28T02:08:03 siman_123/beer-hagolah 26 blocks DONE
2026-05-28T02:08:03 siman_123/beur-hagra 56 blocks DONE
2026-05-28T02:08:03 siman_123/mateh-yehonatan 4 blocks DONE
2026-05-28T02:08:03 siman_123/mechaber 26 blocks DONE
2026-05-28T02:08:03 siman_123/nekudot-hakesef 7 blocks DONE
2026-05-28T02:08:03 siman_123/pitchei-teshuva 17 blocks DONE
2026-05-28T02:08:03 siman_123/rabbi-akiva-eiger-yd 12 blocks DONE
2026-05-28T02:08:03 siman_123/siftei-kohen 51 blocks DONE
2026-05-28T02:08:03 siman_123/turei-zahav 18 blocks DONE
2026-05-28T02:08:03 siman_123/yad-avraham 1 blocks DONE
2026-05-28T02:08:03 siman_123/yad-ephraim 8 blocks DONE
2026-05-28T02:08:03 siman_123 COMPLETE
2026-05-28T02:10:31 siman_124/baer-heitev 50 blocks DONE
2026-05-28T02:10:31 siman_124/beer-hagolah 27 blocks DONE
2026-05-28T02:10:31 siman_124/beur-hagra 76 blocks DONE
2026-05-28T02:10:31 siman_124/mateh-yehonatan 4 blocks DONE
2026-05-28T02:10:31 siman_124/mechaber 27 blocks DONE
2026-05-28T02:10:31 siman_124/nekudot-hakesef 18 blocks DONE
2026-05-28T02:10:31 siman_124/pitchei-teshuva 7 blocks DONE
2026-05-28T02:10:31 siman_124/rabbi-akiva-eiger-yd 13 blocks DONE
2026-05-28T02:10:31 siman_124/siftei-kohen 77 blocks DONE
2026-05-28T02:10:31 siman_124/turei-zahav 36 blocks DONE
2026-05-28T02:10:31 siman_124/yad-avraham 1 blocks DONE
2026-05-28T02:10:31 siman_124/yad-ephraim 2 blocks DONE
2026-05-28T02:10:31 siman_124 COMPLETE
2026-05-28T03:30:31 siman_125/baer-heitev 18 blocks DONE
2026-05-28T03:30:31 siman_125/beer-hagolah 24 blocks DONE
2026-05-28T03:30:31 siman_125/beur-hagra 25 blocks DONE
2026-05-28T03:30:31 siman_125/mateh-yehonatan 3 blocks DONE
2026-05-28T03:30:31 siman_125/mechaber 11 blocks DONE
2026-05-28T03:30:31 siman_125/nekudot-hakesef 3 blocks DONE
2026-05-28T03:30:31 siman_125/pitchei-teshuva 1 blocks DONE
2026-05-28T03:30:31 siman_125/rabbi-akiva-eiger-yd 3 blocks DONE
2026-05-28T03:30:31 siman_125/siftei-kohen 22 blocks DONE
2026-05-28T03:30:31 siman_125/turei-zahav 13 blocks DONE
2026-05-28T03:30:31 siman_125/yad-ephraim 2 blocks DONE
2026-05-28T03:30:31 siman_125 COMPLETE
2026-05-28T03:31:42 siman_126/baer-heitev 11 blocks DONE
2026-05-28T03:31:42 siman_126/beer-hagolah 7 blocks DONE
2026-05-28T03:31:42 siman_126/beur-hagra 16 blocks DONE
2026-05-28T03:31:42 siman_126/mechaber 7 blocks DONE
2026-05-28T03:31:42 siman_126/nekudot-hakesef 2 blocks DONE
2026-05-28T03:31:42 siman_126/pitchei-teshuva 2 blocks DONE
2026-05-28T03:31:42 siman_126/rabbi-akiva-eiger-yd 1 blocks DONE
2026-05-28T03:31:42 siman_126/siftei-kohen 13 blocks DONE
2026-05-28T03:31:42 siman_126/turei-zahav 7 blocks DONE
2026-05-28T03:31:42 siman_126/yad-ephraim 1 blocks DONE
2026-05-28T03:31:42 siman_126 COMPLETE
2026-05-28T03:32:54 siman_127/baer-heitev 22 blocks DONE
2026-05-28T03:32:54 siman_127/beer-hagolah 8 blocks DONE
2026-05-28T03:32:54 siman_127/beur-hagra 33 blocks DONE
2026-05-28T03:32:54 siman_127/mateh-yehonatan 4 blocks DONE
2026-05-28T03:32:54 siman_127/mechaber 4 blocks DONE
2026-05-28T03:32:54 siman_127/nekudot-hakesef 4 blocks DONE
2026-05-28T03:32:54 siman_127/pitchei-teshuva 4 blocks DONE
2026-05-28T03:32:54 siman_127/rabbi-akiva-eiger-yd 1 blocks DONE
2026-05-28T03:32:54 siman_127/siftei-kohen 32 blocks DONE
2026-05-28T03:32:54 siman_127/turei-zahav 7 blocks DONE
2026-05-28T03:32:54 siman_127/yad-avraham 1 blocks DONE
2026-05-28T03:32:54 siman_127/yad-ephraim 2 blocks DONE
2026-05-28T03:32:54 siman_127 COMPLETE
2026-05-28T03:33:28 siman_128/baer-heitev 10 blocks DONE
2026-05-28T03:33:28 siman_128/beer-hagolah 5 blocks DONE
2026-05-28T03:33:28 siman_128/beur-hagra 25 blocks DONE
2026-05-28T03:33:28 siman_128/mateh-yehonatan 1 blocks DONE
2026-05-28T03:33:28 siman_128/mechaber 5 blocks DONE
2026-05-28T03:33:28 siman_128/nekudot-hakesef 1 blocks DONE
2026-05-28T03:33:28 siman_128/pitchei-teshuva 1 blocks DONE
2026-05-28T03:33:28 siman_128/rabbi-akiva-eiger-yd 1 blocks DONE
2026-05-28T03:33:28 siman_128/siftei-kohen 13 blocks DONE
2026-05-28T03:33:28 siman_128/turei-zahav 9 blocks DONE
2026-05-28T03:33:28 siman_128/yad-ephraim 1 blocks DONE
2026-05-28T03:33:28 siman_128 COMPLETE
2026-05-28T03:34:56 siman_129/baer-heitev 30 blocks DONE
2026-05-28T03:34:56 siman_129/beer-hagolah 20 blocks DONE
2026-05-28T03:34:56 siman_129/beur-hagra 48 blocks DONE
2026-05-28T03:34:56 siman_129/mateh-yehonatan 2 blocks DONE
2026-05-28T03:34:56 siman_129/mechaber 20 blocks DONE
2026-05-28T03:34:56 siman_129/nekudot-hakesef 7 blocks DONE
2026-05-28T03:34:56 siman_129/pitchei-teshuva 6 blocks DONE
2026-05-28T03:34:56 siman_129/siftei-kohen 44 blocks DONE
2026-05-28T03:34:56 siman_129/turei-zahav 32 blocks DONE
2026-05-28T03:34:56 siman_129/yad-ephraim 6 blocks DONE
2026-05-28T03:34:56 siman_129 COMPLETE
2026-05-28T03:38:12 siman_129/baer-heitev 30 blocks DONE
2026-05-28T03:38:12 siman_129/beer-hagolah 20 blocks DONE
2026-05-28T03:38:12 siman_129/beur-hagra 48 blocks DONE
2026-05-28T03:38:12 siman_129/mateh-yehonatan 2 blocks DONE
2026-05-28T03:38:12 siman_129/mechaber 20 blocks DONE
2026-05-28T03:38:12 siman_129/nekudot-hakesef 7 blocks DONE
2026-05-28T03:38:12 siman_129/pitchei-teshuva 6 blocks DONE
2026-05-28T03:38:12 siman_129/siftei-kohen 44 blocks DONE
2026-05-28T03:38:12 siman_129/turei-zahav 32 blocks DONE
2026-05-28T03:38:12 siman_129/yad-ephraim 6 blocks DONE
2026-05-28T03:38:12 siman_129 COMPLETE
2026-05-28T03:39:34 siman_130/baer-heitev 10 blocks DONE
2026-05-28T03:39:34 siman_130/beer-hagolah 15 blocks DONE
2026-05-28T03:39:34 siman_130/beur-hagra 25 blocks DONE
2026-05-28T03:39:34 siman_130/mechaber 10 blocks DONE
2026-05-28T03:39:34 siman_130/nekudot-hakesef 1 blocks DONE
2026-05-28T03:39:34 siman_130/pitchei-teshuva 3 blocks DONE
2026-05-28T03:39:34 siman_130/siftei-kohen 17 blocks DONE
2026-05-28T03:39:34 siman_130/turei-zahav 10 blocks DONE
2026-05-28T03:39:34 siman_130/yad-ephraim 4 blocks DONE
2026-05-28T03:39:34 siman_130 COMPLETE
2026-05-28T03:41:14 siman_131/baer-heitev 15 blocks DONE
2026-05-28T03:41:14 siman_131/beer-hagolah 16 blocks DONE
2026-05-28T03:41:14 siman_131/beur-hagra 21 blocks DONE
2026-05-28T03:41:14 siman_131/mateh-yehonatan 2 blocks DONE
2026-05-28T03:41:14 siman_131/mechaber 2 blocks DONE
2026-05-28T03:41:14 siman_131/nekudot-hakesef 2 blocks DONE
2026-05-28T03:41:14 siman_131/pitchei-teshuva 2 blocks DONE
2026-05-28T03:41:14 siman_131/siftei-kohen 18 blocks DONE
2026-05-28T03:41:14 siman_131/turei-zahav 2 blocks DONE
2026-05-28T03:41:14 siman_131/yad-ephraim 1 blocks DONE
2026-05-28T03:41:14 siman_131 COMPLETE
2026-05-28T03:42:55 siman_132/baer-heitev 21 blocks DONE
2026-05-28T03:42:55 siman_132/beer-hagolah 14 blocks DONE
2026-05-28T03:42:55 siman_132/beur-hagra 36 blocks DONE
2026-05-28T03:42:55 siman_132/mateh-yehonatan 4 blocks DONE
2026-05-28T03:42:55 siman_132/mechaber 7 blocks DONE
2026-05-28T03:42:55 siman_132/nekudot-hakesef 3 blocks DONE
2026-05-28T03:42:55 siman_132/siftei-kohen 40 blocks DONE
2026-05-28T03:42:55 siman_132/turei-zahav 11 blocks DONE
2026-05-28T03:42:55 siman_132/yad-ephraim 1 blocks DONE
2026-05-28T03:42:55 siman_132 COMPLETE
2026-05-28T03:44:13 siman_133/baer-heitev 10 blocks DONE
2026-05-28T03:44:13 siman_133/beer-hagolah 7 blocks DONE
2026-05-28T03:44:13 siman_133/beur-hagra 8 blocks DONE
2026-05-28T03:44:13 siman_133/mateh-yehonatan 2 blocks DONE
2026-05-28T03:44:13 siman_133/mechaber 7 blocks DONE
2026-05-28T03:44:13 siman_133/nekudot-hakesef 2 blocks DONE
2026-05-28T03:44:13 siman_133/pitchei-teshuva 1 blocks DONE
2026-05-28T03:44:13 siman_133/siftei-kohen 8 blocks DONE
2026-05-28T03:44:13 siman_133/turei-zahav 9 blocks DONE
2026-05-28T03:44:13 siman_133/yad-ephraim 1 blocks DONE
2026-05-28T03:44:13 siman_133 COMPLETE
2026-05-28T03:45:54 siman_134/baer-heitev 17 blocks DONE
2026-05-28T03:45:54 siman_134/beer-hagolah 13 blocks DONE
2026-05-28T03:45:54 siman_134/beur-hagra 33 blocks DONE
2026-05-28T03:45:54 siman_134/mateh-yehonatan 5 blocks DONE
2026-05-28T03:45:54 siman_134/mechaber 13 blocks DONE
2026-05-28T03:45:54 siman_134/nekudot-hakesef 3 blocks DONE
2026-05-28T03:45:54 siman_134/pitchei-teshuva 8 blocks DONE
2026-05-28T03:45:54 siman_134/rabbi-akiva-eiger-yd 3 blocks DONE
2026-05-28T03:45:54 siman_134/siftei-kohen 29 blocks DONE
2026-05-28T03:45:54 siman_134/turei-zahav 11 blocks DONE
2026-05-28T03:45:54 siman_134/yad-ephraim 1 blocks DONE
2026-05-28T03:45:54 siman_134 COMPLETE
2026-05-28T03:48:18 siman_135/baer-heitev 26 blocks DONE
2026-05-28T03:48:18 siman_135/beer-hagolah 16 blocks DONE
2026-05-28T03:48:18 siman_135/beur-hagra 53 blocks DONE
2026-05-28T03:48:18 siman_135/mechaber 16 blocks DONE
2026-05-28T03:48:18 siman_135/nekudot-hakesef 3 blocks DONE
2026-05-28T03:48:18 siman_135/pitchei-teshuva 3 blocks DONE
2026-05-28T03:48:18 siman_135/rabbi-akiva-eiger-yd 1 blocks DONE
2026-05-28T03:48:18 siman_135/siftei-kohen 36 blocks DONE
2026-05-28T03:48:18 siman_135/turei-zahav 19 blocks DONE
2026-05-28T03:48:18 siman_135/yad-ephraim 1 blocks DONE
2026-05-28T03:48:18 siman_135 COMPLETE
2026-05-28T03:49:12 siman_136/baer-heitev 3 blocks DONE
2026-05-28T03:49:12 siman_136/beer-hagolah 1 blocks DONE
2026-05-28T03:49:12 siman_136/beur-hagra 5 blocks DONE
2026-05-28T03:49:12 siman_136/mechaber 1 blocks DONE
2026-05-28T03:49:12 siman_136/siftei-kohen 5 blocks DONE
2026-05-28T03:49:12 siman_136/turei-zahav 2 blocks DONE
2026-05-28T03:49:12 siman_136 COMPLETE
2026-05-28T03:50:26 siman_137/baer-heitev 10 blocks DONE
2026-05-28T03:50:26 siman_137/beer-hagolah 10 blocks DONE
2026-05-28T03:50:26 siman_137/beur-hagra 16 blocks DONE
2026-05-28T03:50:26 siman_137/mechaber 6 blocks DONE
2026-05-28T03:50:26 siman_137/nekudot-hakesef 1 blocks DONE
2026-05-28T03:50:26 siman_137/pitchei-teshuva 3 blocks DONE
2026-05-28T03:50:26 siman_137/siftei-kohen 19 blocks DONE
2026-05-28T03:50:26 siman_137/turei-zahav 8 blocks DONE
2026-05-28T03:50:26 siman_137/yad-ephraim 2 blocks DONE
2026-05-28T03:50:26 siman_137 COMPLETE
2026-05-28T03:51:53 siman_138/baer-heitev 13 blocks DONE
2026-05-28T03:51:53 siman_138/beer-hagolah 25 blocks DONE
2026-05-28T03:51:53 siman_138/beur-hagra 37 blocks DONE
2026-05-28T03:51:53 siman_138/mechaber 11 blocks DONE
2026-05-28T03:51:53 siman_138/nekudot-hakesef 1 blocks DONE
2026-05-28T03:51:53 siman_138/siftei-kohen 10 blocks DONE
2026-05-28T03:51:53 siman_138/turei-zahav 14 blocks DONE
2026-05-28T03:51:53 siman_138 COMPLETE
2026-05-28T03:55:00 siman_139/baer-heitev 12 blocks DONE
2026-05-28T03:55:00 siman_139/beer-hagolah 31 blocks DONE
2026-05-28T03:55:00 siman_139/beur-hagra 33 blocks DONE
2026-05-28T03:55:00 siman_139/mechaber 15 blocks DONE
2026-05-28T03:55:00 siman_139/nekudot-hakesef 1 blocks DONE
2026-05-28T03:55:00 siman_139/siftei-kohen 11 blocks DONE
2026-05-28T03:55:00 siman_139/turei-zahav 8 blocks DONE
2026-05-28T03:55:00 siman_139 COMPLETE
2026-05-28T03:56:13 siman_140/baer-heitev 1 blocks DONE
2026-05-28T03:56:13 siman_140/beer-hagolah 6 blocks DONE
2026-05-28T03:56:13 siman_140/beur-hagra 6 blocks DONE
2026-05-28T03:56:13 siman_140/mechaber 1 blocks DONE
2026-05-28T03:56:13 siman_140/siftei-kohen 2 blocks DONE
2026-05-28T03:56:13 siman_140/turei-zahav 1 blocks DONE
2026-05-28T03:56:13 siman_140 COMPLETE
2026-05-28T03:57:42 siman_141/baer-heitev 26 blocks DONE
2026-05-28T03:57:42 siman_141/beer-hagolah 8 blocks DONE
2026-05-28T03:57:42 siman_141/beur-hagra 35 blocks DONE
2026-05-28T03:57:42 siman_141/mechaber 8 blocks DONE
2026-05-28T03:57:42 siman_141/nekudot-hakesef 2 blocks DONE
2026-05-28T03:57:42 siman_141/pitchei-teshuva 8 blocks DONE
2026-05-28T03:57:42 siman_141/rabbi-akiva-eiger-yd 1 blocks DONE
2026-05-28T03:57:42 siman_141/siftei-kohen 36 blocks DONE
2026-05-28T03:57:42 siman_141/turei-zahav 15 blocks DONE
2026-05-28T03:57:42 siman_141/yad-ephraim 4 blocks DONE
2026-05-28T03:57:42 siman_141 COMPLETE
2026-05-28T03:59:32 siman_142/baer-heitev 27 blocks DONE
2026-05-28T03:59:32 siman_142/beer-hagolah 15 blocks DONE
2026-05-28T03:59:32 siman_142/beur-hagra 34 blocks DONE
2026-05-28T03:59:32 siman_142/mechaber 15 blocks DONE
2026-05-28T03:59:32 siman_142/nekudot-hakesef 1 blocks DONE
2026-05-28T03:59:32 siman_142/pitchei-teshuva 3 blocks DONE
2026-05-28T03:59:32 siman_142/rabbi-akiva-eiger-yd 2 blocks DONE
2026-05-28T03:59:32 siman_142/siftei-kohen 42 blocks DONE
2026-05-28T03:59:32 siman_142/turei-zahav 18 blocks DONE
2026-05-28T03:59:32 siman_142/yad-ephraim 1 blocks DONE
2026-05-28T03:59:32 siman_142 COMPLETE
2026-05-28T04:00:54 siman_143/baer-heitev 8 blocks DONE
2026-05-28T04:00:54 siman_143/beer-hagolah 6 blocks DONE
2026-05-28T04:00:54 siman_143/beur-hagra 12 blocks DONE
2026-05-28T04:00:54 siman_143/mechaber 6 blocks DONE
2026-05-28T04:00:54 siman_143/pitchei-teshuva 1 blocks DONE
2026-05-28T04:00:54 siman_143/siftei-kohen 7 blocks DONE
2026-05-28T04:00:54 siman_143/turei-zahav 6 blocks DONE
2026-05-28T04:00:54 siman_143 COMPLETE
2026-05-28T04:01:49 siman_144/baer-heitev 3 blocks DONE
2026-05-28T04:01:49 siman_144/beer-hagolah 3 blocks DONE
2026-05-28T04:01:49 siman_144/beur-hagra 4 blocks DONE
2026-05-28T04:01:49 siman_144/mechaber 2 blocks DONE
2026-05-28T04:01:49 siman_144/nekudot-hakesef 1 blocks DONE
2026-05-28T04:01:49 siman_144/siftei-kohen 4 blocks DONE
2026-05-28T04:01:49 siman_144/turei-zahav 3 blocks DONE
2026-05-28T04:01:49 siman_144 COMPLETE
2026-05-28T04:03:12 siman_145/baer-heitev 19 blocks DONE
2026-05-28T04:03:12 siman_145/beer-hagolah 24 blocks DONE
2026-05-28T04:03:12 siman_145/beur-hagra 19 blocks DONE
2026-05-28T04:03:12 siman_145/mechaber 9 blocks DONE
2026-05-28T04:03:12 siman_145/nekudot-hakesef 1 blocks DONE
2026-05-28T04:03:12 siman_145/pitchei-teshuva 3 blocks DONE
2026-05-28T04:03:12 siman_145/siftei-kohen 24 blocks DONE
2026-05-28T04:03:12 siman_145/turei-zahav 8 blocks DONE
2026-05-28T04:03:12 siman_145/yad-avraham 3 blocks DONE
2026-05-28T04:03:12 siman_145/yad-ephraim 1 blocks DONE
2026-05-28T04:03:12 siman_145 COMPLETE
2026-05-28T08:01:32 siman_146/baer-heitev 15 blocks DONE
2026-05-28T08:01:32 siman_146/beer-hagolah 27 blocks DONE
2026-05-28T08:01:32 siman_146/beur-hagra 23 blocks DONE
2026-05-28T08:01:32 siman_146/mechaber 15 blocks DONE
2026-05-28T08:01:32 siman_146/nekudot-hakesef 1 blocks DONE
2026-05-28T08:01:32 siman_146/pitchei-teshuva 3 blocks DONE
2026-05-28T08:01:32 siman_146/siftei-kohen 14 blocks DONE
2026-05-28T08:01:32 siman_146/turei-zahav 12 blocks DONE
2026-05-28T08:01:32 siman_146/yad-ephraim 1 blocks DONE
2026-05-28T08:01:32 siman_146 COMPLETE
2026-05-28T08:15:44 siman_147/baer-heitev 2 blocks DONE
2026-05-28T08:15:44 siman_147/beer-hagolah 6 blocks DONE
2026-05-28T08:15:44 siman_147/beur-hagra 6 blocks DONE
2026-05-28T08:15:44 siman_147/mechaber 5 blocks DONE
2026-05-28T08:15:44 siman_147/pitchei-teshuva 3 blocks DONE
2026-05-28T08:15:44 siman_147/siftei-kohen 3 blocks DONE
2026-05-28T08:15:44 siman_147/turei-zahav 2 blocks DONE
2026-05-28T08:15:44 siman_147/yad-ephraim 1 blocks DONE
2026-05-28T08:15:44 siman_147 COMPLETE
2026-05-28T08:16:56 siman_148/baer-heitev 9 blocks DONE
2026-05-28T08:16:56 siman_148/beer-hagolah 21 blocks DONE
2026-05-28T08:16:56 siman_148/beur-hagra 17 blocks DONE
2026-05-28T08:16:56 siman_148/mechaber 12 blocks DONE
2026-05-28T08:16:56 siman_148/nekudot-hakesef 3 blocks DONE
2026-05-28T08:16:56 siman_148/pitchei-teshuva 1 blocks DONE
2026-05-28T08:16:56 siman_148/siftei-kohen 13 blocks DONE
2026-05-28T08:16:56 siman_148/turei-zahav 8 blocks DONE
2026-05-28T08:16:56 siman_148 COMPLETE
2026-05-28T08:18:06 siman_149/baer-heitev 11 blocks DONE
2026-05-28T08:18:06 siman_149/beer-hagolah 5 blocks DONE
2026-05-28T08:18:06 siman_149/beur-hagra 15 blocks DONE
2026-05-28T08:18:06 siman_149/mechaber 5 blocks DONE
2026-05-28T08:18:06 siman_149/siftei-kohen 13 blocks DONE
2026-05-28T08:18:06 siman_149/turei-zahav 6 blocks DONE
2026-05-28T08:18:06 siman_149 COMPLETE
2026-05-28T08:18:58 siman_150/baer-heitev 2 blocks DONE
2026-05-28T08:18:58 siman_150/beer-hagolah 3 blocks DONE
2026-05-28T08:18:58 siman_150/beur-hagra 5 blocks DONE
2026-05-28T08:18:58 siman_150/mechaber 3 blocks DONE
2026-05-28T08:18:58 siman_150/siftei-kohen 2 blocks DONE
2026-05-28T08:18:58 siman_150/turei-zahav 1 blocks DONE
2026-05-28T08:18:58 siman_150 COMPLETE
2026-05-28T08:20:28 siman_151/baer-heitev 15 blocks DONE
2026-05-28T08:20:28 siman_151/beer-hagolah 14 blocks DONE
2026-05-28T08:20:28 siman_151/beur-hagra 20 blocks DONE
2026-05-28T08:20:28 siman_151/mechaber 14 blocks DONE
2026-05-28T08:20:28 siman_151/pitchei-teshuva 5 blocks DONE
2026-05-28T08:20:28 siman_151/rabbi-akiva-eiger-yd 1 blocks DONE
2026-05-28T08:20:28 siman_151/siftei-kohen 19 blocks DONE
2026-05-28T08:20:28 siman_151/turei-zahav 9 blocks DONE
2026-05-28T08:20:28 siman_151/yad-ephraim 1 blocks DONE
2026-05-28T08:20:28 siman_151 COMPLETE
2026-05-28T08:21:07 siman_152/baer-heitev 4 blocks DONE
2026-05-28T08:21:07 siman_152/beer-hagolah 6 blocks DONE
2026-05-28T08:21:07 siman_152/beur-hagra 1 blocks DONE
2026-05-28T08:21:07 siman_152/mechaber 2 blocks DONE
2026-05-28T08:21:07 siman_152/nekudot-hakesef 1 blocks DONE
2026-05-28T08:21:07 siman_152/pitchei-teshuva 1 blocks DONE
2026-05-28T08:21:07 siman_152/siftei-kohen 2 blocks DONE
2026-05-28T08:21:07 siman_152/turei-zahav 3 blocks DONE
2026-05-28T08:21:07 siman_152 COMPLETE
2026-05-28T08:21:57 siman_153/baer-heitev 3 blocks DONE
2026-05-28T08:21:57 siman_153/beer-hagolah 4 blocks DONE
2026-05-28T08:21:57 siman_153/beur-hagra 9 blocks DONE
2026-05-28T08:21:57 siman_153/mechaber 4 blocks DONE
2026-05-28T08:21:57 siman_153/nekudot-hakesef 1 blocks DONE
2026-05-28T08:21:57 siman_153/pitchei-teshuva 1 blocks DONE
2026-05-28T08:21:57 siman_153/siftei-kohen 4 blocks DONE
2026-05-28T08:21:57 siman_153/turei-zahav 4 blocks DONE
2026-05-28T08:21:57 siman_153/yad-avraham 1 blocks DONE
2026-05-28T08:21:57 siman_153/yad-ephraim 1 blocks DONE
2026-05-28T08:21:57 siman_153 COMPLETE
2026-05-28T08:22:45 siman_154/baer-heitev 4 blocks DONE
2026-05-28T08:22:45 siman_154/beer-hagolah 8 blocks DONE
2026-05-28T08:22:45 siman_154/beur-hagra 7 blocks DONE
2026-05-28T08:22:45 siman_154/mechaber 2 blocks DONE
2026-05-28T08:22:45 siman_154/nekudot-hakesef 1 blocks DONE
2026-05-28T08:22:45 siman_154/pitchei-teshuva 2 blocks DONE
2026-05-28T08:22:45 siman_154/rabbi-akiva-eiger-yd 1 blocks DONE
2026-05-28T08:22:45 siman_154/siftei-kohen 4 blocks DONE
2026-05-28T08:22:45 siman_154/turei-zahav 5 blocks DONE
2026-05-28T08:22:45 siman_154 COMPLETE
2026-05-28T08:23:46 siman_155/baer-heitev 10 blocks DONE
2026-05-28T08:23:46 siman_155/beer-hagolah 3 blocks DONE
2026-05-28T08:23:46 siman_155/beur-hagra 24 blocks DONE
2026-05-28T08:23:46 siman_155/mechaber 3 blocks DONE
2026-05-28T08:23:46 siman_155/pitchei-teshuva 3 blocks DONE
2026-05-28T08:23:46 siman_155/rabbi-akiva-eiger-yd 3 blocks DONE
2026-05-28T08:23:46 siman_155/siftei-kohen 20 blocks DONE
2026-05-28T08:23:46 siman_155/turei-zahav 3 blocks DONE
2026-05-28T08:23:46 siman_155/yad-avraham 1 blocks DONE
2026-05-28T08:23:46 siman_155 COMPLETE
2026-05-28T08:24:42 siman_156/baer-heitev 2 blocks DONE
2026-05-28T08:24:42 siman_156/beer-hagolah 6 blocks DONE
2026-05-28T08:24:42 siman_156/beur-hagra 10 blocks DONE
2026-05-28T08:24:42 siman_156/mechaber 3 blocks DONE
2026-05-28T08:24:42 siman_156/siftei-kohen 2 blocks DONE
2026-05-28T08:24:42 siman_156/turei-zahav 1 blocks DONE
2026-05-28T08:24:42 siman_156 COMPLETE
2026-05-28T08:25:51 siman_157/baer-heitev 15 blocks DONE
2026-05-28T08:25:51 siman_157/beer-hagolah 3 blocks DONE
2026-05-28T08:25:51 siman_157/beur-hagra 27 blocks DONE
2026-05-28T08:25:51 siman_157/mechaber 3 blocks DONE
2026-05-28T08:25:51 siman_157/pitchei-teshuva 3 blocks DONE
2026-05-28T08:25:51 siman_157/rabbi-akiva-eiger-yd 3 blocks DONE
2026-05-28T08:25:51 siman_157/siftei-kohen 19 blocks DONE
2026-05-28T08:25:51 siman_157/turei-zahav 11 blocks DONE
2026-05-28T08:25:51 siman_157/yad-avraham 1 blocks DONE
2026-05-28T08:25:51 siman_157 COMPLETE
2026-05-28T08:27:02 siman_158/baer-heitev 2 blocks DONE
2026-05-28T08:27:02 siman_158/beer-hagolah 7 blocks DONE
2026-05-28T08:27:02 siman_158/beur-hagra 12 blocks DONE
2026-05-28T08:27:02 siman_158/mechaber 2 blocks DONE
2026-05-28T08:27:02 siman_158/nekudot-hakesef 1 blocks DONE
2026-05-28T08:27:02 siman_158/pitchei-teshuva 2 blocks DONE
2026-05-28T08:27:02 siman_158/rabbi-akiva-eiger-yd 1 blocks DONE
2026-05-28T08:27:02 siman_158/siftei-kohen 7 blocks DONE
2026-05-28T08:27:02 siman_158/turei-zahav 1 blocks DONE
2026-05-28T08:27:02 siman_158 COMPLETE
2026-05-28T08:27:40 siman_159/baer-heitev 7 blocks DONE
2026-05-28T08:27:40 siman_159/beer-hagolah 7 blocks DONE
2026-05-28T08:27:40 siman_159/beur-hagra 6 blocks DONE
2026-05-28T08:27:40 siman_159/mechaber 3 blocks DONE
2026-05-28T08:27:40 siman_159/nekudot-hakesef 1 blocks DONE
2026-05-28T08:27:40 siman_159/pitchei-teshuva 3 blocks DONE
2026-05-28T08:27:40 siman_159/rabbi-akiva-eiger-yd 2 blocks DONE
2026-05-28T08:27:40 siman_159/siftei-kohen 8 blocks DONE
2026-05-28T08:27:40 siman_159/turei-zahav 3 blocks DONE
2026-05-28T08:27:40 siman_159/yad-avraham 1 blocks DONE
2026-05-28T08:27:40 siman_159/yad-ephraim 1 blocks DONE
2026-05-28T08:27:40 siman_159 COMPLETE
2026-05-28T08:29:51 siman_160/baer-heitev 25 blocks DONE
2026-05-28T08:29:51 siman_160/beer-hagolah 23 blocks DONE
2026-05-28T08:29:51 siman_160/beur-hagra 56 blocks DONE
2026-05-28T08:29:51 siman_160/mechaber 23 blocks DONE
2026-05-28T08:29:51 siman_160/nekudot-hakesef 6 blocks DONE
2026-05-28T08:29:51 siman_160/pitchei-teshuva 23 blocks DONE
2026-05-28T08:29:51 siman_160/rabbi-akiva-eiger-yd 20 blocks DONE
2026-05-28T08:29:51 siman_160/siftei-kohen 37 blocks DONE
2026-05-28T08:29:51 siman_160/turei-zahav 22 blocks DONE
2026-05-28T08:29:51 siman_160/yad-avraham 9 blocks DONE
2026-05-28T08:29:51 siman_160/yad-ephraim 3 blocks DONE
2026-05-28T08:29:51 siman_160 COMPLETE
2026-05-28T08:30:51 siman_161/baer-heitev 15 blocks DONE
2026-05-28T08:30:51 siman_161/beer-hagolah 17 blocks DONE
2026-05-28T08:30:51 siman_161/beur-hagra 21 blocks DONE
2026-05-28T08:30:51 siman_161/mechaber 11 blocks DONE
2026-05-28T08:30:51 siman_161/nekudot-hakesef 3 blocks DONE
2026-05-28T08:30:51 siman_161/pitchei-teshuva 11 blocks DONE
2026-05-28T08:30:51 siman_161/rabbi-akiva-eiger-yd 8 blocks DONE
2026-05-28T08:30:51 siman_161/siftei-kohen 20 blocks DONE
2026-05-28T08:30:51 siman_161/turei-zahav 10 blocks DONE
2026-05-28T08:30:51 siman_161/yad-avraham 4 blocks DONE
2026-05-28T08:30:51 siman_161/yad-ephraim 4 blocks DONE
2026-05-28T08:30:51 siman_161 COMPLETE
2026-05-28T08:32:14 siman_162/baer-heitev 12 blocks DONE
2026-05-28T08:32:14 siman_162/beer-hagolah 13 blocks DONE
2026-05-28T08:32:14 siman_162/beur-hagra 17 blocks DONE
2026-05-28T08:32:14 siman_162/mechaber 5 blocks DONE
2026-05-28T08:32:14 siman_162/nekudot-hakesef 4 blocks DONE
2026-05-28T08:32:14 siman_162/pitchei-teshuva 4 blocks DONE
2026-05-28T08:32:14 siman_162/rabbi-akiva-eiger-yd 5 blocks DONE
2026-05-28T08:32:14 siman_162/siftei-kohen 16 blocks DONE
2026-05-28T08:32:14 siman_162/turei-zahav 9 blocks DONE
2026-05-28T08:32:14 siman_162/yad-avraham 3 blocks DONE
2026-05-28T08:32:14 siman_162 COMPLETE
2026-05-28T08:33:07 siman_163/baer-heitev 6 blocks DONE
2026-05-28T08:33:07 siman_163/beer-hagolah 6 blocks DONE
2026-05-28T08:33:07 siman_163/beur-hagra 14 blocks DONE
2026-05-28T08:33:07 siman_163/mechaber 3 blocks DONE
2026-05-28T08:33:07 siman_163/nekudot-hakesef 1 blocks DONE
2026-05-28T08:33:07 siman_163/pitchei-teshuva 2 blocks DONE
2026-05-28T08:33:07 siman_163/rabbi-akiva-eiger-yd 1 blocks DONE
2026-05-28T08:33:07 siman_163/siftei-kohen 11 blocks DONE
2026-05-28T08:33:07 siman_163/turei-zahav 7 blocks DONE
2026-05-28T08:33:07 siman_163/yad-avraham 3 blocks DONE
2026-05-28T08:33:07 siman_163 COMPLETE
2026-05-28T08:34:15 siman_164/baer-heitev 5 blocks DONE
2026-05-28T08:34:15 siman_164/beer-hagolah 6 blocks DONE
2026-05-28T08:34:15 siman_164/beur-hagra 6 blocks DONE
2026-05-28T08:34:15 siman_164/mechaber 4 blocks DONE
2026-05-28T08:34:15 siman_164/nekudot-hakesef 1 blocks DONE
2026-05-28T08:34:15 siman_164/siftei-kohen 7 blocks DONE
2026-05-28T08:34:15 siman_164/turei-zahav 6 blocks DONE
2026-05-28T08:34:15 siman_164/yad-avraham 3 blocks DONE
2026-05-28T08:34:15 siman_164 COMPLETE
2026-05-28T08:35:05 siman_165/baer-heitev 8 blocks DONE
2026-05-28T08:35:05 siman_165/beer-hagolah 4 blocks DONE
2026-05-28T08:35:05 siman_165/beur-hagra 6 blocks DONE
2026-05-28T08:35:05 siman_165/mechaber 1 blocks DONE
2026-05-28T08:35:05 siman_165/nekudot-hakesef 1 blocks DONE
2026-05-28T08:35:05 siman_165/pitchei-teshuva 1 blocks DONE
2026-05-28T08:35:05 siman_165/rabbi-akiva-eiger-yd 1 blocks DONE
2026-05-28T08:35:05 siman_165/siftei-kohen 8 blocks DONE
2026-05-28T08:35:05 siman_165/turei-zahav 3 blocks DONE
2026-05-28T08:35:05 siman_165/yad-ephraim 1 blocks DONE
2026-05-28T08:35:05 siman_165 COMPLETE
2026-05-28T08:36:35 siman_166/baer-heitev 7 blocks DONE
2026-05-28T08:36:35 siman_166/beer-hagolah 3 blocks DONE
2026-05-28T08:36:35 siman_166/beur-hagra 11 blocks DONE
2026-05-28T08:36:35 siman_166/mechaber 3 blocks DONE
2026-05-28T08:36:35 siman_166/nekudot-hakesef 2 blocks DONE
2026-05-28T08:36:35 siman_166/pitchei-teshuva 3 blocks DONE
2026-05-28T08:36:35 siman_166/rabbi-akiva-eiger-yd 2 blocks DONE
2026-05-28T08:36:35 siman_166/siftei-kohen 13 blocks DONE
2026-05-28T08:36:35 siman_166/turei-zahav 5 blocks DONE
2026-05-28T08:36:35 siman_166/yad-avraham 1 blocks DONE
2026-05-28T08:36:35 siman_166 COMPLETE
2026-05-28T08:37:37 siman_167/baer-heitev 2 blocks DONE
2026-05-28T08:37:37 siman_167/beer-hagolah 1 blocks DONE
2026-05-28T08:37:37 siman_167/beur-hagra 3 blocks DONE
2026-05-28T08:37:37 siman_167/mechaber 1 blocks DONE
2026-05-28T08:37:37 siman_167/nekudot-hakesef 1 blocks DONE
2026-05-28T08:37:37 siman_167/rabbi-akiva-eiger-yd 1 blocks DONE
2026-05-28T08:37:37 siman_167/siftei-kohen 2 blocks DONE
2026-05-28T08:37:37 siman_167/turei-zahav 1 blocks DONE
2026-05-28T08:37:37 siman_167 COMPLETE
2026-05-28T08:41:56 siman_168/baer-heitev 60 blocks DONE
2026-05-28T08:41:56 siman_168/beer-hagolah 27 blocks DONE
2026-05-28T08:41:56 siman_168/beur-hagra 82 blocks DONE
2026-05-28T08:41:56 siman_168/mechaber 27 blocks DONE
2026-05-28T08:41:56 siman_168/nekudot-hakesef 10 blocks DONE
2026-05-28T08:41:56 siman_168/pitchei-teshuva 7 blocks DONE
2026-05-28T08:41:56 siman_168/rabbi-akiva-eiger-yd 17 blocks DONE
2026-05-28T08:41:56 siman_168/siftei-kohen 83 blocks DONE
2026-05-28T08:41:56 siman_168/turei-zahav 37 blocks DONE
2026-05-28T08:41:56 siman_168 COMPLETE
2026-05-28T08:44:00 siman_170/baer-heitev 10 blocks DONE
2026-05-28T08:44:00 siman_170/beer-hagolah 2 blocks DONE
2026-05-28T08:44:00 siman_170/beur-hagra 14 blocks DONE
2026-05-28T08:44:00 siman_170/mechaber 2 blocks DONE
2026-05-28T08:44:00 siman_170/nekudot-hakesef 2 blocks DONE
2026-05-28T08:44:00 siman_170/pitchei-teshuva 2 blocks DONE
2026-05-28T08:44:00 siman_170/rabbi-akiva-eiger-yd 2 blocks DONE
2026-05-28T08:44:00 siman_170/siftei-kohen 10 blocks DONE
2026-05-28T08:44:00 siman_170/turei-zahav 8 blocks DONE
2026-05-28T08:44:00 siman_170/yad-avraham 2 blocks DONE
2026-05-28T08:44:00 siman_170/yad-ephraim 1 blocks DONE
2026-05-28T08:44:00 siman_170 COMPLETE
2026-05-28T08:44:46 siman_171/baer-heitev 2 blocks DONE
2026-05-28T08:44:46 siman_171/beer-hagolah 4 blocks DONE
2026-05-28T08:44:46 siman_171/mechaber 1 blocks DONE
2026-05-28T08:44:46 siman_171/pitchei-teshuva 1 blocks DONE
2026-05-28T08:44:46 siman_171/rabbi-akiva-eiger-yd 1 blocks DONE
2026-05-28T08:44:46 siman_171/siftei-kohen 3 blocks DONE
2026-05-28T08:44:46 siman_171/turei-zahav 2 blocks DONE
2026-05-28T08:44:46 siman_171 COMPLETE
2026-05-28T08:46:18 siman_172/baer-heitev 19 blocks DONE
2026-05-28T08:46:18 siman_172/beer-hagolah 6 blocks DONE
2026-05-28T08:46:18 siman_172/beur-hagra 21 blocks DONE
2026-05-28T08:46:18 siman_172/mechaber 6 blocks DONE
2026-05-28T08:46:18 siman_172/nekudot-hakesef 2 blocks DONE
2026-05-28T08:46:18 siman_172/pitchei-teshuva 3 blocks DONE
2026-05-28T08:46:18 siman_172/rabbi-akiva-eiger-yd 6 blocks DONE
2026-05-28T08:46:18 siman_172/siftei-kohen 33 blocks DONE
2026-05-28T08:46:18 siman_172/turei-zahav 14 blocks DONE
2026-05-28T08:46:18 siman_172/yad-avraham 1 blocks DONE
2026-05-28T08:46:18 siman_172 COMPLETE
2026-05-28T08:48:08 siman_173/baer-heitev 27 blocks DONE
2026-05-28T08:48:08 siman_173/beer-hagolah 19 blocks DONE
2026-05-28T08:48:08 siman_173/beur-hagra 36 blocks DONE
2026-05-28T08:48:08 siman_173/mechaber 19 blocks DONE
2026-05-28T08:48:08 siman_173/nekudot-hakesef 5 blocks DONE
2026-05-28T08:48:08 siman_173/pitchei-teshuva 10 blocks DONE
2026-05-28T08:48:08 siman_173/rabbi-akiva-eiger-yd 10 blocks DONE
2026-05-28T08:48:08 siman_173/siftei-kohen 34 blocks DONE
2026-05-28T08:48:08 siman_173/turei-zahav 32 blocks DONE
2026-05-28T08:48:08 siman_173/yad-avraham 3 blocks DONE
2026-05-28T08:48:08 siman_173 COMPLETE
2026-05-28T10:14:49 siman_174/baer-heitev 8 blocks DONE
2026-05-28T10:14:49 siman_174/beer-hagolah 16 blocks DONE
2026-05-28T10:14:49 siman_174/beur-hagra 16 blocks DONE
2026-05-28T10:14:49 siman_174/mechaber 8 blocks DONE
2026-05-28T10:14:49 siman_174/nekudot-hakesef 1 blocks DONE
2026-05-28T10:14:49 siman_174/pitchei-teshuva 3 blocks DONE
2026-05-28T10:14:49 siman_174/rabbi-akiva-eiger-yd 3 blocks DONE
2026-05-28T10:14:49 siman_174/siftei-kohen 11 blocks DONE
2026-05-28T10:14:49 siman_174/turei-zahav 5 blocks DONE
2026-05-28T10:14:49 siman_174 COMPLETE
2026-05-28T10:16:15 siman_175/baer-heitev 11 blocks DONE
2026-05-28T10:16:15 siman_175/beer-hagolah 19 blocks DONE
2026-05-28T10:16:15 siman_175/beur-hagra 13 blocks DONE
2026-05-28T10:16:15 siman_175/mechaber 8 blocks DONE
2026-05-28T10:16:15 siman_175/pitchei-teshuva 3 blocks DONE
2026-05-28T10:16:15 siman_175/siftei-kohen 14 blocks DONE
2026-05-28T10:16:15 siman_175/turei-zahav 10 blocks DONE
2026-05-28T10:16:15 siman_175/yad-avraham 1 blocks DONE
2026-05-28T10:16:15 siman_175 COMPLETE
2026-05-28T10:17:43 siman_176/baer-heitev 9 blocks DONE
2026-05-28T10:17:43 siman_176/beer-hagolah 8 blocks DONE
2026-05-28T10:17:43 siman_176/beur-hagra 13 blocks DONE
2026-05-28T10:17:43 siman_176/mechaber 8 blocks DONE
2026-05-28T10:17:43 siman_176/nekudot-hakesef 2 blocks DONE
2026-05-28T10:17:43 siman_176/pitchei-teshuva 1 blocks DONE
2026-05-28T10:17:43 siman_176/rabbi-akiva-eiger-yd 1 blocks DONE
2026-05-28T10:17:43 siman_176/siftei-kohen 9 blocks DONE
2026-05-28T10:17:43 siman_176/turei-zahav 9 blocks DONE
2026-05-28T10:17:43 siman_176 COMPLETE
2026-05-28T10:19:31 siman_177/baer-heitev 50 blocks DONE
2026-05-28T10:19:31 siman_177/beer-hagolah 40 blocks DONE
2026-05-28T10:19:31 siman_177/beur-hagra 72 blocks DONE
2026-05-28T10:19:31 siman_177/mechaber 40 blocks DONE
2026-05-28T10:19:31 siman_177/nekudot-hakesef 8 blocks DONE
2026-05-28T10:19:31 siman_177/pitchei-teshuva 8 blocks DONE
2026-05-28T10:19:31 siman_177/rabbi-akiva-eiger-yd 4 blocks DONE
2026-05-28T10:19:31 siman_177/siftei-kohen 68 blocks DONE
2026-05-28T10:19:31 siman_177/turei-zahav 40 blocks DONE
2026-05-28T10:19:31 siman_177/yad-avraham 2 blocks DONE
2026-05-28T10:19:31 siman_177/yad-ephraim 2 blocks DONE
2026-05-28T10:19:31 siman_177 COMPLETE
2026-05-28T10:20:40 siman_178/baer-heitev 6 blocks DONE
2026-05-28T10:20:40 siman_178/beer-hagolah 3 blocks DONE
2026-05-28T10:20:40 siman_178/beur-hagra 9 blocks DONE
2026-05-28T10:20:40 siman_178/mechaber 3 blocks DONE
2026-05-28T10:20:40 siman_178/pitchei-teshuva 2 blocks DONE
2026-05-28T10:20:40 siman_178/siftei-kohen 6 blocks DONE
2026-05-28T10:20:40 siman_178/turei-zahav 8 blocks DONE
2026-05-28T10:20:40 siman_178 COMPLETE
2026-05-28T10:22:37 siman_179/baer-heitev 12 blocks DONE
2026-05-28T10:22:37 siman_179/beer-hagolah 19 blocks DONE
2026-05-28T10:22:37 siman_179/beur-hagra 31 blocks DONE
2026-05-28T10:22:37 siman_179/mechaber 19 blocks DONE
2026-05-28T10:22:37 siman_179/pitchei-teshuva 8 blocks DONE
2026-05-28T10:22:37 siman_179/rabbi-akiva-eiger-yd 2 blocks DONE
2026-05-28T10:22:37 siman_179/siftei-kohen 23 blocks DONE
2026-05-28T10:22:37 siman_179/turei-zahav 10 blocks DONE
2026-05-28T10:22:37 siman_179 COMPLETE
2026-05-28T10:23:45 siman_180/baer-heitev 5 blocks DONE
2026-05-28T10:23:45 siman_180/beer-hagolah 17 blocks DONE
2026-05-28T10:23:45 siman_180/beur-hagra 16 blocks DONE
2026-05-28T10:23:45 siman_180/mechaber 12 blocks DONE
2026-05-28T10:23:45 siman_180/pitchei-teshuva 2 blocks DONE
2026-05-28T10:23:45 siman_180/rabbi-akiva-eiger-yd 2 blocks DONE
2026-05-28T10:23:45 siman_180/siftei-kohen 11 blocks DONE
2026-05-28T10:23:45 siman_180/turei-zahav 3 blocks DONE
2026-05-28T10:23:45 siman_180 COMPLETE
2026-05-28T10:24:42 siman_181/baer-heitev 6 blocks DONE
2026-05-28T10:24:42 siman_181/beer-hagolah 15 blocks DONE
2026-05-28T10:24:42 siman_181/beur-hagra 21 blocks DONE
2026-05-28T10:24:42 siman_181/mechaber 12 blocks DONE
2026-05-28T10:24:42 siman_181/pitchei-teshuva 6 blocks DONE
2026-05-28T10:24:42 siman_181/rabbi-akiva-eiger-yd 3 blocks DONE
2026-05-28T10:24:42 siman_181/siftei-kohen 8 blocks DONE
2026-05-28T10:24:42 siman_181/turei-zahav 4 blocks DONE
2026-05-28T10:24:42 siman_181/yad-ephraim 1 blocks DONE
2026-05-28T10:24:42 siman_181 COMPLETE
2026-05-28T10:25:55 siman_182/baer-heitev 5 blocks DONE
2026-05-28T10:25:55 siman_182/beer-hagolah 6 blocks DONE
2026-05-28T10:25:55 siman_182/beur-hagra 15 blocks DONE
2026-05-28T10:25:55 siman_182/mechaber 6 blocks DONE
2026-05-28T10:25:55 siman_182/rabbi-akiva-eiger-yd 3 blocks DONE
2026-05-28T10:25:55 siman_182/siftei-kohen 8 blocks DONE
2026-05-28T10:25:55 siman_182/turei-zahav 7 blocks DONE
2026-05-28T10:25:55 siman_182 COMPLETE
2026-05-28T10:26:34 siman_183/baer-heitev 6 blocks DONE
2026-05-28T10:26:34 siman_183/beer-hagolah 1 blocks DONE
2026-05-28T10:26:34 siman_183/beur-hagra 6 blocks DONE
2026-05-28T10:26:34 siman_183/chiddushei-hilkhot-niddah 3 blocks DONE
2026-05-28T10:26:34 siman_183/mechaber 1 blocks DONE
2026-05-28T10:26:34 siman_183/pitchei-teshuva 1 blocks DONE
2026-05-28T10:26:34 siman_183/rabbi-akiva-eiger-yd 1 blocks DONE
2026-05-28T10:26:34 siman_183/siftei-kohen 4 blocks DONE
2026-05-28T10:26:34 siman_183/tiferet-yisrael 1 blocks DONE
2026-05-28T10:26:34 siman_183/torat-hashlamim 4 blocks DONE
2026-05-28T10:26:34 siman_183/turei-zahav 2 blocks DONE
2026-05-28T10:26:34 siman_183/yad-avraham 1 blocks DONE
2026-05-28T10:26:34 siman_183 COMPLETE
2026-05-28T10:27:59 siman_184/baer-heitev 18 blocks DONE
2026-05-28T10:27:59 siman_184/beer-hagolah 19 blocks DONE
2026-05-28T10:27:59 siman_184/beur-hagra 27 blocks DONE
2026-05-28T10:27:59 siman_184/chiddushei-hilkhot-niddah 14 blocks DONE
2026-05-28T10:27:59 siman_184/mechaber 12 blocks DONE
2026-05-28T10:27:59 siman_184/nekudot-hakesef 2 blocks DONE
2026-05-28T10:27:59 siman_184/pitchei-teshuva 12 blocks DONE
2026-05-28T10:27:59 siman_184/rabbi-akiva-eiger-yd 9 blocks DONE
2026-05-28T10:27:59 siman_184/siftei-kohen 34 blocks DONE
2026-05-28T10:27:59 siman_184/tiferet-yisrael 4 blocks DONE
2026-05-28T10:27:59 siman_184/torat-hashlamim 24 blocks DONE
2026-05-28T10:27:59 siman_184/turei-zahav 16 blocks DONE
2026-05-28T10:27:59 siman_184/yad-avraham 2 blocks DONE
2026-05-28T10:27:59 siman_184 COMPLETE
2026-05-28T10:29:12 siman_185/baer-heitev 5 blocks DONE
2026-05-28T10:29:12 siman_185/beer-hagolah 6 blocks DONE
2026-05-28T10:29:12 siman_185/beur-hagra 13 blocks DONE
2026-05-28T10:29:12 siman_185/chiddushei-hilkhot-niddah 4 blocks DONE
2026-05-28T10:29:12 siman_185/mechaber 4 blocks DONE
2026-05-28T10:29:12 siman_185/nekudot-hakesef 2 blocks DONE
2026-05-28T10:29:12 siman_185/pitchei-teshuva 4 blocks DONE
2026-05-28T10:29:12 siman_185/rabbi-akiva-eiger-yd 1 blocks DONE
2026-05-28T10:29:12 siman_185/siftei-kohen 6 blocks DONE
2026-05-28T10:29:12 siman_185/tiferet-yisrael 4 blocks DONE
2026-05-28T10:29:12 siman_185/torat-hashlamim 11 blocks DONE
2026-05-28T10:29:12 siman_185/turei-zahav 3 blocks DONE
2026-05-28T10:29:12 siman_185/yad-avraham 2 blocks DONE
2026-05-28T10:29:12 siman_185 COMPLETE
2026-05-28T10:30:09 siman_186/baer-heitev 2 blocks DONE
2026-05-28T10:30:09 siman_186/beer-hagolah 10 blocks DONE
2026-05-28T10:30:09 siman_186/beur-hagra 7 blocks DONE
2026-05-28T10:30:09 siman_186/chiddushei-hilkhot-niddah 4 blocks DONE
2026-05-28T10:30:09 siman_186/mechaber 5 blocks DONE
2026-05-28T10:30:09 siman_186/pitchei-teshuva 4 blocks DONE
2026-05-28T10:30:09 siman_186/rabbi-akiva-eiger-yd 1 blocks DONE
2026-05-28T10:30:09 siman_186/siftei-kohen 2 blocks DONE
2026-05-28T10:30:09 siman_186/torat-hashlamim 3 blocks DONE
2026-05-28T10:30:09 siman_186 COMPLETE
2026-05-28T10:32:06 siman_187/baer-heitev 28 blocks DONE
2026-05-28T10:32:06 siman_187/beer-hagolah 14 blocks DONE
2026-05-28T10:32:06 siman_187/beur-hagra 27 blocks DONE
2026-05-28T10:32:06 siman_187/chiddushei-hilkhot-niddah 14 blocks DONE
2026-05-28T10:32:06 siman_187/mechaber 14 blocks DONE
2026-05-28T10:32:06 siman_187/nekudot-hakesef 4 blocks DONE
2026-05-28T10:32:06 siman_187/pitchei-teshuva 14 blocks DONE
2026-05-28T10:32:06 siman_187/rabbi-akiva-eiger-yd 3 blocks DONE
2026-05-28T10:32:06 siman_187/siftei-kohen 37 blocks DONE
2026-05-28T10:32:06 siman_187/tiferet-yisrael 4 blocks DONE
2026-05-28T10:32:06 siman_187/torat-hashlamim 41 blocks DONE
2026-05-28T10:32:06 siman_187/turei-zahav 17 blocks DONE
2026-05-28T10:32:06 siman_187/yad-avraham 5 blocks DONE
2026-05-28T10:32:06 siman_187 COMPLETE
2026-05-28T10:34:26 siman_188/baer-heitev 7 blocks DONE
2026-05-28T10:34:26 siman_188/beer-hagolah 6 blocks DONE
2026-05-28T10:34:26 siman_188/beur-hagra 23 blocks DONE
2026-05-28T10:34:26 siman_188/chiddushei-hilkhot-niddah 5 blocks DONE
2026-05-28T10:34:26 siman_188/mechaber 6 blocks DONE
2026-05-28T10:34:26 siman_188/nekudot-hakesef 1 blocks DONE
2026-05-28T10:34:26 siman_188/pitchei-teshuva 6 blocks DONE
2026-05-28T10:34:26 siman_188/rabbi-akiva-eiger-yd 1 blocks DONE
2026-05-28T10:34:26 siman_188/siftei-kohen 18 blocks DONE
2026-05-28T10:34:26 siman_188/tiferet-yisrael 2 blocks DONE
2026-05-28T10:34:26 siman_188/torat-hashlamim 13 blocks DONE
2026-05-28T10:34:26 siman_188/turei-zahav 7 blocks DONE
2026-05-28T10:34:26 siman_188/yad-avraham 2 blocks DONE
2026-05-28T10:34:26 siman_188 COMPLETE
2026-05-28T10:37:55 siman_189/baer-heitev 56 blocks DONE
2026-05-28T10:37:55 siman_189/beer-hagolah 34 blocks DONE
2026-05-28T10:37:55 siman_189/beur-hagra 58 blocks DONE
2026-05-28T10:37:55 siman_189/chiddushei-hilkhot-niddah 32 blocks DONE
2026-05-28T10:37:55 siman_189/mechaber 34 blocks DONE
2026-05-28T10:37:55 siman_189/nekudot-hakesef 13 blocks DONE
2026-05-28T10:37:55 siman_189/pitchei-teshuva 32 blocks DONE
2026-05-28T10:37:55 siman_189/rabbi-akiva-eiger-yd 4 blocks DONE
2026-05-28T10:37:55 siman_189/siftei-kohen 76 blocks DONE
2026-05-28T10:37:55 siman_189/tiferet-yisrael 6 blocks DONE
2026-05-28T10:37:55 siman_189/torat-hashlamim 59 blocks DONE
2026-05-28T10:37:55 siman_189/turei-zahav 50 blocks DONE
2026-05-28T10:37:55 siman_189 COMPLETE
2026-05-28T10:41:35 siman_190/baer-heitev 56 blocks DONE
2026-05-28T10:41:35 siman_190/beer-hagolah 54 blocks DONE
2026-05-28T10:41:35 siman_190/beur-hagra 61 blocks DONE
2026-05-28T10:41:35 siman_190/chiddushei-hilkhot-niddah 25 blocks DONE
2026-05-28T10:41:35 siman_190/mechaber 54 blocks DONE
2026-05-28T10:41:35 siman_190/nekudot-hakesef 10 blocks DONE
2026-05-28T10:41:35 siman_190/pitchei-teshuva 44 blocks DONE
2026-05-28T10:41:35 siman_190/rabbi-akiva-eiger-yd 23 blocks DONE
2026-05-28T10:41:35 siman_190/siftei-kohen 74 blocks DONE
2026-05-28T10:41:35 siman_190/tiferet-yisrael 6 blocks DONE
2026-05-28T10:41:35 siman_190/torat-hashlamim 54 blocks DONE
2026-05-28T10:41:35 siman_190/turei-zahav 41 blocks DONE
2026-05-28T10:41:35 siman_190/yad-avraham 4 blocks DONE
2026-05-28T10:41:35 siman_190 COMPLETE
2026-05-28T10:43:02 siman_191/baer-heitev 7 blocks DONE
2026-05-28T10:43:02 siman_191/beer-hagolah 1 blocks DONE
2026-05-28T10:43:02 siman_191/beur-hagra 8 blocks DONE
2026-05-28T10:43:02 siman_191/chiddushei-hilkhot-niddah 6 blocks DONE
2026-05-28T10:43:02 siman_191/mechaber 1 blocks DONE
2026-05-28T10:43:02 siman_191/pitchei-teshuva 1 blocks DONE
2026-05-28T10:43:02 siman_191/siftei-kohen 11 blocks DONE
2026-05-28T10:43:02 siman_191/tiferet-yisrael 1 blocks DONE
2026-05-28T10:43:02 siman_191/torat-hashlamim 5 blocks DONE
2026-05-28T10:43:02 siman_191/turei-zahav 4 blocks DONE
2026-05-28T10:43:02 siman_191 COMPLETE
2026-05-28T10:44:11 siman_192/baer-heitev 8 blocks DONE
2026-05-28T10:44:11 siman_192/beer-hagolah 5 blocks DONE
2026-05-28T10:44:11 siman_192/beur-hagra 11 blocks DONE
2026-05-28T10:44:11 siman_192/chiddushei-hilkhot-niddah 4 blocks DONE
2026-05-28T10:44:11 siman_192/mechaber 5 blocks DONE
2026-05-28T10:44:11 siman_192/nekudot-hakesef 2 blocks DONE
2026-05-28T10:44:11 siman_192/pitchei-teshuva 5 blocks DONE
2026-05-28T10:44:11 siman_192/rabbi-akiva-eiger-yd 3 blocks DONE
2026-05-28T10:44:11 siman_192/siftei-kohen 14 blocks DONE
2026-05-28T10:44:11 siman_192/torat-hashlamim 9 blocks DONE
2026-05-28T10:44:11 siman_192/turei-zahav 8 blocks DONE
2026-05-28T10:44:11 siman_192 COMPLETE
2026-05-28T10:45:14 siman_193/baer-heitev 2 blocks DONE
2026-05-28T10:45:14 siman_193/beer-hagolah 8 blocks DONE
2026-05-28T10:45:14 siman_193/beur-hagra 4 blocks DONE
2026-05-28T10:45:14 siman_193/chiddushei-hilkhot-niddah 1 blocks DONE
2026-05-28T10:45:14 siman_193/mechaber 1 blocks DONE
2026-05-28T10:45:14 siman_193/siftei-kohen 2 blocks DONE
2026-05-28T10:45:14 siman_193/tiferet-yisrael 1 blocks DONE
2026-05-28T10:45:14 siman_193/torat-hashlamim 1 blocks DONE
2026-05-28T10:45:14 siman_193/turei-zahav 4 blocks DONE
2026-05-28T10:45:14 siman_193 COMPLETE
2026-05-28T10:46:44 siman_194/baer-heitev 11 blocks DONE
2026-05-28T10:46:44 siman_194/beer-hagolah 14 blocks DONE
2026-05-28T10:46:44 siman_194/beur-hagra 18 blocks DONE
2026-05-28T10:46:44 siman_194/chiddushei-hilkhot-niddah 4 blocks DONE
2026-05-28T10:46:44 siman_194/mechaber 14 blocks DONE
2026-05-28T10:46:44 siman_194/pitchei-teshuva 9 blocks DONE
2026-05-28T10:46:44 siman_194/siftei-kohen 11 blocks DONE
2026-05-28T10:46:44 siman_194/torat-hashlamim 5 blocks DONE
2026-05-28T10:46:44 siman_194/turei-zahav 3 blocks DONE
2026-05-28T10:46:44 siman_194 COMPLETE
2026-05-28T10:48:30 siman_195/baer-heitev 12 blocks DONE
2026-05-28T10:48:30 siman_195/beer-hagolah 17 blocks DONE
2026-05-28T10:48:30 siman_195/beur-hagra 21 blocks DONE
2026-05-28T10:48:30 siman_195/chiddushei-hilkhot-niddah 6 blocks DONE
2026-05-28T10:48:30 siman_195/mechaber 17 blocks DONE
2026-05-28T10:48:30 siman_195/nekudot-hakesef 2 blocks DONE
2026-05-28T10:48:30 siman_195/pitchei-teshuva 17 blocks DONE
2026-05-28T10:48:30 siman_195/rabbi-akiva-eiger-yd 4 blocks DONE
2026-05-28T10:48:30 siman_195/siftei-kohen 20 blocks DONE
2026-05-28T10:48:30 siman_195/torat-hashlamim 15 blocks DONE
2026-05-28T10:48:30 siman_195/turei-zahav 9 blocks DONE
2026-05-28T10:48:30 siman_195 COMPLETE
2026-05-28T10:50:59 siman_196/baer-heitev 17 blocks DONE
2026-05-28T10:50:59 siman_196/beer-hagolah 13 blocks DONE
2026-05-28T10:50:59 siman_196/beur-hagra 36 blocks DONE
2026-05-28T10:50:59 siman_196/mechaber 13 blocks DONE
2026-05-28T10:50:59 siman_196/nekudot-hakesef 1 blocks DONE
2026-05-28T10:50:59 siman_196/pitchei-teshuva 13 blocks DONE
2026-05-28T10:50:59 siman_196/rabbi-akiva-eiger-yd 1 blocks DONE
2026-05-28T10:50:59 siman_196/siftei-kohen 25 blocks DONE
2026-05-28T10:50:59 siman_196/tiferet-yisrael 9 blocks DONE
2026-05-28T10:50:59 siman_196/torat-hashlamim 23 blocks DONE
2026-05-28T10:50:59 siman_196/turei-zahav 11 blocks DONE
2026-05-28T10:50:59 siman_196 COMPLETE
2026-05-28T10:52:12 siman_197/baer-heitev 10 blocks DONE
2026-05-28T10:52:12 siman_197/beer-hagolah 12 blocks DONE
2026-05-28T10:52:12 siman_197/beur-hagra 13 blocks DONE
2026-05-28T10:52:12 siman_197/mechaber 5 blocks DONE
2026-05-28T10:52:12 siman_197/nekudot-hakesef 1 blocks DONE
2026-05-28T10:52:12 siman_197/pitchei-teshuva 5 blocks DONE
2026-05-28T10:52:12 siman_197/rabbi-akiva-eiger-yd 1 blocks DONE
2026-05-28T10:52:12 siman_197/siftei-kohen 11 blocks DONE
2026-05-28T10:52:12 siman_197/torat-hashlamim 9 blocks DONE
2026-05-28T10:52:12 siman_197/turei-zahav 8 blocks DONE
2026-05-28T10:52:12 siman_197/yad-ephraim 1 blocks DONE
2026-05-28T10:52:12 siman_197 COMPLETE
2026-05-28T10:57:24 siman_198/baer-heitev 47 blocks DONE
2026-05-28T10:57:24 siman_198/beer-hagolah 48 blocks DONE
2026-05-28T10:57:24 siman_198/beur-hagra 59 blocks DONE
2026-05-28T10:57:24 siman_198/mechaber 48 blocks DONE
2026-05-28T10:57:24 siman_198/nekudot-hakesef 3 blocks DONE
2026-05-28T10:57:24 siman_198/pitchei-teshuva 29 blocks DONE
2026-05-28T10:57:24 siman_198/rabbi-akiva-eiger-yd 9 blocks DONE
2026-05-28T10:57:24 siman_198/siftei-kohen 62 blocks DONE
2026-05-28T10:57:24 siman_198/turei-zahav 40 blocks DONE
2026-05-28T10:57:24 siman_198 COMPLETE
2026-05-28T10:59:03 siman_199/baer-heitev 17 blocks DONE
2026-05-28T10:59:03 siman_199/beer-hagolah 32 blocks DONE
2026-05-28T10:59:03 siman_199/beur-hagra 31 blocks DONE
2026-05-28T10:59:03 siman_199/mechaber 13 blocks DONE
2026-05-28T10:59:03 siman_199/nekudot-hakesef 1 blocks DONE
2026-05-28T10:59:03 siman_199/pitchei-teshuva 6 blocks DONE
2026-05-28T10:59:03 siman_199/siftei-kohen 21 blocks DONE
2026-05-28T10:59:03 siman_199/turei-zahav 12 blocks DONE
2026-05-28T10:59:03 siman_199 COMPLETE
2026-05-28T11:00:14 siman_200/baer-heitev 1 blocks DONE
2026-05-28T11:00:14 siman_200/beer-hagolah 3 blocks DONE
2026-05-28T11:00:14 siman_200/beur-hagra 4 blocks DONE
2026-05-28T11:00:14 siman_200/mechaber 1 blocks DONE
2026-05-28T11:00:14 siman_200/pitchei-teshuva 1 blocks DONE
2026-05-28T11:00:14 siman_200/siftei-kohen 1 blocks DONE
2026-05-28T11:00:14 siman_200/turei-zahav 3 blocks DONE
2026-05-28T11:00:14 siman_200 COMPLETE
2026-05-28T11:03:03 siman_201/baer-heitev 110 blocks DONE
2026-05-28T11:03:03 siman_201/beer-hagolah 75 blocks DONE
2026-05-28T11:03:03 siman_201/beur-hagra 127 blocks DONE
2026-05-28T11:03:03 siman_201/mechaber 75 blocks DONE
2026-05-28T11:03:03 siman_201/nekudot-hakesef 5 blocks DONE
2026-05-28T11:03:03 siman_201/pitchei-teshuva 46 blocks DONE
2026-05-28T11:03:03 siman_201/rabbi-akiva-eiger-yd 10 blocks DONE
2026-05-28T11:03:03 siman_201/siftei-kohen 151 blocks DONE
2026-05-28T11:03:03 siman_201/turei-zahav 75 blocks DONE
2026-05-28T11:03:03 siman_201/yad-avraham 1 blocks DONE
2026-05-28T11:03:03 siman_201 COMPLETE
2026-05-28T11:03:53 siman_201/baer-heitev 110 blocks DONE
2026-05-28T11:03:53 siman_201/beer-hagolah 75 blocks DONE
2026-05-28T11:03:53 siman_201/beur-hagra 127 blocks DONE
2026-05-28T11:03:53 siman_201/mechaber 75 blocks DONE
2026-05-28T11:03:53 siman_201/nekudot-hakesef 5 blocks DONE
2026-05-28T11:03:53 siman_201/pitchei-teshuva 46 blocks DONE
2026-05-28T11:03:53 siman_201/rabbi-akiva-eiger-yd 10 blocks DONE
2026-05-28T11:03:53 siman_201/siftei-kohen 151 blocks DONE
2026-05-28T11:03:53 siman_201/turei-zahav 75 blocks DONE
2026-05-28T11:03:53 siman_201/yad-avraham 1 blocks DONE
2026-05-28T11:03:53 siman_201 COMPLETE
2026-05-28T11:07:35 siman_201/baer-heitev 110 blocks DONE
2026-05-28T11:07:35 siman_201/beer-hagolah 75 blocks DONE
2026-05-28T11:07:35 siman_201/beur-hagra 127 blocks DONE
2026-05-28T11:07:35 siman_201/mechaber 75 blocks DONE
2026-05-28T11:07:35 siman_201/nekudot-hakesef 5 blocks DONE
2026-05-28T11:07:35 siman_201/pitchei-teshuva 46 blocks DONE
2026-05-28T11:07:35 siman_201/rabbi-akiva-eiger-yd 10 blocks DONE
2026-05-28T11:07:35 siman_201/siftei-kohen 151 blocks DONE
2026-05-28T11:07:35 siman_201/turei-zahav 75 blocks DONE
2026-05-28T11:07:35 siman_201/yad-avraham 1 blocks DONE
2026-05-28T11:07:35 siman_201 COMPLETE
2026-05-28T11:08:43 siman_201/baer-heitev 110 blocks DONE
2026-05-28T11:08:43 siman_201/beer-hagolah 75 blocks DONE
2026-05-28T11:08:43 siman_201/beur-hagra 127 blocks DONE
2026-05-28T11:08:43 siman_201/mechaber 75 blocks DONE
2026-05-28T11:08:43 siman_201/nekudot-hakesef 5 blocks DONE
2026-05-28T11:08:43 siman_201/pitchei-teshuva 46 blocks DONE
2026-05-28T11:08:43 siman_201/rabbi-akiva-eiger-yd 10 blocks DONE
2026-05-28T11:08:43 siman_201/siftei-kohen 151 blocks DONE
2026-05-28T11:08:43 siman_201/turei-zahav 75 blocks DONE
2026-05-28T11:08:43 siman_201/yad-avraham 1 blocks DONE
2026-05-28T11:08:43 siman_201 COMPLETE
2026-05-28T11:13:37 siman_201/baer-heitev 110 blocks DONE
2026-05-28T11:13:37 siman_201/beer-hagolah 75 blocks DONE
2026-05-28T11:13:37 siman_201/beur-hagra 127 blocks DONE
2026-05-28T11:13:37 siman_201/mechaber 75 blocks DONE
2026-05-28T11:13:37 siman_201/nekudot-hakesef 5 blocks DONE
2026-05-28T11:13:37 siman_201/pitchei-teshuva 46 blocks DONE
2026-05-28T11:13:37 siman_201/rabbi-akiva-eiger-yd 10 blocks DONE
2026-05-28T11:13:37 siman_201/siftei-kohen 151 blocks DONE
2026-05-28T11:13:37 siman_201/turei-zahav 75 blocks DONE
2026-05-28T11:13:37 siman_201/yad-avraham 1 blocks DONE
2026-05-28T11:13:37 siman_201 COMPLETE
2026-05-28T14:57:22 siman_202/baer-heitev 9 blocks DONE
2026-05-28T14:57:22 siman_202/beer-hagolah 11 blocks DONE
2026-05-28T14:57:22 siman_202/beur-hagra 11 blocks DONE
2026-05-28T14:57:22 siman_202/mechaber 9 blocks DONE
2026-05-28T14:57:22 siman_202/nekudot-hakesef 1 blocks DONE
2026-05-28T14:57:22 siman_202/siftei-kohen 7 blocks DONE
2026-05-28T14:57:22 siman_202/turei-zahav 9 blocks DONE
2026-05-28T14:57:22 siman_202 COMPLETE
2026-05-28T14:58:35 siman_203/baer-heitev 7 blocks DONE
2026-05-28T14:58:35 siman_203/beer-hagolah 7 blocks DONE
2026-05-28T14:58:35 siman_203/beur-hagra 8 blocks DONE
2026-05-28T14:58:35 siman_203/mechaber 7 blocks DONE
2026-05-28T14:58:35 siman_203/pitchei-teshuva 2 blocks DONE
2026-05-28T14:58:35 siman_203/rabbi-akiva-eiger-yd 2 blocks DONE
2026-05-28T14:58:35 siman_203/siftei-kohen 6 blocks DONE
2026-05-28T14:58:35 siman_203/turei-zahav 5 blocks DONE
2026-05-28T14:58:35 siman_203 COMPLETE
2026-05-28T14:59:43 siman_204/baer-heitev 6 blocks DONE
2026-05-28T14:59:43 siman_204/beer-hagolah 4 blocks DONE
2026-05-28T14:59:43 siman_204/beur-hagra 7 blocks DONE
2026-05-28T14:59:43 siman_204/mechaber 4 blocks DONE
2026-05-28T14:59:43 siman_204/pitchei-teshuva 1 blocks DONE
2026-05-28T14:59:43 siman_204/rabbi-akiva-eiger-yd 4 blocks DONE
2026-05-28T14:59:43 siman_204/siftei-kohen 9 blocks DONE
2026-05-28T14:59:43 siman_204/turei-zahav 5 blocks DONE
2026-05-28T14:59:43 siman_204 COMPLETE
2026-05-28T15:00:41 siman_205/baer-heitev 5 blocks DONE
2026-05-28T15:00:41 siman_205/beer-hagolah 2 blocks DONE
2026-05-28T15:00:41 siman_205/beur-hagra 7 blocks DONE
2026-05-28T15:00:41 siman_205/mechaber 2 blocks DONE
2026-05-28T15:00:41 siman_205/nekudot-hakesef 1 blocks DONE
2026-05-28T15:00:41 siman_205/pitchei-teshuva 1 blocks DONE
2026-05-28T15:00:41 siman_205/rabbi-akiva-eiger-yd 1 blocks DONE
2026-05-28T15:00:41 siman_205/siftei-kohen 10 blocks DONE
2026-05-28T15:00:41 siman_205/turei-zahav 5 blocks DONE
2026-05-28T15:00:41 siman_205 COMPLETE
2026-05-28T15:01:56 siman_206/baer-heitev 9 blocks DONE
2026-05-28T15:01:56 siman_206/beer-hagolah 5 blocks DONE
2026-05-28T15:01:56 siman_206/beur-hagra 21 blocks DONE
2026-05-28T15:01:56 siman_206/mechaber 5 blocks DONE
2026-05-28T15:01:56 siman_206/pitchei-teshuva 2 blocks DONE
2026-05-28T15:01:56 siman_206/rabbi-akiva-eiger-yd 5 blocks DONE
2026-05-28T15:01:56 siman_206/siftei-kohen 10 blocks DONE
2026-05-28T15:01:56 siman_206/turei-zahav 7 blocks DONE
2026-05-28T15:01:56 siman_206/yad-avraham 1 blocks DONE
2026-05-28T15:01:56 siman_206 COMPLETE
2026-05-28T15:02:51 siman_207/baer-heitev 2 blocks DONE
2026-05-28T15:02:51 siman_207/beer-hagolah 3 blocks DONE
2026-05-28T15:02:51 siman_207/beur-hagra 3 blocks DONE
2026-05-28T15:02:51 siman_207/mechaber 1 blocks DONE
2026-05-28T15:02:51 siman_207/rabbi-akiva-eiger-yd 1 blocks DONE
2026-05-28T15:02:51 siman_207/siftei-kohen 2 blocks DONE
2026-05-28T15:02:51 siman_207/turei-zahav 1 blocks DONE
2026-05-28T15:02:51 siman_207 COMPLETE
2026-05-28T15:03:41 siman_208/baer-heitev 10 blocks DONE
2026-05-28T15:03:41 siman_208/beer-hagolah 15 blocks DONE
2026-05-28T15:03:41 siman_208/beur-hagra 7 blocks DONE
2026-05-28T15:03:41 siman_208/mechaber 5 blocks DONE
2026-05-28T15:03:41 siman_208/nekudot-hakesef 1 blocks DONE
2026-05-28T15:03:41 siman_208/pitchei-teshuva 5 blocks DONE
2026-05-28T15:03:41 siman_208/rabbi-akiva-eiger-yd 4 blocks DONE
2026-05-28T15:03:41 siman_208/siftei-kohen 16 blocks DONE
2026-05-28T15:03:41 siman_208/turei-zahav 4 blocks DONE
2026-05-28T15:03:41 siman_208/yad-avraham 2 blocks DONE
2026-05-28T15:03:41 siman_208 COMPLETE
2026-05-28T15:04:01 siman_209/baer-heitev 1 blocks DONE
2026-05-28T15:04:01 siman_209/beer-hagolah 3 blocks DONE
2026-05-28T15:04:01 siman_209/beur-hagra 3 blocks DONE
2026-05-28T15:04:01 siman_209/mechaber 1 blocks DONE
2026-05-28T15:04:01 siman_209/nekudot-hakesef 1 blocks DONE
2026-05-28T15:04:01 siman_209/pitchei-teshuva 1 blocks DONE
2026-05-28T15:04:01 siman_209/siftei-kohen 2 blocks DONE
2026-05-28T15:04:01 siman_209/turei-zahav 1 blocks DONE
2026-05-28T15:04:01 siman_209 COMPLETE
2026-05-28T15:04:28 siman_210/baer-heitev 5 blocks DONE
2026-05-28T15:04:28 siman_210/beer-hagolah 3 blocks DONE
2026-05-28T15:04:28 siman_210/beur-hagra 9 blocks DONE
2026-05-28T15:04:28 siman_210/mechaber 3 blocks DONE
2026-05-28T15:04:28 siman_210/nekudot-hakesef 1 blocks DONE
2026-05-28T15:04:28 siman_210/pitchei-teshuva 3 blocks DONE
2026-05-28T15:04:28 siman_210/rabbi-akiva-eiger-yd 2 blocks DONE
2026-05-28T15:04:28 siman_210/siftei-kohen 7 blocks DONE
2026-05-28T15:04:28 siman_210/turei-zahav 5 blocks DONE
2026-05-28T15:04:28 siman_210/yad-avraham 1 blocks DONE
2026-05-28T15:04:28 siman_210 COMPLETE
2026-05-28T15:05:01 siman_211/baer-heitev 4 blocks DONE
2026-05-28T15:05:01 siman_211/beer-hagolah 9 blocks DONE
2026-05-28T15:05:01 siman_211/beur-hagra 4 blocks DONE
2026-05-28T15:05:01 siman_211/mechaber 4 blocks DONE
2026-05-28T15:05:01 siman_211/nekudot-hakesef 3 blocks DONE
2026-05-28T15:05:01 siman_211/pitchei-teshuva 2 blocks DONE
2026-05-28T15:05:01 siman_211/rabbi-akiva-eiger-yd 2 blocks DONE
2026-05-28T15:05:01 siman_211/siftei-kohen 5 blocks DONE
2026-05-28T15:05:01 siman_211/turei-zahav 4 blocks DONE
2026-05-28T15:05:01 siman_211 COMPLETE
2026-05-28T15:05:02 siman_212/baer-heitev 3 blocks DONE
2026-05-28T15:05:02 siman_212/beer-hagolah 4 blocks DONE
2026-05-28T15:05:02 siman_212/beur-hagra 3 blocks DONE
2026-05-28T15:05:02 siman_212/mechaber 1 blocks DONE
2026-05-28T15:05:02 siman_212/pitchei-teshuva 1 blocks DONE
2026-05-28T15:05:02 siman_212/rabbi-akiva-eiger-yd 1 blocks DONE
2026-05-28T15:05:02 siman_212/siftei-kohen 3 blocks DONE
2026-05-28T15:05:02 siman_212/turei-zahav 2 blocks DONE
2026-05-28T15:05:02 siman_212 COMPLETE
2026-05-28T15:05:35 siman_213/baer-heitev 6 blocks DONE
2026-05-28T15:05:35 siman_213/beer-hagolah 11 blocks DONE
2026-05-28T15:05:35 siman_213/beur-hagra 7 blocks DONE
2026-05-28T15:05:35 siman_213/mechaber 3 blocks DONE
2026-05-28T15:05:35 siman_213/pitchei-teshuva 1 blocks DONE
2026-05-28T15:05:35 siman_213/rabbi-akiva-eiger-yd 3 blocks DONE
2026-05-28T15:05:35 siman_213/siftei-kohen 8 blocks DONE
2026-05-28T15:05:35 siman_213/turei-zahav 3 blocks DONE
2026-05-28T15:05:35 siman_213/yad-avraham 1 blocks DONE
2026-05-28T15:05:35 siman_213 COMPLETE
2026-05-28T15:06:08 siman_214/baer-heitev 6 blocks DONE
2026-05-28T15:06:08 siman_214/beer-hagolah 7 blocks DONE
2026-05-28T15:06:08 siman_214/beur-hagra 8 blocks DONE
2026-05-28T15:06:08 siman_214/mechaber 2 blocks DONE
2026-05-28T15:06:08 siman_214/pitchei-teshuva 2 blocks DONE
2026-05-28T15:06:08 siman_214/siftei-kohen 8 blocks DONE
2026-05-28T15:06:08 siman_214 COMPLETE
2026-05-28T15:06:52 siman_215/baer-heitev 12 blocks DONE
2026-05-28T15:06:52 siman_215/beer-hagolah 6 blocks DONE
2026-05-28T15:06:52 siman_215/beur-hagra 14 blocks DONE
2026-05-28T15:06:52 siman_215/mechaber 6 blocks DONE
2026-05-28T15:06:52 siman_215/nekudot-hakesef 2 blocks DONE
2026-05-28T15:06:52 siman_215/pitchei-teshuva 2 blocks DONE
2026-05-28T15:06:52 siman_215/rabbi-akiva-eiger-yd 4 blocks DONE
2026-05-28T15:06:52 siman_215/siftei-kohen 17 blocks DONE
2026-05-28T15:06:52 siman_215/turei-zahav 7 blocks DONE
2026-05-28T15:06:52 siman_215/yad-avraham 2 blocks DONE
2026-05-28T15:06:52 siman_215 COMPLETE
2026-05-28T15:09:27 siman_216/baer-heitev 18 blocks DONE
2026-05-28T15:09:27 siman_216/beer-hagolah 12 blocks DONE
2026-05-28T15:09:27 siman_216/beur-hagra 28 blocks DONE
2026-05-28T15:09:27 siman_216/mechaber 12 blocks DONE
2026-05-28T15:09:27 siman_216/nekudot-hakesef 1 blocks DONE
2026-05-28T15:09:27 siman_216/pitchei-teshuva 5 blocks DONE
2026-05-28T15:09:27 siman_216/rabbi-akiva-eiger-yd 9 blocks DONE
2026-05-28T15:09:27 siman_216/siftei-kohen 27 blocks DONE
2026-05-28T15:09:27 siman_216/turei-zahav 13 blocks DONE
2026-05-28T15:09:27 siman_216 COMPLETE
2026-05-28T15:10:23 siman_218/baer-heitev 6 blocks DONE
2026-05-28T15:10:23 siman_218/beer-hagolah 8 blocks DONE
2026-05-28T15:10:23 siman_218/beur-hagra 16 blocks DONE
2026-05-28T15:10:23 siman_218/mechaber 6 blocks DONE
2026-05-28T15:10:23 siman_218/nekudot-hakesef 1 blocks DONE
2026-05-28T15:10:23 siman_218/pitchei-teshuva 5 blocks DONE
2026-05-28T15:10:23 siman_218/rabbi-akiva-eiger-yd 6 blocks DONE
2026-05-28T15:10:23 siman_218/siftei-kohen 7 blocks DONE
2026-05-28T15:10:23 siman_218/turei-zahav 4 blocks DONE
2026-05-28T15:10:23 siman_218 COMPLETE
2026-05-28T15:13:02 siman_217/baer-heitev 32 blocks DONE
2026-05-28T15:13:02 siman_217/beer-hagolah 48 blocks DONE
2026-05-28T15:13:02 siman_217/beur-hagra 49 blocks DONE
2026-05-28T15:13:02 siman_217/mechaber 48 blocks DONE
2026-05-28T15:13:02 siman_217/nekudot-hakesef 3 blocks DONE
2026-05-28T15:13:02 siman_217/pitchei-teshuva 16 blocks DONE
2026-05-28T15:13:02 siman_217/rabbi-akiva-eiger-yd 22 blocks DONE
2026-05-28T15:13:02 siman_217/siftei-kohen 49 blocks DONE
2026-05-28T15:13:02 siman_217/turei-zahav 39 blocks DONE
2026-05-28T15:13:02 siman_217/yad-avraham 4 blocks DONE
2026-05-28T15:13:02 siman_217 COMPLETE
2026-05-28T15:15:38 siman_219/baer-heitev 2 blocks DONE
2026-05-28T15:15:38 siman_219/beer-hagolah 4 blocks DONE
2026-05-28T15:15:38 siman_219/beur-hagra 1 blocks DONE
2026-05-28T15:15:38 siman_219/mechaber 3 blocks DONE
2026-05-28T15:15:38 siman_219/nekudot-hakesef 1 blocks DONE
2026-05-28T15:15:38 siman_219/pitchei-teshuva 2 blocks DONE
2026-05-28T15:15:38 siman_219/rabbi-akiva-eiger-yd 1 blocks DONE
2026-05-28T15:15:38 siman_219/siftei-kohen 4 blocks DONE
2026-05-28T15:15:38 siman_219/turei-zahav 1 blocks DONE
2026-05-28T15:15:38 siman_219 COMPLETE
2026-05-28T15:15:38 siman_220/baer-heitev 21 blocks DONE
2026-05-28T15:15:38 siman_220/beer-hagolah 23 blocks DONE
2026-05-28T15:15:38 siman_220/beur-hagra 28 blocks DONE
2026-05-28T15:15:38 siman_220/mechaber 23 blocks DONE
2026-05-28T15:15:38 siman_220/nekudot-hakesef 2 blocks DONE
2026-05-28T15:15:38 siman_220/pitchei-teshuva 6 blocks DONE
2026-05-28T15:15:38 siman_220/rabbi-akiva-eiger-yd 7 blocks DONE
2026-05-28T15:15:38 siman_220/siftei-kohen 38 blocks DONE
2026-05-28T15:15:38 siman_220/turei-zahav 20 blocks DONE
2026-05-28T15:15:38 siman_220 COMPLETE
2026-05-28T15:15:38 siman_221/baer-heitev 41 blocks DONE
2026-05-28T15:15:38 siman_221/beer-hagolah 14 blocks DONE
2026-05-28T15:15:38 siman_221/beur-hagra 40 blocks DONE
2026-05-28T15:15:38 siman_221/mechaber 12 blocks DONE
2026-05-28T15:15:38 siman_221/nekudot-hakesef 7 blocks DONE
2026-05-28T15:15:38 siman_221/pitchei-teshuva 8 blocks DONE
2026-05-28T15:15:38 siman_221/rabbi-akiva-eiger-yd 13 blocks DONE
2026-05-28T15:15:38 siman_221/siftei-kohen 60 blocks DONE
2026-05-28T15:15:38 siman_221/turei-zahav 44 blocks DONE
2026-05-28T15:15:38 siman_221 COMPLETE
2026-05-28T15:17:24 siman_220/baer-heitev 21 blocks DONE
2026-05-28T15:17:24 siman_220/beer-hagolah 23 blocks DONE
2026-05-28T15:17:24 siman_220/beur-hagra 28 blocks DONE
2026-05-28T15:17:24 siman_220/mechaber 23 blocks DONE
2026-05-28T15:17:24 siman_220/nekudot-hakesef 2 blocks DONE
2026-05-28T15:17:24 siman_220/pitchei-teshuva 6 blocks DONE
2026-05-28T15:17:24 siman_220/rabbi-akiva-eiger-yd 7 blocks DONE
2026-05-28T15:17:24 siman_220/siftei-kohen 38 blocks DONE
2026-05-28T15:17:24 siman_220/turei-zahav 20 blocks DONE
2026-05-28T15:17:24 siman_220 COMPLETE
2026-05-28T15:17:24 siman_221/baer-heitev 41 blocks DONE
2026-05-28T15:17:24 siman_221/beer-hagolah 14 blocks DONE
2026-05-28T15:17:24 siman_221/beur-hagra 40 blocks DONE
2026-05-28T15:17:24 siman_221/mechaber 14 blocks DONE
2026-05-28T15:17:24 siman_221/nekudot-hakesef 7 blocks DONE
2026-05-28T15:17:24 siman_221/pitchei-teshuva 8 blocks DONE
2026-05-28T15:17:24 siman_221/rabbi-akiva-eiger-yd 13 blocks DONE
2026-05-28T15:17:24 siman_221/siftei-kohen 60 blocks DONE
2026-05-28T15:17:24 siman_221/turei-zahav 44 blocks DONE
2026-05-28T15:17:24 siman_221 COMPLETE
2026-05-28T15:18:47 siman_222/baer-heitev 3 blocks DONE
2026-05-28T15:18:47 siman_222/beer-hagolah 1 blocks DONE
2026-05-28T15:18:47 siman_222/beur-hagra 1 blocks DONE
2026-05-28T15:18:47 siman_222/mechaber 1 blocks DONE
2026-05-28T15:18:47 siman_222/nekudot-hakesef 1 blocks DONE
2026-05-28T15:18:47 siman_222/pitchei-teshuva 1 blocks DONE
2026-05-28T15:18:47 siman_222/siftei-kohen 3 blocks DONE
2026-05-28T15:18:47 siman_222/turei-zahav 3 blocks DONE
2026-05-28T15:18:47 siman_222 COMPLETE
2026-05-28T15:19:25 siman_223/baer-heitev 3 blocks DONE
2026-05-28T15:19:25 siman_223/beer-hagolah 4 blocks DONE
2026-05-28T15:19:25 siman_223/beur-hagra 4 blocks DONE
2026-05-28T15:19:25 siman_223/mechaber 4 blocks DONE
2026-05-28T15:19:25 siman_223/nekudot-hakesef 1 blocks DONE
2026-05-28T15:19:25 siman_223/rabbi-akiva-eiger-yd 1 blocks DONE
2026-05-28T15:19:25 siman_223/siftei-kohen 5 blocks DONE
2026-05-28T15:19:25 siman_223/turei-zahav 5 blocks DONE
2026-05-28T15:19:25 siman_223 COMPLETE
2026-05-28T15:19:25 siman_224/baer-heitev 2 blocks DONE
2026-05-28T15:19:25 siman_224/beer-hagolah 7 blocks DONE
2026-05-28T15:19:25 siman_224/beur-hagra 4 blocks DONE
2026-05-28T15:19:25 siman_224/mechaber 1 blocks DONE
2026-05-28T15:19:25 siman_224/pitchei-teshuva 1 blocks DONE
2026-05-28T15:19:25 siman_224/rabbi-akiva-eiger-yd 1 blocks DONE
2026-05-28T15:19:25 siman_224/siftei-kohen 3 blocks DONE
2026-05-28T15:19:25 siman_224/turei-zahav 3 blocks DONE
2026-05-28T15:19:25 siman_224 COMPLETE
2026-05-28T15:20:20 siman_225/baer-heitev 1 blocks DONE
2026-05-28T15:20:20 siman_225/beer-hagolah 2 blocks DONE
2026-05-28T15:20:20 siman_225/beur-hagra 1 blocks DONE
2026-05-28T15:20:20 siman_225/mechaber 1 blocks DONE
2026-05-28T15:20:20 siman_225/pitchei-teshuva 1 blocks DONE
2026-05-28T15:20:20 siman_225/siftei-kohen 1 blocks DONE
2026-05-28T15:20:20 siman_225 COMPLETE
2026-05-28T15:20:21 siman_226/baer-heitev 8 blocks DONE
2026-05-28T15:20:21 siman_226/beer-hagolah 3 blocks DONE
2026-05-28T15:20:21 siman_226/beur-hagra 12 blocks DONE
2026-05-28T15:20:21 siman_226/mechaber 3 blocks DONE
2026-05-28T15:20:21 siman_226/nekudot-hakesef 2 blocks DONE
2026-05-28T15:20:21 siman_226/pitchei-teshuva 1 blocks DONE
2026-05-28T15:20:21 siman_226/rabbi-akiva-eiger-yd 1 blocks DONE
2026-05-28T15:20:21 siman_226/siftei-kohen 15 blocks DONE
2026-05-28T15:20:21 siman_226/turei-zahav 6 blocks DONE
2026-05-28T15:20:21 siman_226 COMPLETE
2026-05-28T15:20:22 siman_227/baer-heitev 6 blocks DONE
2026-05-28T15:20:22 siman_227/beer-hagolah 6 blocks DONE
2026-05-28T15:20:22 siman_227/beur-hagra 4 blocks DONE
2026-05-28T15:20:22 siman_227/mechaber 3 blocks DONE
2026-05-28T15:20:22 siman_227/pitchei-teshuva 3 blocks DONE
2026-05-28T15:20:22 siman_227/rabbi-akiva-eiger-yd 1 blocks DONE
2026-05-28T15:20:22 siman_227/siftei-kohen 9 blocks DONE
2026-05-28T15:20:22 siman_227/turei-zahav 3 blocks DONE
2026-05-28T15:20:22 siman_227/yad-avraham 1 blocks DONE
2026-05-28T15:20:22 siman_227 COMPLETE
2026-05-28T15:21:09 siman_229/baer-heitev 13 blocks DONE
2026-05-28T15:21:09 siman_229/beer-hagolah 9 blocks DONE
2026-05-28T15:21:09 siman_229/beur-hagra 17 blocks DONE
2026-05-28T15:21:09 siman_229/mechaber 9 blocks DONE
2026-05-28T15:21:09 siman_229/nekudot-hakesef 4 blocks DONE
2026-05-28T15:21:09 siman_229/pitchei-teshuva 6 blocks DONE
2026-05-28T15:21:09 siman_229/rabbi-akiva-eiger-yd 1 blocks DONE
2026-05-28T15:21:09 siman_229/siftei-kohen 19 blocks DONE
2026-05-28T15:21:09 siman_229/turei-zahav 17 blocks DONE
2026-05-28T15:21:09 siman_229 COMPLETE
2026-05-28T15:28:09 siman_228/baer-heitev 78 blocks DONE
2026-05-28T15:28:09 siman_228/beer-hagolah 101 blocks DONE
2026-05-28T15:28:09 siman_228/beur-hagra 128 blocks DONE
2026-05-28T15:28:09 siman_228/mechaber 51 blocks DONE
2026-05-28T15:28:09 siman_228/nekudot-hakesef 10 blocks DONE
2026-05-28T15:28:09 siman_228/pitchei-teshuva 48 blocks DONE
2026-05-28T15:28:09 siman_228/rabbi-akiva-eiger-yd 41 blocks DONE
2026-05-28T15:28:09 siman_228/siftei-kohen 113 blocks DONE
2026-05-28T15:28:09 siman_228/turei-zahav 54 blocks DONE
2026-05-28T15:28:09 siman_228/yad-avraham 1 blocks DONE
2026-05-28T15:28:09 siman_228 COMPLETE
2026-05-28T15:30:07 siman_230/baer-heitev 2 blocks DONE
2026-05-28T15:30:07 siman_230/beer-hagolah 1 blocks DONE
2026-05-28T15:30:07 siman_230/beur-hagra 5 blocks DONE
2026-05-28T15:30:07 siman_230/mechaber 1 blocks DONE
2026-05-28T15:30:07 siman_230/pitchei-teshuva 1 blocks DONE
2026-05-28T15:30:07 siman_230/siftei-kohen 4 blocks DONE
2026-05-28T15:30:07 siman_230/turei-zahav 1 blocks DONE
2026-05-28T15:30:07 siman_230 COMPLETE
2026-05-28T15:30:07 siman_231/baer-heitev 2 blocks DONE
2026-05-28T15:30:07 siman_231/beer-hagolah 3 blocks DONE
2026-05-28T15:30:07 siman_231/beur-hagra 6 blocks DONE
2026-05-28T15:30:07 siman_231/mechaber 1 blocks DONE
2026-05-28T15:30:07 siman_231/siftei-kohen 2 blocks DONE
2026-05-28T15:30:07 siman_231/turei-zahav 3 blocks DONE
2026-05-28T15:30:07 siman_231 COMPLETE
2026-05-28T15:32:24 siman_234/baer-heitev 62 blocks DONE
2026-05-28T15:32:24 siman_234/beer-hagolah 74 blocks DONE
2026-05-28T15:32:24 siman_234/beur-hagra 132 blocks DONE
2026-05-28T15:32:24 siman_234/mechaber 74 blocks DONE
2026-05-28T15:32:24 siman_234/nekudot-hakesef 5 blocks DONE
2026-05-28T15:32:24 siman_234/pitchei-teshuva 16 blocks DONE
2026-05-28T15:32:24 siman_234/rabbi-akiva-eiger-yd 20 blocks DONE
2026-05-28T15:32:24 siman_234/siftei-kohen 93 blocks DONE
2026-05-28T15:32:24 siman_234/turei-zahav 66 blocks DONE
2026-05-28T15:32:24 siman_234/yad-avraham 3 blocks DONE
2026-05-28T15:32:24 siman_234 COMPLETE
2026-05-28T15:32:35 siman_234/baer-heitev 62 blocks DONE
2026-05-28T15:32:35 siman_234/beer-hagolah 74 blocks DONE
2026-05-28T15:32:35 siman_234/beur-hagra 132 blocks DONE
2026-05-28T15:32:35 siman_234/mechaber 74 blocks DONE
2026-05-28T15:32:35 siman_234/nekudot-hakesef 5 blocks DONE
2026-05-28T15:32:35 siman_234/pitchei-teshuva 16 blocks DONE
2026-05-28T15:32:35 siman_234/rabbi-akiva-eiger-yd 20 blocks DONE
2026-05-28T15:32:35 siman_234/siftei-kohen 93 blocks DONE
2026-05-28T15:32:35 siman_234/turei-zahav 66 blocks DONE
2026-05-28T15:32:35 siman_234/yad-avraham 3 blocks DONE
2026-05-28T15:32:35 siman_234 COMPLETE
2026-05-28T15:34:34 siman_271/baer-heitev 8 blocks DONE
2026-05-28T15:34:34 siman_271/beer-hagolah 7 blocks DONE
2026-05-28T15:34:34 siman_271/beur-hagra 23 blocks DONE
2026-05-28T15:34:34 siman_271/kaf-hachayim 5 blocks DONE
2026-05-28T15:34:34 siman_271/mechaber 7 blocks DONE
2026-05-28T15:34:34 siman_271/pitchei-teshuva 7 blocks DONE
2026-05-28T15:34:34 siman_271/rabbi-akiva-eiger-yd 3 blocks DONE
2026-05-28T15:34:34 siman_271/siftei-kohen 13 blocks DONE
2026-05-28T15:34:34 siman_271/turei-zahav 8 blocks DONE
2026-05-28T15:34:34 siman_271 COMPLETE
2026-05-28T15:34:36 siman_272/baer-heitev 5 blocks DONE
2026-05-28T15:34:36 siman_272/beer-hagolah 4 blocks DONE
2026-05-28T15:34:36 siman_272/beur-hagra 5 blocks DONE
2026-05-28T15:34:36 siman_272/kaf-hachayim 4 blocks DONE
2026-05-28T15:34:36 siman_272/mechaber 4 blocks DONE
2026-05-28T15:34:36 siman_272/pitchei-teshuva 4 blocks DONE
2026-05-28T15:34:36 siman_272/rabbi-akiva-eiger-yd 1 blocks DONE
2026-05-28T15:34:36 siman_272/siftei-kohen 6 blocks DONE
2026-05-28T15:34:36 siman_272/turei-zahav 6 blocks DONE
2026-05-28T15:34:36 siman_272 COMPLETE
2026-05-28T15:34:37 siman_273/baer-heitev 5 blocks DONE
2026-05-28T15:34:37 siman_273/beer-hagolah 6 blocks DONE
2026-05-28T15:34:37 siman_273/beur-hagra 7 blocks DONE
2026-05-28T15:34:37 siman_273/kaf-hachayim 6 blocks DONE
2026-05-28T15:34:37 siman_273/mechaber 6 blocks DONE
2026-05-28T15:34:37 siman_273/nekudot-hakesef 1 blocks DONE
2026-05-28T15:34:37 siman_273/pitchei-teshuva 6 blocks DONE
2026-05-28T15:34:37 siman_273/rabbi-akiva-eiger-yd 4 blocks DONE
2026-05-28T15:34:37 siman_273/siftei-kohen 6 blocks DONE
2026-05-28T15:34:37 siman_273/turei-zahav 4 blocks DONE
2026-05-28T15:34:37 siman_273 COMPLETE
2026-05-28T15:34:38 siman_274/baer-heitev 6 blocks DONE
2026-05-28T15:34:38 siman_274/beer-hagolah 13 blocks DONE
2026-05-28T15:34:38 siman_274/beur-hagra 14 blocks DONE
2026-05-28T15:34:38 siman_274/kaf-hachayim 6 blocks DONE
2026-05-28T15:34:38 siman_274/mechaber 7 blocks DONE
2026-05-28T15:34:38 siman_274/nekudot-hakesef 1 blocks DONE
2026-05-28T15:34:38 siman_274/pitchei-teshuva 7 blocks DONE
2026-05-28T15:34:38 siman_274/rabbi-akiva-eiger-yd 4 blocks DONE
2026-05-28T15:34:38 siman_274/siftei-kohen 6 blocks DONE
2026-05-28T15:34:38 siman_274/turei-zahav 7 blocks DONE
2026-05-28T15:34:38 siman_274/yad-avraham 1 blocks DONE
2026-05-28T15:34:38 siman_274 COMPLETE
2026-05-28T15:34:39 siman_275/baer-heitev 9 blocks DONE
2026-05-28T15:34:39 siman_275/beer-hagolah 6 blocks DONE
2026-05-28T15:34:39 siman_275/beur-hagra 9 blocks DONE
2026-05-28T15:34:39 siman_275/kaf-hachayim 6 blocks DONE
2026-05-28T15:34:39 siman_275/mechaber 6 blocks DONE
2026-05-28T15:34:39 siman_275/nekudot-hakesef 1 blocks DONE
2026-05-28T15:34:39 siman_275/pitchei-teshuva 6 blocks DONE
2026-05-28T15:34:39 siman_275/rabbi-akiva-eiger-yd 3 blocks DONE
2026-05-28T15:34:39 siman_275/siftei-kohen 8 blocks DONE
2026-05-28T15:34:39 siman_275/turei-zahav 10 blocks DONE
2026-05-28T15:34:39 siman_275 COMPLETE
2026-05-28T15:34:41 siman_276/baer-heitev 13 blocks DONE
2026-05-28T15:34:41 siman_276/beer-hagolah 13 blocks DONE
2026-05-28T15:34:41 siman_276/beur-hagra 29 blocks DONE
2026-05-28T15:34:41 siman_276/kaf-hachayim 9 blocks DONE
2026-05-28T15:34:41 siman_276/mechaber 13 blocks DONE
2026-05-28T15:34:41 siman_276/nekudot-hakesef 2 blocks DONE
2026-05-28T15:34:41 siman_276/pitchei-teshuva 13 blocks DONE
2026-05-28T15:34:41 siman_276/rabbi-akiva-eiger-yd 13 blocks DONE
2026-05-28T15:34:41 siman_276/siftei-kohen 17 blocks DONE
2026-05-28T15:34:41 siman_276/turei-zahav 11 blocks DONE
2026-05-28T15:34:41 siman_276/yad-avraham 2 blocks DONE
2026-05-28T15:34:41 siman_276 COMPLETE
2026-05-28T15:34:42 siman_277/baer-heitev 1 blocks DONE
2026-05-28T15:34:42 siman_277/beer-hagolah 1 blocks DONE
2026-05-28T15:34:42 siman_277/kaf-hachayim 1 blocks DONE
2026-05-28T15:34:42 siman_277/mechaber 1 blocks DONE
2026-05-28T15:34:42 siman_277/nekudot-hakesef 1 blocks DONE
2026-05-28T15:34:42 siman_277/pitchei-teshuva 1 blocks DONE
2026-05-28T15:34:42 siman_277/siftei-kohen 1 blocks DONE
2026-05-28T15:34:42 siman_277/turei-zahav 1 blocks DONE
2026-05-28T15:34:42 siman_277 COMPLETE
2026-05-28T15:34:43 siman_278/baer-heitev 4 blocks DONE
2026-05-28T15:34:43 siman_278/beer-hagolah 7 blocks DONE
2026-05-28T15:34:43 siman_278/beur-hagra 4 blocks DONE
2026-05-28T15:34:43 siman_278/kaf-hachayim 4 blocks DONE
2026-05-28T15:34:43 siman_278/mechaber 4 blocks DONE
2026-05-28T15:34:43 siman_278/nekudot-hakesef 2 blocks DONE
2026-05-28T15:34:43 siman_278/pitchei-teshuva 4 blocks DONE
2026-05-28T15:34:43 siman_278/siftei-kohen 2 blocks DONE
2026-05-28T15:34:43 siman_278/turei-zahav 2 blocks DONE
2026-05-28T15:34:43 siman_278 COMPLETE
2026-05-28T15:34:44 siman_279/baer-heitev 3 blocks DONE
2026-05-28T15:34:44 siman_279/beer-hagolah 5 blocks DONE
2026-05-28T15:34:44 siman_279/beur-hagra 7 blocks DONE
2026-05-28T15:34:44 siman_279/kaf-hachayim 4 blocks DONE
2026-05-28T15:34:44 siman_279/mechaber 5 blocks DONE
2026-05-28T15:34:44 siman_279/pitchei-teshuva 5 blocks DONE
2026-05-28T15:34:44 siman_279/rabbi-akiva-eiger-yd 4 blocks DONE
2026-05-28T15:34:44 siman_279/siftei-kohen 5 blocks DONE
2026-05-28T15:34:44 siman_279/turei-zahav 2 blocks DONE
2026-05-28T15:34:44 siman_279 COMPLETE
2026-05-28T15:34:46 siman_280/baer-heitev 7 blocks DONE
2026-05-28T15:34:46 siman_280/beer-hagolah 7 blocks DONE
2026-05-28T15:34:46 siman_280/beur-hagra 9 blocks DONE
2026-05-28T15:34:46 siman_280/kaf-hachayim 2 blocks DONE
2026-05-28T15:34:46 siman_280/mechaber 2 blocks DONE
2026-05-28T15:34:46 siman_280/nekudot-hakesef 2 blocks DONE
2026-05-28T15:34:46 siman_280/pitchei-teshuva 2 blocks DONE
2026-05-28T15:34:46 siman_280/rabbi-akiva-eiger-yd 2 blocks DONE
2026-05-28T15:34:46 siman_280/siftei-kohen 9 blocks DONE
2026-05-28T15:34:46 siman_280/turei-zahav 5 blocks DONE
2026-05-28T15:34:46 siman_280/yad-avraham 1 blocks DONE
2026-05-28T15:34:46 siman_280 COMPLETE
2026-05-28T15:34:47 siman_281/baer-heitev 6 blocks DONE
2026-05-28T15:34:47 siman_281/beer-hagolah 11 blocks DONE
2026-05-28T15:34:47 siman_281/beur-hagra 4 blocks DONE
2026-05-28T15:34:47 siman_281/kaf-hachayim 5 blocks DONE
2026-05-28T15:34:47 siman_281/mechaber 5 blocks DONE
2026-05-28T15:34:47 siman_281/nekudot-hakesef 3 blocks DONE
2026-05-28T15:34:47 siman_281/pitchei-teshuva 5 blocks DONE
2026-05-28T15:34:47 siman_281/rabbi-akiva-eiger-yd 1 blocks DONE
2026-05-28T15:34:47 siman_281/siftei-kohen 5 blocks DONE
2026-05-28T15:34:47 siman_281/turei-zahav 5 blocks DONE
2026-05-28T15:34:47 siman_281 COMPLETE
2026-05-28T15:35:35 siman_240/baer-heitev 18 blocks DONE
2026-05-28T15:35:35 siman_240/beer-hagolah 49 blocks DONE
2026-05-28T15:35:35 siman_240/beur-hagra 36 blocks DONE
2026-05-28T15:35:35 siman_240/mechaber 25 blocks DONE
2026-05-28T15:35:35 siman_240/nekudot-hakesef 3 blocks DONE
2026-05-28T15:35:35 siman_240/pitchei-teshuva 23 blocks DONE
2026-05-28T15:35:35 siman_240/rabbi-akiva-eiger-yd 10 blocks DONE
2026-05-28T15:35:35 siman_240/siftei-kohen 23 blocks DONE
2026-05-28T15:35:35 siman_240/turei-zahav 20 blocks DONE
2026-05-28T15:35:35 siman_240/yad-avraham 2 blocks DONE
2026-05-28T15:35:35 siman_240 COMPLETE
2026-05-28T15:35:36 siman_241/baer-heitev 2 blocks DONE
2026-05-28T15:35:36 siman_241/beer-hagolah 19 blocks DONE
2026-05-28T15:35:36 siman_241/beur-hagra 11 blocks DONE
2026-05-28T15:35:36 siman_241/mechaber 9 blocks DONE
2026-05-28T15:35:36 siman_241/rabbi-akiva-eiger-yd 1 blocks DONE
2026-05-28T15:35:36 siman_241/siftei-kohen 3 blocks DONE
2026-05-28T15:35:36 siman_241/turei-zahav 3 blocks DONE
2026-05-28T15:35:36 siman_241/yad-avraham 2 blocks DONE
2026-05-28T15:35:36 siman_241 COMPLETE
2026-05-28T15:35:37 siman_247/baer-heitev 2 blocks DONE
2026-05-28T15:35:37 siman_247/beer-hagolah 4 blocks DONE
2026-05-28T15:35:37 siman_247/beur-hagra 7 blocks DONE
2026-05-28T15:35:37 siman_247/mechaber 4 blocks DONE
2026-05-28T15:35:37 siman_247/pitchei-teshuva 2 blocks DONE
2026-05-28T15:35:37 siman_247/siftei-kohen 3 blocks DONE
2026-05-28T15:35:37 siman_247 COMPLETE
2026-05-28T15:35:38 siman_250/baer-heitev 3 blocks DONE
2026-05-28T15:35:38 siman_250/beer-hagolah 10 blocks DONE
2026-05-28T15:35:38 siman_250/beur-hagra 8 blocks DONE
2026-05-28T15:35:38 siman_250/mechaber 5 blocks DONE
2026-05-28T15:35:38 siman_250/siftei-kohen 4 blocks DONE
2026-05-28T15:35:38 siman_250/turei-zahav 2 blocks DONE
2026-05-28T15:35:38 siman_250 COMPLETE
2026-05-28T15:35:39 siman_254/baer-heitev 3 blocks DONE
2026-05-28T15:35:39 siman_254/beer-hagolah 5 blocks DONE
2026-05-28T15:35:39 siman_254/beur-hagra 2 blocks DONE
2026-05-28T15:35:39 siman_254/mechaber 2 blocks DONE
2026-05-28T15:35:39 siman_254/nekudot-hakesef 1 blocks DONE
2026-05-28T15:35:39 siman_254/siftei-kohen 5 blocks DONE
2026-05-28T15:35:39 siman_254/turei-zahav 4 blocks DONE
2026-05-28T15:35:39 siman_254 COMPLETE
2026-05-28T15:35:41 siman_255/baer-heitev 1 blocks DONE
2026-05-28T15:35:41 siman_255/beer-hagolah 5 blocks DONE
2026-05-28T15:35:41 siman_255/beur-hagra 1 blocks DONE
2026-05-28T15:35:41 siman_255/mechaber 2 blocks DONE
2026-05-28T15:35:41 siman_255/siftei-kohen 1 blocks DONE
2026-05-28T15:35:41 siman_255 COMPLETE
2026-05-28T15:35:42 siman_260/baer-heitev 1 blocks DONE
2026-05-28T15:35:42 siman_260/beer-hagolah 1 blocks DONE
2026-05-28T15:35:42 siman_260/beur-hagra 1 blocks DONE
2026-05-28T15:35:42 siman_260/mechaber 1 blocks DONE
2026-05-28T15:35:42 siman_260/siftei-kohen 1 blocks DONE
2026-05-28T15:35:42 siman_260/yad-avraham 1 blocks DONE
2026-05-28T15:35:42 siman_260 COMPLETE
2026-05-28T15:35:43 siman_261/baer-heitev 1 blocks DONE
2026-05-28T15:35:43 siman_261/beer-hagolah 1 blocks DONE
2026-05-28T15:35:43 siman_261/beur-hagra 7 blocks DONE
2026-05-28T15:35:43 siman_261/mechaber 1 blocks DONE
2026-05-28T15:35:43 siman_261/pitchei-teshuva 1 blocks DONE
2026-05-28T15:35:43 siman_261/siftei-kohen 1 blocks DONE
2026-05-28T15:35:43 siman_261/yad-avraham 1 blocks DONE
2026-05-28T15:35:43 siman_261 COMPLETE
2026-05-28T15:35:44 siman_270/baer-heitev 5 blocks DONE
2026-05-28T15:35:44 siman_270/beer-hagolah 8 blocks DONE
2026-05-28T15:35:44 siman_270/beur-hagra 4 blocks DONE
2026-05-28T15:35:44 siman_270/kaf-hachayim 2 blocks DONE
2026-05-28T15:35:44 siman_270/mechaber 2 blocks DONE
2026-05-28T15:35:44 siman_270/pitchei-teshuva 2 blocks DONE
2026-05-28T15:35:44 siman_270/rabbi-akiva-eiger-yd 2 blocks DONE
2026-05-28T15:35:44 siman_270/siftei-kohen 5 blocks DONE
2026-05-28T15:35:44 siman_270/turei-zahav 4 blocks DONE
2026-05-28T15:35:44 siman_270 COMPLETE
2026-05-28T15:37:58 siman_243/baer-heitev 5 blocks DONE
2026-05-28T15:37:58 siman_243/beer-hagolah 9 blocks DONE
2026-05-28T15:37:58 siman_243/beur-hagra 21 blocks DONE
2026-05-28T15:37:58 siman_243/mechaber 9 blocks DONE
2026-05-28T15:37:58 siman_243/pitchei-teshuva 7 blocks DONE
2026-05-28T15:37:58 siman_243/rabbi-akiva-eiger-yd 1 blocks DONE
2026-05-28T15:37:58 siman_243/siftei-kohen 15 blocks DONE
2026-05-28T15:37:58 siman_243/yad-avraham 1 blocks DONE
2026-05-28T15:37:58 siman_243 COMPLETE
2026-05-28T15:38:00 siman_248/baer-heitev 6 blocks DONE
2026-05-28T15:38:00 siman_248/beer-hagolah 12 blocks DONE
2026-05-28T15:38:00 siman_248/beur-hagra 7 blocks DONE
2026-05-28T15:38:00 siman_248/mechaber 8 blocks DONE
2026-05-28T15:38:00 siman_248/pitchei-teshuva 4 blocks DONE
2026-05-28T15:38:00 siman_248/siftei-kohen 13 blocks DONE
2026-05-28T15:38:00 siman_248/yad-avraham 4 blocks DONE
2026-05-28T15:38:00 siman_248 COMPLETE
2026-05-28T15:38:01 siman_256/baer-heitev 9 blocks DONE
2026-05-28T15:38:01 siman_256/beer-hagolah 6 blocks DONE
2026-05-28T15:38:01 siman_256/beur-hagra 17 blocks DONE
2026-05-28T15:38:01 siman_256/mechaber 6 blocks DONE
2026-05-28T15:38:01 siman_256/pitchei-teshuva 2 blocks DONE
2026-05-28T15:38:01 siman_256/siftei-kohen 13 blocks DONE
2026-05-28T15:38:01 siman_256/turei-zahav 7 blocks DONE
2026-05-28T15:38:01 siman_256 COMPLETE
2026-05-28T15:38:02 siman_259/baer-heitev 8 blocks DONE
2026-05-28T15:38:02 siman_259/beer-hagolah 6 blocks DONE
2026-05-28T15:38:02 siman_259/beur-hagra 19 blocks DONE
2026-05-28T15:38:02 siman_259/mechaber 6 blocks DONE
2026-05-28T15:38:02 siman_259/nekudot-hakesef 1 blocks DONE
2026-05-28T15:38:02 siman_259/pitchei-teshuva 6 blocks DONE
2026-05-28T15:38:02 siman_259/rabbi-akiva-eiger-yd 3 blocks DONE
2026-05-28T15:38:02 siman_259/siftei-kohen 15 blocks DONE
2026-05-28T15:38:02 siman_259/turei-zahav 8 blocks DONE
2026-05-28T15:38:02 siman_259 COMPLETE
2026-05-28T15:38:03 siman_262/baer-heitev 3 blocks DONE
2026-05-28T15:38:03 siman_262/beer-hagolah 15 blocks DONE
2026-05-28T15:38:03 siman_262/beur-hagra 10 blocks DONE
2026-05-28T15:38:03 siman_262/mechaber 7 blocks DONE
2026-05-28T15:38:03 siman_262/nekudot-hakesef 2 blocks DONE
2026-05-28T15:38:03 siman_262/pitchei-teshuva 7 blocks DONE
2026-05-28T15:38:03 siman_262/rabbi-akiva-eiger-yd 5 blocks DONE
2026-05-28T15:38:03 siman_262/siftei-kohen 9 blocks DONE
2026-05-28T15:38:03 siman_262/turei-zahav 4 blocks DONE
2026-05-28T15:38:03 siman_262/yad-avraham 1 blocks DONE
2026-05-28T15:38:03 siman_262 COMPLETE
2026-05-28T15:38:05 siman_263/baer-heitev 4 blocks DONE
2026-05-28T15:38:05 siman_263/beer-hagolah 9 blocks DONE
2026-05-28T15:38:05 siman_263/beur-hagra 13 blocks DONE
2026-05-28T15:38:05 siman_263/mechaber 5 blocks DONE
2026-05-28T15:38:05 siman_263/nekudot-hakesef 1 blocks DONE
2026-05-28T15:38:05 siman_263/pitchei-teshuva 5 blocks DONE
2026-05-28T15:38:05 siman_263/rabbi-akiva-eiger-yd 2 blocks DONE
2026-05-28T15:38:05 siman_263/siftei-kohen 8 blocks DONE
2026-05-28T15:38:05 siman_263/turei-zahav 3 blocks DONE
2026-05-28T15:38:05 siman_263 COMPLETE
2026-05-28T15:38:06 siman_264/baer-heitev 5 blocks DONE
2026-05-28T15:38:06 siman_264/beer-hagolah 6 blocks DONE
2026-05-28T15:38:06 siman_264/beur-hagra 25 blocks DONE
2026-05-28T15:38:06 siman_264/mechaber 6 blocks DONE
2026-05-28T15:38:06 siman_264/nekudot-hakesef 4 blocks DONE
2026-05-28T15:38:06 siman_264/pitchei-teshuva 6 blocks DONE
2026-05-28T15:38:06 siman_264/rabbi-akiva-eiger-yd 6 blocks DONE
2026-05-28T15:38:06 siman_264/siftei-kohen 12 blocks DONE
2026-05-28T15:38:06 siman_264/turei-zahav 9 blocks DONE
2026-05-28T15:38:06 siman_264/yad-avraham 3 blocks DONE
2026-05-28T15:38:06 siman_264 COMPLETE
2026-05-28T15:38:20 siman_232/baer-heitev 39 blocks DONE
2026-05-28T15:38:20 siman_232/beer-hagolah 20 blocks DONE
2026-05-28T15:38:20 siman_232/beur-hagra 58 blocks DONE
2026-05-28T15:38:20 siman_232/mechaber 20 blocks DONE
2026-05-28T15:38:20 siman_232/nekudot-hakesef 4 blocks DONE
2026-05-28T15:38:20 siman_232/pitchei-teshuva 20 blocks DONE
2026-05-28T15:38:20 siman_232/rabbi-akiva-eiger-yd 20 blocks DONE
2026-05-28T15:38:20 siman_232/siftei-kohen 47 blocks DONE
2026-05-28T15:38:20 siman_232/turei-zahav 34 blocks DONE
2026-05-28T15:38:20 siman_232/yad-avraham 1 blocks DONE
2026-05-28T15:38:20 siman_232 COMPLETE
2026-05-28T15:38:21 siman_233/baer-heitev 1 blocks DONE
2026-05-28T15:38:21 siman_233/beer-hagolah 3 blocks DONE
2026-05-28T15:38:21 siman_233/beur-hagra 4 blocks DONE
2026-05-28T15:38:21 siman_233/mechaber 1 blocks DONE
2026-05-28T15:38:21 siman_233/pitchei-teshuva 1 blocks DONE
2026-05-28T15:38:21 siman_233/rabbi-akiva-eiger-yd 1 blocks DONE
2026-05-28T15:38:21 siman_233/siftei-kohen 2 blocks DONE
2026-05-28T15:38:21 siman_233 COMPLETE
2026-05-28T15:38:22 siman_235/baer-heitev 8 blocks DONE
2026-05-28T15:38:22 siman_235/beer-hagolah 6 blocks DONE
2026-05-28T15:38:22 siman_235/beur-hagra 18 blocks DONE
2026-05-28T15:38:22 siman_235/mechaber 6 blocks DONE
2026-05-28T15:38:22 siman_235/pitchei-teshuva 4 blocks DONE
2026-05-28T15:38:22 siman_235/rabbi-akiva-eiger-yd 4 blocks DONE
2026-05-28T15:38:22 siman_235/siftei-kohen 17 blocks DONE
2026-05-28T15:38:22 siman_235/turei-zahav 15 blocks DONE
2026-05-28T15:38:22 siman_235 COMPLETE
2026-05-28T15:38:23 siman_236/baer-heitev 14 blocks DONE
2026-05-28T15:38:23 siman_236/beer-hagolah 6 blocks DONE
2026-05-28T15:38:23 siman_236/beur-hagra 24 blocks DONE
2026-05-28T15:38:23 siman_236/mechaber 6 blocks DONE
2026-05-28T15:38:23 siman_236/nekudot-hakesef 2 blocks DONE
2026-05-28T15:38:23 siman_236/pitchei-teshuva 4 blocks DONE
2026-05-28T15:38:23 siman_236/rabbi-akiva-eiger-yd 5 blocks DONE
2026-05-28T15:38:23 siman_236/siftei-kohen 17 blocks DONE
2026-05-28T15:38:23 siman_236/turei-zahav 13 blocks DONE
2026-05-28T15:38:23 siman_236/yad-avraham 1 blocks DONE
2026-05-28T15:38:23 siman_236 COMPLETE
2026-05-28T15:38:24 siman_237/baer-heitev 7 blocks DONE
2026-05-28T15:38:24 siman_237/beer-hagolah 25 blocks DONE
2026-05-28T15:38:24 siman_237/beur-hagra 24 blocks DONE
2026-05-28T15:38:24 siman_237/mechaber 12 blocks DONE
2026-05-28T15:38:24 siman_237/pitchei-teshuva 2 blocks DONE
2026-05-28T15:38:24 siman_237/rabbi-akiva-eiger-yd 1 blocks DONE
2026-05-28T15:38:24 siman_237/siftei-kohen 17 blocks DONE
2026-05-28T15:38:24 siman_237/turei-zahav 7 blocks DONE
2026-05-28T15:38:24 siman_237 COMPLETE
2026-05-28T15:38:26 siman_238/baer-heitev 15 blocks DONE
2026-05-28T15:38:26 siman_238/beer-hagolah 23 blocks DONE
2026-05-28T15:38:26 siman_238/beur-hagra 23 blocks DONE
2026-05-28T15:38:26 siman_238/mechaber 23 blocks DONE
2026-05-28T15:38:26 siman_238/pitchei-teshuva 6 blocks DONE
2026-05-28T15:38:26 siman_238/rabbi-akiva-eiger-yd 8 blocks DONE
2026-05-28T15:38:26 siman_238/siftei-kohen 28 blocks DONE
2026-05-28T15:38:26 siman_238/turei-zahav 16 blocks DONE
2026-05-28T15:38:26 siman_238/yad-avraham 1 blocks DONE
2026-05-28T15:38:26 siman_238 COMPLETE
2026-05-28T15:38:27 siman_239/baer-heitev 20 blocks DONE
2026-05-28T15:38:27 siman_239/beer-hagolah 17 blocks DONE
2026-05-28T15:38:27 siman_239/beur-hagra 37 blocks DONE
2026-05-28T15:38:27 siman_239/mechaber 17 blocks DONE
2026-05-28T15:38:27 siman_239/nekudot-hakesef 3 blocks DONE
2026-05-28T15:38:27 siman_239/pitchei-teshuva 7 blocks DONE
2026-05-28T15:38:27 siman_239/rabbi-akiva-eiger-yd 10 blocks DONE
2026-05-28T15:38:27 siman_239/siftei-kohen 37 blocks DONE
2026-05-28T15:38:27 siman_239/turei-zahav 13 blocks DONE
2026-05-28T15:38:27 siman_239/yad-avraham 1 blocks DONE
2026-05-28T15:38:27 siman_239 COMPLETE
2026-05-28T15:38:27 siman_282/baer-heitev 14 blocks DONE
2026-05-28T15:38:27 siman_282/beer-hagolah 32 blocks DONE
2026-05-28T15:38:27 siman_282/beur-hagra 38 blocks DONE
2026-05-28T15:38:27 siman_282/kaf-hachayim 14 blocks DONE
2026-05-28T15:38:27 siman_282/mechaber 19 blocks DONE
2026-05-28T15:38:27 siman_282/nekudot-hakesef 1 blocks DONE
2026-05-28T15:38:27 siman_282/pitchei-teshuva 17 blocks DONE
2026-05-28T15:38:27 siman_282/rabbi-akiva-eiger-yd 4 blocks DONE
2026-05-28T15:38:27 siman_282/siftei-kohen 14 blocks DONE
2026-05-28T15:38:27 siman_282/turei-zahav 13 blocks DONE
2026-05-28T15:38:27 siman_282/yad-avraham 2 blocks DONE
2026-05-28T15:38:27 siman_282 COMPLETE
2026-05-28T15:38:28 siman_283/baer-heitev 3 blocks DONE
2026-05-28T15:38:28 siman_283/beer-hagolah 11 blocks DONE
2026-05-28T15:38:28 siman_283/beur-hagra 5 blocks DONE
2026-05-28T15:38:28 siman_283/mechaber 5 blocks DONE
2026-05-28T15:38:28 siman_283/pitchei-teshuva 3 blocks DONE
2026-05-28T15:38:28 siman_283/rabbi-akiva-eiger-yd 2 blocks DONE
2026-05-28T15:38:28 siman_283/siftei-kohen 6 blocks DONE
2026-05-28T15:38:28 siman_283/turei-zahav 3 blocks DONE
2026-05-28T15:38:28 siman_283 COMPLETE
2026-05-28T15:38:29 siman_284/baer-heitev 2 blocks DONE
2026-05-28T15:38:29 siman_284/beer-hagolah 2 blocks DONE
2026-05-28T15:38:29 siman_284/beur-hagra 6 blocks DONE
2026-05-28T15:38:29 siman_284/mechaber 2 blocks DONE
2026-05-28T15:38:29 siman_284/nekudot-hakesef 2 blocks DONE
2026-05-28T15:38:29 siman_284/pitchei-teshuva 2 blocks DONE
2026-05-28T15:38:29 siman_284/rabbi-akiva-eiger-yd 1 blocks DONE
2026-05-28T15:38:29 siman_284/siftei-kohen 4 blocks DONE
2026-05-28T15:38:29 siman_284/turei-zahav 1 blocks DONE
2026-05-28T15:38:29 siman_284 COMPLETE
2026-05-28T15:38:30 siman_285/baer-heitev 2 blocks DONE
2026-05-28T15:38:30 siman_285/beer-hagolah 3 blocks DONE
2026-05-28T15:38:30 siman_285/beur-hagra 6 blocks DONE
2026-05-28T15:38:30 siman_285/mechaber 2 blocks DONE
2026-05-28T15:38:30 siman_285/pitchei-teshuva 2 blocks DONE
2026-05-28T15:38:30 siman_285/rabbi-akiva-eiger-yd 1 blocks DONE
2026-05-28T15:38:30 siman_285/siftei-kohen 4 blocks DONE
2026-05-28T15:38:30 siman_285/turei-zahav 2 blocks DONE
2026-05-28T15:38:30 siman_285/yad-avraham 1 blocks DONE
2026-05-28T15:38:30 siman_285 COMPLETE
2026-05-28T15:38:32 siman_286/baer-heitev 22 blocks DONE
2026-05-28T15:38:32 siman_286/beer-hagolah 35 blocks DONE
2026-05-28T15:38:32 siman_286/beur-hagra 20 blocks DONE
2026-05-28T15:38:32 siman_286/mechaber 23 blocks DONE
2026-05-28T15:38:32 siman_286/pitchei-teshuva 19 blocks DONE
2026-05-28T15:38:32 siman_286/rabbi-akiva-eiger-yd 7 blocks DONE
2026-05-28T15:38:32 siman_286/siftei-kohen 29 blocks DONE
2026-05-28T15:38:32 siman_286/turei-zahav 12 blocks DONE
2026-05-28T15:38:32 siman_286 COMPLETE
2026-05-28T15:38:33 siman_287/baer-heitev 3 blocks DONE
2026-05-28T15:38:33 siman_287/beer-hagolah 2 blocks DONE
2026-05-28T15:38:33 siman_287/beur-hagra 4 blocks DONE
2026-05-28T15:38:33 siman_287/mechaber 2 blocks DONE
2026-05-28T15:38:33 siman_287/pitchei-teshuva 2 blocks DONE
2026-05-28T15:38:33 siman_287/siftei-kohen 2 blocks DONE
2026-05-28T15:38:33 siman_287/turei-zahav 4 blocks DONE
2026-05-28T15:38:33 siman_287 COMPLETE
2026-05-28T15:38:34 siman_288/baer-heitev 8 blocks DONE
2026-05-28T15:38:34 siman_288/beer-hagolah 15 blocks DONE
2026-05-28T15:38:34 siman_288/beur-hagra 21 blocks DONE
2026-05-28T15:38:34 siman_288/mechaber 15 blocks DONE
2026-05-28T15:38:34 siman_288/nekudot-hakesef 1 blocks DONE
2026-05-28T15:38:34 siman_288/pitchei-teshuva 8 blocks DONE
2026-05-28T15:38:34 siman_288/rabbi-akiva-eiger-yd 2 blocks DONE
2026-05-28T15:38:34 siman_288/siftei-kohen 11 blocks DONE
2026-05-28T15:38:34 siman_288/turei-zahav 7 blocks DONE
2026-05-28T15:38:34 siman_288 COMPLETE
2026-05-28T15:38:36 siman_289/baer-heitev 7 blocks DONE
2026-05-28T15:38:36 siman_289/beer-hagolah 6 blocks DONE
2026-05-28T15:38:36 siman_289/beur-hagra 14 blocks DONE
2026-05-28T15:38:36 siman_289/mechaber 6 blocks DONE
2026-05-28T15:38:36 siman_289/nekudot-hakesef 2 blocks DONE
2026-05-28T15:38:36 siman_289/pitchei-teshuva 6 blocks DONE
2026-05-28T15:38:36 siman_289/rabbi-akiva-eiger-yd 3 blocks DONE
2026-05-28T15:38:36 siman_289/siftei-kohen 9 blocks DONE
2026-05-28T15:38:36 siman_289/turei-zahav 6 blocks DONE
2026-05-28T15:38:36 siman_289 COMPLETE
2026-05-28T15:38:37 siman_290/baer-heitev 1 blocks DONE
2026-05-28T15:38:37 siman_290/beer-hagolah 2 blocks DONE
2026-05-28T15:38:37 siman_290/beur-hagra 3 blocks DONE
2026-05-28T15:38:37 siman_290/kaf-hachayim 1 blocks DONE
2026-05-28T15:38:37 siman_290/mechaber 1 blocks DONE
2026-05-28T15:38:37 siman_290/nekudot-hakesef 1 blocks DONE
2026-05-28T15:38:37 siman_290/pitchei-teshuva 1 blocks DONE
2026-05-28T15:38:37 siman_290/siftei-kohen 1 blocks DONE
2026-05-28T15:38:37 siman_290/turei-zahav 1 blocks DONE
2026-05-28T15:38:37 siman_290 COMPLETE
2026-05-28T15:38:38 siman_291/baer-heitev 1 blocks DONE
2026-05-28T15:38:38 siman_291/beer-hagolah 8 blocks DONE
2026-05-28T15:38:38 siman_291/beur-hagra 2 blocks DONE
2026-05-28T15:38:38 siman_291/kaf-hachayim 3 blocks DONE
2026-05-28T15:38:38 siman_291/mechaber 3 blocks DONE
2026-05-28T15:38:38 siman_291/pitchei-teshuva 3 blocks DONE
2026-05-28T15:38:38 siman_291/siftei-kohen 4 blocks DONE
2026-05-28T15:38:38 siman_291/yad-avraham 1 blocks DONE
2026-05-28T15:38:38 siman_291 COMPLETE
2026-05-28T15:38:45 siman_292/baer-heitev 10 blocks DONE
2026-05-28T15:38:45 siman_292/beer-hagolah 26 blocks DONE
2026-05-28T15:38:45 siman_292/beur-hagra 17 blocks DONE
2026-05-28T15:38:45 siman_292/mechaber 13 blocks DONE
2026-05-28T15:38:45 siman_292/pitchei-teshuva 3 blocks DONE
2026-05-28T15:38:45 siman_292/rabbi-akiva-eiger-yd 4 blocks DONE
2026-05-28T15:38:45 siman_292/siftei-kohen 17 blocks DONE
2026-05-28T15:38:45 siman_292/turei-zahav 12 blocks DONE
2026-05-28T15:38:45 siman_292 COMPLETE
2026-05-28T15:38:46 siman_293/baer-heitev 5 blocks DONE
2026-05-28T15:38:46 siman_293/beer-hagolah 5 blocks DONE
2026-05-28T15:38:46 siman_293/beur-hagra 3 blocks DONE
2026-05-28T15:38:46 siman_293/mechaber 5 blocks DONE
2026-05-28T15:38:46 siman_293/nekudot-hakesef 2 blocks DONE
2026-05-28T15:38:46 siman_293/pitchei-teshuva 5 blocks DONE
2026-05-28T15:38:46 siman_293/rabbi-akiva-eiger-yd 2 blocks DONE
2026-05-28T15:38:46 siman_293/siftei-kohen 9 blocks DONE
2026-05-28T15:38:46 siman_293/turei-zahav 4 blocks DONE
2026-05-28T15:38:46 siman_293 COMPLETE
2026-05-28T15:38:48 siman_295/baer-heitev 4 blocks DONE
2026-05-28T15:38:48 siman_295/beer-hagolah 19 blocks DONE
2026-05-28T15:38:48 siman_295/beur-hagra 22 blocks DONE
2026-05-28T15:38:48 siman_295/mechaber 7 blocks DONE
2026-05-28T15:38:48 siman_295/pitchei-teshuva 4 blocks DONE
2026-05-28T15:38:48 siman_295/siftei-kohen 5 blocks DONE
2026-05-28T15:38:48 siman_295/turei-zahav 4 blocks DONE
2026-05-28T15:38:48 siman_295 COMPLETE
2026-05-28T15:38:49 siman_298/baer-heitev 1 blocks DONE
2026-05-28T15:38:49 siman_298/beer-hagolah 5 blocks DONE
2026-05-28T15:38:49 siman_298/beur-hagra 8 blocks DONE
2026-05-28T15:38:49 siman_298/mechaber 2 blocks DONE
2026-05-28T15:38:49 siman_298/pitchei-teshuva 1 blocks DONE
2026-05-28T15:38:49 siman_298/rabbi-akiva-eiger-yd 1 blocks DONE
2026-05-28T15:38:49 siman_298/siftei-kohen 2 blocks DONE
2026-05-28T15:38:49 siman_298 COMPLETE
2026-05-28T15:38:50 siman_299/baer-heitev 3 blocks DONE
2026-05-28T15:38:50 siman_299/beer-hagolah 2 blocks DONE
2026-05-28T15:38:50 siman_299/beur-hagra 8 blocks DONE
2026-05-28T15:38:50 siman_299/mechaber 2 blocks DONE
2026-05-28T15:38:50 siman_299/nekudot-hakesef 1 blocks DONE
2026-05-28T15:38:50 siman_299/pitchei-teshuva 2 blocks DONE
2026-05-28T15:38:50 siman_299/rabbi-akiva-eiger-yd 2 blocks DONE
2026-05-28T15:38:50 siman_299/siftei-kohen 2 blocks DONE
2026-05-28T15:38:50 siman_299/turei-zahav 1 blocks DONE
2026-05-28T15:38:50 siman_299 COMPLETE
2026-05-28T15:38:51 siman_300/baer-heitev 10 blocks DONE
2026-05-28T15:38:51 siman_300/beer-hagolah 7 blocks DONE
2026-05-28T15:38:51 siman_300/beur-hagra 16 blocks DONE
2026-05-28T15:38:51 siman_300/mechaber 7 blocks DONE
2026-05-28T15:38:51 siman_300/pitchei-teshuva 7 blocks DONE
2026-05-28T15:38:51 siman_300/rabbi-akiva-eiger-yd 2 blocks DONE
2026-05-28T15:38:51 siman_300/siftei-kohen 16 blocks DONE
2026-05-28T15:38:51 siman_300/turei-zahav 12 blocks DONE
2026-05-28T15:38:51 siman_300/yad-avraham 1 blocks DONE
2026-05-28T15:38:51 siman_300 COMPLETE
2026-05-28T15:40:13 siman_294/baer-heitev 26 blocks DONE
2026-05-28T15:40:13 siman_294/beer-hagolah 28 blocks DONE
2026-05-28T15:40:13 siman_294/beur-hagra 67 blocks DONE
2026-05-28T15:40:13 siman_294/mechaber 28 blocks DONE
2026-05-28T15:40:13 siman_294/nekudot-hakesef 1 blocks DONE
2026-05-28T15:40:13 siman_294/pitchei-teshuva 15 blocks DONE
2026-05-28T15:40:13 siman_294/rabbi-akiva-eiger-yd 12 blocks DONE
2026-05-28T15:40:13 siman_294/siftei-kohen 36 blocks DONE
2026-05-28T15:40:13 siman_294/turei-zahav 29 blocks DONE
2026-05-28T15:40:13 siman_294/yad-avraham 1 blocks DONE
2026-05-28T15:40:13 siman_294 COMPLETE
2026-05-28T15:41:50 siman_251/baer-heitev 11 blocks DONE
2026-05-28T15:41:50 siman_251/beer-hagolah 14 blocks DONE
2026-05-28T15:41:50 siman_251/beur-hagra 24 blocks DONE
2026-05-28T15:41:50 siman_251/mechaber 14 blocks DONE
2026-05-28T15:41:50 siman_251/pitchei-teshuva 7 blocks DONE
2026-05-28T15:41:50 siman_251/rabbi-akiva-eiger-yd 4 blocks DONE
2026-05-28T15:41:50 siman_251/siftei-kohen 17 blocks DONE
2026-05-28T15:41:50 siman_251/turei-zahav 6 blocks DONE
2026-05-28T15:41:50 siman_251 COMPLETE
2026-05-28T15:41:52 siman_252/baer-heitev 8 blocks DONE
2026-05-28T15:41:52 siman_252/beer-hagolah 12 blocks DONE
2026-05-28T15:41:52 siman_252/beur-hagra 19 blocks DONE
2026-05-28T15:41:52 siman_252/mechaber 12 blocks DONE
2026-05-28T15:41:52 siman_252/nekudot-hakesef 1 blocks DONE
2026-05-28T15:41:52 siman_252/pitchei-teshuva 10 blocks DONE
2026-05-28T15:41:52 siman_252/rabbi-akiva-eiger-yd 1 blocks DONE
2026-05-28T15:41:52 siman_252/siftei-kohen 13 blocks DONE
2026-05-28T15:41:52 siman_252/turei-zahav 6 blocks DONE
2026-05-28T15:41:52 siman_252/yad-avraham 1 blocks DONE
2026-05-28T15:41:52 siman_252 COMPLETE
2026-05-28T15:41:53 siman_253/baer-heitev 6 blocks DONE
2026-05-28T15:41:53 siman_253/beer-hagolah 12 blocks DONE
2026-05-28T15:41:53 siman_253/beur-hagra 18 blocks DONE
2026-05-28T15:41:53 siman_253/mechaber 12 blocks DONE
2026-05-28T15:41:53 siman_253/nekudot-hakesef 1 blocks DONE
2026-05-28T15:41:53 siman_253/pitchei-teshuva 5 blocks DONE
2026-05-28T15:41:53 siman_253/rabbi-akiva-eiger-yd 1 blocks DONE
2026-05-28T15:41:53 siman_253/siftei-kohen 11 blocks DONE
2026-05-28T15:41:53 siman_253/turei-zahav 4 blocks DONE
2026-05-28T15:41:53 siman_253 COMPLETE
2026-05-28T15:41:54 siman_257/baer-heitev 12 blocks DONE
2026-05-28T15:41:54 siman_257/beer-hagolah 11 blocks DONE
2026-05-28T15:41:54 siman_257/beur-hagra 20 blocks DONE
2026-05-28T15:41:54 siman_257/mechaber 11 blocks DONE
2026-05-28T15:41:54 siman_257/nekudot-hakesef 2 blocks DONE
2026-05-28T15:41:54 siman_257/pitchei-teshuva 6 blocks DONE
2026-05-28T15:41:54 siman_257/siftei-kohen 20 blocks DONE
2026-05-28T15:41:54 siman_257/turei-zahav 6 blocks DONE
2026-05-28T15:41:54 siman_257 COMPLETE
2026-05-28T15:41:55 siman_258/baer-heitev 11 blocks DONE
2026-05-28T15:41:55 siman_258/beer-hagolah 13 blocks DONE
2026-05-28T15:41:55 siman_258/beur-hagra 36 blocks DONE
2026-05-28T15:41:55 siman_258/mechaber 13 blocks DONE
2026-05-28T15:41:55 siman_258/nekudot-hakesef 1 blocks DONE
2026-05-28T15:41:55 siman_258/pitchei-teshuva 13 blocks DONE
2026-05-28T15:41:55 siman_258/rabbi-akiva-eiger-yd 13 blocks DONE
2026-05-28T15:41:55 siman_258/siftei-kohen 27 blocks DONE
2026-05-28T15:41:55 siman_258/turei-zahav 7 blocks DONE
2026-05-28T15:41:55 siman_258/yad-avraham 3 blocks DONE
2026-05-28T15:41:55 siman_258 COMPLETE
2026-05-28T15:43:01 siman_296/baer-heitev 7 blocks DONE
2026-05-28T15:43:01 siman_296/beer-hagolah 69 blocks DONE
2026-05-28T15:43:01 siman_296/beur-hagra 87 blocks DONE
2026-05-28T15:43:01 siman_296/mechaber 69 blocks DONE
2026-05-28T15:43:01 siman_296/rabbi-akiva-eiger-yd 2 blocks DONE
2026-05-28T15:43:01 siman_296/turei-zahav 21 blocks DONE
2026-05-28T15:43:01 siman_296/yad-avraham 3 blocks DONE
2026-05-28T15:43:01 siman_296 COMPLETE
2026-05-28T15:43:03 siman_297/baer-heitev 13 blocks DONE
2026-05-28T15:43:03 siman_297/beer-hagolah 56 blocks DONE
2026-05-28T15:43:03 siman_297/beur-hagra 78 blocks DONE
2026-05-28T15:43:03 siman_297/mechaber 56 blocks DONE
2026-05-28T15:43:03 siman_297/pitchei-teshuva 6 blocks DONE
2026-05-28T15:43:03 siman_297/rabbi-akiva-eiger-yd 4 blocks DONE
2026-05-28T15:43:03 siman_297/siftei-kohen 13 blocks DONE
2026-05-28T15:43:03 siman_297/turei-zahav 11 blocks DONE
2026-05-28T15:43:03 siman_297/yad-avraham 3 blocks DONE
2026-05-28T15:43:03 siman_297 COMPLETE
2026-05-28T15:44:21 siman_244/baer-heitev 13 blocks DONE
2026-05-28T15:44:21 siman_244/beer-hagolah 18 blocks DONE
2026-05-28T15:44:21 siman_244/beur-hagra 22 blocks DONE
2026-05-28T15:44:21 siman_244/mechaber 18 blocks DONE
2026-05-28T15:44:21 siman_244/pitchei-teshuva 4 blocks DONE
2026-05-28T15:44:21 siman_244/siftei-kohen 14 blocks DONE
2026-05-28T15:44:21 siman_244/turei-zahav 10 blocks DONE
2026-05-28T15:44:21 siman_244/yad-avraham 1 blocks DONE
2026-05-28T15:44:21 siman_244 COMPLETE
2026-05-28T15:44:22 siman_249/baer-heitev 12 blocks DONE
2026-05-28T15:44:22 siman_249/beer-hagolah 16 blocks DONE
2026-05-28T15:44:22 siman_249/beur-hagra 21 blocks DONE
2026-05-28T15:44:22 siman_249/mechaber 16 blocks DONE
2026-05-28T15:44:22 siman_249/nekudot-hakesef 1 blocks DONE
2026-05-28T15:44:22 siman_249/pitchei-teshuva 3 blocks DONE
2026-05-28T15:44:22 siman_249/rabbi-akiva-eiger-yd 2 blocks DONE
2026-05-28T15:44:22 siman_249/siftei-kohen 12 blocks DONE
2026-05-28T15:44:22 siman_249/turei-zahav 5 blocks DONE
2026-05-28T15:44:22 siman_249 COMPLETE
2026-05-28T15:44:24 siman_265/baer-heitev 18 blocks DONE
2026-05-28T15:44:24 siman_265/beer-hagolah 13 blocks DONE
2026-05-28T15:44:24 siman_265/beur-hagra 49 blocks DONE
2026-05-28T15:44:24 siman_265/mechaber 13 blocks DONE
2026-05-28T15:44:24 siman_265/pitchei-teshuva 13 blocks DONE
2026-05-28T15:44:24 siman_265/rabbi-akiva-eiger-yd 6 blocks DONE
2026-05-28T15:44:24 siman_265/siftei-kohen 25 blocks DONE
2026-05-28T15:44:24 siman_265/turei-zahav 13 blocks DONE
2026-05-28T15:44:24 siman_265 COMPLETE
2026-05-28T15:44:25 siman_266/baer-heitev 13 blocks DONE
2026-05-28T15:44:25 siman_266/beer-hagolah 35 blocks DONE
2026-05-28T15:44:25 siman_266/beur-hagra 25 blocks DONE
2026-05-28T15:44:25 siman_266/mechaber 14 blocks DONE
2026-05-28T15:44:25 siman_266/nekudot-hakesef 2 blocks DONE
2026-05-28T15:44:25 siman_266/pitchei-teshuva 14 blocks DONE
2026-05-28T15:44:25 siman_266/rabbi-akiva-eiger-yd 8 blocks DONE
2026-05-28T15:44:25 siman_266/siftei-kohen 19 blocks DONE
2026-05-28T15:44:25 siman_266/turei-zahav 11 blocks DONE
2026-05-28T15:44:25 siman_266 COMPLETE
2026-05-28T15:44:26 siman_268/baer-heitev 17 blocks DONE
2026-05-28T15:44:26 siman_268/beer-hagolah 12 blocks DONE
2026-05-28T15:44:26 siman_268/beur-hagra 31 blocks DONE
2026-05-28T15:44:26 siman_268/mechaber 12 blocks DONE
2026-05-28T15:44:26 siman_268/pitchei-teshuva 10 blocks DONE
2026-05-28T15:44:26 siman_268/rabbi-akiva-eiger-yd 1 blocks DONE
2026-05-28T15:44:26 siman_268/siftei-kohen 24 blocks DONE
2026-05-28T15:44:26 siman_268/turei-zahav 16 blocks DONE
2026-05-28T15:44:26 siman_268/yad-avraham 1 blocks DONE
2026-05-28T15:44:26 siman_268 COMPLETE
2026-05-28T15:44:27 siman_269/baer-heitev 12 blocks DONE
2026-05-28T15:44:27 siman_269/beer-hagolah 17 blocks DONE
2026-05-28T15:44:27 siman_269/beur-hagra 11 blocks DONE
2026-05-28T15:44:27 siman_269/mechaber 11 blocks DONE
2026-05-28T15:44:27 siman_269/pitchei-teshuva 4 blocks DONE
2026-05-28T15:44:27 siman_269/rabbi-akiva-eiger-yd 1 blocks DONE
2026-05-28T15:44:27 siman_269/siftei-kohen 17 blocks DONE
2026-05-28T15:44:27 siman_269 COMPLETE
2026-05-28T15:48:00 siman_242/baer-heitev 44 blocks DONE
2026-05-28T15:48:00 siman_242/beer-hagolah 36 blocks DONE
2026-05-28T15:48:00 siman_242/beur-hagra 85 blocks DONE
2026-05-28T15:48:00 siman_242/mechaber 36 blocks DONE
2026-05-28T15:48:00 siman_242/nekudot-hakesef 2 blocks DONE
2026-05-28T15:48:00 siman_242/pitchei-teshuva 23 blocks DONE
2026-05-28T15:48:00 siman_242/rabbi-akiva-eiger-yd 11 blocks DONE
2026-05-28T15:48:00 siman_242/siftei-kohen 68 blocks DONE
2026-05-28T15:48:00 siman_242/turei-zahav 21 blocks DONE
2026-05-28T15:48:00 siman_242/yad-avraham 2 blocks DONE
2026-05-28T15:48:00 siman_242 COMPLETE
2026-05-28T15:48:01 siman_245/baer-heitev 12 blocks DONE
2026-05-28T15:48:01 siman_245/beer-hagolah 22 blocks DONE
2026-05-28T15:48:01 siman_245/beur-hagra 40 blocks DONE
2026-05-28T15:48:01 siman_245/mechaber 22 blocks DONE
2026-05-28T15:48:01 siman_245/nekudot-hakesef 1 blocks DONE
2026-05-28T15:48:01 siman_245/pitchei-teshuva 13 blocks DONE
2026-05-28T15:48:01 siman_245/siftei-kohen 16 blocks DONE
2026-05-28T15:48:01 siman_245/turei-zahav 7 blocks DONE
2026-05-28T15:48:01 siman_245 COMPLETE
2026-05-28T15:48:03 siman_246/baer-heitev 18 blocks DONE
2026-05-28T15:48:03 siman_246/beer-hagolah 26 blocks DONE
2026-05-28T15:48:03 siman_246/beur-hagra 79 blocks DONE
2026-05-28T15:48:03 siman_246/mechaber 26 blocks DONE
2026-05-28T15:48:03 siman_246/pitchei-teshuva 10 blocks DONE
2026-05-28T15:48:03 siman_246/rabbi-akiva-eiger-yd 3 blocks DONE
2026-05-28T15:48:03 siman_246/siftei-kohen 28 blocks DONE
2026-05-28T15:48:03 siman_246/turei-zahav 9 blocks DONE
2026-05-28T15:48:03 siman_246/yad-avraham 2 blocks DONE
2026-05-28T15:48:03 siman_246 COMPLETE
2026-05-28T15:51:36 siman_267/baer-heitev 71 blocks DONE
2026-05-28T15:51:36 siman_267/beer-hagolah 85 blocks DONE
2026-05-28T15:51:36 siman_267/beur-hagra 161 blocks DONE
2026-05-28T15:51:36 siman_267/mechaber 85 blocks DONE
2026-05-28T15:51:36 siman_267/nekudot-hakesef 1 blocks DONE
2026-05-28T15:51:36 siman_267/pitchei-teshuva 12 blocks DONE
2026-05-28T15:51:36 siman_267/rabbi-akiva-eiger-yd 13 blocks DONE
2026-05-28T15:51:36 siman_267/siftei-kohen 112 blocks DONE
2026-05-28T15:51:36 siman_267/turei-zahav 50 blocks DONE
2026-05-28T15:51:36 siman_267 COMPLETE
2026-05-28T15:55:51 siman_301/baer-heitev 12 blocks DONE
2026-05-28T15:55:51 siman_301/beer-hagolah 15 blocks DONE
2026-05-28T15:55:51 siman_301/beur-hagra 23 blocks DONE
2026-05-28T15:55:51 siman_301/mechaber 15 blocks DONE
2026-05-28T15:55:51 siman_301/pitchei-teshuva 10 blocks DONE
2026-05-28T15:55:51 siman_301/siftei-kohen 12 blocks DONE
2026-05-28T15:55:51 siman_301/turei-zahav 12 blocks DONE
2026-05-28T15:55:51 siman_301 COMPLETE
2026-05-28T15:56:05 siman_301/baer-heitev 12 blocks DONE
2026-05-28T15:56:05 siman_301/beer-hagolah 15 blocks DONE
2026-05-28T15:56:05 siman_301/beur-hagra 23 blocks DONE
2026-05-28T15:56:05 siman_301/mechaber 15 blocks DONE
2026-05-28T15:56:05 siman_301/pitchei-teshuva 10 blocks DONE
2026-05-28T15:56:05 siman_301/siftei-kohen 12 blocks DONE
2026-05-28T15:56:05 siman_301/turei-zahav 12 blocks DONE
2026-05-28T15:56:05 siman_301 COMPLETE
2026-05-28T15:56:06 siman_302/baer-heitev 6 blocks DONE
2026-05-28T15:56:06 siman_302/beer-hagolah 2 blocks DONE
2026-05-28T15:56:06 siman_302/beur-hagra 6 blocks DONE
2026-05-28T15:56:06 siman_302/mechaber 2 blocks DONE
2026-05-28T15:56:06 siman_302/pitchei-teshuva 2 blocks DONE
2026-05-28T15:56:06 siman_302/rabbi-akiva-eiger-yd 1 blocks DONE
2026-05-28T15:56:06 siman_302/siftei-kohen 6 blocks DONE
2026-05-28T15:56:06 siman_302/turei-zahav 5 blocks DONE
2026-05-28T15:56:06 siman_302 COMPLETE
2026-05-28T15:56:07 siman_303/baer-heitev 1 blocks DONE
2026-05-28T15:56:07 siman_303/beer-hagolah 4 blocks DONE
2026-05-28T15:56:07 siman_303/beur-hagra 3 blocks DONE
2026-05-28T15:56:07 siman_303/mechaber 2 blocks DONE
2026-05-28T15:56:07 siman_303/pitchei-teshuva 2 blocks DONE
2026-05-28T15:56:07 siman_303/rabbi-akiva-eiger-yd 1 blocks DONE
2026-05-28T15:56:07 siman_303/siftei-kohen 4 blocks DONE
2026-05-28T15:56:07 siman_303/yad-avraham 1 blocks DONE
2026-05-28T15:56:07 siman_303 COMPLETE
2026-05-28T15:56:08 siman_304/baer-heitev 1 blocks DONE
2026-05-28T15:56:08 siman_304/beer-hagolah 1 blocks DONE
2026-05-28T15:56:08 siman_304/mechaber 1 blocks DONE
2026-05-28T15:56:08 siman_304/siftei-kohen 1 blocks DONE
2026-05-28T15:56:08 siman_304 COMPLETE
2026-05-28T15:59:10 siman_351/baer-heitev 1 blocks DONE
2026-05-28T15:59:10 siman_351/beer-hagolah 2 blocks DONE
2026-05-28T15:59:10 siman_351/beur-hagra 2 blocks DONE
2026-05-28T15:59:10 siman_351/mechaber 2 blocks DONE
2026-05-28T15:59:10 siman_351/pitchei-teshuva 2 blocks DONE
2026-05-28T15:59:10 siman_351/siftei-kohen 2 blocks DONE
2026-05-28T15:59:10 siman_351/turei-zahav 1 blocks DONE
2026-05-28T15:59:10 siman_351 COMPLETE
2026-05-28T15:59:10 siman_351 mechaber quality-pass 2 blocks DONE
2026-05-28T15:59:12 siman_352/baer-heitev 1 blocks DONE
2026-05-28T15:59:12 siman_352/beer-hagolah 4 blocks DONE
2026-05-28T15:59:12 siman_352/beur-hagra 2 blocks DONE
2026-05-28T15:59:12 siman_352/mechaber 4 blocks DONE
2026-05-28T15:59:12 siman_352/pitchei-teshuva 4 blocks DONE
2026-05-28T15:59:12 siman_352/siftei-kohen 2 blocks DONE
2026-05-28T15:59:12 siman_352 COMPLETE
2026-05-28T15:59:12 siman_352 mechaber quality-pass 4 blocks DONE
2026-05-28T15:59:14 siman_353/baer-heitev 2 blocks DONE
2026-05-28T15:59:14 siman_353/beer-hagolah 7 blocks DONE
2026-05-28T15:59:14 siman_353/beur-hagra 2 blocks DONE
2026-05-28T15:59:14 siman_353/mechaber 7 blocks DONE
2026-05-28T15:59:14 siman_353/rabbi-akiva-eiger-yd 2 blocks DONE
2026-05-28T15:59:14 siman_353/siftei-kohen 7 blocks DONE
2026-05-28T15:59:14 siman_353/turei-zahav 2 blocks DONE
2026-05-28T15:59:14 siman_353 COMPLETE
2026-05-28T15:59:14 siman_353 mechaber quality-pass 7 blocks DONE
2026-05-28T15:59:16 siman_354/baer-heitev 2 blocks DONE
2026-05-28T15:59:16 siman_354/beer-hagolah 1 blocks DONE
2026-05-28T15:59:16 siman_354/beur-hagra 1 blocks DONE
2026-05-28T15:59:16 siman_354/mechaber 1 blocks DONE
2026-05-28T15:59:16 siman_354/pitchei-teshuva 1 blocks DONE
2026-05-28T15:59:16 siman_354/rabbi-akiva-eiger-yd 1 blocks DONE
2026-05-28T15:59:16 siman_354/siftei-kohen 5 blocks DONE
2026-05-28T15:59:16 siman_354/turei-zahav 1 blocks DONE
2026-05-28T15:59:16 siman_354 COMPLETE
2026-05-28T15:59:16 siman_354 mechaber quality-pass 1 blocks DONE
2026-05-28T15:59:18 siman_355/baer-heitev 1 blocks DONE
2026-05-28T15:59:18 siman_355/beer-hagolah 1 blocks DONE
2026-05-28T15:59:18 siman_355/beur-hagra 2 blocks DONE
2026-05-28T15:59:18 siman_355/mechaber 1 blocks DONE
2026-05-28T15:59:18 siman_355/siftei-kohen 2 blocks DONE
2026-05-28T15:59:18 siman_355/turei-zahav 1 blocks DONE
2026-05-28T15:59:18 siman_355 COMPLETE
2026-05-28T15:59:18 siman_355 mechaber quality-pass 1 blocks DONE
2026-05-28T15:59:20 siman_356/baer-heitev 1 blocks DONE
2026-05-28T15:59:20 siman_356/beer-hagolah 1 blocks DONE
2026-05-28T15:59:20 siman_356/mechaber 1 blocks DONE
2026-05-28T15:59:20 siman_356/pitchei-teshuva 1 blocks DONE
2026-05-28T15:59:20 siman_356/siftei-kohen 1 blocks DONE
2026-05-28T15:59:20 siman_356/turei-zahav 1 blocks DONE
2026-05-28T15:59:20 siman_356 COMPLETE
2026-05-28T15:59:20 siman_356 mechaber quality-pass 1 blocks DONE
2026-05-28T15:59:22 siman_357/baer-heitev 1 blocks DONE
2026-05-28T15:59:22 siman_357/beer-hagolah 2 blocks DONE
2026-05-28T15:59:22 siman_357/beur-hagra 2 blocks DONE
2026-05-28T15:59:22 siman_357/mechaber 2 blocks DONE
2026-05-28T15:59:22 siman_357/nekudot-hakesef 1 blocks DONE
2026-05-28T15:59:22 siman_357/pitchei-teshuva 2 blocks DONE
2026-05-28T15:59:22 siman_357/rabbi-akiva-eiger-yd 1 blocks DONE
2026-05-28T15:59:22 siman_357/siftei-kohen 1 blocks DONE
2026-05-28T15:59:22 siman_357/turei-zahav 1 blocks DONE
2026-05-28T15:59:22 siman_357/yad-avraham 1 blocks DONE
2026-05-28T15:59:22 siman_357 COMPLETE
2026-05-28T15:59:22 siman_357 mechaber quality-pass 2 blocks DONE
2026-05-28T15:59:24 siman_358/baer-heitev 3 blocks DONE
2026-05-28T15:59:24 siman_358/beer-hagolah 3 blocks DONE
2026-05-28T15:59:24 siman_358/beur-hagra 2 blocks DONE
2026-05-28T15:59:24 siman_358/mechaber 3 blocks DONE
2026-05-28T15:59:24 siman_358/nekudot-hakesef 1 blocks DONE
2026-05-28T15:59:24 siman_358/siftei-kohen 4 blocks DONE
2026-05-28T15:59:24 siman_358/turei-zahav 1 blocks DONE
2026-05-28T15:59:24 siman_358 COMPLETE
2026-05-28T15:59:24 siman_358 mechaber quality-pass 3 blocks DONE
2026-05-28T15:59:24 siman_306/baer-heitev 11 blocks DONE
2026-05-28T15:59:24 siman_306/beer-hagolah 12 blocks DONE
2026-05-28T15:59:24 siman_306/beur-hagra 18 blocks DONE
2026-05-28T15:59:24 siman_306/mechaber 12 blocks DONE
2026-05-28T15:59:24 siman_306/nekudot-hakesef 1 blocks DONE
2026-05-28T15:59:24 siman_306/pitchei-teshuva 5 blocks DONE
2026-05-28T15:59:24 siman_306/rabbi-akiva-eiger-yd 2 blocks DONE
2026-05-28T15:59:24 siman_306/siftei-kohen 16 blocks DONE
2026-05-28T15:59:24 siman_306/turei-zahav 8 blocks DONE
2026-05-28T15:59:24 siman_306 COMPLETE
2026-05-28T15:59:26 siman_359/baer-heitev 1 blocks DONE
2026-05-28T15:59:26 siman_359/beer-hagolah 4 blocks DONE
2026-05-28T15:59:26 siman_359/mechaber 2 blocks DONE
2026-05-28T15:59:26 siman_359/rabbi-akiva-eiger-yd 1 blocks DONE
2026-05-28T15:59:26 siman_359/siftei-kohen 2 blocks DONE
2026-05-28T15:59:26 siman_359 COMPLETE
2026-05-28T15:59:27 siman_359 mechaber quality-pass 2 blocks DONE
2026-05-28T15:59:28 siman_360/baer-heitev 2 blocks DONE
2026-05-28T15:59:28 siman_360/beer-hagolah 6 blocks DONE
2026-05-28T15:59:28 siman_360/beur-hagra 1 blocks DONE
2026-05-28T15:59:28 siman_360/mechaber 1 blocks DONE
2026-05-28T15:59:28 siman_360/siftei-kohen 3 blocks DONE
2026-05-28T15:59:28 siman_360/turei-zahav 1 blocks DONE
2026-05-28T15:59:28 siman_360 COMPLETE
2026-05-28T15:59:28 siman_360 mechaber quality-pass 1 blocks DONE
2026-05-28T15:59:31 siman_361/baer-heitev 3 blocks DONE
2026-05-28T15:59:31 siman_361/beer-hagolah 5 blocks DONE
2026-05-28T15:59:31 siman_361/beur-hagra 4 blocks DONE
2026-05-28T15:59:31 siman_361/mechaber 5 blocks DONE
2026-05-28T15:59:31 siman_361/nekudot-hakesef 1 blocks DONE
2026-05-28T15:59:31 siman_361/pitchei-teshuva 3 blocks DONE
2026-05-28T15:59:31 siman_361/rabbi-akiva-eiger-yd 1 blocks DONE
2026-05-28T15:59:31 siman_361/siftei-kohen 6 blocks DONE
2026-05-28T15:59:31 siman_361/turei-zahav 2 blocks DONE
2026-05-28T15:59:31 siman_361 COMPLETE
2026-05-28T15:59:31 siman_361 mechaber quality-pass 5 blocks DONE
2026-05-28T15:59:33 siman_362/baer-heitev 5 blocks DONE
2026-05-28T15:59:33 siman_362/beer-hagolah 9 blocks DONE
2026-05-28T15:59:33 siman_362/beur-hagra 9 blocks DONE
2026-05-28T15:59:33 siman_362/mechaber 6 blocks DONE
2026-05-28T15:59:33 siman_362/pitchei-teshuva 4 blocks DONE
2026-05-28T15:59:33 siman_362/rabbi-akiva-eiger-yd 3 blocks DONE
2026-05-28T15:59:33 siman_362/siftei-kohen 6 blocks DONE
2026-05-28T15:59:33 siman_362/turei-zahav 1 blocks DONE
2026-05-28T15:59:33 siman_362/yad-avraham 1 blocks DONE
2026-05-28T15:59:33 siman_362 COMPLETE
2026-05-28T15:59:33 siman_362 mechaber quality-pass 6 blocks DONE
2026-05-28T15:59:35 siman_363/baer-heitev 3 blocks DONE
2026-05-28T15:59:35 siman_363/beer-hagolah 7 blocks DONE
2026-05-28T15:59:35 siman_363/beur-hagra 7 blocks DONE
2026-05-28T15:59:35 siman_363/mechaber 7 blocks DONE
2026-05-28T15:59:35 siman_363/pitchei-teshuva 7 blocks DONE
2026-05-28T15:59:35 siman_363/rabbi-akiva-eiger-yd 3 blocks DONE
2026-05-28T15:59:35 siman_363/siftei-kohen 6 blocks DONE
2026-05-28T15:59:35 siman_363/turei-zahav 6 blocks DONE
2026-05-28T15:59:35 siman_363 COMPLETE
2026-05-28T15:59:35 siman_363 mechaber quality-pass 7 blocks DONE
2026-05-28T15:59:37 siman_364/baer-heitev 9 blocks DONE
2026-05-28T15:59:37 siman_364/beer-hagolah 7 blocks DONE
2026-05-28T15:59:37 siman_364/beur-hagra 10 blocks DONE
2026-05-28T15:59:37 siman_364/mechaber 7 blocks DONE
2026-05-28T15:59:37 siman_364/pitchei-teshuva 7 blocks DONE
2026-05-28T15:59:37 siman_364/rabbi-akiva-eiger-yd 4 blocks DONE
2026-05-28T15:59:37 siman_364/siftei-kohen 15 blocks DONE
2026-05-28T15:59:37 siman_364/turei-zahav 4 blocks DONE
2026-05-28T15:59:37 siman_364/yad-avraham 1 blocks DONE
2026-05-28T15:59:37 siman_364 COMPLETE
2026-05-28T15:59:37 siman_364 mechaber quality-pass 7 blocks DONE
2026-05-28T15:59:38 siman_365/baer-heitev 1 blocks DONE
2026-05-28T15:59:38 siman_365/beer-hagolah 2 blocks DONE
2026-05-28T15:59:38 siman_365/beur-hagra 1 blocks DONE
2026-05-28T15:59:38 siman_365/mechaber 2 blocks DONE
2026-05-28T15:59:38 siman_365/siftei-kohen 2 blocks DONE
2026-05-28T15:59:38 siman_365 COMPLETE
2026-05-28T15:59:38 siman_365 mechaber quality-pass 2 blocks DONE
2026-05-28T15:59:40 siman_366/baer-heitev 1 blocks DONE
2026-05-28T15:59:40 siman_366/beer-hagolah 4 blocks DONE
2026-05-28T15:59:40 siman_366/beur-hagra 1 blocks DONE
2026-05-28T15:59:40 siman_366/mechaber 4 blocks DONE
2026-05-28T15:59:40 siman_366/siftei-kohen 4 blocks DONE
2026-05-28T15:59:40 siman_366 COMPLETE
2026-05-28T15:59:40 siman_366 mechaber quality-pass 4 blocks DONE
2026-05-28T15:59:43 siman_367/baer-heitev 1 blocks DONE
2026-05-28T15:59:43 siman_367/beer-hagolah 6 blocks DONE
2026-05-28T15:59:43 siman_367/beur-hagra 2 blocks DONE
2026-05-28T15:59:43 siman_367/mechaber 6 blocks DONE
2026-05-28T15:59:43 siman_367/pitchei-teshuva 2 blocks DONE
2026-05-28T15:59:43 siman_367/siftei-kohen 4 blocks DONE
2026-05-28T15:59:43 siman_367/turei-zahav 1 blocks DONE
2026-05-28T15:59:43 siman_367 COMPLETE
2026-05-28T15:59:43 siman_367 mechaber quality-pass 6 blocks DONE
2026-05-28T15:59:44 siman_368/baer-heitev 3 blocks DONE
2026-05-28T15:59:44 siman_368/beer-hagolah 3 blocks DONE
2026-05-28T15:59:44 siman_368/beur-hagra 5 blocks DONE
2026-05-28T15:59:44 siman_368/mechaber 3 blocks DONE
2026-05-28T15:59:44 siman_368/pitchei-teshuva 3 blocks DONE
2026-05-28T15:59:44 siman_368/rabbi-akiva-eiger-yd 2 blocks DONE
2026-05-28T15:59:44 siman_368/siftei-kohen 4 blocks DONE
2026-05-28T15:59:44 siman_368 COMPLETE
2026-05-28T15:59:44 siman_368 mechaber quality-pass 3 blocks DONE
2026-05-28T15:59:46 siman_369/baer-heitev 3 blocks DONE
2026-05-28T15:59:46 siman_369/beer-hagolah 1 blocks DONE
2026-05-28T15:59:46 siman_369/beur-hagra 2 blocks DONE
2026-05-28T15:59:46 siman_369/mechaber 1 blocks DONE
2026-05-28T15:59:46 siman_369/pitchei-teshuva 1 blocks DONE
2026-05-28T15:59:46 siman_369/rabbi-akiva-eiger-yd 1 blocks DONE
2026-05-28T15:59:46 siman_369/siftei-kohen 3 blocks DONE
2026-05-28T15:59:46 siman_369/turei-zahav 4 blocks DONE
2026-05-28T15:59:46 siman_369 COMPLETE
2026-05-28T15:59:46 siman_369 mechaber quality-pass 1 blocks DONE
2026-05-28T15:59:49 siman_370/baer-heitev 2 blocks DONE
2026-05-28T15:59:49 siman_370/beer-hagolah 5 blocks DONE
2026-05-28T15:59:49 siman_370/beur-hagra 1 blocks DONE
2026-05-28T15:59:49 siman_370/mechaber 1 blocks DONE
2026-05-28T15:59:49 siman_370/pitchei-teshuva 1 blocks DONE
2026-05-28T15:59:49 siman_370/siftei-kohen 4 blocks DONE
2026-05-28T15:59:49 siman_370 COMPLETE
2026-05-28T15:59:49 siman_370 mechaber quality-pass 1 blocks DONE
2026-05-28T15:59:52 siman_371/baer-heitev 15 blocks DONE
2026-05-28T15:59:52 siman_371/beer-hagolah 6 blocks DONE
2026-05-28T15:59:52 siman_371/beur-hagra 19 blocks DONE
2026-05-28T15:59:52 siman_371/mechaber 6 blocks DONE
2026-05-28T15:59:52 siman_371/nekudot-hakesef 6 blocks DONE
2026-05-28T15:59:52 siman_371/pitchei-teshuva 6 blocks DONE
2026-05-28T15:59:52 siman_371/rabbi-akiva-eiger-yd 5 blocks DONE
2026-05-28T15:59:52 siman_371/siftei-kohen 20 blocks DONE
2026-05-28T15:59:52 siman_371/turei-zahav 12 blocks DONE
2026-05-28T15:59:52 siman_371 COMPLETE
2026-05-28T15:59:52 siman_371 mechaber quality-pass 6 blocks DONE
2026-05-28T15:59:54 siman_372/baer-heitev 4 blocks DONE
2026-05-28T15:59:54 siman_372/beer-hagolah 5 blocks DONE
2026-05-28T15:59:54 siman_372/beur-hagra 4 blocks DONE
2026-05-28T15:59:54 siman_372/mechaber 2 blocks DONE
2026-05-28T15:59:54 siman_372/pitchei-teshuva 2 blocks DONE
2026-05-28T15:59:54 siman_372/rabbi-akiva-eiger-yd 1 blocks DONE
2026-05-28T15:59:54 siman_372/siftei-kohen 4 blocks DONE
2026-05-28T15:59:54 siman_372/turei-zahav 1 blocks DONE
2026-05-28T15:59:54 siman_372/yad-avraham 2 blocks DONE
2026-05-28T15:59:54 siman_372 COMPLETE
2026-05-28T15:59:54 siman_372 mechaber quality-pass 2 blocks DONE
2026-05-28T15:59:56 siman_373/baer-heitev 9 blocks DONE
2026-05-28T15:59:56 siman_373/beer-hagolah 28 blocks DONE
2026-05-28T15:59:56 siman_373/beur-hagra 23 blocks DONE
2026-05-28T15:59:56 siman_373/mechaber 9 blocks DONE
2026-05-28T15:59:56 siman_373/nekudot-hakesef 1 blocks DONE
2026-05-28T15:59:56 siman_373/pitchei-teshuva 7 blocks DONE
2026-05-28T15:59:56 siman_373/rabbi-akiva-eiger-yd 2 blocks DONE
2026-05-28T15:59:56 siman_373/siftei-kohen 14 blocks DONE
2026-05-28T15:59:56 siman_373/turei-zahav 1 blocks DONE
2026-05-28T15:59:56 siman_373/yad-avraham 1 blocks DONE
2026-05-28T15:59:56 siman_373 COMPLETE
2026-05-28T15:59:56 siman_373 mechaber quality-pass 9 blocks DONE
2026-05-28T15:59:58 siman_374/baer-heitev 9 blocks DONE
2026-05-28T15:59:58 siman_374/beer-hagolah 11 blocks DONE
2026-05-28T15:59:58 siman_374/beur-hagra 14 blocks DONE
2026-05-28T15:59:58 siman_374/mechaber 11 blocks DONE
2026-05-28T15:59:58 siman_374/nekudot-hakesef 1 blocks DONE
2026-05-28T15:59:58 siman_374/pitchei-teshuva 11 blocks DONE
2026-05-28T15:59:58 siman_374/rabbi-akiva-eiger-yd 8 blocks DONE
2026-05-28T15:59:58 siman_374/siftei-kohen 11 blocks DONE
2026-05-28T15:59:58 siman_374/turei-zahav 5 blocks DONE
2026-05-28T15:59:58 siman_374 COMPLETE
2026-05-28T15:59:58 siman_374 mechaber quality-pass 11 blocks DONE
2026-05-28T16:00:00 siman_375/baer-heitev 11 blocks DONE
2026-05-28T16:00:00 siman_375/beer-hagolah 11 blocks DONE
2026-05-28T16:00:00 siman_375/beur-hagra 21 blocks DONE
2026-05-28T16:00:00 siman_375/mechaber 11 blocks DONE
2026-05-28T16:00:00 siman_375/pitchei-teshuva 8 blocks DONE
2026-05-28T16:00:00 siman_375/rabbi-akiva-eiger-yd 8 blocks DONE
2026-05-28T16:00:00 siman_375/siftei-kohen 15 blocks DONE
2026-05-28T16:00:00 siman_375/turei-zahav 4 blocks DONE
2026-05-28T16:00:00 siman_375 COMPLETE
2026-05-28T16:00:00 siman_375 mechaber quality-pass 11 blocks DONE
2026-05-28T16:00:43 siman_305/baer-heitev 25 blocks DONE
2026-05-28T16:00:43 siman_305/beer-hagolah 31 blocks DONE
2026-05-28T16:00:43 siman_305/beur-hagra 48 blocks DONE
2026-05-28T16:00:43 siman_305/mechaber 31 blocks DONE
2026-05-28T16:00:43 siman_305/nekudot-hakesef 2 blocks DONE
2026-05-28T16:00:43 siman_305/pitchei-teshuva 31 blocks DONE
2026-05-28T16:00:43 siman_305/rabbi-akiva-eiger-yd 15 blocks DONE
2026-05-28T16:00:43 siman_305/siftei-kohen 35 blocks DONE
2026-05-28T16:00:43 siman_305/turei-zahav 25 blocks DONE
2026-05-28T16:00:43 siman_305/yad-avraham 5 blocks DONE
2026-05-28T16:00:43 siman_305 COMPLETE
2026-05-28T16:00:44 siman_306/baer-heitev 11 blocks DONE
2026-05-28T16:00:44 siman_306/beer-hagolah 12 blocks DONE
2026-05-28T16:00:44 siman_306/beur-hagra 18 blocks DONE
2026-05-28T16:00:44 siman_306/mechaber 12 blocks DONE
2026-05-28T16:00:44 siman_306/nekudot-hakesef 1 blocks DONE
2026-05-28T16:00:44 siman_306/pitchei-teshuva 5 blocks DONE
2026-05-28T16:00:44 siman_306/rabbi-akiva-eiger-yd 2 blocks DONE
2026-05-28T16:00:44 siman_306/siftei-kohen 16 blocks DONE
2026-05-28T16:00:44 siman_306/turei-zahav 8 blocks DONE
2026-05-28T16:00:44 siman_306 COMPLETE
2026-05-28T16:00:45 siman_351/baer-heitev 1 blocks DONE
2026-05-28T16:00:45 siman_351/beer-hagolah 2 blocks DONE
2026-05-28T16:00:45 siman_351/beur-hagra 2 blocks DONE
2026-05-28T16:00:45 siman_351/mechaber 2 blocks DONE
2026-05-28T16:00:45 siman_351/pitchei-teshuva 2 blocks DONE
2026-05-28T16:00:45 siman_351/siftei-kohen 2 blocks DONE
2026-05-28T16:00:45 siman_351/turei-zahav 1 blocks DONE
2026-05-28T16:00:45 siman_351 COMPLETE
2026-05-28T16:00:45 siman_351 mechaber quality-pass 2 blocks DONE
2026-05-28T16:00:46 siman_307/baer-heitev 4 blocks DONE
2026-05-28T16:00:46 siman_307/beer-hagolah 7 blocks DONE
2026-05-28T16:00:46 siman_307/beur-hagra 5 blocks DONE
2026-05-28T16:00:46 siman_307/mechaber 3 blocks DONE
2026-05-28T16:00:46 siman_307/pitchei-teshuva 1 blocks DONE
2026-05-28T16:00:46 siman_307/rabbi-akiva-eiger-yd 1 blocks DONE
2026-05-28T16:00:46 siman_307/siftei-kohen 3 blocks DONE
2026-05-28T16:00:46 siman_307/turei-zahav 1 blocks DONE
2026-05-28T16:00:46 siman_307 COMPLETE
2026-05-28T16:00:47 siman_308/baer-heitev 4 blocks DONE
2026-05-28T16:00:47 siman_308/beer-hagolah 11 blocks DONE
2026-05-28T16:00:47 siman_308/beur-hagra 6 blocks DONE
2026-05-28T16:00:47 siman_308/mechaber 5 blocks DONE
2026-05-28T16:00:47 siman_308/pitchei-teshuva 5 blocks DONE
2026-05-28T16:00:47 siman_308/rabbi-akiva-eiger-yd 1 blocks DONE
2026-05-28T16:00:47 siman_308/siftei-kohen 4 blocks DONE
2026-05-28T16:00:47 siman_308/turei-zahav 5 blocks DONE
2026-05-28T16:00:47 siman_308/yad-avraham 1 blocks DONE
2026-05-28T16:00:47 siman_308 COMPLETE
2026-05-28T16:00:48 siman_353/baer-heitev 2 blocks DONE
2026-05-28T16:00:48 siman_353/beer-hagolah 7 blocks DONE
2026-05-28T16:00:48 siman_353/beur-hagra 2 blocks DONE
2026-05-28T16:00:48 siman_353/mechaber 7 blocks DONE
2026-05-28T16:00:48 siman_353/rabbi-akiva-eiger-yd 2 blocks DONE
2026-05-28T16:00:48 siman_353/siftei-kohen 7 blocks DONE
2026-05-28T16:00:48 siman_353/turei-zahav 2 blocks DONE
2026-05-28T16:00:48 siman_353 COMPLETE
2026-05-28T16:00:48 siman_353 mechaber quality-pass 7 blocks DONE
2026-05-28T16:00:48 siman_309/baer-heitev 3 blocks DONE
2026-05-28T16:00:48 siman_309/beer-hagolah 7 blocks DONE
2026-05-28T16:00:48 siman_309/beur-hagra 12 blocks DONE
2026-05-28T16:00:48 siman_309/mechaber 2 blocks DONE
2026-05-28T16:00:48 siman_309/pitchei-teshuva 1 blocks DONE
2026-05-28T16:00:48 siman_309/siftei-kohen 3 blocks DONE
2026-05-28T16:00:48 siman_309/turei-zahav 2 blocks DONE
2026-05-28T16:00:48 siman_309 COMPLETE
2026-05-28T16:00:50 siman_310/baer-heitev 2 blocks DONE
2026-05-28T16:00:50 siman_310/beer-hagolah 5 blocks DONE
2026-05-28T16:00:50 siman_310/beur-hagra 4 blocks DONE
2026-05-28T16:00:50 siman_310/mechaber 3 blocks DONE
2026-05-28T16:00:50 siman_310/pitchei-teshuva 2 blocks DONE
2026-05-28T16:00:50 siman_310/siftei-kohen 2 blocks DONE
2026-05-28T16:00:50 siman_310/turei-zahav 5 blocks DONE
2026-05-28T16:00:50 siman_310 COMPLETE
2026-05-28T16:00:50 siman_354/baer-heitev 2 blocks DONE
2026-05-28T16:00:50 siman_354/beer-hagolah 1 blocks DONE
2026-05-28T16:00:50 siman_354/beur-hagra 1 blocks DONE
2026-05-28T16:00:50 siman_354/mechaber 1 blocks DONE
2026-05-28T16:00:50 siman_354/pitchei-teshuva 1 blocks DONE
2026-05-28T16:00:50 siman_354/rabbi-akiva-eiger-yd 1 blocks DONE
2026-05-28T16:00:50 siman_354/siftei-kohen 5 blocks DONE
2026-05-28T16:00:50 siman_354/turei-zahav 1 blocks DONE
2026-05-28T16:00:50 siman_354 COMPLETE
2026-05-28T16:00:50 siman_354 mechaber quality-pass 1 blocks DONE
2026-05-28T16:00:51 siman_311/baer-heitev 2 blocks DONE
2026-05-28T16:00:51 siman_311/beer-hagolah 3 blocks DONE
2026-05-28T16:00:51 siman_311/beur-hagra 2 blocks DONE
2026-05-28T16:00:51 siman_311/mechaber 1 blocks DONE
2026-05-28T16:00:51 siman_311/siftei-kohen 2 blocks DONE
2026-05-28T16:00:51 siman_311/turei-zahav 2 blocks DONE
2026-05-28T16:00:51 siman_311 COMPLETE
2026-05-28T16:00:52 siman_312/baer-heitev 2 blocks DONE
2026-05-28T16:00:52 siman_312/beer-hagolah 5 blocks DONE
2026-05-28T16:00:52 siman_312/beur-hagra 3 blocks DONE
2026-05-28T16:00:52 siman_312/mechaber 3 blocks DONE
2026-05-28T16:00:52 siman_312/nekudot-hakesef 1 blocks DONE
2026-05-28T16:00:52 siman_312/pitchei-teshuva 2 blocks DONE
2026-05-28T16:00:52 siman_312/siftei-kohen 2 blocks DONE
2026-05-28T16:00:52 siman_312/turei-zahav 4 blocks DONE
2026-05-28T16:00:52 siman_312 COMPLETE
2026-05-28T16:00:52 siman_361/baer-heitev 3 blocks DONE
2026-05-28T16:00:52 siman_361/beer-hagolah 5 blocks DONE
2026-05-28T16:00:52 siman_361/beur-hagra 4 blocks DONE
2026-05-28T16:00:52 siman_361/mechaber 5 blocks DONE
2026-05-28T16:00:52 siman_361/nekudot-hakesef 1 blocks DONE
2026-05-28T16:00:52 siman_361/pitchei-teshuva 3 blocks DONE
2026-05-28T16:00:52 siman_361/rabbi-akiva-eiger-yd 1 blocks DONE
2026-05-28T16:00:52 siman_361/siftei-kohen 6 blocks DONE
2026-05-28T16:00:52 siman_361/turei-zahav 2 blocks DONE
2026-05-28T16:00:52 siman_361 COMPLETE
2026-05-28T16:00:52 siman_361 mechaber quality-pass 5 blocks DONE
2026-05-28T16:00:53 siman_313/baer-heitev 7 blocks DONE
2026-05-28T16:00:53 siman_313/beer-hagolah 11 blocks DONE
2026-05-28T16:00:53 siman_313/beur-hagra 11 blocks DONE
2026-05-28T16:00:53 siman_313/mechaber 7 blocks DONE
2026-05-28T16:00:53 siman_313/nekudot-hakesef 1 blocks DONE
2026-05-28T16:00:53 siman_313/pitchei-teshuva 7 blocks DONE
2026-05-28T16:00:53 siman_313/rabbi-akiva-eiger-yd 2 blocks DONE
2026-05-28T16:00:53 siman_313/siftei-kohen 8 blocks DONE
2026-05-28T16:00:53 siman_313/turei-zahav 9 blocks DONE
2026-05-28T16:00:53 siman_313 COMPLETE
2026-05-28T16:00:54 siman_314/baer-heitev 7 blocks DONE
2026-05-28T16:00:54 siman_314/beer-hagolah 17 blocks DONE
2026-05-28T16:00:54 siman_314/beur-hagra 9 blocks DONE
2026-05-28T16:00:54 siman_314/mechaber 11 blocks DONE
2026-05-28T16:00:54 siman_314/nekudot-hakesef 1 blocks DONE
2026-05-28T16:00:54 siman_314/pitchei-teshuva 2 blocks DONE
2026-05-28T16:00:54 siman_314/rabbi-akiva-eiger-yd 2 blocks DONE
2026-05-28T16:00:54 siman_314/siftei-kohen 10 blocks DONE
2026-05-28T16:00:54 siman_314/turei-zahav 5 blocks DONE
2026-05-28T16:00:54 siman_314 COMPLETE
2026-05-28T16:00:54 siman_362/baer-heitev 5 blocks DONE
2026-05-28T16:00:54 siman_362/beer-hagolah 9 blocks DONE
2026-05-28T16:00:54 siman_362/beur-hagra 9 blocks DONE
2026-05-28T16:00:54 siman_362/mechaber 6 blocks DONE
2026-05-28T16:00:54 siman_362/pitchei-teshuva 4 blocks DONE
2026-05-28T16:00:54 siman_362/rabbi-akiva-eiger-yd 3 blocks DONE
2026-05-28T16:00:54 siman_362/siftei-kohen 6 blocks DONE
2026-05-28T16:00:54 siman_362/turei-zahav 1 blocks DONE
2026-05-28T16:00:54 siman_362/yad-avraham 1 blocks DONE
2026-05-28T16:00:54 siman_362 COMPLETE
2026-05-28T16:00:54 siman_362 mechaber quality-pass 6 blocks DONE
2026-05-28T16:00:56 siman_315/baer-heitev 3 blocks DONE
2026-05-28T16:00:56 siman_315/beer-hagolah 7 blocks DONE
2026-05-28T16:00:56 siman_315/beur-hagra 13 blocks DONE
2026-05-28T16:00:56 siman_315/mechaber 7 blocks DONE
2026-05-28T16:00:56 siman_315/nekudot-hakesef 1 blocks DONE
2026-05-28T16:00:56 siman_315/pitchei-teshuva 1 blocks DONE
2026-05-28T16:00:56 siman_315/rabbi-akiva-eiger-yd 4 blocks DONE
2026-05-28T16:00:56 siman_315/siftei-kohen 12 blocks DONE
2026-05-28T16:00:56 siman_315/turei-zahav 4 blocks DONE
2026-05-28T16:00:56 siman_315 COMPLETE
2026-05-28T16:00:57 siman_316/baer-heitev 6 blocks DONE
2026-05-28T16:00:57 siman_316/beer-hagolah 9 blocks DONE
2026-05-28T16:00:57 siman_316/beur-hagra 9 blocks DONE
2026-05-28T16:00:57 siman_316/mechaber 6 blocks DONE
2026-05-28T16:00:57 siman_316/nekudot-hakesef 2 blocks DONE
2026-05-28T16:00:57 siman_316/pitchei-teshuva 5 blocks DONE
2026-05-28T16:00:57 siman_316/rabbi-akiva-eiger-yd 1 blocks DONE
2026-05-28T16:00:57 siman_316/siftei-kohen 11 blocks DONE
2026-05-28T16:00:57 siman_316/turei-zahav 6 blocks DONE
2026-05-28T16:00:57 siman_316 COMPLETE
2026-05-28T16:00:57 siman_363/baer-heitev 3 blocks DONE
2026-05-28T16:00:57 siman_363/beer-hagolah 7 blocks DONE
2026-05-28T16:00:57 siman_363/beur-hagra 7 blocks DONE
2026-05-28T16:00:57 siman_363/mechaber 7 blocks DONE
2026-05-28T16:00:57 siman_363/pitchei-teshuva 7 blocks DONE
2026-05-28T16:00:57 siman_363/rabbi-akiva-eiger-yd 3 blocks DONE
2026-05-28T16:00:57 siman_363/siftei-kohen 6 blocks DONE
2026-05-28T16:00:57 siman_363/turei-zahav 6 blocks DONE
2026-05-28T16:00:57 siman_363 COMPLETE
2026-05-28T16:00:57 siman_363 mechaber quality-pass 7 blocks DONE
2026-05-28T16:00:58 siman_317/baer-heitev 2 blocks DONE
2026-05-28T16:00:58 siman_317/beer-hagolah 3 blocks DONE
2026-05-28T16:00:58 siman_317/mechaber 3 blocks DONE
2026-05-28T16:00:58 siman_317/pitchei-teshuva 1 blocks DONE
2026-05-28T16:00:58 siman_317/siftei-kohen 1 blocks DONE
2026-05-28T16:00:58 siman_317/turei-zahav 4 blocks DONE
2026-05-28T16:00:58 siman_317 COMPLETE
2026-05-28T16:00:59 siman_365/baer-heitev 1 blocks DONE
2026-05-28T16:00:59 siman_365/beer-hagolah 2 blocks DONE
2026-05-28T16:00:59 siman_365/beur-hagra 1 blocks DONE
2026-05-28T16:00:59 siman_365/mechaber 2 blocks DONE
2026-05-28T16:00:59 siman_365/siftei-kohen 2 blocks DONE
2026-05-28T16:00:59 siman_365 COMPLETE
2026-05-28T16:00:59 siman_365 mechaber quality-pass 2 blocks DONE
2026-05-28T16:00:59 siman_318/baer-heitev 2 blocks DONE
2026-05-28T16:00:59 siman_318/beer-hagolah 6 blocks DONE
2026-05-28T16:00:59 siman_318/beur-hagra 3 blocks DONE
2026-05-28T16:00:59 siman_318/mechaber 6 blocks DONE
2026-05-28T16:00:59 siman_318/siftei-kohen 4 blocks DONE
2026-05-28T16:00:59 siman_318/turei-zahav 1 blocks DONE
2026-05-28T16:00:59 siman_318 COMPLETE
2026-05-28T16:01:00 siman_319/baer-heitev 5 blocks DONE
2026-05-28T16:01:00 siman_319/beer-hagolah 11 blocks DONE
2026-05-28T16:01:00 siman_319/beur-hagra 4 blocks DONE
2026-05-28T16:01:00 siman_319/mechaber 4 blocks DONE
2026-05-28T16:01:00 siman_319/rabbi-akiva-eiger-yd 2 blocks DONE
2026-05-28T16:01:00 siman_319/siftei-kohen 12 blocks DONE
2026-05-28T16:01:00 siman_319/turei-zahav 1 blocks DONE
2026-05-28T16:01:00 siman_319 COMPLETE
2026-05-28T16:01:01 siman_367/baer-heitev 1 blocks DONE
2026-05-28T16:01:01 siman_367/beer-hagolah 6 blocks DONE
2026-05-28T16:01:01 siman_367/beur-hagra 2 blocks DONE
2026-05-28T16:01:01 siman_367/mechaber 6 blocks DONE
2026-05-28T16:01:01 siman_367/pitchei-teshuva 2 blocks DONE
2026-05-28T16:01:01 siman_367/siftei-kohen 4 blocks DONE
2026-05-28T16:01:01 siman_367/turei-zahav 1 blocks DONE
2026-05-28T16:01:01 siman_367 COMPLETE
2026-05-28T16:01:01 siman_367 mechaber quality-pass 6 blocks DONE
2026-05-28T16:01:01 siman_320/baer-heitev 8 blocks DONE
2026-05-28T16:01:01 siman_320/beer-hagolah 7 blocks DONE
2026-05-28T16:01:01 siman_320/beur-hagra 13 blocks DONE
2026-05-28T16:01:01 siman_320/mechaber 7 blocks DONE
2026-05-28T16:01:01 siman_320/nekudot-hakesef 1 blocks DONE
2026-05-28T16:01:01 siman_320/pitchei-teshuva 7 blocks DONE
2026-05-28T16:01:01 siman_320/rabbi-akiva-eiger-yd 4 blocks DONE
2026-05-28T16:01:01 siman_320/siftei-kohen 9 blocks DONE
2026-05-28T16:01:01 siman_320/turei-zahav 8 blocks DONE
2026-05-28T16:01:01 siman_320/yad-avraham 2 blocks DONE
2026-05-28T16:01:01 siman_320 COMPLETE
2026-05-28T16:01:02 siman_321/baer-heitev 14 blocks DONE
2026-05-28T16:01:02 siman_321/beer-hagolah 23 blocks DONE
2026-05-28T16:01:02 siman_321/beur-hagra 34 blocks DONE
2026-05-28T16:01:02 siman_321/mechaber 23 blocks DONE
2026-05-28T16:01:02 siman_321/pitchei-teshuva 2 blocks DONE
2026-05-28T16:01:02 siman_321/siftei-kohen 13 blocks DONE
2026-05-28T16:01:02 siman_321/turei-zahav 13 blocks DONE
2026-05-28T16:01:02 siman_321 COMPLETE
2026-05-28T16:01:03 siman_369/baer-heitev 3 blocks DONE
2026-05-28T16:01:03 siman_369/beer-hagolah 1 blocks DONE
2026-05-28T16:01:03 siman_369/beur-hagra 2 blocks DONE
2026-05-28T16:01:03 siman_369/mechaber 1 blocks DONE
2026-05-28T16:01:03 siman_369/pitchei-teshuva 1 blocks DONE
2026-05-28T16:01:03 siman_369/rabbi-akiva-eiger-yd 1 blocks DONE
2026-05-28T16:01:03 siman_369/siftei-kohen 3 blocks DONE
2026-05-28T16:01:03 siman_369/turei-zahav 4 blocks DONE
2026-05-28T16:01:03 siman_369 COMPLETE
2026-05-28T16:01:03 siman_369 mechaber quality-pass 1 blocks DONE
2026-05-28T16:01:04 siman_322/baer-heitev 7 blocks DONE
2026-05-28T16:01:04 siman_322/beer-hagolah 5 blocks DONE
2026-05-28T16:01:04 siman_322/beur-hagra 14 blocks DONE
2026-05-28T16:01:04 siman_322/mechaber 5 blocks DONE
2026-05-28T16:01:04 siman_322/pitchei-teshuva 4 blocks DONE
2026-05-28T16:01:04 siman_322/rabbi-akiva-eiger-yd 1 blocks DONE
2026-05-28T16:01:04 siman_322/siftei-kohen 9 blocks DONE
2026-05-28T16:01:04 siman_322/turei-zahav 5 blocks DONE
2026-05-28T16:01:04 siman_322 COMPLETE
2026-05-28T16:01:05 siman_323/baer-heitev 5 blocks DONE
2026-05-28T16:01:05 siman_323/beer-hagolah 9 blocks DONE
2026-05-28T16:01:05 siman_323/beur-hagra 15 blocks DONE
2026-05-28T16:01:05 siman_323/mechaber 1 blocks DONE
2026-05-28T16:01:05 siman_323/nekudot-hakesef 1 blocks DONE
2026-05-28T16:01:05 siman_323/pitchei-teshuva 1 blocks DONE
2026-05-28T16:01:05 siman_323/rabbi-akiva-eiger-yd 1 blocks DONE
2026-05-28T16:01:05 siman_323/siftei-kohen 12 blocks DONE
2026-05-28T16:01:05 siman_323/turei-zahav 2 blocks DONE
2026-05-28T16:01:05 siman_323 COMPLETE
2026-05-28T16:01:06 siman_371/baer-heitev 15 blocks DONE
2026-05-28T16:01:06 siman_371/beer-hagolah 6 blocks DONE
2026-05-28T16:01:06 siman_371/beur-hagra 19 blocks DONE
2026-05-28T16:01:06 siman_371/mechaber 6 blocks DONE
2026-05-28T16:01:06 siman_371/nekudot-hakesef 6 blocks DONE
2026-05-28T16:01:06 siman_371/pitchei-teshuva 6 blocks DONE
2026-05-28T16:01:06 siman_371/rabbi-akiva-eiger-yd 5 blocks DONE
2026-05-28T16:01:06 siman_371/siftei-kohen 20 blocks DONE
2026-05-28T16:01:06 siman_371/turei-zahav 12 blocks DONE
2026-05-28T16:01:06 siman_371 COMPLETE
2026-05-28T16:01:06 siman_371 mechaber quality-pass 6 blocks DONE
2026-05-28T16:01:06 siman_324/baer-heitev 20 blocks DONE
2026-05-28T16:01:06 siman_324/beer-hagolah 14 blocks DONE
2026-05-28T16:01:06 siman_324/beur-hagra 23 blocks DONE
2026-05-28T16:01:06 siman_324/mechaber 14 blocks DONE
2026-05-28T16:01:06 siman_324/nekudot-hakesef 2 blocks DONE
2026-05-28T16:01:06 siman_324/pitchei-teshuva 5 blocks DONE
2026-05-28T16:01:06 siman_324/rabbi-akiva-eiger-yd 6 blocks DONE
2026-05-28T16:01:06 siman_324/siftei-kohen 25 blocks DONE
2026-05-28T16:01:06 siman_324/turei-zahav 17 blocks DONE
2026-05-28T16:01:06 siman_324 COMPLETE
2026-05-28T16:01:07 siman_325/baer-heitev 5 blocks DONE
2026-05-28T16:01:07 siman_325/beer-hagolah 2 blocks DONE
2026-05-28T16:01:07 siman_325/beur-hagra 8 blocks DONE
2026-05-28T16:01:07 siman_325/mechaber 2 blocks DONE
2026-05-28T16:01:07 siman_325/rabbi-akiva-eiger-yd 1 blocks DONE
2026-05-28T16:01:07 siman_325/siftei-kohen 6 blocks DONE
2026-05-28T16:01:07 siman_325/turei-zahav 2 blocks DONE
2026-05-28T16:01:07 siman_325 COMPLETE
2026-05-28T16:01:08 siman_372/baer-heitev 4 blocks DONE
2026-05-28T16:01:08 siman_372/beer-hagolah 5 blocks DONE
2026-05-28T16:01:08 siman_372/beur-hagra 4 blocks DONE
2026-05-28T16:01:08 siman_372/mechaber 2 blocks DONE
2026-05-28T16:01:08 siman_372/pitchei-teshuva 2 blocks DONE
2026-05-28T16:01:08 siman_372/rabbi-akiva-eiger-yd 1 blocks DONE
2026-05-28T16:01:08 siman_372/siftei-kohen 4 blocks DONE
2026-05-28T16:01:08 siman_372/turei-zahav 1 blocks DONE
2026-05-28T16:01:08 siman_372/yad-avraham 2 blocks DONE
2026-05-28T16:01:08 siman_372 COMPLETE
2026-05-28T16:01:08 siman_372 mechaber quality-pass 2 blocks DONE
2026-05-28T16:01:10 siman_373/baer-heitev 9 blocks DONE
2026-05-28T16:01:10 siman_373/beer-hagolah 28 blocks DONE
2026-05-28T16:01:10 siman_373/beur-hagra 23 blocks DONE
2026-05-28T16:01:10 siman_373/mechaber 9 blocks DONE
2026-05-28T16:01:10 siman_373/nekudot-hakesef 1 blocks DONE
2026-05-28T16:01:10 siman_373/pitchei-teshuva 7 blocks DONE
2026-05-28T16:01:10 siman_373/rabbi-akiva-eiger-yd 2 blocks DONE
2026-05-28T16:01:10 siman_373/siftei-kohen 14 blocks DONE
2026-05-28T16:01:10 siman_373/turei-zahav 1 blocks DONE
2026-05-28T16:01:10 siman_373/yad-avraham 1 blocks DONE
2026-05-28T16:01:10 siman_373 COMPLETE
2026-05-28T16:01:10 siman_373 mechaber quality-pass 9 blocks DONE
2026-05-28T16:01:11 siman_326/baer-heitev 5 blocks DONE
2026-05-28T16:01:11 siman_326/beer-hagolah 5 blocks DONE
2026-05-28T16:01:11 siman_326/beur-hagra 10 blocks DONE
2026-05-28T16:01:11 siman_326/mechaber 5 blocks DONE
2026-05-28T16:01:11 siman_326/nekudot-hakesef 1 blocks DONE
2026-05-28T16:01:11 siman_326/pitchei-teshuva 2 blocks DONE
2026-05-28T16:01:11 siman_326/siftei-kohen 10 blocks DONE
2026-05-28T16:01:11 siman_326/turei-zahav 3 blocks DONE
2026-05-28T16:01:11 siman_326 COMPLETE
2026-05-28T16:01:12 siman_327/baer-heitev 5 blocks DONE
2026-05-28T16:01:12 siman_327/beer-hagolah 5 blocks DONE
2026-05-28T16:01:12 siman_327/beur-hagra 10 blocks DONE
2026-05-28T16:01:12 siman_327/mechaber 5 blocks DONE
2026-05-28T16:01:12 siman_327/rabbi-akiva-eiger-yd 1 blocks DONE
2026-05-28T16:01:12 siman_327/siftei-kohen 6 blocks DONE
2026-05-28T16:01:12 siman_327/turei-zahav 3 blocks DONE
2026-05-28T16:01:12 siman_327 COMPLETE
2026-05-28T16:01:13 siman_374/baer-heitev 9 blocks DONE
2026-05-28T16:01:13 siman_374/beer-hagolah 11 blocks DONE
2026-05-28T16:01:13 siman_374/beur-hagra 14 blocks DONE
2026-05-28T16:01:13 siman_374/mechaber 11 blocks DONE
2026-05-28T16:01:13 siman_374/nekudot-hakesef 1 blocks DONE
2026-05-28T16:01:13 siman_374/pitchei-teshuva 11 blocks DONE
2026-05-28T16:01:13 siman_374/rabbi-akiva-eiger-yd 8 blocks DONE
2026-05-28T16:01:13 siman_374/siftei-kohen 11 blocks DONE
2026-05-28T16:01:13 siman_374/turei-zahav 5 blocks DONE
2026-05-28T16:01:13 siman_374 COMPLETE
2026-05-28T16:01:13 siman_374 mechaber quality-pass 11 blocks DONE
2026-05-28T16:01:13 siman_328/baer-heitev 4 blocks DONE
2026-05-28T16:01:13 siman_328/beer-hagolah 9 blocks DONE
2026-05-28T16:01:13 siman_328/beur-hagra 10 blocks DONE
2026-05-28T16:01:13 siman_328/mechaber 3 blocks DONE
2026-05-28T16:01:13 siman_328/nekudot-hakesef 2 blocks DONE
2026-05-28T16:01:13 siman_328/pitchei-teshuva 2 blocks DONE
2026-05-28T16:01:13 siman_328/rabbi-akiva-eiger-yd 3 blocks DONE
2026-05-28T16:01:13 siman_328/siftei-kohen 7 blocks DONE
2026-05-28T16:01:13 siman_328/turei-zahav 2 blocks DONE
2026-05-28T16:01:13 siman_328/yad-avraham 1 blocks DONE
2026-05-28T16:01:13 siman_328 COMPLETE
2026-05-28T16:01:15 siman_329/baer-heitev 8 blocks DONE
2026-05-28T16:01:15 siman_329/beer-hagolah 10 blocks DONE
2026-05-28T16:01:15 siman_329/beur-hagra 14 blocks DONE
2026-05-28T16:01:15 siman_329/mechaber 10 blocks DONE
2026-05-28T16:01:15 siman_329/nekudot-hakesef 1 blocks DONE
2026-05-28T16:01:15 siman_329/pitchei-teshuva 4 blocks DONE
2026-05-28T16:01:15 siman_329/rabbi-akiva-eiger-yd 1 blocks DONE
2026-05-28T16:01:15 siman_329/siftei-kohen 12 blocks DONE
2026-05-28T16:01:15 siman_329/turei-zahav 7 blocks DONE
2026-05-28T16:01:15 siman_329 COMPLETE
2026-05-28T16:01:15 siman_375/baer-heitev 11 blocks DONE
2026-05-28T16:01:15 siman_375/beer-hagolah 11 blocks DONE
2026-05-28T16:01:15 siman_375/beur-hagra 21 blocks DONE
2026-05-28T16:01:15 siman_375/mechaber 11 blocks DONE
2026-05-28T16:01:15 siman_375/pitchei-teshuva 8 blocks DONE
2026-05-28T16:01:15 siman_375/rabbi-akiva-eiger-yd 8 blocks DONE
2026-05-28T16:01:15 siman_375/siftei-kohen 15 blocks DONE
2026-05-28T16:01:15 siman_375/turei-zahav 4 blocks DONE
2026-05-28T16:01:15 siman_375 COMPLETE
2026-05-28T16:01:15 siman_375 mechaber quality-pass 11 blocks DONE
2026-05-28T16:01:16 siman_330/baer-heitev 7 blocks DONE
2026-05-28T16:01:16 siman_330/beer-hagolah 9 blocks DONE
2026-05-28T16:01:16 siman_330/beur-hagra 10 blocks DONE
2026-05-28T16:01:16 siman_330/mechaber 9 blocks DONE
2026-05-28T16:01:16 siman_330/pitchei-teshuva 2 blocks DONE
2026-05-28T16:01:16 siman_330/rabbi-akiva-eiger-yd 2 blocks DONE
2026-05-28T16:01:16 siman_330/siftei-kohen 9 blocks DONE
2026-05-28T16:01:16 siman_330/turei-zahav 5 blocks DONE
2026-05-28T16:01:16 siman_330/yad-avraham 1 blocks DONE
2026-05-28T16:01:16 siman_330 COMPLETE
2026-05-28T16:01:17 siman_332/baer-heitev 1 blocks DONE
2026-05-28T16:01:17 siman_332/beer-hagolah 1 blocks DONE
2026-05-28T16:01:17 siman_332/beur-hagra 2 blocks DONE
2026-05-28T16:01:17 siman_332/mechaber 1 blocks DONE
2026-05-28T16:01:17 siman_332/pitchei-teshuva 1 blocks DONE
2026-05-28T16:01:17 siman_332/siftei-kohen 2 blocks DONE
2026-05-28T16:01:17 siman_332 COMPLETE
2026-05-28T16:01:17 siman_376/baer-heitev 12 blocks DONE
2026-05-28T16:01:17 siman_376/beer-hagolah 10 blocks DONE
2026-05-28T16:01:17 siman_376/beur-hagra 8 blocks DONE
2026-05-28T16:01:17 siman_376/mechaber 4 blocks DONE
2026-05-28T16:01:17 siman_376/nekudot-hakesef 1 blocks DONE
2026-05-28T16:01:17 siman_376/pitchei-teshuva 4 blocks DONE
2026-05-28T16:01:17 siman_376/rabbi-akiva-eiger-yd 4 blocks DONE
2026-05-28T16:01:17 siman_376/siftei-kohen 15 blocks DONE
2026-05-28T16:01:17 siman_376/turei-zahav 6 blocks DONE
2026-05-28T16:01:17 siman_376 COMPLETE
2026-05-28T16:01:17 siman_376 mechaber quality-pass 4 blocks DONE
2026-05-28T16:01:18 siman_333/baer-heitev 9 blocks DONE
2026-05-28T16:01:18 siman_333/beer-hagolah 14 blocks DONE
2026-05-28T16:01:18 siman_333/beur-hagra 21 blocks DONE
2026-05-28T16:01:18 siman_333/mechaber 14 blocks DONE
2026-05-28T16:01:18 siman_333/rabbi-akiva-eiger-yd 2 blocks DONE
2026-05-28T16:01:18 siman_333/siftei-kohen 10 blocks DONE
2026-05-28T16:01:18 siman_333 COMPLETE
2026-05-28T16:01:19 siman_377/baer-heitev 1 blocks DONE
2026-05-28T16:01:19 siman_377/beer-hagolah 3 blocks DONE
2026-05-28T16:01:19 siman_377/beur-hagra 1 blocks DONE
2026-05-28T16:01:19 siman_377/mechaber 3 blocks DONE
2026-05-28T16:01:19 siman_377/siftei-kohen 2 blocks DONE
2026-05-28T16:01:19 siman_377 COMPLETE
2026-05-28T16:01:19 siman_377 mechaber quality-pass 3 blocks DONE
2026-05-28T16:01:20 siman_335/baer-heitev 2 blocks DONE
2026-05-28T16:01:20 siman_335/beer-hagolah 10 blocks DONE
2026-05-28T16:01:20 siman_335/beur-hagra 15 blocks DONE
2026-05-28T16:01:20 siman_335/mechaber 10 blocks DONE
2026-05-28T16:01:20 siman_335/nekudot-hakesef 1 blocks DONE
2026-05-28T16:01:20 siman_335/pitchei-teshuva 2 blocks DONE
2026-05-28T16:01:20 siman_335/siftei-kohen 11 blocks DONE
2026-05-28T16:01:20 siman_335/turei-zahav 5 blocks DONE
2026-05-28T16:01:20 siman_335 COMPLETE
2026-05-28T16:01:21 siman_336/baer-heitev 4 blocks DONE
2026-05-28T16:01:21 siman_336/beer-hagolah 11 blocks DONE
2026-05-28T16:01:21 siman_336/beur-hagra 12 blocks DONE
2026-05-28T16:01:21 siman_336/mechaber 3 blocks DONE
2026-05-28T16:01:21 siman_336/rabbi-akiva-eiger-yd 3 blocks DONE
2026-05-28T16:01:21 siman_336/siftei-kohen 7 blocks DONE
2026-05-28T16:01:21 siman_336/turei-zahav 3 blocks DONE
2026-05-28T16:01:21 siman_336/yad-avraham 2 blocks DONE
2026-05-28T16:01:21 siman_336 COMPLETE
2026-05-28T16:01:22 siman_379/baer-heitev 3 blocks DONE
2026-05-28T16:01:22 siman_379/beer-hagolah 5 blocks DONE
2026-05-28T16:01:22 siman_379/beur-hagra 2 blocks DONE
2026-05-28T16:01:22 siman_379/mechaber 5 blocks DONE
2026-05-28T16:01:22 siman_379/pitchei-teshuva 2 blocks DONE
2026-05-28T16:01:22 siman_379/siftei-kohen 6 blocks DONE
2026-05-28T16:01:22 siman_379/yad-avraham 1 blocks DONE
2026-05-28T16:01:22 siman_379 COMPLETE
2026-05-28T16:01:22 siman_379 mechaber quality-pass 5 blocks DONE
2026-05-28T16:01:22 siman_337/baer-heitev 2 blocks DONE
2026-05-28T16:01:22 siman_337/beer-hagolah 1 blocks DONE
2026-05-28T16:01:22 siman_337/beur-hagra 1 blocks DONE
2026-05-28T16:01:22 siman_337/mechaber 1 blocks DONE
2026-05-28T16:01:22 siman_337/siftei-kohen 2 blocks DONE
2026-05-28T16:01:22 siman_337/yad-ephraim 1 blocks DONE
2026-05-28T16:01:22 siman_337 COMPLETE
2026-05-28T16:01:24 siman_338/baer-heitev 1 blocks DONE
2026-05-28T16:01:24 siman_338/beer-hagolah 7 blocks DONE
2026-05-28T16:01:24 siman_338/beur-hagra 6 blocks DONE
2026-05-28T16:01:24 siman_338/mechaber 2 blocks DONE
2026-05-28T16:01:24 siman_338/siftei-kohen 1 blocks DONE
2026-05-28T16:01:24 siman_338 COMPLETE
2026-05-28T16:01:25 siman_339/baer-heitev 5 blocks DONE
2026-05-28T16:01:25 siman_339/beer-hagolah 5 blocks DONE
2026-05-28T16:01:25 siman_339/beur-hagra 4 blocks DONE
2026-05-28T16:01:25 siman_339/mechaber 5 blocks DONE
2026-05-28T16:01:25 siman_339/nekudot-hakesef 2 blocks DONE
2026-05-28T16:01:25 siman_339/pitchei-teshuva 5 blocks DONE
2026-05-28T16:01:25 siman_339/rabbi-akiva-eiger-yd 5 blocks DONE
2026-05-28T16:01:25 siman_339/siftei-kohen 9 blocks DONE
2026-05-28T16:01:25 siman_339/turei-zahav 4 blocks DONE
2026-05-28T16:01:25 siman_339/yad-avraham 1 blocks DONE
2026-05-28T16:01:25 siman_339 COMPLETE
2026-05-28T16:01:26 siman_341/baer-heitev 14 blocks DONE
2026-05-28T16:01:26 siman_341/beer-hagolah 6 blocks DONE
2026-05-28T16:01:26 siman_341/beur-hagra 18 blocks DONE
2026-05-28T16:01:26 siman_341/mechaber 6 blocks DONE
2026-05-28T16:01:26 siman_341/nekudot-hakesef 2 blocks DONE
2026-05-28T16:01:26 siman_341/pitchei-teshuva 6 blocks DONE
2026-05-28T16:01:26 siman_341/rabbi-akiva-eiger-yd 6 blocks DONE
2026-05-28T16:01:26 siman_341/siftei-kohen 18 blocks DONE
2026-05-28T16:01:26 siman_341/turei-zahav 6 blocks DONE
2026-05-28T16:01:26 siman_341/yad-avraham 1 blocks DONE
2026-05-28T16:01:26 siman_341 COMPLETE
2026-05-28T16:01:27 siman_342/baer-heitev 5 blocks DONE
2026-05-28T16:01:27 siman_342/beer-hagolah 10 blocks DONE
2026-05-28T16:01:27 siman_342/beur-hagra 4 blocks DONE
2026-05-28T16:01:27 siman_342/mechaber 1 blocks DONE
2026-05-28T16:01:27 siman_342/nekudot-hakesef 1 blocks DONE
2026-05-28T16:01:27 siman_342/pitchei-teshuva 1 blocks DONE
2026-05-28T16:01:27 siman_342/rabbi-akiva-eiger-yd 1 blocks DONE
2026-05-28T16:01:27 siman_342/siftei-kohen 11 blocks DONE
2026-05-28T16:01:27 siman_342/turei-zahav 5 blocks DONE
2026-05-28T16:01:27 siman_342 COMPLETE
2026-05-28T16:01:28 siman_343/baer-heitev 1 blocks DONE
2026-05-28T16:01:28 siman_343/beer-hagolah 6 blocks DONE
2026-05-28T16:01:28 siman_343/mechaber 2 blocks DONE
2026-05-28T16:01:28 siman_343/siftei-kohen 3 blocks DONE
2026-05-28T16:01:28 siman_343 COMPLETE
2026-05-28T16:01:29 siman_344/baer-heitev 9 blocks DONE
2026-05-28T16:01:29 siman_344/beer-hagolah 20 blocks DONE
2026-05-28T16:01:29 siman_344/beur-hagra 8 blocks DONE
2026-05-28T16:01:29 siman_344/mechaber 20 blocks DONE
2026-05-28T16:01:29 siman_344/pitchei-teshuva 3 blocks DONE
2026-05-28T16:01:29 siman_344/rabbi-akiva-eiger-yd 2 blocks DONE
2026-05-28T16:01:29 siman_344/siftei-kohen 12 blocks DONE
2026-05-28T16:01:29 siman_344/turei-zahav 5 blocks DONE
2026-05-28T16:01:29 siman_344/yad-avraham 1 blocks DONE
2026-05-28T16:01:29 siman_344 COMPLETE
2026-05-28T16:01:31 siman_345/baer-heitev 6 blocks DONE
2026-05-28T16:01:31 siman_345/beer-hagolah 8 blocks DONE
2026-05-28T16:01:31 siman_345/beur-hagra 9 blocks DONE
2026-05-28T16:01:31 siman_345/mechaber 8 blocks DONE
2026-05-28T16:01:31 siman_345/pitchei-teshuva 5 blocks DONE
2026-05-28T16:01:31 siman_345/rabbi-akiva-eiger-yd 2 blocks DONE
2026-05-28T16:01:31 siman_345/siftei-kohen 10 blocks DONE
2026-05-28T16:01:31 siman_345/yad-avraham 2 blocks DONE
2026-05-28T16:01:31 siman_345 COMPLETE
2026-05-28T16:01:32 siman_346/baer-heitev 1 blocks DONE
2026-05-28T16:01:32 siman_346/beer-hagolah 2 blocks DONE
2026-05-28T16:01:32 siman_346/beur-hagra 1 blocks DONE
2026-05-28T16:01:32 siman_346/mechaber 1 blocks DONE
2026-05-28T16:01:32 siman_346/siftei-kohen 1 blocks DONE
2026-05-28T16:01:32 siman_346 COMPLETE
2026-05-28T16:01:33 siman_347/baer-heitev 1 blocks DONE
2026-05-28T16:01:33 siman_347/beer-hagolah 2 blocks DONE
2026-05-28T16:01:33 siman_347/beur-hagra 1 blocks DONE
2026-05-28T16:01:33 siman_347/mechaber 3 blocks DONE
2026-05-28T16:01:33 siman_347/pitchei-teshuva 1 blocks DONE
2026-05-28T16:01:33 siman_347/rabbi-akiva-eiger-yd 1 blocks DONE
2026-05-28T16:01:33 siman_347/siftei-kohen 2 blocks DONE
2026-05-28T16:01:33 siman_347 COMPLETE
2026-05-28T16:01:34 siman_348/baer-heitev 3 blocks DONE
2026-05-28T16:01:34 siman_348/beer-hagolah 6 blocks DONE
2026-05-28T16:01:34 siman_348/beur-hagra 1 blocks DONE
2026-05-28T16:01:34 siman_348/mechaber 3 blocks DONE
2026-05-28T16:01:34 siman_348/pitchei-teshuva 1 blocks DONE
2026-05-28T16:01:34 siman_348/rabbi-akiva-eiger-yd 1 blocks DONE
2026-05-28T16:01:34 siman_348/siftei-kohen 6 blocks DONE
2026-05-28T16:01:34 siman_348/yad-avraham 1 blocks DONE
2026-05-28T16:01:34 siman_348 COMPLETE
2026-05-28T16:01:35 siman_349/baer-heitev 1 blocks DONE
2026-05-28T16:01:35 siman_349/beer-hagolah 4 blocks DONE
2026-05-28T16:01:35 siman_349/beur-hagra 2 blocks DONE
2026-05-28T16:01:35 siman_349/mechaber 4 blocks DONE
2026-05-28T16:01:35 siman_349/nekudot-hakesef 2 blocks DONE
2026-05-28T16:01:35 siman_349/pitchei-teshuva 4 blocks DONE
2026-05-28T16:01:35 siman_349/rabbi-akiva-eiger-yd 1 blocks DONE
2026-05-28T16:01:35 siman_349/siftei-kohen 8 blocks DONE
2026-05-28T16:01:35 siman_349/yad-avraham 1 blocks DONE
2026-05-28T16:01:35 siman_349 COMPLETE
2026-05-28T16:01:36 siman_350/baer-heitev 1 blocks DONE
2026-05-28T16:01:36 siman_350/beer-hagolah 2 blocks DONE
2026-05-28T16:01:36 siman_350/beur-hagra 1 blocks DONE
2026-05-28T16:01:36 siman_350/mechaber 1 blocks DONE
2026-05-28T16:01:36 siman_350/siftei-kohen 2 blocks DONE
2026-05-28T16:01:36 siman_350 COMPLETE
2026-05-28T16:02:18 siman_305/baer-heitev 25 blocks DONE
2026-05-28T16:02:18 siman_305/beer-hagolah 31 blocks DONE
2026-05-28T16:02:18 siman_305/beur-hagra 48 blocks DONE
2026-05-28T16:02:18 siman_305/mechaber 31 blocks DONE
2026-05-28T16:02:18 siman_305/nekudot-hakesef 2 blocks DONE
2026-05-28T16:02:18 siman_305/pitchei-teshuva 31 blocks DONE
2026-05-28T16:02:18 siman_305/rabbi-akiva-eiger-yd 15 blocks DONE
2026-05-28T16:02:18 siman_305/siftei-kohen 35 blocks DONE
2026-05-28T16:02:18 siman_305/turei-zahav 25 blocks DONE
2026-05-28T16:02:18 siman_305/yad-avraham 5 blocks DONE
2026-05-28T16:02:18 siman_305 COMPLETE
2026-05-28T16:02:19 siman_306/baer-heitev 11 blocks DONE
2026-05-28T16:02:19 siman_306/beer-hagolah 12 blocks DONE
2026-05-28T16:02:19 siman_306/beur-hagra 18 blocks DONE
2026-05-28T16:02:19 siman_306/mechaber 12 blocks DONE
2026-05-28T16:02:19 siman_306/nekudot-hakesef 1 blocks DONE
2026-05-28T16:02:19 siman_306/pitchei-teshuva 5 blocks DONE
2026-05-28T16:02:19 siman_306/rabbi-akiva-eiger-yd 2 blocks DONE
2026-05-28T16:02:19 siman_306/siftei-kohen 16 blocks DONE
2026-05-28T16:02:19 siman_306/turei-zahav 8 blocks DONE
2026-05-28T16:02:19 siman_306 COMPLETE
2026-05-28T16:02:20 siman_307/baer-heitev 4 blocks DONE
2026-05-28T16:02:20 siman_307/beer-hagolah 7 blocks DONE
2026-05-28T16:02:20 siman_307/beur-hagra 5 blocks DONE
2026-05-28T16:02:20 siman_307/mechaber 3 blocks DONE
2026-05-28T16:02:20 siman_307/pitchei-teshuva 1 blocks DONE
2026-05-28T16:02:20 siman_307/rabbi-akiva-eiger-yd 1 blocks DONE
2026-05-28T16:02:20 siman_307/siftei-kohen 3 blocks DONE
2026-05-28T16:02:20 siman_307/turei-zahav 1 blocks DONE
2026-05-28T16:02:20 siman_307 COMPLETE
2026-05-28T16:02:21 siman_309/baer-heitev 3 blocks DONE
2026-05-28T16:02:21 siman_309/beer-hagolah 7 blocks DONE
2026-05-28T16:02:21 siman_309/beur-hagra 12 blocks DONE
2026-05-28T16:02:21 siman_309/mechaber 2 blocks DONE
2026-05-28T16:02:21 siman_309/pitchei-teshuva 1 blocks DONE
2026-05-28T16:02:21 siman_309/siftei-kohen 3 blocks DONE
2026-05-28T16:02:21 siman_309/turei-zahav 2 blocks DONE
2026-05-28T16:02:21 siman_309 COMPLETE
2026-05-28T16:02:22 siman_310/baer-heitev 2 blocks DONE
2026-05-28T16:02:22 siman_310/beer-hagolah 5 blocks DONE
2026-05-28T16:02:22 siman_310/beur-hagra 4 blocks DONE
2026-05-28T16:02:22 siman_310/mechaber 3 blocks DONE
2026-05-28T16:02:22 siman_310/pitchei-teshuva 2 blocks DONE
2026-05-28T16:02:22 siman_310/siftei-kohen 2 blocks DONE
2026-05-28T16:02:22 siman_310/turei-zahav 5 blocks DONE
2026-05-28T16:02:22 siman_310 COMPLETE
2026-05-28T16:02:23 siman_313/baer-heitev 7 blocks DONE
2026-05-28T16:02:23 siman_313/beer-hagolah 11 blocks DONE
2026-05-28T16:02:23 siman_313/beur-hagra 11 blocks DONE
2026-05-28T16:02:23 siman_313/mechaber 7 blocks DONE
2026-05-28T16:02:23 siman_313/nekudot-hakesef 1 blocks DONE
2026-05-28T16:02:23 siman_313/pitchei-teshuva 7 blocks DONE
2026-05-28T16:02:23 siman_313/rabbi-akiva-eiger-yd 2 blocks DONE
2026-05-28T16:02:23 siman_313/siftei-kohen 8 blocks DONE
2026-05-28T16:02:23 siman_313/turei-zahav 9 blocks DONE
2026-05-28T16:02:23 siman_313 COMPLETE
2026-05-28T16:02:24 siman_314/baer-heitev 7 blocks DONE
2026-05-28T16:02:24 siman_314/beer-hagolah 17 blocks DONE
2026-05-28T16:02:24 siman_314/beur-hagra 9 blocks DONE
2026-05-28T16:02:24 siman_314/mechaber 11 blocks DONE
2026-05-28T16:02:24 siman_314/nekudot-hakesef 1 blocks DONE
2026-05-28T16:02:24 siman_314/pitchei-teshuva 2 blocks DONE
2026-05-28T16:02:24 siman_314/rabbi-akiva-eiger-yd 2 blocks DONE
2026-05-28T16:02:24 siman_314/siftei-kohen 10 blocks DONE
2026-05-28T16:02:24 siman_314/turei-zahav 5 blocks DONE
2026-05-28T16:02:24 siman_314 COMPLETE
2026-05-28T16:02:25 siman_315/baer-heitev 3 blocks DONE
2026-05-28T16:02:25 siman_315/beer-hagolah 7 blocks DONE
2026-05-28T16:02:25 siman_315/beur-hagra 13 blocks DONE
2026-05-28T16:02:25 siman_315/mechaber 7 blocks DONE
2026-05-28T16:02:25 siman_315/nekudot-hakesef 1 blocks DONE
2026-05-28T16:02:25 siman_315/pitchei-teshuva 1 blocks DONE
2026-05-28T16:02:25 siman_315/rabbi-akiva-eiger-yd 4 blocks DONE
2026-05-28T16:02:25 siman_315/siftei-kohen 12 blocks DONE
2026-05-28T16:02:25 siman_315/turei-zahav 4 blocks DONE
2026-05-28T16:02:25 siman_315 COMPLETE
2026-05-28T16:02:26 siman_316/baer-heitev 6 blocks DONE
2026-05-28T16:02:26 siman_316/beer-hagolah 9 blocks DONE
2026-05-28T16:02:26 siman_316/beur-hagra 9 blocks DONE
2026-05-28T16:02:26 siman_316/mechaber 6 blocks DONE
2026-05-28T16:02:26 siman_316/nekudot-hakesef 2 blocks DONE
2026-05-28T16:02:26 siman_316/pitchei-teshuva 5 blocks DONE
2026-05-28T16:02:26 siman_316/rabbi-akiva-eiger-yd 1 blocks DONE
2026-05-28T16:02:26 siman_316/siftei-kohen 11 blocks DONE
2026-05-28T16:02:26 siman_316/turei-zahav 6 blocks DONE
2026-05-28T16:02:26 siman_316 COMPLETE
2026-05-28T16:02:27 siman_319/baer-heitev 5 blocks DONE
2026-05-28T16:02:27 siman_319/beer-hagolah 11 blocks DONE
2026-05-28T16:02:27 siman_319/beur-hagra 4 blocks DONE
2026-05-28T16:02:27 siman_319/mechaber 4 blocks DONE
2026-05-28T16:02:27 siman_319/rabbi-akiva-eiger-yd 2 blocks DONE
2026-05-28T16:02:27 siman_319/siftei-kohen 12 blocks DONE
2026-05-28T16:02:27 siman_319/turei-zahav 1 blocks DONE
2026-05-28T16:02:27 siman_319 COMPLETE
2026-05-28T16:02:28 siman_320/baer-heitev 8 blocks DONE
2026-05-28T16:02:28 siman_320/beer-hagolah 7 blocks DONE
2026-05-28T16:02:28 siman_320/beur-hagra 13 blocks DONE
2026-05-28T16:02:28 siman_320/mechaber 7 blocks DONE
2026-05-28T16:02:28 siman_320/nekudot-hakesef 1 blocks DONE
2026-05-28T16:02:28 siman_320/pitchei-teshuva 7 blocks DONE
2026-05-28T16:02:28 siman_320/rabbi-akiva-eiger-yd 4 blocks DONE
2026-05-28T16:02:28 siman_320/siftei-kohen 9 blocks DONE
2026-05-28T16:02:28 siman_320/turei-zahav 8 blocks DONE
2026-05-28T16:02:28 siman_320/yad-avraham 2 blocks DONE
2026-05-28T16:02:28 siman_320 COMPLETE
2026-05-28T16:03:56 siman_376/baer-heitev 12 blocks DONE
2026-05-28T16:03:56 siman_376/beer-hagolah 10 blocks DONE
2026-05-28T16:03:56 siman_376/beur-hagra 8 blocks DONE
2026-05-28T16:03:56 siman_376/mechaber 4 blocks DONE
2026-05-28T16:03:56 siman_376/nekudot-hakesef 1 blocks DONE
2026-05-28T16:03:56 siman_376/pitchei-teshuva 4 blocks DONE
2026-05-28T16:03:56 siman_376/rabbi-akiva-eiger-yd 4 blocks DONE
2026-05-28T16:03:56 siman_376/siftei-kohen 15 blocks DONE
2026-05-28T16:03:56 siman_376/turei-zahav 6 blocks DONE
2026-05-28T16:03:56 siman_376 COMPLETE
2026-05-28T16:03:58 siman_377/baer-heitev 1 blocks DONE
2026-05-28T16:03:58 siman_377/beer-hagolah 3 blocks DONE
2026-05-28T16:03:58 siman_377/beur-hagra 1 blocks DONE
2026-05-28T16:03:58 siman_377/mechaber 3 blocks DONE
2026-05-28T16:03:58 siman_377/siftei-kohen 2 blocks DONE
2026-05-28T16:03:58 siman_377 COMPLETE
2026-05-28T16:03:59 siman_378/baer-heitev 6 blocks DONE
2026-05-28T16:03:59 siman_378/beer-hagolah 13 blocks DONE
2026-05-28T16:03:59 siman_378/beur-hagra 16 blocks DONE
2026-05-28T16:03:59 siman_378/mechaber 13 blocks DONE
2026-05-28T16:03:59 siman_378/pitchei-teshuva 2 blocks DONE
2026-05-28T16:03:59 siman_378/rabbi-akiva-eiger-yd 2 blocks DONE
2026-05-28T16:03:59 siman_378/siftei-kohen 11 blocks DONE
2026-05-28T16:03:59 siman_378/turei-zahav 2 blocks DONE
2026-05-28T16:03:59 siman_378/yad-avraham 1 blocks DONE
2026-05-28T16:03:59 siman_378 COMPLETE
2026-05-28T16:04:01 siman_379/baer-heitev 3 blocks DONE
2026-05-28T16:04:01 siman_379/beer-hagolah 5 blocks DONE
2026-05-28T16:04:01 siman_379/beur-hagra 2 blocks DONE
2026-05-28T16:04:01 siman_379/mechaber 5 blocks DONE
2026-05-28T16:04:01 siman_379/pitchei-teshuva 2 blocks DONE
2026-05-28T16:04:01 siman_379/siftei-kohen 6 blocks DONE
2026-05-28T16:04:01 siman_379/yad-avraham 1 blocks DONE
2026-05-28T16:04:01 siman_379 COMPLETE
2026-05-28T16:04:02 siman_380/baer-heitev 16 blocks DONE
2026-05-28T16:04:02 siman_380/beer-hagolah 37 blocks DONE
2026-05-28T16:04:02 siman_380/beur-hagra 32 blocks DONE
2026-05-28T16:04:02 siman_380/mechaber 25 blocks DONE
2026-05-28T16:04:02 siman_380/pitchei-teshuva 8 blocks DONE
2026-05-28T16:04:02 siman_380/rabbi-akiva-eiger-yd 5 blocks DONE
2026-05-28T16:04:02 siman_380/siftei-kohen 23 blocks DONE
2026-05-28T16:04:02 siman_380/turei-zahav 1 blocks DONE
2026-05-28T16:04:02 siman_380 COMPLETE
2026-05-28T16:04:04 siman_381/baer-heitev 2 blocks DONE
2026-05-28T16:04:04 siman_381/beer-hagolah 15 blocks DONE
2026-05-28T16:04:04 siman_381/beur-hagra 9 blocks DONE
2026-05-28T16:04:04 siman_381/mechaber 6 blocks DONE
2026-05-28T16:04:04 siman_381/pitchei-teshuva 4 blocks DONE
2026-05-28T16:04:04 siman_381/rabbi-akiva-eiger-yd 2 blocks DONE
2026-05-28T16:04:04 siman_381/siftei-kohen 4 blocks DONE
2026-05-28T16:04:04 siman_381/turei-zahav 2 blocks DONE
2026-05-28T16:04:04 siman_381/yad-avraham 1 blocks DONE
2026-05-28T16:04:04 siman_381 COMPLETE
2026-05-28T16:04:05 siman_382/baer-heitev 3 blocks DONE
2026-05-28T16:04:05 siman_382/beer-hagolah 6 blocks DONE
2026-05-28T16:04:05 siman_382/beur-hagra 3 blocks DONE
2026-05-28T16:04:05 siman_382/mechaber 5 blocks DONE
2026-05-28T16:04:05 siman_382/siftei-kohen 3 blocks DONE
2026-05-28T16:04:05 siman_382/turei-zahav 1 blocks DONE
2026-05-28T16:04:05 siman_382 COMPLETE
2026-05-28T16:04:07 siman_383/baer-heitev 1 blocks DONE
2026-05-28T16:04:07 siman_383/beer-hagolah 9 blocks DONE
2026-05-28T16:04:07 siman_383/beur-hagra 4 blocks DONE
2026-05-28T16:04:07 siman_383/mechaber 2 blocks DONE
2026-05-28T16:04:07 siman_383/rabbi-akiva-eiger-yd 1 blocks DONE
2026-05-28T16:04:07 siman_383/siftei-kohen 3 blocks DONE
2026-05-28T16:04:07 siman_383 COMPLETE
2026-05-28T16:04:07 siman_327/baer-heitev 5 blocks DONE
2026-05-28T16:04:07 siman_327/beer-hagolah 5 blocks DONE
2026-05-28T16:04:07 siman_327/beur-hagra 10 blocks DONE
2026-05-28T16:04:07 siman_327/mechaber 5 blocks DONE
2026-05-28T16:04:07 siman_327/rabbi-akiva-eiger-yd 1 blocks DONE
2026-05-28T16:04:07 siman_327/siftei-kohen 6 blocks DONE
2026-05-28T16:04:07 siman_327/turei-zahav 3 blocks DONE
2026-05-28T16:04:07 siman_327 COMPLETE
2026-05-28T16:04:08 siman_384/baer-heitev 2 blocks DONE
2026-05-28T16:04:08 siman_384/beer-hagolah 5 blocks DONE
2026-05-28T16:04:08 siman_384/beur-hagra 8 blocks DONE
2026-05-28T16:04:08 siman_384/mechaber 5 blocks DONE
2026-05-28T16:04:08 siman_384/pitchei-teshuva 2 blocks DONE
2026-05-28T16:04:08 siman_384/rabbi-akiva-eiger-yd 2 blocks DONE
2026-05-28T16:04:08 siman_384/siftei-kohen 5 blocks DONE
2026-05-28T16:04:08 siman_384/turei-zahav 1 blocks DONE
2026-05-28T16:04:08 siman_384 COMPLETE
2026-05-28T16:04:08 siman_328/baer-heitev 4 blocks DONE
2026-05-28T16:04:08 siman_328/beer-hagolah 9 blocks DONE
2026-05-28T16:04:08 siman_328/beur-hagra 10 blocks DONE
2026-05-28T16:04:08 siman_328/mechaber 3 blocks DONE
2026-05-28T16:04:08 siman_328/nekudot-hakesef 2 blocks DONE
2026-05-28T16:04:08 siman_328/pitchei-teshuva 2 blocks DONE
2026-05-28T16:04:08 siman_328/rabbi-akiva-eiger-yd 3 blocks DONE
2026-05-28T16:04:08 siman_328/siftei-kohen 7 blocks DONE
2026-05-28T16:04:08 siman_328/turei-zahav 2 blocks DONE
2026-05-28T16:04:08 siman_328/yad-avraham 1 blocks DONE
2026-05-28T16:04:08 siman_328 COMPLETE
2026-05-28T16:04:10 siman_330/baer-heitev 7 blocks DONE
2026-05-28T16:04:10 siman_330/beer-hagolah 9 blocks DONE
2026-05-28T16:04:10 siman_330/beur-hagra 10 blocks DONE
2026-05-28T16:04:10 siman_330/mechaber 9 blocks DONE
2026-05-28T16:04:10 siman_330/pitchei-teshuva 2 blocks DONE
2026-05-28T16:04:10 siman_330/rabbi-akiva-eiger-yd 2 blocks DONE
2026-05-28T16:04:10 siman_330/siftei-kohen 9 blocks DONE
2026-05-28T16:04:10 siman_330/turei-zahav 5 blocks DONE
2026-05-28T16:04:10 siman_330/yad-avraham 1 blocks DONE
2026-05-28T16:04:10 siman_330 COMPLETE
2026-05-28T16:04:10 siman_385/baer-heitev 3 blocks DONE
2026-05-28T16:04:10 siman_385/beer-hagolah 10 blocks DONE
2026-05-28T16:04:10 siman_385/beur-hagra 3 blocks DONE
2026-05-28T16:04:10 siman_385/mechaber 3 blocks DONE
2026-05-28T16:04:10 siman_385/rabbi-akiva-eiger-yd 1 blocks DONE
2026-05-28T16:04:10 siman_385/siftei-kohen 4 blocks DONE
2026-05-28T16:04:10 siman_385/turei-zahav 1 blocks DONE
2026-05-28T16:04:10 siman_385 COMPLETE
2026-05-28T16:04:11 siman_335/baer-heitev 2 blocks DONE
2026-05-28T16:04:11 siman_335/beer-hagolah 10 blocks DONE
2026-05-28T16:04:11 siman_335/beur-hagra 15 blocks DONE
2026-05-28T16:04:11 siman_335/mechaber 10 blocks DONE
2026-05-28T16:04:11 siman_335/nekudot-hakesef 1 blocks DONE
2026-05-28T16:04:11 siman_335/pitchei-teshuva 2 blocks DONE
2026-05-28T16:04:11 siman_335/siftei-kohen 11 blocks DONE
2026-05-28T16:04:11 siman_335/turei-zahav 5 blocks DONE
2026-05-28T16:04:11 siman_335 COMPLETE
2026-05-28T16:04:11 siman_386/baer-heitev 1 blocks DONE
2026-05-28T16:04:11 siman_386/beer-hagolah 1 blocks DONE
2026-05-28T16:04:11 siman_386/beur-hagra 4 blocks DONE
2026-05-28T16:04:11 siman_386/mechaber 1 blocks DONE
2026-05-28T16:04:11 siman_386/siftei-kohen 1 blocks DONE
2026-05-28T16:04:11 siman_386/turei-zahav 1 blocks DONE
2026-05-28T16:04:11 siman_386 COMPLETE
2026-05-28T16:04:12 siman_336/baer-heitev 4 blocks DONE
2026-05-28T16:04:12 siman_336/beer-hagolah 11 blocks DONE
2026-05-28T16:04:12 siman_336/beur-hagra 12 blocks DONE
2026-05-28T16:04:12 siman_336/mechaber 3 blocks DONE
2026-05-28T16:04:12 siman_336/rabbi-akiva-eiger-yd 3 blocks DONE
2026-05-28T16:04:12 siman_336/siftei-kohen 7 blocks DONE
2026-05-28T16:04:12 siman_336/turei-zahav 3 blocks DONE
2026-05-28T16:04:12 siman_336/yad-avraham 2 blocks DONE
2026-05-28T16:04:12 siman_336 COMPLETE
2026-05-28T16:04:13 siman_338/baer-heitev 1 blocks DONE
2026-05-28T16:04:13 siman_338/beer-hagolah 7 blocks DONE
2026-05-28T16:04:13 siman_338/beur-hagra 6 blocks DONE
2026-05-28T16:04:13 siman_338/mechaber 2 blocks DONE
2026-05-28T16:04:13 siman_338/siftei-kohen 1 blocks DONE
2026-05-28T16:04:13 siman_338 COMPLETE
2026-05-28T16:04:13 siman_387/baer-heitev 1 blocks DONE
2026-05-28T16:04:13 siman_387/beer-hagolah 3 blocks DONE
2026-05-28T16:04:13 siman_387/beur-hagra 3 blocks DONE
2026-05-28T16:04:13 siman_387/mechaber 2 blocks DONE
2026-05-28T16:04:13 siman_387/pitchei-teshuva 2 blocks DONE
2026-05-28T16:04:13 siman_387/rabbi-akiva-eiger-yd 2 blocks DONE
2026-05-28T16:04:13 siman_387/siftei-kohen 1 blocks DONE
2026-05-28T16:04:13 siman_387/turei-zahav 1 blocks DONE
2026-05-28T16:04:13 siman_387 COMPLETE
2026-05-28T16:04:14 siman_339/baer-heitev 5 blocks DONE
2026-05-28T16:04:14 siman_339/beer-hagolah 5 blocks DONE
2026-05-28T16:04:14 siman_339/beur-hagra 4 blocks DONE
2026-05-28T16:04:14 siman_339/mechaber 5 blocks DONE
2026-05-28T16:04:14 siman_339/nekudot-hakesef 2 blocks DONE
2026-05-28T16:04:14 siman_339/pitchei-teshuva 5 blocks DONE
2026-05-28T16:04:14 siman_339/rabbi-akiva-eiger-yd 5 blocks DONE
2026-05-28T16:04:14 siman_339/siftei-kohen 9 blocks DONE
2026-05-28T16:04:14 siman_339/turei-zahav 4 blocks DONE
2026-05-28T16:04:14 siman_339/yad-avraham 1 blocks DONE
2026-05-28T16:04:14 siman_339 COMPLETE
2026-05-28T16:04:14 siman_388/baer-heitev 2 blocks DONE
2026-05-28T16:04:14 siman_388/beer-hagolah 4 blocks DONE
2026-05-28T16:04:14 siman_388/beur-hagra 3 blocks DONE
2026-05-28T16:04:14 siman_388/mechaber 2 blocks DONE
2026-05-28T16:04:14 siman_388/pitchei-teshuva 2 blocks DONE
2026-05-28T16:04:14 siman_388/rabbi-akiva-eiger-yd 1 blocks DONE
2026-05-28T16:04:14 siman_388/siftei-kohen 1 blocks DONE
2026-05-28T16:04:14 siman_388/turei-zahav 1 blocks DONE
2026-05-28T16:04:14 siman_388 COMPLETE
2026-05-28T16:04:15 siman_344/baer-heitev 9 blocks DONE
2026-05-28T16:04:15 siman_344/beer-hagolah 20 blocks DONE
2026-05-28T16:04:15 siman_344/beur-hagra 8 blocks DONE
2026-05-28T16:04:15 siman_344/mechaber 8 blocks DONE
2026-05-28T16:04:15 siman_344/pitchei-teshuva 3 blocks DONE
2026-05-28T16:04:15 siman_344/rabbi-akiva-eiger-yd 2 blocks DONE
2026-05-28T16:04:15 siman_344/siftei-kohen 12 blocks DONE
2026-05-28T16:04:15 siman_344/turei-zahav 5 blocks DONE
2026-05-28T16:04:15 siman_344/yad-avraham 1 blocks DONE
2026-05-28T16:04:15 siman_344 COMPLETE
2026-05-28T16:04:16 siman_389/baer-heitev 4 blocks DONE
2026-05-28T16:04:16 siman_389/beer-hagolah 8 blocks DONE
2026-05-28T16:04:16 siman_389/beur-hagra 16 blocks DONE
2026-05-28T16:04:16 siman_389/mechaber 8 blocks DONE
2026-05-28T16:04:16 siman_389/pitchei-teshuva 4 blocks DONE
2026-05-28T16:04:16 siman_389/siftei-kohen 9 blocks DONE
2026-05-28T16:04:16 siman_389/turei-zahav 1 blocks DONE
2026-05-28T16:04:16 siman_389 COMPLETE
2026-05-28T16:04:17 siman_390/baer-heitev 2 blocks DONE
2026-05-28T16:04:17 siman_390/beer-hagolah 18 blocks DONE
2026-05-28T16:04:17 siman_390/beur-hagra 12 blocks DONE
2026-05-28T16:04:17 siman_390/mechaber 7 blocks DONE
2026-05-28T16:04:17 siman_390/nekudot-hakesef 2 blocks DONE
2026-05-28T16:04:17 siman_390/pitchei-teshuva 5 blocks DONE
2026-05-28T16:04:17 siman_390/rabbi-akiva-eiger-yd 7 blocks DONE
2026-05-28T16:04:17 siman_390/siftei-kohen 4 blocks DONE
2026-05-28T16:04:17 siman_390/turei-zahav 3 blocks DONE
2026-05-28T16:04:17 siman_390 COMPLETE
2026-05-28T16:04:19 siman_391/baer-heitev 7 blocks DONE
2026-05-28T16:04:19 siman_391/beer-hagolah 7 blocks DONE
2026-05-28T16:04:19 siman_391/beur-hagra 8 blocks DONE
2026-05-28T16:04:19 siman_391/mechaber 3 blocks DONE
2026-05-28T16:04:19 siman_391/nekudot-hakesef 3 blocks DONE
2026-05-28T16:04:19 siman_391/pitchei-teshuva 3 blocks DONE
2026-05-28T16:04:19 siman_391/rabbi-akiva-eiger-yd 3 blocks DONE
2026-05-28T16:04:19 siman_391/siftei-kohen 8 blocks DONE
2026-05-28T16:04:19 siman_391/turei-zahav 5 blocks DONE
2026-05-28T16:04:19 siman_391/yad-avraham 1 blocks DONE
2026-05-28T16:04:19 siman_391 COMPLETE
2026-05-28T16:04:20 siman_392/baer-heitev 7 blocks DONE
2026-05-28T16:04:20 siman_392/beer-hagolah 12 blocks DONE
2026-05-28T16:04:20 siman_392/beur-hagra 11 blocks DONE
2026-05-28T16:04:20 siman_392/mechaber 3 blocks DONE
2026-05-28T16:04:20 siman_392/nekudot-hakesef 2 blocks DONE
2026-05-28T16:04:20 siman_392/pitchei-teshuva 3 blocks DONE
2026-05-28T16:04:20 siman_392/rabbi-akiva-eiger-yd 2 blocks DONE
2026-05-28T16:04:20 siman_392/siftei-kohen 8 blocks DONE
2026-05-28T16:04:20 siman_392/turei-zahav 6 blocks DONE
2026-05-28T16:04:20 siman_392 COMPLETE
2026-05-28T16:04:21 siman_340/baer-heitev 38 blocks DONE
2026-05-28T16:04:21 siman_340/beer-hagolah 39 blocks DONE
2026-05-28T16:04:21 siman_340/beur-hagra 52 blocks DONE
2026-05-28T16:04:21 siman_340/mechaber 39 blocks DONE
2026-05-28T16:04:21 siman_340/nekudot-hakesef 2 blocks DONE
2026-05-28T16:04:21 siman_340/pitchei-teshuva 22 blocks DONE
2026-05-28T16:04:21 siman_340/rabbi-akiva-eiger-yd 7 blocks DONE
2026-05-28T16:04:21 siman_340/siftei-kohen 62 blocks DONE
2026-05-28T16:04:21 siman_340/turei-zahav 25 blocks DONE
2026-05-28T16:04:21 siman_340 COMPLETE
2026-05-28T16:04:22 siman_393/baer-heitev 4 blocks DONE
2026-05-28T16:04:22 siman_393/beer-hagolah 4 blocks DONE
2026-05-28T16:04:22 siman_393/beur-hagra 11 blocks DONE
2026-05-28T16:04:22 siman_393/mechaber 4 blocks DONE
2026-05-28T16:04:22 siman_393/pitchei-teshuva 4 blocks DONE
2026-05-28T16:04:22 siman_393/rabbi-akiva-eiger-yd 4 blocks DONE
2026-05-28T16:04:22 siman_393/siftei-kohen 7 blocks DONE
2026-05-28T16:04:22 siman_393 COMPLETE
2026-05-28T16:04:24 siman_394/baer-heitev 1 blocks DONE
2026-05-28T16:04:24 siman_394/beer-hagolah 11 blocks DONE
2026-05-28T16:04:24 siman_394/beur-hagra 4 blocks DONE
2026-05-28T16:04:24 siman_394/mechaber 6 blocks DONE
2026-05-28T16:04:24 siman_394/pitchei-teshuva 3 blocks DONE
2026-05-28T16:04:24 siman_394/siftei-kohen 2 blocks DONE
2026-05-28T16:04:24 siman_394 COMPLETE
2026-05-28T16:04:25 siman_395/baer-heitev 3 blocks DONE
2026-05-28T16:04:25 siman_395/beer-hagolah 4 blocks DONE
2026-05-28T16:04:25 siman_395/beur-hagra 4 blocks DONE
2026-05-28T16:04:25 siman_395/mechaber 3 blocks DONE
2026-05-28T16:04:25 siman_395/nekudot-hakesef 1 blocks DONE
2026-05-28T16:04:25 siman_395/pitchei-teshuva 3 blocks DONE
2026-05-28T16:04:25 siman_395/rabbi-akiva-eiger-yd 1 blocks DONE
2026-05-28T16:04:25 siman_395/siftei-kohen 3 blocks DONE
2026-05-28T16:04:25 siman_395/turei-zahav 3 blocks DONE
2026-05-28T16:04:25 siman_395 COMPLETE
2026-05-28T16:04:26 siman_396/baer-heitev 2 blocks DONE
2026-05-28T16:04:26 siman_396/beer-hagolah 3 blocks DONE
2026-05-28T16:04:26 siman_396/beur-hagra 3 blocks DONE
2026-05-28T16:04:26 siman_396/mechaber 3 blocks DONE
2026-05-28T16:04:26 siman_396/nekudot-hakesef 1 blocks DONE
2026-05-28T16:04:26 siman_396/pitchei-teshuva 3 blocks DONE
2026-05-28T16:04:26 siman_396/rabbi-akiva-eiger-yd 2 blocks DONE
2026-05-28T16:04:26 siman_396/siftei-kohen 3 blocks DONE
2026-05-28T16:04:26 siman_396/turei-zahav 2 blocks DONE
2026-05-28T16:04:26 siman_396 COMPLETE
2026-05-28T16:04:27 siman_397/baer-heitev 2 blocks DONE
2026-05-28T16:04:27 siman_397/beer-hagolah 2 blocks DONE
2026-05-28T16:04:27 siman_397/beur-hagra 2 blocks DONE
2026-05-28T16:04:27 siman_397/mechaber 2 blocks DONE
2026-05-28T16:04:27 siman_397/nekudot-hakesef 1 blocks DONE
2026-05-28T16:04:27 siman_397/pitchei-teshuva 1 blocks DONE
2026-05-28T16:04:27 siman_397/rabbi-akiva-eiger-yd 2 blocks DONE
2026-05-28T16:04:27 siman_397/siftei-kohen 2 blocks DONE
2026-05-28T16:04:27 siman_397/turei-zahav 2 blocks DONE
2026-05-28T16:04:27 siman_397/yad-avraham 1 blocks DONE
2026-05-28T16:04:27 siman_397 COMPLETE
2026-05-28T16:04:29 siman_398/baer-heitev 2 blocks DONE
2026-05-28T16:04:29 siman_398/beer-hagolah 3 blocks DONE
2026-05-28T16:04:29 siman_398/beur-hagra 2 blocks DONE
2026-05-28T16:04:29 siman_398/mechaber 1 blocks DONE
2026-05-28T16:04:29 siman_398/siftei-kohen 2 blocks DONE
2026-05-28T16:04:29 siman_398/turei-zahav 2 blocks DONE
2026-05-28T16:04:29 siman_398 COMPLETE
2026-05-28T16:04:31 siman_399/baer-heitev 11 blocks DONE
2026-05-28T16:04:31 siman_399/beer-hagolah 14 blocks DONE
2026-05-28T16:04:31 siman_399/beur-hagra 16 blocks DONE
2026-05-28T16:04:31 siman_399/mechaber 14 blocks DONE
2026-05-28T16:04:31 siman_399/nekudot-hakesef 2 blocks DONE
2026-05-28T16:04:31 siman_399/pitchei-teshuva 10 blocks DONE
2026-05-28T16:04:31 siman_399/rabbi-akiva-eiger-yd 3 blocks DONE
2026-05-28T16:04:31 siman_399/siftei-kohen 19 blocks DONE
2026-05-28T16:04:31 siman_399/turei-zahav 7 blocks DONE
2026-05-28T16:04:31 siman_399/yad-avraham 1 blocks DONE
2026-05-28T16:04:31 siman_399 COMPLETE
2026-05-28T16:04:32 siman_400/baer-heitev 3 blocks DONE
2026-05-28T16:04:32 siman_400/beer-hagolah 2 blocks DONE
2026-05-28T16:04:32 siman_400/beur-hagra 6 blocks DONE
2026-05-28T16:04:32 siman_400/mechaber 2 blocks DONE
2026-05-28T16:04:32 siman_400/pitchei-teshuva 2 blocks DONE
2026-05-28T16:04:32 siman_400/rabbi-akiva-eiger-yd 1 blocks DONE
2026-05-28T16:04:32 siman_400/siftei-kohen 5 blocks DONE
2026-05-28T16:04:32 siman_400/turei-zahav 1 blocks DONE
2026-05-28T16:04:32 siman_400 COMPLETE
2026-05-28T16:04:33 siman_401/baer-heitev 2 blocks DONE
2026-05-28T16:04:33 siman_401/beer-hagolah 7 blocks DONE
2026-05-28T16:04:33 siman_401/beur-hagra 8 blocks DONE
2026-05-28T16:04:33 siman_401/mechaber 7 blocks DONE
2026-05-28T16:04:33 siman_401/pitchei-teshuva 1 blocks DONE
2026-05-28T16:04:33 siman_401/rabbi-akiva-eiger-yd 2 blocks DONE
2026-05-28T16:04:33 siman_401/siftei-kohen 4 blocks DONE
2026-05-28T16:04:33 siman_401 COMPLETE
2026-05-28T16:04:35 siman_402/baer-heitev 13 blocks DONE
2026-05-28T16:04:35 siman_402/beer-hagolah 12 blocks DONE
2026-05-28T16:04:35 siman_402/beur-hagra 9 blocks DONE
2026-05-28T16:04:35 siman_402/mechaber 12 blocks DONE
2026-05-28T16:04:35 siman_402/nekudot-hakesef 3 blocks DONE
2026-05-28T16:04:35 siman_402/pitchei-teshuva 8 blocks DONE
2026-05-28T16:04:35 siman_402/rabbi-akiva-eiger-yd 5 blocks DONE
2026-05-28T16:04:35 siman_402/siftei-kohen 12 blocks DONE
2026-05-28T16:04:35 siman_402/turei-zahav 9 blocks DONE
2026-05-28T16:04:35 siman_402 COMPLETE
2026-05-28T16:04:36 siman_403/baer-heitev 4 blocks DONE
2026-05-28T16:04:36 siman_403/beer-hagolah 18 blocks DONE
2026-05-28T16:04:36 siman_403/beur-hagra 4 blocks DONE
2026-05-28T16:04:36 siman_403/mechaber 10 blocks DONE
2026-05-28T16:04:36 siman_403/pitchei-teshuva 2 blocks DONE
2026-05-28T16:04:36 siman_403/siftei-kohen 4 blocks DONE
2026-05-28T16:04:36 siman_403 COMPLETE
2026-05-28T16:05:08 siman_376/baer-heitev 12 blocks DONE
2026-05-28T16:05:08 siman_376/beer-hagolah 10 blocks DONE
2026-05-28T16:05:08 siman_376/beur-hagra 8 blocks DONE
2026-05-28T16:05:08 siman_376/mechaber 4 blocks DONE
2026-05-28T16:05:08 siman_376/nekudot-hakesef 1 blocks DONE
2026-05-28T16:05:08 siman_376/pitchei-teshuva 4 blocks DONE
2026-05-28T16:05:08 siman_376/rabbi-akiva-eiger-yd 4 blocks DONE
2026-05-28T16:05:08 siman_376/siftei-kohen 15 blocks DONE
2026-05-28T16:05:08 siman_376/turei-zahav 6 blocks DONE
2026-05-28T16:05:08 siman_376 COMPLETE
2026-05-28T16:05:09 siman_377/baer-heitev 1 blocks DONE
2026-05-28T16:05:09 siman_377/beer-hagolah 3 blocks DONE
2026-05-28T16:05:09 siman_377/beur-hagra 1 blocks DONE
2026-05-28T16:05:09 siman_377/mechaber 3 blocks DONE
2026-05-28T16:05:09 siman_377/siftei-kohen 2 blocks DONE
2026-05-28T16:05:09 siman_377 COMPLETE
2026-05-28T16:05:10 siman_378/baer-heitev 6 blocks DONE
2026-05-28T16:05:10 siman_378/beer-hagolah 13 blocks DONE
2026-05-28T16:05:10 siman_378/beur-hagra 16 blocks DONE
2026-05-28T16:05:10 siman_378/mechaber 13 blocks DONE
2026-05-28T16:05:10 siman_378/pitchei-teshuva 2 blocks DONE
2026-05-28T16:05:10 siman_378/rabbi-akiva-eiger-yd 2 blocks DONE
2026-05-28T16:05:10 siman_378/siftei-kohen 11 blocks DONE
2026-05-28T16:05:10 siman_378/turei-zahav 2 blocks DONE
2026-05-28T16:05:10 siman_378/yad-avraham 1 blocks DONE
2026-05-28T16:05:10 siman_378 COMPLETE
2026-05-28T16:05:12 siman_379/baer-heitev 3 blocks DONE
2026-05-28T16:05:12 siman_379/beer-hagolah 5 blocks DONE
2026-05-28T16:05:12 siman_379/beur-hagra 2 blocks DONE
2026-05-28T16:05:12 siman_379/mechaber 5 blocks DONE
2026-05-28T16:05:12 siman_379/pitchei-teshuva 2 blocks DONE
2026-05-28T16:05:12 siman_379/siftei-kohen 6 blocks DONE
2026-05-28T16:05:12 siman_379/yad-avraham 1 blocks DONE
2026-05-28T16:05:12 siman_379 COMPLETE
2026-05-28T16:05:13 siman_380/baer-heitev 16 blocks DONE
2026-05-28T16:05:13 siman_380/beer-hagolah 37 blocks DONE
2026-05-28T16:05:13 siman_380/beur-hagra 32 blocks DONE
2026-05-28T16:05:13 siman_380/mechaber 25 blocks DONE
2026-05-28T16:05:13 siman_380/pitchei-teshuva 8 blocks DONE
2026-05-28T16:05:13 siman_380/rabbi-akiva-eiger-yd 5 blocks DONE
2026-05-28T16:05:13 siman_380/siftei-kohen 23 blocks DONE
2026-05-28T16:05:13 siman_380/turei-zahav 1 blocks DONE
2026-05-28T16:05:13 siman_380 COMPLETE
2026-05-28T16:05:15 siman_381/baer-heitev 2 blocks DONE
2026-05-28T16:05:15 siman_381/beer-hagolah 15 blocks DONE
2026-05-28T16:05:15 siman_381/beur-hagra 9 blocks DONE
2026-05-28T16:05:15 siman_381/mechaber 6 blocks DONE
2026-05-28T16:05:15 siman_381/pitchei-teshuva 4 blocks DONE
2026-05-28T16:05:15 siman_381/rabbi-akiva-eiger-yd 2 blocks DONE
2026-05-28T16:05:15 siman_381/siftei-kohen 4 blocks DONE
2026-05-28T16:05:15 siman_381/turei-zahav 2 blocks DONE
2026-05-28T16:05:15 siman_381/yad-avraham 1 blocks DONE
2026-05-28T16:05:15 siman_381 COMPLETE
2026-05-28T16:05:16 siman_382/baer-heitev 3 blocks DONE
2026-05-28T16:05:16 siman_382/beer-hagolah 6 blocks DONE
2026-05-28T16:05:16 siman_382/beur-hagra 3 blocks DONE
2026-05-28T16:05:16 siman_382/mechaber 5 blocks DONE
2026-05-28T16:05:16 siman_382/siftei-kohen 3 blocks DONE
2026-05-28T16:05:16 siman_382/turei-zahav 1 blocks DONE
2026-05-28T16:05:16 siman_382 COMPLETE
2026-05-28T16:05:18 siman_383/baer-heitev 1 blocks DONE
2026-05-28T16:05:18 siman_383/beer-hagolah 9 blocks DONE
2026-05-28T16:05:18 siman_383/beur-hagra 4 blocks DONE
2026-05-28T16:05:18 siman_383/mechaber 2 blocks DONE
2026-05-28T16:05:18 siman_383/rabbi-akiva-eiger-yd 1 blocks DONE
2026-05-28T16:05:18 siman_383/siftei-kohen 3 blocks DONE
2026-05-28T16:05:18 siman_383 COMPLETE
2026-05-28T16:05:19 siman_384/baer-heitev 2 blocks DONE
2026-05-28T16:05:19 siman_384/beer-hagolah 5 blocks DONE
2026-05-28T16:05:19 siman_384/beur-hagra 8 blocks DONE
2026-05-28T16:05:19 siman_384/mechaber 5 blocks DONE
2026-05-28T16:05:19 siman_384/pitchei-teshuva 2 blocks DONE
2026-05-28T16:05:19 siman_384/rabbi-akiva-eiger-yd 2 blocks DONE
2026-05-28T16:05:19 siman_384/siftei-kohen 5 blocks DONE
2026-05-28T16:05:19 siman_384/turei-zahav 1 blocks DONE
2026-05-28T16:05:19 siman_384 COMPLETE
2026-05-28T16:05:20 siman_385/baer-heitev 3 blocks DONE
2026-05-28T16:05:20 siman_385/beer-hagolah 10 blocks DONE
2026-05-28T16:05:20 siman_385/beur-hagra 3 blocks DONE
2026-05-28T16:05:20 siman_385/mechaber 3 blocks DONE
2026-05-28T16:05:20 siman_385/rabbi-akiva-eiger-yd 1 blocks DONE
2026-05-28T16:05:20 siman_385/siftei-kohen 4 blocks DONE
2026-05-28T16:05:20 siman_385/turei-zahav 1 blocks DONE
2026-05-28T16:05:20 siman_385 COMPLETE
2026-05-28T16:05:22 siman_386/baer-heitev 1 blocks DONE
2026-05-28T16:05:22 siman_386/beer-hagolah 1 blocks DONE
2026-05-28T16:05:22 siman_386/beur-hagra 4 blocks DONE
2026-05-28T16:05:22 siman_386/mechaber 1 blocks DONE
2026-05-28T16:05:22 siman_386/siftei-kohen 1 blocks DONE
2026-05-28T16:05:22 siman_386/turei-zahav 1 blocks DONE
2026-05-28T16:05:22 siman_386 COMPLETE
2026-05-28T16:05:23 siman_387/baer-heitev 1 blocks DONE
2026-05-28T16:05:23 siman_387/beer-hagolah 3 blocks DONE
2026-05-28T16:05:23 siman_387/beur-hagra 3 blocks DONE
2026-05-28T16:05:23 siman_387/mechaber 2 blocks DONE
2026-05-28T16:05:23 siman_387/pitchei-teshuva 2 blocks DONE
2026-05-28T16:05:23 siman_387/rabbi-akiva-eiger-yd 2 blocks DONE
2026-05-28T16:05:23 siman_387/siftei-kohen 1 blocks DONE
2026-05-28T16:05:23 siman_387/turei-zahav 1 blocks DONE
2026-05-28T16:05:23 siman_387 COMPLETE
2026-05-28T16:05:25 siman_388/baer-heitev 2 blocks DONE
2026-05-28T16:05:25 siman_388/beer-hagolah 4 blocks DONE
2026-05-28T16:05:25 siman_388/beur-hagra 3 blocks DONE
2026-05-28T16:05:25 siman_388/mechaber 2 blocks DONE
2026-05-28T16:05:25 siman_388/pitchei-teshuva 2 blocks DONE
2026-05-28T16:05:25 siman_388/rabbi-akiva-eiger-yd 1 blocks DONE
2026-05-28T16:05:25 siman_388/siftei-kohen 1 blocks DONE
2026-05-28T16:05:25 siman_388/turei-zahav 1 blocks DONE
2026-05-28T16:05:25 siman_388 COMPLETE
2026-05-28T16:05:26 siman_389/baer-heitev 4 blocks DONE
2026-05-28T16:05:26 siman_389/beer-hagolah 8 blocks DONE
2026-05-28T16:05:26 siman_389/beur-hagra 16 blocks DONE
2026-05-28T16:05:26 siman_389/mechaber 8 blocks DONE
2026-05-28T16:05:26 siman_389/pitchei-teshuva 4 blocks DONE
2026-05-28T16:05:26 siman_389/siftei-kohen 9 blocks DONE
2026-05-28T16:05:26 siman_389/turei-zahav 1 blocks DONE
2026-05-28T16:05:26 siman_389 COMPLETE
2026-05-28T16:05:27 siman_390/baer-heitev 2 blocks DONE
2026-05-28T16:05:27 siman_390/beer-hagolah 18 blocks DONE
2026-05-28T16:05:27 siman_390/beur-hagra 12 blocks DONE
2026-05-28T16:05:27 siman_390/mechaber 7 blocks DONE
2026-05-28T16:05:27 siman_390/nekudot-hakesef 2 blocks DONE
2026-05-28T16:05:27 siman_390/pitchei-teshuva 5 blocks DONE
2026-05-28T16:05:27 siman_390/rabbi-akiva-eiger-yd 7 blocks DONE
2026-05-28T16:05:27 siman_390/siftei-kohen 4 blocks DONE
2026-05-28T16:05:27 siman_390/turei-zahav 3 blocks DONE
2026-05-28T16:05:27 siman_390 COMPLETE
2026-05-28T16:05:29 siman_391/baer-heitev 7 blocks DONE
2026-05-28T16:05:29 siman_391/beer-hagolah 7 blocks DONE
2026-05-28T16:05:29 siman_391/beur-hagra 8 blocks DONE
2026-05-28T16:05:29 siman_391/mechaber 3 blocks DONE
2026-05-28T16:05:29 siman_391/nekudot-hakesef 3 blocks DONE
2026-05-28T16:05:29 siman_391/pitchei-teshuva 3 blocks DONE
2026-05-28T16:05:29 siman_391/rabbi-akiva-eiger-yd 3 blocks DONE
2026-05-28T16:05:29 siman_391/siftei-kohen 8 blocks DONE
2026-05-28T16:05:29 siman_391/turei-zahav 5 blocks DONE
2026-05-28T16:05:29 siman_391/yad-avraham 1 blocks DONE
2026-05-28T16:05:29 siman_391 COMPLETE
2026-05-28T16:05:31 siman_392/baer-heitev 7 blocks DONE
2026-05-28T16:05:31 siman_392/beer-hagolah 12 blocks DONE
2026-05-28T16:05:31 siman_392/beur-hagra 11 blocks DONE
2026-05-28T16:05:31 siman_392/mechaber 3 blocks DONE
2026-05-28T16:05:31 siman_392/nekudot-hakesef 2 blocks DONE
2026-05-28T16:05:31 siman_392/pitchei-teshuva 3 blocks DONE
2026-05-28T16:05:31 siman_392/rabbi-akiva-eiger-yd 2 blocks DONE
2026-05-28T16:05:31 siman_392/siftei-kohen 8 blocks DONE
2026-05-28T16:05:31 siman_392/turei-zahav 6 blocks DONE
2026-05-28T16:05:31 siman_392 COMPLETE
2026-05-28T16:05:32 siman_393/baer-heitev 4 blocks DONE
2026-05-28T16:05:32 siman_393/beer-hagolah 4 blocks DONE
2026-05-28T16:05:32 siman_393/beur-hagra 11 blocks DONE
2026-05-28T16:05:32 siman_393/mechaber 4 blocks DONE
2026-05-28T16:05:32 siman_393/pitchei-teshuva 4 blocks DONE
2026-05-28T16:05:32 siman_393/rabbi-akiva-eiger-yd 4 blocks DONE
2026-05-28T16:05:32 siman_393/siftei-kohen 7 blocks DONE
2026-05-28T16:05:32 siman_393 COMPLETE
2026-05-28T16:05:33 siman_394/baer-heitev 1 blocks DONE
2026-05-28T16:05:33 siman_394/beer-hagolah 11 blocks DONE
2026-05-28T16:05:33 siman_394/beur-hagra 4 blocks DONE
2026-05-28T16:05:33 siman_394/mechaber 6 blocks DONE
2026-05-28T16:05:33 siman_394/pitchei-teshuva 3 blocks DONE
2026-05-28T16:05:33 siman_394/siftei-kohen 2 blocks DONE
2026-05-28T16:05:33 siman_394 COMPLETE
2026-05-28T16:05:35 siman_395/baer-heitev 3 blocks DONE
2026-05-28T16:05:35 siman_395/beer-hagolah 4 blocks DONE
2026-05-28T16:05:35 siman_395/beur-hagra 4 blocks DONE
2026-05-28T16:05:35 siman_395/mechaber 3 blocks DONE
2026-05-28T16:05:35 siman_395/nekudot-hakesef 1 blocks DONE
2026-05-28T16:05:35 siman_395/pitchei-teshuva 3 blocks DONE
2026-05-28T16:05:35 siman_395/rabbi-akiva-eiger-yd 1 blocks DONE
2026-05-28T16:05:35 siman_395/siftei-kohen 3 blocks DONE
2026-05-28T16:05:35 siman_395/turei-zahav 3 blocks DONE
2026-05-28T16:05:35 siman_395 COMPLETE
2026-05-28T16:05:36 siman_396/baer-heitev 2 blocks DONE
2026-05-28T16:05:36 siman_396/beer-hagolah 3 blocks DONE
2026-05-28T16:05:36 siman_396/beur-hagra 3 blocks DONE
2026-05-28T16:05:36 siman_396/mechaber 3 blocks DONE
2026-05-28T16:05:36 siman_396/nekudot-hakesef 1 blocks DONE
2026-05-28T16:05:36 siman_396/pitchei-teshuva 3 blocks DONE
2026-05-28T16:05:36 siman_396/rabbi-akiva-eiger-yd 2 blocks DONE
2026-05-28T16:05:36 siman_396/siftei-kohen 3 blocks DONE
2026-05-28T16:05:36 siman_396/turei-zahav 2 blocks DONE
2026-05-28T16:05:36 siman_396 COMPLETE
2026-05-28T16:05:38 siman_397/baer-heitev 2 blocks DONE
2026-05-28T16:05:38 siman_397/beer-hagolah 2 blocks DONE
2026-05-28T16:05:38 siman_397/beur-hagra 2 blocks DONE
2026-05-28T16:05:38 siman_397/mechaber 2 blocks DONE
2026-05-28T16:05:38 siman_397/nekudot-hakesef 1 blocks DONE
2026-05-28T16:05:38 siman_397/pitchei-teshuva 1 blocks DONE
2026-05-28T16:05:38 siman_397/rabbi-akiva-eiger-yd 2 blocks DONE
2026-05-28T16:05:38 siman_397/siftei-kohen 2 blocks DONE
2026-05-28T16:05:38 siman_397/turei-zahav 2 blocks DONE
2026-05-28T16:05:38 siman_397/yad-avraham 1 blocks DONE
2026-05-28T16:05:38 siman_397 COMPLETE
2026-05-28T16:05:39 siman_321/baer-heitev 14 blocks DONE
2026-05-28T16:05:39 siman_321/beer-hagolah 23 blocks DONE
2026-05-28T16:05:39 siman_321/beur-hagra 34 blocks DONE
2026-05-28T16:05:39 siman_321/mechaber 23 blocks DONE
2026-05-28T16:05:39 siman_321/pitchei-teshuva 2 blocks DONE
2026-05-28T16:05:39 siman_321/siftei-kohen 13 blocks DONE
2026-05-28T16:05:39 siman_321/turei-zahav 13 blocks DONE
2026-05-28T16:05:39 siman_321 COMPLETE
2026-05-28T16:05:39 siman_398/baer-heitev 2 blocks DONE
2026-05-28T16:05:39 siman_398/beer-hagolah 3 blocks DONE
2026-05-28T16:05:39 siman_398/beur-hagra 2 blocks DONE
2026-05-28T16:05:39 siman_398/mechaber 1 blocks DONE
2026-05-28T16:05:39 siman_398/siftei-kohen 2 blocks DONE
2026-05-28T16:05:39 siman_398/turei-zahav 2 blocks DONE
2026-05-28T16:05:39 siman_398 COMPLETE
2026-05-28T16:05:40 siman_322/baer-heitev 7 blocks DONE
2026-05-28T16:05:40 siman_322/beer-hagolah 5 blocks DONE
2026-05-28T16:05:40 siman_322/beur-hagra 14 blocks DONE
2026-05-28T16:05:40 siman_322/mechaber 5 blocks DONE
2026-05-28T16:05:40 siman_322/pitchei-teshuva 4 blocks DONE
2026-05-28T16:05:40 siman_322/rabbi-akiva-eiger-yd 1 blocks DONE
2026-05-28T16:05:40 siman_322/siftei-kohen 9 blocks DONE
2026-05-28T16:05:40 siman_322/turei-zahav 5 blocks DONE
2026-05-28T16:05:40 siman_322 COMPLETE
2026-05-28T16:05:40 siman_399/baer-heitev 11 blocks DONE
2026-05-28T16:05:40 siman_399/beer-hagolah 14 blocks DONE
2026-05-28T16:05:40 siman_399/beur-hagra 16 blocks DONE
2026-05-28T16:05:40 siman_399/mechaber 14 blocks DONE
2026-05-28T16:05:40 siman_399/nekudot-hakesef 2 blocks DONE
2026-05-28T16:05:40 siman_399/pitchei-teshuva 10 blocks DONE
2026-05-28T16:05:40 siman_399/rabbi-akiva-eiger-yd 3 blocks DONE
2026-05-28T16:05:40 siman_399/siftei-kohen 19 blocks DONE
2026-05-28T16:05:40 siman_399/turei-zahav 7 blocks DONE
2026-05-28T16:05:40 siman_399/yad-avraham 1 blocks DONE
2026-05-28T16:05:40 siman_399 COMPLETE
2026-05-28T16:05:41 siman_324/baer-heitev 20 blocks DONE
2026-05-28T16:05:41 siman_324/beer-hagolah 14 blocks DONE
2026-05-28T16:05:41 siman_324/beur-hagra 23 blocks DONE
2026-05-28T16:05:41 siman_324/mechaber 14 blocks DONE
2026-05-28T16:05:41 siman_324/nekudot-hakesef 2 blocks DONE
2026-05-28T16:05:41 siman_324/pitchei-teshuva 5 blocks DONE
2026-05-28T16:05:41 siman_324/rabbi-akiva-eiger-yd 6 blocks DONE
2026-05-28T16:05:41 siman_324/siftei-kohen 25 blocks DONE
2026-05-28T16:05:41 siman_324/turei-zahav 17 blocks DONE
2026-05-28T16:05:41 siman_324 COMPLETE
2026-05-28T16:05:42 siman_333/baer-heitev 9 blocks DONE
2026-05-28T16:05:42 siman_333/beer-hagolah 14 blocks DONE
2026-05-28T16:05:42 siman_333/beur-hagra 21 blocks DONE
2026-05-28T16:05:42 siman_333/mechaber 14 blocks DONE
2026-05-28T16:05:42 siman_333/rabbi-akiva-eiger-yd 2 blocks DONE
2026-05-28T16:05:42 siman_333/siftei-kohen 10 blocks DONE
2026-05-28T16:05:42 siman_333 COMPLETE
2026-05-28T16:05:42 siman_400/baer-heitev 3 blocks DONE
2026-05-28T16:05:42 siman_400/beer-hagolah 2 blocks DONE
2026-05-28T16:05:42 siman_400/beur-hagra 6 blocks DONE
2026-05-28T16:05:42 siman_400/mechaber 2 blocks DONE
2026-05-28T16:05:42 siman_400/pitchei-teshuva 2 blocks DONE
2026-05-28T16:05:42 siman_400/rabbi-akiva-eiger-yd 1 blocks DONE
2026-05-28T16:05:42 siman_400/siftei-kohen 5 blocks DONE
2026-05-28T16:05:42 siman_400/turei-zahav 1 blocks DONE
2026-05-28T16:05:42 siman_400 COMPLETE
2026-05-28T16:05:43 siman_340/baer-heitev 38 blocks DONE
2026-05-28T16:05:43 siman_340/beer-hagolah 39 blocks DONE
2026-05-28T16:05:43 siman_340/beur-hagra 52 blocks DONE
2026-05-28T16:05:43 siman_340/mechaber 39 blocks DONE
2026-05-28T16:05:43 siman_340/nekudot-hakesef 2 blocks DONE
2026-05-28T16:05:43 siman_340/pitchei-teshuva 22 blocks DONE
2026-05-28T16:05:43 siman_340/rabbi-akiva-eiger-yd 7 blocks DONE
2026-05-28T16:05:43 siman_340/siftei-kohen 62 blocks DONE
2026-05-28T16:05:43 siman_340/turei-zahav 25 blocks DONE
2026-05-28T16:05:43 siman_340 COMPLETE
2026-05-28T16:05:44 siman_401/baer-heitev 2 blocks DONE
2026-05-28T16:05:44 siman_401/beer-hagolah 7 blocks DONE
2026-05-28T16:05:44 siman_401/beur-hagra 8 blocks DONE
2026-05-28T16:05:44 siman_401/mechaber 7 blocks DONE
2026-05-28T16:05:44 siman_401/pitchei-teshuva 1 blocks DONE
2026-05-28T16:05:44 siman_401/rabbi-akiva-eiger-yd 2 blocks DONE
2026-05-28T16:05:44 siman_401/siftei-kohen 4 blocks DONE
2026-05-28T16:05:44 siman_401 COMPLETE
2026-05-28T16:05:44 siman_345/baer-heitev 6 blocks DONE
2026-05-28T16:05:44 siman_345/beer-hagolah 8 blocks DONE
2026-05-28T16:05:44 siman_345/beur-hagra 9 blocks DONE
2026-05-28T16:05:44 siman_345/mechaber 8 blocks DONE
2026-05-28T16:05:44 siman_345/pitchei-teshuva 5 blocks DONE
2026-05-28T16:05:44 siman_345/rabbi-akiva-eiger-yd 2 blocks DONE
2026-05-28T16:05:44 siman_345/siftei-kohen 10 blocks DONE
2026-05-28T16:05:44 siman_345/yad-avraham 2 blocks DONE
2026-05-28T16:05:44 siman_345 COMPLETE
2026-05-28T16:05:45 siman_402/baer-heitev 13 blocks DONE
2026-05-28T16:05:45 siman_402/beer-hagolah 12 blocks DONE
2026-05-28T16:05:45 siman_402/beur-hagra 9 blocks DONE
2026-05-28T16:05:45 siman_402/mechaber 12 blocks DONE
2026-05-28T16:05:45 siman_402/nekudot-hakesef 3 blocks DONE
2026-05-28T16:05:45 siman_402/pitchei-teshuva 8 blocks DONE
2026-05-28T16:05:45 siman_402/rabbi-akiva-eiger-yd 5 blocks DONE
2026-05-28T16:05:45 siman_402/siftei-kohen 12 blocks DONE
2026-05-28T16:05:45 siman_402/turei-zahav 9 blocks DONE
2026-05-28T16:05:45 siman_402 COMPLETE
2026-05-28T16:05:46 siman_403/baer-heitev 4 blocks DONE
2026-05-28T16:05:46 siman_403/beer-hagolah 18 blocks DONE
2026-05-28T16:05:46 siman_403/beur-hagra 4 blocks DONE
2026-05-28T16:05:46 siman_403/mechaber 10 blocks DONE
2026-05-28T16:05:46 siman_403/pitchei-teshuva 2 blocks DONE
2026-05-28T16:05:46 siman_403/siftei-kohen 4 blocks DONE
2026-05-28T16:05:46 siman_403 COMPLETE
2026-05-28T16:05:48 siman_400/baer-heitev 3 blocks DONE
2026-05-28T16:05:48 siman_400/beer-hagolah 2 blocks DONE
2026-05-28T16:05:48 siman_400/beur-hagra 6 blocks DONE
2026-05-28T16:05:48 siman_400/mechaber 2 blocks DONE
2026-05-28T16:05:48 siman_400/pitchei-teshuva 2 blocks DONE
2026-05-28T16:05:48 siman_400/rabbi-akiva-eiger-yd 1 blocks DONE
2026-05-28T16:05:48 siman_400/siftei-kohen 5 blocks DONE
2026-05-28T16:05:48 siman_400/turei-zahav 1 blocks DONE
2026-05-28T16:05:48 siman_400 COMPLETE
2026-05-28T16:05:49 siman_402/baer-heitev 13 blocks DONE
2026-05-28T16:05:49 siman_402/beer-hagolah 12 blocks DONE
2026-05-28T16:05:49 siman_402/beur-hagra 9 blocks DONE
2026-05-28T16:05:49 siman_402/mechaber 12 blocks DONE
2026-05-28T16:05:49 siman_402/nekudot-hakesef 3 blocks DONE
2026-05-28T16:05:49 siman_402/pitchei-teshuva 8 blocks DONE
2026-05-28T16:05:49 siman_402/rabbi-akiva-eiger-yd 5 blocks DONE
2026-05-28T16:05:49 siman_402/siftei-kohen 12 blocks DONE
2026-05-28T16:05:49 siman_402/turei-zahav 9 blocks DONE
2026-05-28T16:05:49 siman_402 COMPLETE
2026-05-28T16:05:50 siman_403/baer-heitev 4 blocks DONE
2026-05-28T16:05:50 siman_403/beer-hagolah 18 blocks DONE
2026-05-28T16:05:50 siman_403/beur-hagra 4 blocks DONE
2026-05-28T16:05:50 siman_403/mechaber 10 blocks DONE
2026-05-28T16:05:50 siman_403/pitchei-teshuva 2 blocks DONE
2026-05-28T16:05:50 siman_403/siftei-kohen 4 blocks DONE
2026-05-28T16:05:50 siman_403 COMPLETE
2026-05-28T19:06:10 siman_382/mechaber 5 blocks DONE
2026-05-28T19:06:10 siman_384/mechaber 5 blocks DONE
2026-05-28T19:06:10 siman_385/mechaber 3 blocks DONE
2026-05-28T19:06:10 siman_386/mechaber 1 blocks DONE
2026-05-28T19:06:10 siman_388/mechaber 2 blocks DONE
2026-05-28T19:06:10 siman_389/mechaber 8 blocks DONE
2026-05-28T19:06:10 siman_391/mechaber 3 blocks DONE
2026-05-28T19:06:10 siman_392/mechaber 4 blocks DONE
2026-05-28T19:06:10 siman_393/mechaber 4 blocks DONE
2026-05-28T19:06:10 siman_394/mechaber 6 blocks DONE
2026-05-28T19:06:10 siman_399/mechaber 14 blocks DONE
2026-05-28T19:06:10 siman_400/mechaber 2 blocks DONE
2026-05-28T19:06:10 siman_402/mechaber 12 blocks DONE
2026-05-28T19:06:10 siman_403/mechaber 10 blocks DONE
2026-05-28T16:06:45 siman_331/baer-heitev 80 blocks DONE
2026-05-28T16:06:45 siman_331/beer-hagolah 146 blocks DONE
2026-05-28T16:06:45 siman_331/beur-hagra 224 blocks DONE
2026-05-28T16:06:45 siman_331/mechaber 146 blocks DONE
2026-05-28T16:06:45 siman_331/nekudot-hakesef 3 blocks DONE
2026-05-28T16:06:45 siman_331/pitchei-teshuva 12 blocks DONE
2026-05-28T16:06:45 siman_331/rabbi-akiva-eiger-yd 4 blocks DONE
2026-05-28T16:06:45 siman_331/siftei-kohen 166 blocks DONE
2026-05-28T16:06:45 siman_331/turei-zahav 32 blocks DONE
2026-05-28T16:06:45 siman_331/yad-avraham 2 blocks DONE
2026-05-28T16:06:45 siman_331 COMPLETE
2026-05-28T16:06:51 siman_331/baer-heitev 80 blocks DONE
2026-05-28T16:06:51 siman_331/beer-hagolah 146 blocks DONE
2026-05-28T16:06:51 siman_331/beur-hagra 224 blocks DONE
2026-05-28T16:06:51 siman_331/mechaber 146 blocks DONE
2026-05-28T16:06:51 siman_331/nekudot-hakesef 3 blocks DONE
2026-05-28T16:06:51 siman_331/pitchei-teshuva 12 blocks DONE
2026-05-28T16:06:51 siman_331/rabbi-akiva-eiger-yd 4 blocks DONE
2026-05-28T16:06:51 siman_331/siftei-kohen 166 blocks DONE
2026-05-28T16:06:51 siman_331/turei-zahav 32 blocks DONE
2026-05-28T16:06:51 siman_331/yad-avraham 2 blocks DONE
2026-05-28T16:06:51 siman_331 COMPLETE
2026-05-28T19:07:04 siman_331/mechaber 146 blocks QUALITY_PASS DONE
2026-05-28T16:07:12 siman_331/baer-heitev 80 blocks DONE
2026-05-28T16:07:12 siman_331/beer-hagolah 146 blocks DONE
2026-05-28T16:07:12 siman_331/beur-hagra 224 blocks DONE
2026-05-28T16:07:12 siman_331/mechaber 146 blocks DONE
2026-05-28T16:07:12 siman_331/nekudot-hakesef 3 blocks DONE
2026-05-28T16:07:12 siman_331/pitchei-teshuva 12 blocks DONE
2026-05-28T16:07:12 siman_331/rabbi-akiva-eiger-yd 4 blocks DONE
2026-05-28T16:07:12 siman_331/siftei-kohen 166 blocks DONE
2026-05-28T16:07:12 siman_331/turei-zahav 32 blocks DONE
2026-05-28T16:07:12 siman_331/yad-avraham 2 blocks DONE
2026-05-28T16:07:12 siman_331 COMPLETE
2026-05-28T16:07:35 siman_322/baer-heitev 7 blocks DONE
2026-05-28T16:07:35 siman_322/beer-hagolah 5 blocks DONE
2026-05-28T16:07:35 siman_322/beur-hagra 14 blocks DONE
2026-05-28T16:07:35 siman_322/mechaber 5 blocks DONE
2026-05-28T16:07:35 siman_322/pitchei-teshuva 4 blocks DONE
2026-05-28T16:07:35 siman_322/rabbi-akiva-eiger-yd 1 blocks DONE
2026-05-28T16:07:35 siman_322/siftei-kohen 9 blocks DONE
2026-05-28T16:07:35 siman_322/turei-zahav 5 blocks DONE
2026-05-28T16:07:35 siman_322 COMPLETE
2026-05-28T16:07:36 siman_334/baer-heitev 50 blocks DONE
2026-05-28T16:07:36 siman_334/beer-hagolah 48 blocks DONE
2026-05-28T16:07:36 siman_334/beur-hagra 72 blocks DONE
2026-05-28T16:07:36 siman_334/mechaber 48 blocks DONE
2026-05-28T16:07:36 siman_334/nekudot-hakesef 1 blocks DONE
2026-05-28T16:07:36 siman_334/pitchei-teshuva 19 blocks DONE
2026-05-28T16:07:36 siman_334/rabbi-akiva-eiger-yd 10 blocks DONE
2026-05-28T16:07:36 siman_334/siftei-kohen 97 blocks DONE
2026-05-28T16:07:36 siman_334/turei-zahav 23 blocks DONE
2026-05-28T16:07:36 siman_334/yad-avraham 1 blocks DONE
2026-05-28T16:07:36 siman_334 COMPLETE
2026-05-28T16:07:44 siman_334/baer-heitev 50 blocks DONE
2026-05-28T16:07:44 siman_334/beer-hagolah 48 blocks DONE
2026-05-28T16:07:44 siman_334/beur-hagra 72 blocks DONE
2026-05-28T16:07:44 siman_334/mechaber 48 blocks DONE
2026-05-28T16:07:44 siman_334/nekudot-hakesef 1 blocks DONE
2026-05-28T16:07:44 siman_334/pitchei-teshuva 19 blocks DONE
2026-05-28T16:07:44 siman_334/rabbi-akiva-eiger-yd 10 blocks DONE
2026-05-28T16:07:44 siman_334/siftei-kohen 97 blocks DONE
2026-05-28T16:07:44 siman_334/turei-zahav 23 blocks DONE
2026-05-28T16:07:44 siman_334/yad-avraham 1 blocks DONE
2026-05-28T16:07:44 siman_334 COMPLETE
2026-05-28T16:07:47 siman_333/baer-heitev 9 blocks DONE
2026-05-28T16:07:47 siman_333/beer-hagolah 14 blocks DONE
2026-05-28T16:07:47 siman_333/beur-hagra 21 blocks DONE
2026-05-28T16:07:47 siman_333/mechaber 14 blocks DONE
2026-05-28T16:07:47 siman_333/rabbi-akiva-eiger-yd 2 blocks DONE
2026-05-28T16:07:47 siman_333/siftei-kohen 10 blocks DONE
2026-05-28T16:07:47 siman_333 COMPLETE
2026-05-28T16:07:47 siman_333 mechaber quality-pass 14 blocks DONE
2026-05-28T16:07:49 siman_334/baer-heitev 50 blocks DONE
2026-05-28T16:07:49 siman_334/beer-hagolah 48 blocks DONE
2026-05-28T16:07:49 siman_334/beur-hagra 72 blocks DONE
2026-05-28T16:07:49 siman_334/mechaber 48 blocks DONE
2026-05-28T16:07:49 siman_334/nekudot-hakesef 1 blocks DONE
2026-05-28T16:07:49 siman_334/pitchei-teshuva 19 blocks DONE
2026-05-28T16:07:49 siman_334/rabbi-akiva-eiger-yd 10 blocks DONE
2026-05-28T16:07:49 siman_334/siftei-kohen 97 blocks DONE
2026-05-28T16:07:49 siman_334/turei-zahav 23 blocks DONE
2026-05-28T16:07:49 siman_334/yad-avraham 1 blocks DONE
2026-05-28T16:07:49 siman_334 COMPLETE
2026-05-28T16:07:49 siman_334 mechaber quality-pass 48 blocks DONE
2026-05-28T16:07:51 siman_335/baer-heitev 2 blocks DONE
2026-05-28T16:07:51 siman_335/beer-hagolah 10 blocks DONE
2026-05-28T16:07:51 siman_335/beur-hagra 15 blocks DONE
2026-05-28T16:07:51 siman_335/mechaber 10 blocks DONE
2026-05-28T16:07:51 siman_335/nekudot-hakesef 1 blocks DONE
2026-05-28T16:07:51 siman_335/pitchei-teshuva 2 blocks DONE
2026-05-28T16:07:51 siman_335/siftei-kohen 11 blocks DONE
2026-05-28T16:07:51 siman_335/turei-zahav 5 blocks DONE
2026-05-28T16:07:51 siman_335 COMPLETE
2026-05-28T16:07:51 siman_335 mechaber quality-pass 10 blocks DONE
2026-05-28T16:07:53 siman_338/baer-heitev 1 blocks DONE
2026-05-28T16:07:53 siman_338/beer-hagolah 7 blocks DONE
2026-05-28T16:07:53 siman_338/beur-hagra 6 blocks DONE
2026-05-28T16:07:53 siman_338/mechaber 2 blocks DONE
2026-05-28T16:07:53 siman_338/siftei-kohen 1 blocks DONE
2026-05-28T16:07:53 siman_338 COMPLETE
2026-05-28T16:07:53 siman_338 mechaber quality-pass 2 blocks DONE
2026-05-28T16:07:55 siman_339/baer-heitev 5 blocks DONE
2026-05-28T16:07:55 siman_339/beer-hagolah 5 blocks DONE
2026-05-28T16:07:55 siman_339/beur-hagra 4 blocks DONE
2026-05-28T16:07:55 siman_339/mechaber 5 blocks DONE
2026-05-28T16:07:55 siman_339/nekudot-hakesef 2 blocks DONE
2026-05-28T16:07:55 siman_339/pitchei-teshuva 5 blocks DONE
2026-05-28T16:07:55 siman_339/rabbi-akiva-eiger-yd 5 blocks DONE
2026-05-28T16:07:55 siman_339/siftei-kohen 9 blocks DONE
2026-05-28T16:07:55 siman_339/turei-zahav 4 blocks DONE
2026-05-28T16:07:55 siman_339/yad-avraham 1 blocks DONE
2026-05-28T16:07:55 siman_339 COMPLETE
2026-05-28T16:07:55 siman_339 mechaber quality-pass 5 blocks DONE
2026-05-28T16:07:57 siman_340/baer-heitev 38 blocks DONE
2026-05-28T16:07:57 siman_340/beer-hagolah 39 blocks DONE
2026-05-28T16:07:57 siman_340/beur-hagra 52 blocks DONE
2026-05-28T16:07:57 siman_340/mechaber 39 blocks DONE
2026-05-28T16:07:57 siman_340/nekudot-hakesef 2 blocks DONE
2026-05-28T16:07:57 siman_340/pitchei-teshuva 22 blocks DONE
2026-05-28T16:07:57 siman_340/rabbi-akiva-eiger-yd 7 blocks DONE
2026-05-28T16:07:57 siman_340/siftei-kohen 62 blocks DONE
2026-05-28T16:07:57 siman_340/turei-zahav 25 blocks DONE
2026-05-28T16:07:57 siman_340 COMPLETE
2026-05-28T16:07:57 siman_340 mechaber quality-pass 39 blocks DONE
2026-05-28T16:07:58 siman_321/baer-heitev 14 blocks DONE
2026-05-28T16:07:58 siman_321/beer-hagolah 23 blocks DONE
2026-05-28T16:07:58 siman_321/beur-hagra 34 blocks DONE
2026-05-28T16:07:58 siman_321/mechaber 23 blocks DONE
2026-05-28T16:07:58 siman_321/pitchei-teshuva 2 blocks DONE
2026-05-28T16:07:58 siman_321/siftei-kohen 13 blocks DONE
2026-05-28T16:07:58 siman_321/turei-zahav 13 blocks DONE
2026-05-28T16:07:58 siman_321 COMPLETE
2026-05-28T16:07:59 siman_324/baer-heitev 20 blocks DONE
2026-05-28T16:07:59 siman_324/beer-hagolah 14 blocks DONE
2026-05-28T16:07:59 siman_324/beur-hagra 23 blocks DONE
2026-05-28T16:07:59 siman_324/mechaber 14 blocks DONE
2026-05-28T16:07:59 siman_324/nekudot-hakesef 2 blocks DONE
2026-05-28T16:07:59 siman_324/pitchei-teshuva 5 blocks DONE
2026-05-28T16:07:59 siman_324/rabbi-akiva-eiger-yd 6 blocks DONE
2026-05-28T16:07:59 siman_324/siftei-kohen 25 blocks DONE
2026-05-28T16:07:59 siman_324/turei-zahav 17 blocks DONE
2026-05-28T16:07:59 siman_324 COMPLETE
2026-05-28T16:08:00 siman_327/baer-heitev 5 blocks DONE
2026-05-28T16:08:00 siman_327/beer-hagolah 5 blocks DONE
2026-05-28T16:08:00 siman_327/beur-hagra 10 blocks DONE
2026-05-28T16:08:00 siman_327/mechaber 5 blocks DONE
2026-05-28T16:08:00 siman_327/rabbi-akiva-eiger-yd 1 blocks DONE
2026-05-28T16:08:00 siman_327/siftei-kohen 6 blocks DONE
2026-05-28T16:08:00 siman_327/turei-zahav 3 blocks DONE
2026-05-28T16:08:00 siman_327 COMPLETE
2026-05-28T16:08:01 siman_328/baer-heitev 4 blocks DONE
2026-05-28T16:08:01 siman_328/beer-hagolah 9 blocks DONE
2026-05-28T16:08:01 siman_328/beur-hagra 10 blocks DONE
2026-05-28T16:08:01 siman_328/mechaber 3 blocks DONE
2026-05-28T16:08:01 siman_328/nekudot-hakesef 2 blocks DONE
2026-05-28T16:08:01 siman_328/pitchei-teshuva 2 blocks DONE
2026-05-28T16:08:01 siman_328/rabbi-akiva-eiger-yd 3 blocks DONE
2026-05-28T16:08:01 siman_328/siftei-kohen 7 blocks DONE
2026-05-28T16:08:01 siman_328/turei-zahav 2 blocks DONE
2026-05-28T16:08:01 siman_328/yad-avraham 1 blocks DONE
2026-05-28T16:08:01 siman_328 COMPLETE
2026-05-28T16:08:02 siman_330/baer-heitev 7 blocks DONE
2026-05-28T16:08:02 siman_330/beer-hagolah 9 blocks DONE
2026-05-28T16:08:02 siman_330/beur-hagra 10 blocks DONE
2026-05-28T16:08:02 siman_330/mechaber 9 blocks DONE
2026-05-28T16:08:02 siman_330/pitchei-teshuva 2 blocks DONE
2026-05-28T16:08:02 siman_330/rabbi-akiva-eiger-yd 2 blocks DONE
2026-05-28T16:08:02 siman_330/siftei-kohen 9 blocks DONE
2026-05-28T16:08:02 siman_330/turei-zahav 5 blocks DONE
2026-05-28T16:08:02 siman_330/yad-avraham 1 blocks DONE
2026-05-28T16:08:02 siman_330 COMPLETE
2026-05-28T16:08:03 siman_331/baer-heitev 80 blocks DONE
2026-05-28T16:08:03 siman_331/beer-hagolah 146 blocks DONE
2026-05-28T16:08:03 siman_331/beur-hagra 224 blocks DONE
2026-05-28T16:08:03 siman_331/mechaber 146 blocks DONE
2026-05-28T16:08:03 siman_331/nekudot-hakesef 3 blocks DONE
2026-05-28T16:08:03 siman_331/pitchei-teshuva 12 blocks DONE
2026-05-28T16:08:03 siman_331/rabbi-akiva-eiger-yd 4 blocks DONE
2026-05-28T16:08:03 siman_331/siftei-kohen 166 blocks DONE
2026-05-28T16:08:03 siman_331/turei-zahav 32 blocks DONE
2026-05-28T16:08:03 siman_331/yad-avraham 2 blocks DONE
2026-05-28T16:08:03 siman_331 COMPLETE
2026-05-28T16:08:04 siman_333/baer-heitev 9 blocks DONE
2026-05-28T16:08:04 siman_333/beer-hagolah 14 blocks DONE
2026-05-28T16:08:04 siman_333/beur-hagra 21 blocks DONE
2026-05-28T16:08:04 siman_333/mechaber 14 blocks DONE
2026-05-28T16:08:04 siman_333/rabbi-akiva-eiger-yd 2 blocks DONE
2026-05-28T16:08:04 siman_333/siftei-kohen 10 blocks DONE
2026-05-28T16:08:04 siman_333 COMPLETE
2026-05-28T16:08:05 siman_335/baer-heitev 2 blocks DONE
2026-05-28T16:08:05 siman_335/beer-hagolah 10 blocks DONE
2026-05-28T16:08:05 siman_335/beur-hagra 15 blocks DONE
2026-05-28T16:08:05 siman_335/mechaber 10 blocks DONE
2026-05-28T16:08:05 siman_335/nekudot-hakesef 1 blocks DONE
2026-05-28T16:08:05 siman_335/pitchei-teshuva 2 blocks DONE
2026-05-28T16:08:05 siman_335/siftei-kohen 11 blocks DONE
2026-05-28T16:08:05 siman_335/turei-zahav 5 blocks DONE
2026-05-28T16:08:05 siman_335 COMPLETE
2026-05-28T16:08:05 siman_336/baer-heitev 4 blocks DONE
2026-05-28T16:08:05 siman_336/beer-hagolah 11 blocks DONE
2026-05-28T16:08:05 siman_336/beur-hagra 12 blocks DONE
2026-05-28T16:08:05 siman_336/mechaber 3 blocks DONE
2026-05-28T16:08:05 siman_336/rabbi-akiva-eiger-yd 3 blocks DONE
2026-05-28T16:08:05 siman_336/siftei-kohen 7 blocks DONE
2026-05-28T16:08:05 siman_336/turei-zahav 3 blocks DONE
2026-05-28T16:08:05 siman_336/yad-avraham 2 blocks DONE
2026-05-28T16:08:05 siman_336 COMPLETE
2026-05-28T16:08:06 siman_338/baer-heitev 1 blocks DONE
2026-05-28T16:08:06 siman_338/beer-hagolah 7 blocks DONE
2026-05-28T16:08:06 siman_338/beur-hagra 6 blocks DONE
2026-05-28T16:08:06 siman_338/mechaber 2 blocks DONE
2026-05-28T16:08:06 siman_338/siftei-kohen 1 blocks DONE
2026-05-28T16:08:06 siman_338 COMPLETE
2026-05-28T16:08:07 siman_339/baer-heitev 5 blocks DONE
2026-05-28T16:08:07 siman_339/beer-hagolah 5 blocks DONE
2026-05-28T16:08:07 siman_339/beur-hagra 4 blocks DONE
2026-05-28T16:08:07 siman_339/mechaber 5 blocks DONE
2026-05-28T16:08:07 siman_339/nekudot-hakesef 2 blocks DONE
2026-05-28T16:08:07 siman_339/pitchei-teshuva 5 blocks DONE
2026-05-28T16:08:07 siman_339/rabbi-akiva-eiger-yd 5 blocks DONE
2026-05-28T16:08:07 siman_339/siftei-kohen 9 blocks DONE
2026-05-28T16:08:07 siman_339/turei-zahav 4 blocks DONE
2026-05-28T16:08:07 siman_339/yad-avraham 1 blocks DONE
2026-05-28T16:08:07 siman_339 COMPLETE
2026-05-28T16:08:08 siman_340/baer-heitev 38 blocks DONE
2026-05-28T16:08:08 siman_340/beer-hagolah 39 blocks DONE
2026-05-28T16:08:08 siman_340/beur-hagra 52 blocks DONE
2026-05-28T16:08:08 siman_340/mechaber 39 blocks DONE
2026-05-28T16:08:08 siman_340/nekudot-hakesef 2 blocks DONE
2026-05-28T16:08:08 siman_340/pitchei-teshuva 22 blocks DONE
2026-05-28T16:08:08 siman_340/rabbi-akiva-eiger-yd 7 blocks DONE
2026-05-28T16:08:08 siman_340/siftei-kohen 62 blocks DONE
2026-05-28T16:08:08 siman_340/turei-zahav 25 blocks DONE
2026-05-28T16:08:08 siman_340 COMPLETE
2026-05-28T16:08:09 siman_345/baer-heitev 6 blocks DONE
2026-05-28T16:08:09 siman_345/beer-hagolah 8 blocks DONE
2026-05-28T16:08:09 siman_345/beur-hagra 9 blocks DONE
2026-05-28T16:08:09 siman_345/mechaber 8 blocks DONE
2026-05-28T16:08:09 siman_345/pitchei-teshuva 5 blocks DONE
2026-05-28T16:08:09 siman_345/rabbi-akiva-eiger-yd 2 blocks DONE
2026-05-28T16:08:09 siman_345/siftei-kohen 10 blocks DONE
2026-05-28T16:08:09 siman_345/yad-avraham 2 blocks DONE
2026-05-28T16:08:09 siman_345 COMPLETE
2026-05-28T16:08:40 siman_334/baer-heitev 50 blocks DONE
2026-05-28T16:08:40 siman_334/beer-hagolah 48 blocks DONE
2026-05-28T16:08:40 siman_334/beur-hagra 72 blocks DONE
2026-05-28T16:08:40 siman_334/mechaber 48 blocks DONE
2026-05-28T16:08:40 siman_334/nekudot-hakesef 1 blocks DONE
2026-05-28T16:08:40 siman_334/pitchei-teshuva 19 blocks DONE
2026-05-28T16:08:40 siman_334/rabbi-akiva-eiger-yd 10 blocks DONE
2026-05-28T16:08:40 siman_334/siftei-kohen 97 blocks DONE
2026-05-28T16:08:40 siman_334/turei-zahav 23 blocks DONE
2026-05-28T16:08:40 siman_334/yad-avraham 1 blocks DONE
2026-05-28T16:08:40 siman_334 COMPLETE
2026-05-28T16:09:02 siman_334/baer-heitev 50 blocks DONE
2026-05-28T16:09:02 siman_334/beer-hagolah 48 blocks DONE
2026-05-28T16:09:02 siman_334/beur-hagra 72 blocks DONE
2026-05-28T16:09:02 siman_334/mechaber 48 blocks DONE
2026-05-28T16:09:02 siman_334/nekudot-hakesef 1 blocks DONE
2026-05-28T16:09:02 siman_334/pitchei-teshuva 19 blocks DONE
2026-05-28T16:09:02 siman_334/rabbi-akiva-eiger-yd 10 blocks DONE
2026-05-28T16:09:02 siman_334/siftei-kohen 97 blocks DONE
2026-05-28T16:09:02 siman_334/turei-zahav 23 blocks DONE
2026-05-28T16:09:02 siman_334/yad-avraham 1 blocks DONE
2026-05-28T16:09:02 siman_334 COMPLETE
2026-05-28T16:09:06 siman_334/baer-heitev 50 blocks DONE
2026-05-28T16:09:06 siman_334/beer-hagolah 48 blocks DONE
2026-05-28T16:09:06 siman_334/beur-hagra 72 blocks DONE
2026-05-28T16:09:06 siman_334/mechaber 48 blocks DONE
2026-05-28T16:09:06 siman_334/nekudot-hakesef 1 blocks DONE
2026-05-28T16:09:06 siman_334/pitchei-teshuva 19 blocks DONE
2026-05-28T16:09:06 siman_334/rabbi-akiva-eiger-yd 10 blocks DONE
2026-05-28T16:09:06 siman_334/siftei-kohen 97 blocks DONE
2026-05-28T16:09:06 siman_334/turei-zahav 23 blocks DONE
2026-05-28T16:09:06 siman_334/yad-avraham 1 blocks DONE
2026-05-28T16:09:06 siman_334 COMPLETE
2026-05-28T16:09:06 siman_334 mechaber quality-pass 48 blocks DONE
2026-05-28T16:09:09 siman_344/baer-heitev 9 blocks DONE
2026-05-28T16:09:09 siman_344/beer-hagolah 20 blocks DONE
2026-05-28T16:09:09 siman_344/beur-hagra 8 blocks DONE
2026-05-28T16:09:09 siman_344/mechaber 8 blocks DONE
2026-05-28T16:09:09 siman_344/pitchei-teshuva 3 blocks DONE
2026-05-28T16:09:09 siman_344/rabbi-akiva-eiger-yd 2 blocks DONE
2026-05-28T16:09:09 siman_344/siftei-kohen 12 blocks DONE
2026-05-28T16:09:09 siman_344/turei-zahav 5 blocks DONE
2026-05-28T16:09:09 siman_344/yad-avraham 1 blocks DONE
2026-05-28T16:09:09 siman_344 COMPLETE
2026-05-28T16:09:09 siman_344 mechaber quality-pass 8 blocks DONE
2026-05-28T16:09:11 siman_345/baer-heitev 6 blocks DONE
2026-05-28T16:09:11 siman_345/beer-hagolah 8 blocks DONE
2026-05-28T16:09:11 siman_345/beur-hagra 9 blocks DONE
2026-05-28T16:09:11 siman_345/mechaber 8 blocks DONE
2026-05-28T16:09:11 siman_345/pitchei-teshuva 5 blocks DONE
2026-05-28T16:09:11 siman_345/rabbi-akiva-eiger-yd 2 blocks DONE
2026-05-28T16:09:11 siman_345/siftei-kohen 10 blocks DONE
2026-05-28T16:09:11 siman_345/yad-avraham 2 blocks DONE
2026-05-28T16:09:11 siman_345 COMPLETE
2026-05-28T16:09:11 siman_345 mechaber quality-pass 8 blocks DONE
2026-05-28T16:09:13 siman_376/baer-heitev 12 blocks DONE
2026-05-28T16:09:13 siman_376/beer-hagolah 10 blocks DONE
2026-05-28T16:09:13 siman_376/beur-hagra 8 blocks DONE
2026-05-28T16:09:13 siman_376/mechaber 4 blocks DONE
2026-05-28T16:09:13 siman_376/nekudot-hakesef 1 blocks DONE
2026-05-28T16:09:13 siman_376/pitchei-teshuva 4 blocks DONE
2026-05-28T16:09:13 siman_376/rabbi-akiva-eiger-yd 4 blocks DONE
2026-05-28T16:09:13 siman_376/siftei-kohen 15 blocks DONE
2026-05-28T16:09:13 siman_376/turei-zahav 6 blocks DONE
2026-05-28T16:09:13 siman_376 COMPLETE
2026-05-28T16:09:13 siman_376 mechaber quality-pass 4 blocks DONE
2026-05-28T16:09:14 siman_377/baer-heitev 1 blocks DONE
2026-05-28T16:09:14 siman_377/beer-hagolah 3 blocks DONE
2026-05-28T16:09:14 siman_377/beur-hagra 1 blocks DONE
2026-05-28T16:09:14 siman_377/mechaber 3 blocks DONE
2026-05-28T16:09:14 siman_377/siftei-kohen 2 blocks DONE
2026-05-28T16:09:14 siman_377 COMPLETE
2026-05-28T16:09:14 siman_377 mechaber quality-pass 3 blocks DONE
2026-05-28T16:09:16 siman_379/baer-heitev 3 blocks DONE
2026-05-28T16:09:16 siman_379/beer-hagolah 5 blocks DONE
2026-05-28T16:09:16 siman_379/beur-hagra 2 blocks DONE
2026-05-28T16:09:16 siman_379/mechaber 5 blocks DONE
2026-05-28T16:09:16 siman_379/pitchei-teshuva 2 blocks DONE
2026-05-28T16:09:16 siman_379/siftei-kohen 6 blocks DONE
2026-05-28T16:09:16 siman_379/yad-avraham 1 blocks DONE
2026-05-28T16:09:16 siman_379 COMPLETE
2026-05-28T16:09:16 siman_379 mechaber quality-pass 5 blocks DONE
2026-05-28T16:09:18 siman_392/baer-heitev 7 blocks DONE
2026-05-28T16:09:18 siman_392/beer-hagolah 12 blocks DONE
2026-05-28T16:09:18 siman_392/beur-hagra 11 blocks DONE
2026-05-28T16:09:18 siman_392/mechaber 3 blocks DONE
2026-05-28T16:09:18 siman_392/nekudot-hakesef 2 blocks DONE
2026-05-28T16:09:18 siman_392/pitchei-teshuva 3 blocks DONE
2026-05-28T16:09:18 siman_392/rabbi-akiva-eiger-yd 2 blocks DONE
2026-05-28T16:09:18 siman_392/siftei-kohen 8 blocks DONE
2026-05-28T16:09:18 siman_392/turei-zahav 6 blocks DONE
2026-05-28T16:09:18 siman_392 COMPLETE
2026-05-28T16:09:18 siman_392 mechaber quality-pass 3 blocks DONE
2026-05-28T16:09:20 siman_393/baer-heitev 4 blocks DONE
2026-05-28T16:09:20 siman_393/beer-hagolah 4 blocks DONE
2026-05-28T16:09:20 siman_393/beur-hagra 11 blocks DONE
2026-05-28T16:09:20 siman_393/mechaber 4 blocks DONE
2026-05-28T16:09:20 siman_393/pitchei-teshuva 4 blocks DONE
2026-05-28T16:09:20 siman_393/rabbi-akiva-eiger-yd 4 blocks DONE
2026-05-28T16:09:20 siman_393/siftei-kohen 7 blocks DONE
2026-05-28T16:09:20 siman_393 COMPLETE
2026-05-28T16:09:20 siman_393 mechaber quality-pass 4 blocks DONE
2026-05-28T16:09:22 siman_394/baer-heitev 1 blocks DONE
2026-05-28T16:09:22 siman_394/beer-hagolah 11 blocks DONE
2026-05-28T16:09:22 siman_394/beur-hagra 4 blocks DONE
2026-05-28T16:09:22 siman_394/mechaber 6 blocks DONE
2026-05-28T16:09:22 siman_394/pitchei-teshuva 3 blocks DONE
2026-05-28T16:09:22 siman_394/siftei-kohen 2 blocks DONE
2026-05-28T16:09:22 siman_394 COMPLETE
2026-05-28T16:09:22 siman_394 mechaber quality-pass 6 blocks DONE
2026-05-28T16:09:24 siman_399/baer-heitev 11 blocks DONE
2026-05-28T16:09:24 siman_399/beer-hagolah 14 blocks DONE
2026-05-28T16:09:24 siman_399/beur-hagra 16 blocks DONE
2026-05-28T16:09:24 siman_399/mechaber 14 blocks DONE
2026-05-28T16:09:24 siman_399/nekudot-hakesef 2 blocks DONE
2026-05-28T16:09:24 siman_399/pitchei-teshuva 10 blocks DONE
2026-05-28T16:09:24 siman_399/rabbi-akiva-eiger-yd 3 blocks DONE
2026-05-28T16:09:24 siman_399/siftei-kohen 19 blocks DONE
2026-05-28T16:09:24 siman_399/turei-zahav 7 blocks DONE
2026-05-28T16:09:24 siman_399/yad-avraham 1 blocks DONE
2026-05-28T16:09:24 siman_399 COMPLETE
2026-05-28T16:09:24 siman_399 mechaber quality-pass 14 blocks DONE
2026-05-28T16:10:13 siman_334/baer-heitev 50 blocks DONE
2026-05-28T16:10:13 siman_334/beer-hagolah 48 blocks DONE
2026-05-28T16:10:13 siman_334/beur-hagra 72 blocks DONE
2026-05-28T16:10:13 siman_334/mechaber 48 blocks DONE
2026-05-28T16:10:13 siman_334/nekudot-hakesef 1 blocks DONE
2026-05-28T16:10:13 siman_334/pitchei-teshuva 19 blocks DONE
2026-05-28T16:10:13 siman_334/rabbi-akiva-eiger-yd 10 blocks DONE
2026-05-28T16:10:13 siman_334/siftei-kohen 97 blocks DONE
2026-05-28T16:10:13 siman_334/turei-zahav 23 blocks DONE
2026-05-28T16:10:13 siman_334/yad-avraham 1 blocks DONE
2026-05-28T16:10:13 siman_334 COMPLETE
2026-05-28T16:12:38 siman_331/baer-heitev 80 blocks DONE
2026-05-28T16:12:38 siman_331/beer-hagolah 146 blocks DONE
2026-05-28T16:12:38 siman_331/beur-hagra 224 blocks DONE
2026-05-28T16:12:38 siman_331/mechaber 146 blocks DONE
2026-05-28T16:12:38 siman_331/nekudot-hakesef 3 blocks DONE
2026-05-28T16:12:38 siman_331/pitchei-teshuva 12 blocks DONE
2026-05-28T16:12:38 siman_331/rabbi-akiva-eiger-yd 4 blocks DONE
2026-05-28T16:12:38 siman_331/siftei-kohen 166 blocks DONE
2026-05-28T16:12:38 siman_331/turei-zahav 32 blocks DONE
2026-05-28T16:12:38 siman_331/yad-avraham 2 blocks DONE
2026-05-28T16:12:38 siman_331 COMPLETE
2026-05-28T16:14:39 siman_331/baer-heitev 80 blocks DONE
2026-05-28T16:14:39 siman_331/beer-hagolah 146 blocks DONE
2026-05-28T16:14:39 siman_331/beur-hagra 224 blocks DONE
2026-05-28T16:14:39 siman_331/mechaber 146 blocks DONE
2026-05-28T16:14:39 siman_331/nekudot-hakesef 3 blocks DONE
2026-05-28T16:14:39 siman_331/pitchei-teshuva 12 blocks DONE
2026-05-28T16:14:39 siman_331/rabbi-akiva-eiger-yd 4 blocks DONE
2026-05-28T16:14:39 siman_331/siftei-kohen 166 blocks DONE
2026-05-28T16:14:39 siman_331/turei-zahav 32 blocks DONE
2026-05-28T16:14:39 siman_331/yad-avraham 2 blocks DONE
2026-05-28T16:14:39 siman_331 COMPLETE
2026-05-28T16:16:32 siman_228/baer-heitev 78 blocks DONE
2026-05-28T16:16:32 siman_228/beer-hagolah 101 blocks DONE
2026-05-28T16:16:32 siman_228/beur-hagra 128 blocks DONE
2026-05-28T16:16:32 siman_228/mechaber 51 blocks DONE
2026-05-28T16:16:32 siman_228/nekudot-hakesef 10 blocks DONE
2026-05-28T16:16:32 siman_228/pitchei-teshuva 48 blocks DONE
2026-05-28T16:16:32 siman_228/rabbi-akiva-eiger-yd 41 blocks DONE
2026-05-28T16:16:32 siman_228/siftei-kohen 113 blocks DONE
2026-05-28T16:16:32 siman_228/turei-zahav 54 blocks DONE
2026-05-28T16:16:32 siman_228/yad-avraham 1 blocks DONE
2026-05-28T16:16:32 siman_228 COMPLETE
2026-05-28T16:19:17 siman_201/baer-heitev 110 blocks DONE
2026-05-28T16:19:17 siman_201/beer-hagolah 75 blocks DONE
2026-05-28T16:19:17 siman_201/beur-hagra 127 blocks DONE
2026-05-28T16:19:17 siman_201/mechaber 75 blocks DONE
2026-05-28T16:19:17 siman_201/nekudot-hakesef 5 blocks DONE
2026-05-28T16:19:17 siman_201/pitchei-teshuva 46 blocks DONE
2026-05-28T16:19:17 siman_201/rabbi-akiva-eiger-yd 10 blocks DONE
2026-05-28T16:19:17 siman_201/siftei-kohen 151 blocks DONE
2026-05-28T16:19:17 siman_201/turei-zahav 75 blocks DONE
2026-05-28T16:19:17 siman_201/yad-avraham 1 blocks DONE
2026-05-28T16:19:17 siman_201 COMPLETE
2026-05-28T16:19:19 siman_228/baer-heitev 78 blocks DONE
2026-05-28T16:19:19 siman_228/beer-hagolah 101 blocks DONE
2026-05-28T16:19:19 siman_228/beur-hagra 128 blocks DONE
2026-05-28T16:19:19 siman_228/mechaber 51 blocks DONE
2026-05-28T16:19:19 siman_228/nekudot-hakesef 10 blocks DONE
2026-05-28T16:19:19 siman_228/pitchei-teshuva 48 blocks DONE
2026-05-28T16:19:19 siman_228/rabbi-akiva-eiger-yd 41 blocks DONE
2026-05-28T16:19:19 siman_228/siftei-kohen 113 blocks DONE
2026-05-28T16:19:19 siman_228/turei-zahav 54 blocks DONE
2026-05-28T16:19:19 siman_228/yad-avraham 1 blocks DONE
2026-05-28T16:19:19 siman_228 COMPLETE
2026-05-28T16:19:20 siman_242/baer-heitev 44 blocks DONE
2026-05-28T16:19:20 siman_242/beer-hagolah 36 blocks DONE
2026-05-28T16:19:20 siman_242/beur-hagra 85 blocks DONE
2026-05-28T16:19:20 siman_242/mechaber 36 blocks DONE
2026-05-28T16:19:20 siman_242/nekudot-hakesef 2 blocks DONE
2026-05-28T16:19:20 siman_242/pitchei-teshuva 23 blocks DONE
2026-05-28T16:19:20 siman_242/rabbi-akiva-eiger-yd 11 blocks DONE
2026-05-28T16:19:20 siman_242/siftei-kohen 68 blocks DONE
2026-05-28T16:19:20 siman_242/turei-zahav 21 blocks DONE
2026-05-28T16:19:20 siman_242/yad-avraham 2 blocks DONE
2026-05-28T16:19:20 siman_242 COMPLETE
2026-05-28T16:19:22 siman_234/baer-heitev 62 blocks DONE
2026-05-28T16:19:22 siman_234/beer-hagolah 74 blocks DONE
2026-05-28T16:19:22 siman_234/beur-hagra 132 blocks DONE
2026-05-28T16:19:22 siman_234/mechaber 74 blocks DONE
2026-05-28T16:19:22 siman_234/nekudot-hakesef 5 blocks DONE
2026-05-28T16:19:22 siman_234/pitchei-teshuva 16 blocks DONE
2026-05-28T16:19:22 siman_234/rabbi-akiva-eiger-yd 20 blocks DONE
2026-05-28T16:19:22 siman_234/siftei-kohen 93 blocks DONE
2026-05-28T16:19:22 siman_234/turei-zahav 66 blocks DONE
2026-05-28T16:19:22 siman_234/yad-avraham 3 blocks DONE
2026-05-28T16:19:22 siman_234 COMPLETE
2026-05-28T16:19:23 siman_267/baer-heitev 71 blocks DONE
2026-05-28T16:19:23 siman_267/beer-hagolah 85 blocks DONE
2026-05-28T16:19:23 siman_267/beur-hagra 161 blocks DONE
2026-05-28T16:19:23 siman_267/mechaber 85 blocks DONE
2026-05-28T16:19:23 siman_267/nekudot-hakesef 1 blocks DONE
2026-05-28T16:19:23 siman_267/pitchei-teshuva 12 blocks DONE
2026-05-28T16:19:23 siman_267/rabbi-akiva-eiger-yd 13 blocks DONE
2026-05-28T16:19:23 siman_267/siftei-kohen 112 blocks DONE
2026-05-28T16:19:23 siman_267/turei-zahav 50 blocks DONE
2026-05-28T16:19:23 siman_267 COMPLETE
2026-05-28T16:23:12 siman_217/baer-heitev 32 blocks DONE
2026-05-28T16:23:12 siman_217/beer-hagolah 48 blocks DONE
2026-05-28T16:23:12 siman_217/beur-hagra 49 blocks DONE
2026-05-28T16:23:12 siman_217/mechaber 48 blocks DONE
2026-05-28T16:23:12 siman_217/nekudot-hakesef 3 blocks DONE
2026-05-28T16:23:12 siman_217/pitchei-teshuva 16 blocks DONE
2026-05-28T16:23:12 siman_217/rabbi-akiva-eiger-yd 22 blocks DONE
2026-05-28T16:23:12 siman_217/siftei-kohen 49 blocks DONE
2026-05-28T16:23:12 siman_217/turei-zahav 39 blocks DONE
2026-05-28T16:23:12 siman_217/yad-avraham 4 blocks DONE
2026-05-28T16:23:12 siman_217 COMPLETE
2026-05-28T16:23:13 siman_234/baer-heitev 62 blocks DONE
2026-05-28T16:23:13 siman_234/beer-hagolah 74 blocks DONE
2026-05-28T16:23:13 siman_234/beur-hagra 132 blocks DONE
2026-05-28T16:23:13 siman_234/mechaber 74 blocks DONE
2026-05-28T16:23:13 siman_234/nekudot-hakesef 5 blocks DONE
2026-05-28T16:23:13 siman_234/pitchei-teshuva 16 blocks DONE
2026-05-28T16:23:13 siman_234/rabbi-akiva-eiger-yd 20 blocks DONE
2026-05-28T16:23:13 siman_234/siftei-kohen 93 blocks DONE
2026-05-28T16:23:13 siman_234/turei-zahav 66 blocks DONE
2026-05-28T16:23:13 siman_234/yad-avraham 3 blocks DONE
2026-05-28T16:23:13 siman_234 COMPLETE
2026-05-28T16:23:14 siman_242/baer-heitev 44 blocks DONE
2026-05-28T16:23:14 siman_242/beer-hagolah 36 blocks DONE
2026-05-28T16:23:14 siman_242/beur-hagra 85 blocks DONE
2026-05-28T16:23:14 siman_242/mechaber 36 blocks DONE
2026-05-28T16:23:14 siman_242/nekudot-hakesef 2 blocks DONE
2026-05-28T16:23:14 siman_242/pitchei-teshuva 23 blocks DONE
2026-05-28T16:23:14 siman_242/rabbi-akiva-eiger-yd 11 blocks DONE
2026-05-28T16:23:14 siman_242/siftei-kohen 68 blocks DONE
2026-05-28T16:23:14 siman_242/turei-zahav 21 blocks DONE
2026-05-28T16:23:14 siman_242/yad-avraham 2 blocks DONE
2026-05-28T16:23:14 siman_242 COMPLETE
2026-05-28T16:23:16 siman_267/baer-heitev 71 blocks DONE
2026-05-28T16:23:16 siman_267/beer-hagolah 85 blocks DONE
2026-05-28T16:23:16 siman_267/beur-hagra 161 blocks DONE
2026-05-28T16:23:16 siman_267/mechaber 85 blocks DONE
2026-05-28T16:23:16 siman_267/nekudot-hakesef 1 blocks DONE
2026-05-28T16:23:16 siman_267/pitchei-teshuva 12 blocks DONE
2026-05-28T16:23:16 siman_267/rabbi-akiva-eiger-yd 13 blocks DONE
2026-05-28T16:23:16 siman_267/siftei-kohen 112 blocks DONE
2026-05-28T16:23:16 siman_267/turei-zahav 50 blocks DONE
2026-05-28T16:23:16 siman_267 COMPLETE
2026-05-28T16:25:07 siman_234/baer-heitev 62 blocks DONE
2026-05-28T16:25:07 siman_234/beer-hagolah 74 blocks DONE
2026-05-28T16:25:07 siman_234/beur-hagra 132 blocks DONE
2026-05-28T16:25:07 siman_234/mechaber 74 blocks DONE
2026-05-28T16:25:07 siman_234/nekudot-hakesef 5 blocks DONE
2026-05-28T16:25:07 siman_234/pitchei-teshuva 16 blocks DONE
2026-05-28T16:25:07 siman_234/rabbi-akiva-eiger-yd 20 blocks DONE
2026-05-28T16:25:07 siman_234/siftei-kohen 93 blocks DONE
2026-05-28T16:25:07 siman_234/turei-zahav 66 blocks DONE
2026-05-28T16:25:07 siman_234/yad-avraham 3 blocks DONE
2026-05-28T16:25:07 siman_234 COMPLETE
2026-05-28T16:25:07 siman_242/baer-heitev 44 blocks DONE
2026-05-28T16:25:07 siman_242/beer-hagolah 36 blocks DONE
2026-05-28T16:25:07 siman_242/beur-hagra 85 blocks DONE
2026-05-28T16:25:07 siman_242/mechaber 36 blocks DONE
2026-05-28T16:25:07 siman_242/nekudot-hakesef 2 blocks DONE
2026-05-28T16:25:07 siman_242/pitchei-teshuva 23 blocks DONE
2026-05-28T16:25:07 siman_242/rabbi-akiva-eiger-yd 11 blocks DONE
2026-05-28T16:25:07 siman_242/siftei-kohen 68 blocks DONE
2026-05-28T16:25:07 siman_242/turei-zahav 21 blocks DONE
2026-05-28T16:25:07 siman_242/yad-avraham 2 blocks DONE
2026-05-28T16:25:07 siman_242 COMPLETE
2026-05-28T16:26:03 siman_217/baer-heitev 32 blocks DONE
2026-05-28T16:26:03 siman_217/beer-hagolah 48 blocks DONE
2026-05-28T16:26:03 siman_217/beur-hagra 49 blocks DONE
2026-05-28T16:26:03 siman_217/mechaber 48 blocks DONE
2026-05-28T16:26:03 siman_217/nekudot-hakesef 3 blocks DONE
2026-05-28T16:26:03 siman_217/pitchei-teshuva 16 blocks DONE
2026-05-28T16:26:03 siman_217/rabbi-akiva-eiger-yd 22 blocks DONE
2026-05-28T16:26:03 siman_217/siftei-kohen 49 blocks DONE
2026-05-28T16:26:03 siman_217/turei-zahav 39 blocks DONE
2026-05-28T16:26:03 siman_217/yad-avraham 4 blocks DONE
2026-05-28T16:26:03 siman_217 COMPLETE
2026-05-28T19:29:05 siman_217/pitchei-teshuva 14 blocks QUALITY_PASS slot3
2026-05-28T19:29:05 siman_217/baer-heitev 30 blocks QUALITY_PASS slot3
2026-05-28T19:29:05 siman_217/beer-hagolah 48 blocks QUALITY_PASS slot3
2026-05-28T19:29:05 siman_217/beur-hagra 49 blocks QUALITY_PASS slot3
2026-05-28T19:29:05 siman_217/turei-zahav 39 blocks QUALITY_PASS slot3
2026-05-28T19:29:05 siman_217/rabbi-akiva-eiger-yd 22 blocks QUALITY_PASS slot3
2026-05-28T19:29:05 siman_217/yad-avraham 4 blocks QUALITY_PASS slot3
2026-05-28T19:29:05 siman_217 non-mechaber QUALITY_PASS slot3 DONE (206 blocks)
2026-05-28T16:30:33 siman_294/baer-heitev 26 blocks DONE
2026-05-28T16:30:33 siman_294/beer-hagolah 28 blocks DONE
2026-05-28T16:30:33 siman_294/beur-hagra 67 blocks DONE
2026-05-28T16:30:33 siman_294/mechaber 28 blocks DONE
2026-05-28T16:30:33 siman_294/nekudot-hakesef 1 blocks DONE
2026-05-28T16:30:33 siman_294/pitchei-teshuva 15 blocks DONE
2026-05-28T16:30:33 siman_294/rabbi-akiva-eiger-yd 12 blocks DONE
2026-05-28T16:30:33 siman_294/siftei-kohen 36 blocks DONE
2026-05-28T16:30:33 siman_294/turei-zahav 29 blocks DONE
2026-05-28T16:30:33 siman_294/yad-avraham 1 blocks DONE
2026-05-28T16:30:33 siman_294 COMPLETE
2026-05-28T16:35:37 siman_240/baer-heitev 18 blocks DONE
2026-05-28T16:35:37 siman_240/beer-hagolah 49 blocks DONE
2026-05-28T16:35:37 siman_240/beur-hagra 36 blocks DONE
2026-05-28T16:35:37 siman_240/mechaber 25 blocks DONE
2026-05-28T16:35:37 siman_240/nekudot-hakesef 3 blocks DONE
2026-05-28T16:35:37 siman_240/pitchei-teshuva 23 blocks DONE
2026-05-28T16:35:37 siman_240/rabbi-akiva-eiger-yd 10 blocks DONE
2026-05-28T16:35:37 siman_240/siftei-kohen 23 blocks DONE
2026-05-28T16:35:37 siman_240/turei-zahav 20 blocks DONE
2026-05-28T16:35:37 siman_240/yad-avraham 2 blocks DONE
2026-05-28T16:35:37 siman_240 COMPLETE
2026-05-28T16:35:39 siman_296/baer-heitev 7 blocks DONE
2026-05-28T16:35:39 siman_296/beer-hagolah 69 blocks DONE
2026-05-28T16:35:39 siman_296/beur-hagra 87 blocks DONE
2026-05-28T16:35:39 siman_296/mechaber 69 blocks DONE
2026-05-28T16:35:39 siman_296/rabbi-akiva-eiger-yd 2 blocks DONE
2026-05-28T16:35:39 siman_296/turei-zahav 21 blocks DONE
2026-05-28T16:35:39 siman_296/yad-avraham 3 blocks DONE
2026-05-28T16:35:39 siman_296 COMPLETE
2026-05-28T16:35:40 siman_232/baer-heitev 39 blocks DONE
2026-05-28T16:35:40 siman_232/beer-hagolah 20 blocks DONE
2026-05-28T16:35:40 siman_232/beur-hagra 58 blocks DONE
2026-05-28T16:35:40 siman_232/mechaber 20 blocks DONE
2026-05-28T16:35:40 siman_232/nekudot-hakesef 4 blocks DONE
2026-05-28T16:35:40 siman_232/pitchei-teshuva 20 blocks DONE
2026-05-28T16:35:40 siman_232/rabbi-akiva-eiger-yd 20 blocks DONE
2026-05-28T16:35:40 siman_232/siftei-kohen 47 blocks DONE
2026-05-28T16:35:40 siman_232/turei-zahav 34 blocks DONE
2026-05-28T16:35:40 siman_232/yad-avraham 1 blocks DONE
2026-05-28T16:35:40 siman_232 COMPLETE
2026-05-28T16:35:41 siman_218/baer-heitev 6 blocks DONE
2026-05-28T16:35:41 siman_218/beer-hagolah 8 blocks DONE
2026-05-28T16:35:41 siman_218/beur-hagra 16 blocks DONE
2026-05-28T16:35:41 siman_218/mechaber 6 blocks DONE
2026-05-28T16:35:41 siman_218/nekudot-hakesef 1 blocks DONE
2026-05-28T16:35:41 siman_218/pitchei-teshuva 5 blocks DONE
2026-05-28T16:35:41 siman_218/rabbi-akiva-eiger-yd 6 blocks DONE
2026-05-28T16:35:41 siman_218/siftei-kohen 7 blocks DONE
2026-05-28T16:35:41 siman_218/turei-zahav 4 blocks DONE
2026-05-28T16:35:41 siman_218 COMPLETE
2026-05-28T16:37:59 siman_294/baer-heitev 26 blocks DONE
2026-05-28T16:37:59 siman_294/beer-hagolah 28 blocks DONE
2026-05-28T16:37:59 siman_294/beur-hagra 67 blocks DONE
2026-05-28T16:37:59 siman_294/mechaber 28 blocks DONE
2026-05-28T16:37:59 siman_294/nekudot-hakesef 1 blocks DONE
2026-05-28T16:37:59 siman_294/pitchei-teshuva 15 blocks DONE
2026-05-28T16:37:59 siman_294/rabbi-akiva-eiger-yd 12 blocks DONE
2026-05-28T16:37:59 siman_294/siftei-kohen 36 blocks DONE
2026-05-28T16:37:59 siman_294/turei-zahav 29 blocks DONE
2026-05-28T16:37:59 siman_294/yad-avraham 1 blocks DONE
2026-05-28T16:37:59 siman_294 COMPLETE
2026-05-28T19:45:46 slot3-quality batch3-5 siman_215 11 blocks patched
2026-05-28T19:45:46 slot3-quality batch3-5 siman_220 12 blocks patched
2026-05-28T19:45:46 slot3-quality batch3-5 siman_237 3 blocks patched
2026-05-28T19:45:46 slot3-quality batch3-5 siman_245 6 blocks patched
2026-05-28T19:45:46 slot3-quality batch3-5 siman_252 6 blocks patched
2026-05-28T19:45:46 slot3-quality batch3-5 siman_274 5 blocks patched
2026-05-28T19:45:46 slot3-quality batch3-5 siman_276 11 blocks patched
2026-05-28T19:45:46 slot3-quality batch3-5 siman_300 3 blocks patched
2026-05-28T19:51:54 slot3-quality batch6-8 siman_274 6 blocks
2026-05-28T19:51:54 slot3-quality batch6-8 siman_276 4 blocks
2026-05-28T19:51:54 slot3-quality batch6-8 siman_215 6 blocks
2026-05-28T19:51:54 slot3-quality batch6-8 siman_220 2 blocks
2026-05-28T19:51:54 slot3-quality batch6-8 siman_237 6 blocks
2026-05-28T19:51:54 slot3-quality batch6-8 siman_245 3 blocks
2026-05-28T19:51:54 slot3-quality batch6-8 siman_252 4 blocks
2026-05-28T19:51:54 slot3-quality batch6-8 siman_300 9 blocks
2026-05-28T19:55:59 slot3-quality batch9 siman_245 37 blocks patched
2026-05-28T19:55:59 slot3-quality batch10 siman_201 7 blocks patched
2026-05-28T19:58:36 slot3-quality batch11 siman_201 24 blocks patched
2026-05-28T20:01:47 slot3-quality batch12 siman_201 30 blocks patched
2026-05-28T20:06:53 siman_266 slot3-batch13 21 blocks DONE
2026-05-28T20:06:53 siman_267 slot3-batch14 20 blocks DONE
2026-05-28T20:08:21 siman_228 slot3-batch15 19 blocks DONE
2026-05-28T20:12:01 siman_265 slot3-batch16 17 blocks DONE
2026-05-28T20:13:00 siman_234 slot3-batch17 13 blocks DONE
2026-05-28T20:13:21 siman_234 slot3-batch17 13 blocks DONE
2026-05-28T20:17:39 siman_239 slot3-batch18 13 blocks DONE
2026-05-28T20:17:39 siman_242 slot3-batch19 12 blocks DONE
2026-05-28T20:21:00 siman_296 slot3-batch20 16 blocks DONE
2026-05-28T20:21:00 siman_297 slot3-batch21 12 blocks DONE
2026-05-28T20:22:57 siman_240 slot3-batch22 7 blocks DONE
2026-05-28T20:22:57 siman_241 slot3-batch22 3 blocks DONE
2026-05-28T20:24:03 siman_232 slot3-batch23 10 blocks DONE
2026-05-28T20:25:34 siman_258 slot3-batch24 10 blocks DONE
2026-05-28T20:34:22 siman_282 slot3-batch25 9 blocks DONE
2026-05-28T20:34:22 siman_294 slot3-batch25 9 blocks DONE
2026-05-28T20:36:07 siman_206 slot3-batch26 8 blocks DONE
2026-05-28T20:38:02 siman_216 slot3-batch27 8 blocks DONE
2026-05-28T20:38:59 siman_249 slot3-batch28 8 blocks DONE
2026-05-28T20:44:44 siman_262 slot3-batch29 8 blocks DONE
2026-05-28T20:44:44 siman_275 slot3-batch29 8 blocks DONE
2026-05-28T20:57:04 siman_221 slot3-batch30 7 blocks DONE
2026-05-28T20:57:04 siman_229 slot3-batch30 7 blocks DONE
2026-05-28T20:57:04 siman_259 slot3-batch30 10 blocks DONE
2026-05-28T20:57:04 siman_268 slot3-batch30 8 blocks DONE
2026-05-28T20:57:04 siman_269 slot3-batch30 6 blocks DONE
2026-05-28T21:04:40 siman_211 slot3-batch31 6 blocks DONE
2026-05-28T21:04:40 siman_235 slot3-batch31 6 blocks DONE
2026-05-28T21:04:40 siman_236 slot3-batch31 7 blocks DONE
2026-06-11T14:24:15 siman_114/mechaber mechaber quality-pass 12 blocks DONE
2026-06-11T14:24:15 siman_115/mechaber mechaber quality-pass 3 blocks DONE
2026-06-11T14:24:15 siman_116/mechaber mechaber quality-pass 7 blocks DONE
2026-06-11T14:24:15 siman_126/mechaber mechaber quality-pass 1 blocks DONE
2026-06-11T14:24:15 siman_168/mechaber mechaber quality-pass 1 blocks DONE
2026-06-11T14:24:15 siman_201/mechaber mechaber quality-pass 1 blocks DONE
2026-06-11T14:27:10 slot3-mt-cleanup 22 blocks DONE
2026-06-11T18:42:17 slot3-mt-cleanup 51 blocks DONE
2026-06-11T18:43:28 slot3-mt-cleanup 74 blocks DONE
2026-06-11T18:44:39 slot3-mt-cleanup 89 blocks DONE
2026-06-11T18:46:13 slot3-mt-cleanup 113 blocks DONE
2026-06-11T18:55:58 slot3-mt-cleanup 131 blocks DONE
2026-06-11T18:57:14 slot3-mt-cleanup 146 blocks DONE
2026-06-11T18:58:54 slot3-mt-cleanup 171 blocks DONE
2026-06-11T19:00:21 slot3-mt-cleanup 193 blocks DONE
2026-06-11T19:03:43 siman_103/mechaber mechaber quality-pass 1 blocks DONE
2026-06-11T19:03:43 siman_114/mechaber mechaber quality-pass 12 blocks DONE
2026-06-11T19:03:43 siman_115/mechaber mechaber quality-pass 3 blocks DONE
2026-06-11T19:03:43 siman_116/mechaber mechaber quality-pass 7 blocks DONE
2026-06-11T19:03:43 siman_126/mechaber mechaber quality-pass 1 blocks DONE
2026-06-11T19:03:43 siman_168/mechaber mechaber quality-pass 1 blocks DONE
2026-06-11T19:03:43 siman_177/mechaber mechaber quality-pass 8 blocks DONE
2026-06-11T19:03:43 siman_201/mechaber mechaber quality-pass 1 blocks DONE
2026-06-11T19:03:43 siman_266/mechaber mechaber quality-pass 1 blocks DONE
2026-06-11T19:04:15 slot3-mt-cleanup 204 blocks DONE
2026-06-11T19:25:19 slot3-mt-cleanup 204 blocks DONE
2026-06-11T20:02:35 siman_001 libre-wave DONE (0 blocks)
2026-06-11T20:02:37 siman_002 libre-wave DONE (0 blocks)
2026-06-11T20:02:37 siman_003 libre-wave DONE (0 blocks)
2026-06-11T20:02:38 siman_004 libre-wave DONE (0 blocks)
2026-06-11T20:02:38 siman_005 libre-wave DONE (0 blocks)
2026-06-11T20:02:38 siman_006 libre-wave DONE (0 blocks)
2026-06-11T20:02:38 siman_007 libre-wave DONE (0 blocks)
2026-06-11T20:02:38 siman_008 libre-wave DONE (0 blocks)
2026-06-11T20:02:38 siman_009 libre-wave DONE (0 blocks)
2026-06-11T20:02:39 siman_010 libre-wave DONE (0 blocks)
2026-06-11T20:02:40 siman_011 libre-wave DONE (0 blocks)
2026-06-11T20:02:40 siman_012 libre-wave DONE (0 blocks)
2026-06-11T20:02:41 siman_013 libre-wave DONE (0 blocks)
2026-06-11T20:02:42 siman_014 libre-wave DONE (0 blocks)
2026-06-11T20:02:44 siman_015 libre-wave DONE (0 blocks)
2026-06-11T20:02:45 siman_016 libre-wave DONE (0 blocks)
2026-06-11T20:02:45 siman_017 libre-wave DONE (0 blocks)
2026-06-11T20:02:46 siman_018 libre-wave DONE (0 blocks)
2026-06-11T20:02:46 siman_019 libre-wave DONE (0 blocks)
2026-06-11T20:02:47 siman_020 libre-wave DONE (0 blocks)
2026-06-11T20:02:48 siman_021 libre-wave DONE (0 blocks)
2026-06-11T20:02:48 siman_022 libre-wave DONE (0 blocks)
2026-06-11T20:02:48 siman_023 libre-wave DONE (0 blocks)
2026-06-11T20:02:49 siman_024 libre-wave DONE (0 blocks)
2026-06-11T20:02:50 siman_025 libre-wave DONE (0 blocks)
2026-06-11T20:02:50 siman_026 libre-wave DONE (0 blocks)
2026-06-11T20:02:53 siman_027 libre-wave DONE (0 blocks)
2026-06-11T20:02:53 siman_028 libre-wave DONE (0 blocks)
2026-06-11T20:02:54 siman_029 libre-wave DONE (0 blocks)
2026-06-11T20:02:56 siman_030 libre-wave DONE (0 blocks)
2026-06-11T20:02:56 siman_031 libre-wave DONE (0 blocks)
2026-06-11T20:02:56 siman_032 libre-wave DONE (0 blocks)
2026-06-11T20:02:57 siman_033 libre-wave DONE (0 blocks)
2026-06-11T20:02:58 siman_034 libre-wave DONE (0 blocks)
2026-06-11T20:02:59 siman_035 libre-wave DONE (0 blocks)
2026-06-11T20:03:00 siman_036 libre-wave DONE (0 blocks)
2026-06-11T20:03:01 siman_037 libre-wave DONE (0 blocks)
2026-06-11T20:03:01 siman_038 libre-wave DONE (0 blocks)
2026-06-11T20:03:02 siman_039 libre-wave DONE (0 blocks)
2026-06-11T20:03:03 siman_040 libre-wave DONE (0 blocks)
2026-06-11T20:03:04 siman_041 libre-wave DONE (0 blocks)
2026-06-11T20:03:04 siman_042 libre-wave DONE (0 blocks)
2026-06-11T20:03:05 siman_043 libre-wave DONE (0 blocks)
2026-06-11T20:03:06 siman_044 libre-wave DONE (0 blocks)
2026-06-11T20:03:06 siman_045 libre-wave DONE (0 blocks)
2026-06-11T20:03:07 siman_046 libre-wave DONE (0 blocks)
2026-06-11T20:03:07 siman_047 libre-wave DONE (0 blocks)
2026-06-11T20:03:08 siman_048 libre-wave DONE (0 blocks)
2026-06-11T20:03:09 siman_049 libre-wave DONE (0 blocks)
2026-06-11T20:03:11 siman_050 libre-wave DONE (0 blocks)
2026-06-11T20:03:11 siman_051 libre-wave DONE (0 blocks)
2026-06-11T20:03:12 siman_052 libre-wave DONE (0 blocks)
2026-06-11T20:03:13 siman_053 libre-wave DONE (0 blocks)
2026-06-11T20:03:13 siman_054 libre-wave DONE (0 blocks)
2026-06-11T20:03:14 siman_055 libre-wave DONE (0 blocks)
2026-06-11T20:03:15 siman_056 libre-wave DONE (0 blocks)
2026-06-11T20:03:16 siman_057 libre-wave DONE (0 blocks)
2026-06-11T20:03:16 siman_058 libre-wave DONE (0 blocks)
2026-06-11T20:03:16 siman_059 libre-wave DONE (0 blocks)
2026-06-11T20:03:16 siman_060 libre-wave DONE (0 blocks)
2026-06-11T20:03:18 siman_061 libre-wave DONE (0 blocks)
2026-06-11T20:03:20 siman_062 libre-wave DONE (0 blocks)
2026-06-11T20:03:21 siman_063 libre-wave DONE (0 blocks)
2026-06-11T20:03:25 siman_064 libre-wave DONE (0 blocks)
2026-06-11T20:03:26 siman_065 libre-wave DONE (0 blocks)
2026-06-11T20:03:27 siman_066 libre-wave DONE (0 blocks)
2026-06-11T20:03:28 siman_067 libre-wave DONE (0 blocks)
2026-06-11T20:03:28 siman_068 libre-wave DONE (0 blocks)
2026-06-11T20:03:31 siman_069 libre-wave DONE (0 blocks)
2026-06-11T20:03:32 siman_070 libre-wave DONE (0 blocks)
2026-06-11T20:03:32 siman_071 libre-wave DONE (0 blocks)
2026-06-11T20:03:32 siman_072 libre-wave DONE (0 blocks)
2026-06-11T20:03:33 siman_073 libre-wave DONE (0 blocks)
2026-06-11T20:03:33 siman_074 libre-wave DONE (0 blocks)
2026-06-11T20:03:33 siman_075 libre-wave DONE (0 blocks)
2026-06-11T20:03:33 siman_076 libre-wave DONE (0 blocks)
2026-06-11T20:03:33 siman_077 libre-wave DONE (0 blocks)
2026-06-11T20:03:33 siman_078 libre-wave DONE (0 blocks)
2026-06-11T20:03:34 siman_079 libre-wave DONE (0 blocks)
2026-06-11T20:03:34 siman_080 libre-wave DONE (0 blocks)
2026-06-11T20:03:34 siman_081 libre-wave DONE (0 blocks)
2026-06-11T20:03:34 siman_082 libre-wave DONE (0 blocks)
2026-06-11T20:03:34 siman_083 libre-wave DONE (0 blocks)
2026-06-11T20:05:15 siman_085 libre-wave DONE (0 blocks)
2026-06-11T20:05:15 siman_086 libre-wave DONE (0 blocks)
2026-06-11T20:05:17 siman_087 libre-wave DONE (0 blocks)
2026-06-11T20:05:17 siman_088 libre-wave DONE (0 blocks)
2026-06-11T20:05:17 siman_089 libre-wave DONE (0 blocks)
2026-06-11T20:05:18 siman_090 libre-wave DONE (0 blocks)
2026-06-11T20:05:19 siman_091 libre-wave DONE (0 blocks)
2026-06-11T20:05:24 siman_092 libre-wave DONE (0 blocks)
2026-06-11T20:05:27 siman_093 libre-wave DONE (0 blocks)
2026-06-11T20:05:28 siman_094 libre-wave DONE (0 blocks)
2026-06-11T20:05:29 siman_095 libre-wave DONE (0 blocks)
2026-06-11T20:35:42 siman_251 libre-wave DONE (0 blocks)
2026-06-11T20:56:00 siman_151 libre-wave DONE (2 blocks)
2026-06-11T21:01:04 siman_252 libre-wave DONE (0 blocks)
2026-06-11T21:11:13 siman_152 libre-wave DONE (0 blocks)
2026-06-11T21:31:30 siman_253 libre-wave DONE (0 blocks)
2026-06-11T21:41:39 siman_153 libre-wave DONE (0 blocks)
2026-06-11T21:41:39 siman_254 libre-wave DONE (0 blocks)
2026-06-11T21:51:47 siman_255 libre-wave DONE (0 blocks)
2026-06-11T21:56:52 siman_154 libre-wave DONE (0 blocks)
2026-06-11T22:32:21 siman_256 libre-wave DONE (0 blocks)
2026-06-11T22:57:43 siman_257 libre-wave DONE (0 blocks)
2026-06-11T23:02:46 siman_155 libre-wave DONE (0 blocks)
2026-06-11T23:17:59 siman_156 libre-wave DONE (0 blocks)
2026-06-11T23:18:14 siman_096 libre-wave DONE (0 blocks)
2026-06-11T23:18:14 siman_097 libre-wave DONE (0 blocks)
2026-06-12T00:13:46 siman_258 libre-wave DONE (0 blocks)
2026-06-12T00:18:50 siman_157 libre-wave DONE (0 blocks)
2026-06-12T00:44:12 siman_259 libre-wave DONE (0 blocks)
2026-06-12T00:45:26 siman_260 libre-wave DONE (1 blocks)
2026-06-12T00:45:57 siman_158 libre-wave DONE (2 blocks)
2026-06-12T00:52:57 siman_261 libre-wave DONE (1 blocks)
2026-06-12T01:10:42 siman_159 libre-wave DONE (6 blocks)
2026-06-12T01:18:16 siman_084 libre-wave DONE (84 blocks)
2026-06-12T01:21:53 siman_262 libre-wave DONE (5 blocks)
2026-06-12T01:45:06 siman_263 libre-wave DONE (3 blocks)
2026-06-12T02:15:32 siman_264 libre-wave DONE (0 blocks)
2026-06-12T03:30:06 siman_160 libre-wave DONE (9 blocks)
2026-06-12T03:37:43 siman_265 libre-wave DONE (6 blocks)
2026-06-12T04:16:48 siman_098 libre-wave DONE (31 blocks)
2026-06-12T04:29:38 siman_161 libre-wave DONE (32 blocks)
2026-06-12T04:30:23 siman_266 libre-wave DONE (27 blocks)
2026-06-12T05:35:22 siman_162 libre-wave DONE (17 blocks)
2026-06-12T06:10:38 siman_163 libre-wave DONE (8 blocks)
2026-06-12T06:39:18 siman_164 libre-wave DONE (7 blocks)
2026-06-12T07:06:28 siman_165 libre-wave DONE (9 blocks)
2026-06-12T07:25:10 siman_166 libre-wave DONE (21 blocks)
2026-06-12T07:35:08 siman_267 libre-wave DONE (94 blocks)
2026-06-12T07:36:45 siman_167 libre-wave DONE (5 blocks)
2026-06-12T07:50:16 siman_099 libre-wave DONE (68 blocks)
2026-06-12T07:50:16 siman_100 libre-wave DONE (0 blocks)
2026-06-12T07:50:17 siman_101 libre-wave DONE (0 blocks)
2026-06-12T07:50:18 siman_102 libre-wave DONE (0 blocks)
2026-06-12T07:50:18 siman_103 libre-wave DONE (0 blocks)
2026-06-12T07:50:19 siman_104 libre-wave DONE (0 blocks)
2026-06-12T07:50:22 siman_105 libre-wave DONE (0 blocks)
2026-06-12T07:50:22 siman_106 libre-wave DONE (0 blocks)
2026-06-12T07:50:22 siman_107 libre-wave DONE (0 blocks)
2026-06-12T13:00:55Z siman_110 editorial COMPLETE
2026-06-12T13:16:22Z siman_084 editorial COMPLETE
2026-06-12T13:35:00 siman_228 editorial cleanup DONE (109 mt_garbage blocks fixed, 0 errors)
2026-06-12T13:35:00 siman_228 COMPLETE
2026-06-12T13:45:00 siman_098 editorial 5 parts DONE (171 errors fixed, 0 errors)
2026-06-12T13:45:00 siman_098 COMPLETE
