vol,slug,siman,seif,current_path,candidate_kind,candidate_source,candidate_path,exists,quality,possibly_clean_candidate,candidate_preview,corresponding_hebrew_path,corresponding_hebrew
oc1,biur-halacha,siman1,seif-001,C:\Users\binya\Documents\Shulchan aruch\newtry\OC_Mobile\oc318-mobile-reader\public\corpus\oc1\siman1\seif-001\biur-halacha\en.html,corpus_en_html,SA_Sandbox corpus mirror,C:\Users\binya\Documents\Shulchan aruch\newtry\SA_Sandbox\public\corpus\oc1\siman1\seif-001\biur-halacha\en.html,false,missing_or_empty,no,,C:\Users\binya\Documents\Shulchan aruch\newtry\OC_Mobile\oc318-mobile-reader\public\corpus\oc1\siman1\seif-001\biur-halacha\he.html,"<b> שיהא הוא מעורר השחר</b> - נכון מאד ליזהר לומר קודם כל ג' תפלות הודאת היה""ר המבואר בירושלמי פ' תפלת השחר דהיינו בשחרית מודה אני לפניך ד' או""א שהוצאתני מאפלה לאורה. ובמנחה מודה אני וכו' שכשם שזיכיתני לראות כשהחמה במזרח כך זכיתי לראותה במערב. בערבית יה""ר כו' כשם שהייתי באפילה והוצאתני לאורה כן תוציאני מאפילה לאורה: | <b> הוא כלל גדול בתורה וכו'</b> - הרוצה לקיים שויתי כראוי יזדרז לקיים מה שנכתוב בשם ספר החינוך ומפני גודל חביבותם העתיקום כמה גדולים בספריהם וז""ל החינוך [בהקדמתו ובסימן כ""ה כ""ו תי""ז תי""ח תל""ב שפ""ז] שש מצות חיובן תמידי לא יפסקו מעל האדם אפילו רגע אחד כל ימיו וכל זמן וכל רגע שיחשוב בהן קיים מ""ע ואין קץ למתן שכר המצות ואלו הם. | א) להאמין שיש אלוה אחד בעולם שהמציא כל הנמצאות ומחפצו ורצונו הוא כל מה שהוא עכשיו ושהיה ושיהיה לעדי עד ושהוא הוציאנו ממצרים ונתן לנו התורה וזהו מ""ע דכתיב אנכי ה' אלהיך אשר הוצאתיך וגו' ופירושו תדעו ותאמינו שיש לעולם אלוה המשגיח שהרי הוצאתיך מארץ מצרים. ב) שלא נאמין בשום אלהים זולתו שנאמר לא יהיה לך אלהים אחרים על פני ואפילו מודה שהקב""ה שולט על הכל רק שידמה בדעתו שמסר הנהגת העולם למלאך או לכוכב ה""ז מודה בע""ז ועובר על לא יהיה לך אלהים אחרים על פני אלא יאמין שהקב""ה בעצמו ובכבודו משגיח בכל העולמות ואין לשום נברא כח לעשות דבר בלתי רצונו ולכן נקרא הקב""ה אלהי האלהים. ג) לייחדו שנא' שמע ישראל ה' אלהינו ה' אחד ופירושו שמע ישראל ודע כי ה' שהווה את הכל ברצונו והוא אלהינו המשגיח בכל העולמות הוא ה' אחד בלי שום שיתוף. ד). לאהוב המקום ב""ה שנאמר ואהבת את ה' אלהיך וגו' וכיצד יגיע האדם לאהבה הוא ע""י התורה וכדאיתא בספרי לפי שנאמר ואהבת איני יודע כיצד לאהוב את המקום ת""ל והיו הדברים האלה אשר אנכי מצוך היום על לבבך שמתוך כך אתה מכיר את מי שאמר והיה העולם כלומר שע""י ההתבוננות בתורה יכיר את גדולתו של הקב""ה שאין לו ערך ולא קץ ותתיישב האהבה בלבו בהכרח. וענין המצוה שיראה האדם להשים כל מגמתו וכל מחשבתו אחר אהבת הש""י ויעריך בלבו כי כל מה שיש בעולם מעושר ובנים וכבוד הכל הוא כאין נגד אהבתו ית' וייגע תמיד בבקשת חכמת התורה למען ישיג ידיעה בה'. והקובע את מחשבתו בעניינים הגשמיים ובהבלי העולם שלא לש""ש רק להתענג ולהשיג כבוד ביטל עשה זו ועונשו גדול. ה). להיות יראת הש""י על פניו תמיד לבלתי יחטא וע""ז נאמר את ה' אלהיך תירא ומי שבא דבר עבירה לידו חייב להעיר רוחו ולתת אל לבו באותו הפרק שהקב""ה משגיח בכל מעשי בני אדם אף אם יהיו במחשך מעשיהם וישיב להם נקם לפי רוע המעשה וכדכתיב אם יסתר איש במסתרים ואני לא אראנו נאום ה' וגו'. ו). שלא נתור אחר מחשבת הלב וראיית העינים שנאמר ולא תתורו אחרי לבבכם וגו' ואמרו חכמים אחרי לבבכם זו אפיקורסות ואחרי עיניכם זו זנות ובכלל אפיקורסות הוא כל מחשבות זרות שהם היפך דעת התורה ובכלל זנות הוא מי שהוא רודף אחר תאות העולם מבלי שיכוין בהם כלל לכוונה טובה כלומר שלא יעשה אותם כדי שיעמוד בריא ויוכל להשתדל בעבודת בוראו רק כוונתו תמיד להרבות תענוגים גדולים לנפשו. | כ""ז לקטתי מלשונו הנחמד בקצרה וקילורין הם לעינים ואשרי המקיימם כראוי ועיין בח""א כלל א' שהאריך ג""כ בהם: | <b> ולא יתבייש וכו'</b> - עיין במ""ב בשם הב""י. דע דהב""י לא איירי כ""א במצוה שהוא עושה לעצמו ובני אדם מלעיגים עליו אז בודאי אין לו לחוש כלל ללעגם ולא יתקוטט עמהם אבל אם הוא עומד במקום שיש אפיקורסים המתקוממים על התורה ורוצים לעשות איזה תקנות בעניני העיר ועי""ז יעבירו את העם מרצון ה' ופתח בשלום ולא נשמעו דבריו בכגון זה לא דיבר הב""י מאומה ומצוה לשנאתם ולהתקוטט עמהם ולהפר עצתם בכל מה שיוכל ודהמע""ה אמר הלא משנאיך ד' אשנא ובתקוממיך אתקוטט תכלית שנאה שנאתים וגו':"
oc1,biur-halacha,siman1,seif-001,C:\Users\binya\Documents\Shulchan aruch\newtry\OC_Mobile\oc318-mobile-reader\public\corpus\oc1\siman1\seif-001\biur-halacha\en.html,corpus_en_html,shulchan-yd-temp corpus mirror,C:\Users\binya\Documents\shulchan-yd-temp\newtry\OC_Mobile\oc318-mobile-reader\public\corpus\oc1\siman1\seif-001\biur-halacha\en.html,true,possibly_clean,yes,"That he should awaken the dawn — it is very proper to be careful to say first of all the three prayers of gratitude to God explained in the Jerusalem Talmud, chapter Tefillas HaShachar — namely: at Shacharis, ""Modeh ani ",C:\Users\binya\Documents\Shulchan aruch\newtry\OC_Mobile\oc318-mobile-reader\public\corpus\oc1\siman1\seif-001\biur-halacha\he.html,"<b> שיהא הוא מעורר השחר</b> - נכון מאד ליזהר לומר קודם כל ג' תפלות הודאת היה""ר המבואר בירושלמי פ' תפלת השחר דהיינו בשחרית מודה אני לפניך ד' או""א שהוצאתני מאפלה לאורה. ובמנחה מודה אני וכו' שכשם שזיכיתני לראות כשהחמה במזרח כך זכיתי לראותה במערב. בערבית יה""ר כו' כשם שהייתי באפילה והוצאתני לאורה כן תוציאני מאפילה לאורה: | <b> הוא כלל גדול בתורה וכו'</b> - הרוצה לקיים שויתי כראוי יזדרז לקיים מה שנכתוב בשם ספר החינוך ומפני גודל חביבותם העתיקום כמה גדולים בספריהם וז""ל החינוך [בהקדמתו ובסימן כ""ה כ""ו תי""ז תי""ח תל""ב שפ""ז] שש מצות חיובן תמידי לא יפסקו מעל האדם אפילו רגע אחד כל ימיו וכל זמן וכל רגע שיחשוב בהן קיים מ""ע ואין קץ למתן שכר המצות ואלו הם. | א) להאמין שיש אלוה אחד בעולם שהמציא כל הנמצאות ומחפצו ורצונו הוא כל מה שהוא עכשיו ושהיה ושיהיה לעדי עד ושהוא הוציאנו ממצרים ונתן לנו התורה וזהו מ""ע דכתיב אנכי ה' אלהיך אשר הוצאתיך וגו' ופירושו תדעו ותאמינו שיש לעולם אלוה המשגיח שהרי הוצאתיך מארץ מצרים. ב) שלא נאמין בשום אלהים זולתו שנאמר לא יהיה לך אלהים אחרים על פני ואפילו מודה שהקב""ה שולט על הכל רק שידמה בדעתו שמסר הנהגת העולם למלאך או לכוכב ה""ז מודה בע""ז ועובר על לא יהיה לך אלהים אחרים על פני אלא יאמין שהקב""ה בעצמו ובכבודו משגיח בכל העולמות ואין לשום נברא כח לעשות דבר בלתי רצונו ולכן נקרא הקב""ה אלהי האלהים. ג) לייחדו שנא' שמע ישראל ה' אלהינו ה' אחד ופירושו שמע ישראל ודע כי ה' שהווה את הכל ברצונו והוא אלהינו המשגיח בכל העולמות הוא ה' אחד בלי שום שיתוף. ד). לאהוב המקום ב""ה שנאמר ואהבת את ה' אלהיך וגו' וכיצד יגיע האדם לאהבה הוא ע""י התורה וכדאיתא בספרי לפי שנאמר ואהבת איני יודע כיצד לאהוב את המקום ת""ל והיו הדברים האלה אשר אנכי מצוך היום על לבבך שמתוך כך אתה מכיר את מי שאמר והיה העולם כלומר שע""י ההתבוננות בתורה יכיר את גדולתו של הקב""ה שאין לו ערך ולא קץ ותתיישב האהבה בלבו בהכרח. וענין המצוה שיראה האדם להשים כל מגמתו וכל מחשבתו אחר אהבת הש""י ויעריך בלבו כי כל מה שיש בעולם מעושר ובנים וכבוד הכל הוא כאין נגד אהבתו ית' וייגע תמיד בבקשת חכמת התורה למען ישיג ידיעה בה'. והקובע את מחשבתו בעניינים הגשמיים ובהבלי העולם שלא לש""ש רק להתענג ולהשיג כבוד ביטל עשה זו ועונשו גדול. ה). להיות יראת הש""י על פניו תמיד לבלתי יחטא וע""ז נאמר את ה' אלהיך תירא ומי שבא דבר עבירה לידו חייב להעיר רוחו ולתת אל לבו באותו הפרק שהקב""ה משגיח בכל מעשי בני אדם אף אם יהיו במחשך מעשיהם וישיב להם נקם לפי רוע המעשה וכדכתיב אם יסתר איש במסתרים ואני לא אראנו נאום ה' וגו'. ו). שלא נתור אחר מחשבת הלב וראיית העינים שנאמר ולא תתורו אחרי לבבכם וגו' ואמרו חכמים אחרי לבבכם זו אפיקורסות ואחרי עיניכם זו זנות ובכלל אפיקורסות הוא כל מחשבות זרות שהם היפך דעת התורה ובכלל זנות הוא מי שהוא רודף אחר תאות העולם מבלי שיכוין בהם כלל לכוונה טובה כלומר שלא יעשה אותם כדי שיעמוד בריא ויוכל להשתדל בעבודת בוראו רק כוונתו תמיד להרבות תענוגים גדולים לנפשו. | כ""ז לקטתי מלשונו הנחמד בקצרה וקילורין הם לעינים ואשרי המקיימם כראוי ועיין בח""א כלל א' שהאריך ג""כ בהם: | <b> ולא יתבייש וכו'</b> - עיין במ""ב בשם הב""י. דע דהב""י לא איירי כ""א במצוה שהוא עושה לעצמו ובני אדם מלעיגים עליו אז בודאי אין לו לחוש כלל ללעגם ולא יתקוטט עמהם אבל אם הוא עומד במקום שיש אפיקורסים המתקוממים על התורה ורוצים לעשות איזה תקנות בעניני העיר ועי""ז יעבירו את העם מרצון ה' ופתח בשלום ולא נשמעו דבריו בכגון זה לא דיבר הב""י מאומה ומצוה לשנאתם ולהתקוטט עמהם ולהפר עצתם בכל מה שיוכל ודהמע""ה אמר הלא משנאיך ד' אשנא ובתקוממיך אתקוטט תכלית שנאה שנאתים וגו':"
oc1,biur-halacha,siman1,seif-001,C:\Users\binya\Documents\Shulchan aruch\newtry\OC_Mobile\oc318-mobile-reader\public\corpus\oc1\siman1\seif-001\biur-halacha\en.html,source_txt_block,current OC_001 source output,C:\Users\binya\Documents\Shulchan aruch\newtry\OC_001\output\siman_001\biur-halacha\part-001.txt,true,possibly_clean,yes,"May he be the waker of the dawn - it is very correct to be careful to say first of all the 3rd prayers of confession of the Lord enlightened in Jerusalem 5th the dawn prayer, that is, at dawn I thank you 4th OA that you ",C:\Users\binya\Documents\Shulchan aruch\newtry\OC_Mobile\oc318-mobile-reader\public\corpus\oc1\siman1\seif-001\biur-halacha\he.html,"<b> שיהא הוא מעורר השחר</b> - נכון מאד ליזהר לומר קודם כל ג' תפלות הודאת היה""ר המבואר בירושלמי פ' תפלת השחר דהיינו בשחרית מודה אני לפניך ד' או""א שהוצאתני מאפלה לאורה. ובמנחה מודה אני וכו' שכשם שזיכיתני לראות כשהחמה במזרח כך זכיתי לראותה במערב. בערבית יה""ר כו' כשם שהייתי באפילה והוצאתני לאורה כן תוציאני מאפילה לאורה: | <b> הוא כלל גדול בתורה וכו'</b> - הרוצה לקיים שויתי כראוי יזדרז לקיים מה שנכתוב בשם ספר החינוך ומפני גודל חביבותם העתיקום כמה גדולים בספריהם וז""ל החינוך [בהקדמתו ובסימן כ""ה כ""ו תי""ז תי""ח תל""ב שפ""ז] שש מצות חיובן תמידי לא יפסקו מעל האדם אפילו רגע אחד כל ימיו וכל זמן וכל רגע שיחשוב בהן קיים מ""ע ואין קץ למתן שכר המצות ואלו הם. | א) להאמין שיש אלוה אחד בעולם שהמציא כל הנמצאות ומחפצו ורצונו הוא כל מה שהוא עכשיו ושהיה ושיהיה לעדי עד ושהוא הוציאנו ממצרים ונתן לנו התורה וזהו מ""ע דכתיב אנכי ה' אלהיך אשר הוצאתיך וגו' ופירושו תדעו ותאמינו שיש לעולם אלוה המשגיח שהרי הוצאתיך מארץ מצרים. ב) שלא נאמין בשום אלהים זולתו שנאמר לא יהיה לך אלהים אחרים על פני ואפילו מודה שהקב""ה שולט על הכל רק שידמה בדעתו שמסר הנהגת העולם למלאך או לכוכב ה""ז מודה בע""ז ועובר על לא יהיה לך אלהים אחרים על פני אלא יאמין שהקב""ה בעצמו ובכבודו משגיח בכל העולמות ואין לשום נברא כח לעשות דבר בלתי רצונו ולכן נקרא הקב""ה אלהי האלהים. ג) לייחדו שנא' שמע ישראל ה' אלהינו ה' אחד ופירושו שמע ישראל ודע כי ה' שהווה את הכל ברצונו והוא אלהינו המשגיח בכל העולמות הוא ה' אחד בלי שום שיתוף. ד). לאהוב המקום ב""ה שנאמר ואהבת את ה' אלהיך וגו' וכיצד יגיע האדם לאהבה הוא ע""י התורה וכדאיתא בספרי לפי שנאמר ואהבת איני יודע כיצד לאהוב את המקום ת""ל והיו הדברים האלה אשר אנכי מצוך היום על לבבך שמתוך כך אתה מכיר את מי שאמר והיה העולם כלומר שע""י ההתבוננות בתורה יכיר את גדולתו של הקב""ה שאין לו ערך ולא קץ ותתיישב האהבה בלבו בהכרח. וענין המצוה שיראה האדם להשים כל מגמתו וכל מחשבתו אחר אהבת הש""י ויעריך בלבו כי כל מה שיש בעולם מעושר ובנים וכבוד הכל הוא כאין נגד אהבתו ית' וייגע תמיד בבקשת חכמת התורה למען ישיג ידיעה בה'. והקובע את מחשבתו בעניינים הגשמיים ובהבלי העולם שלא לש""ש רק להתענג ולהשיג כבוד ביטל עשה זו ועונשו גדול. ה). להיות יראת הש""י על פניו תמיד לבלתי יחטא וע""ז נאמר את ה' אלהיך תירא ומי שבא דבר עבירה לידו חייב להעיר רוחו ולתת אל לבו באותו הפרק שהקב""ה משגיח בכל מעשי בני אדם אף אם יהיו במחשך מעשיהם וישיב להם נקם לפי רוע המעשה וכדכתיב אם יסתר איש במסתרים ואני לא אראנו נאום ה' וגו'. ו). שלא נתור אחר מחשבת הלב וראיית העינים שנאמר ולא תתורו אחרי לבבכם וגו' ואמרו חכמים אחרי לבבכם זו אפיקורסות ואחרי עיניכם זו זנות ובכלל אפיקורסות הוא כל מחשבות זרות שהם היפך דעת התורה ובכלל זנות הוא מי שהוא רודף אחר תאות העולם מבלי שיכוין בהם כלל לכוונה טובה כלומר שלא יעשה אותם כדי שיעמוד בריא ויוכל להשתדל בעבודת בוראו רק כוונתו תמיד להרבות תענוגים גדולים לנפשו. | כ""ז לקטתי מלשונו הנחמד בקצרה וקילורין הם לעינים ואשרי המקיימם כראוי ועיין בח""א כלל א' שהאריך ג""כ בהם: | <b> ולא יתבייש וכו'</b> - עיין במ""ב בשם הב""י. דע דהב""י לא איירי כ""א במצוה שהוא עושה לעצמו ובני אדם מלעיגים עליו אז בודאי אין לו לחוש כלל ללעגם ולא יתקוטט עמהם אבל אם הוא עומד במקום שיש אפיקורסים המתקוממים על התורה ורוצים לעשות איזה תקנות בעניני העיר ועי""ז יעבירו את העם מרצון ה' ופתח בשלום ולא נשמעו דבריו בכגון זה לא דיבר הב""י מאומה ומצוה לשנאתם ולהתקוטט עמהם ולהפר עצתם בכל מה שיוכל ודהמע""ה אמר הלא משנאיך ד' אשנא ובתקוממיך אתקוטט תכלית שנאה שנאתים וגו':"
oc1,biur-halacha,siman1,seif-001,C:\Users\binya\Documents\Shulchan aruch\newtry\OC_Mobile\oc318-mobile-reader\public\corpus\oc1\siman1\seif-001\biur-halacha\en.html,source_txt_block,temp OC_001 source output,C:\Users\binya\Documents\shulchan-yd-temp\newtry\OC_001\output\siman_001\biur-halacha\part-001.txt,true,possibly_clean,yes,"May he be the waker of the dawn - it is very correct to be careful to say first of all the 3rd prayers of confession of the Lord enlightened in Jerusalem 5th the dawn prayer, that is, at dawn I thank you 4th OA that you ",C:\Users\binya\Documents\Shulchan aruch\newtry\OC_Mobile\oc318-mobile-reader\public\corpus\oc1\siman1\seif-001\biur-halacha\he.html,"<b> שיהא הוא מעורר השחר</b> - נכון מאד ליזהר לומר קודם כל ג' תפלות הודאת היה""ר המבואר בירושלמי פ' תפלת השחר דהיינו בשחרית מודה אני לפניך ד' או""א שהוצאתני מאפלה לאורה. ובמנחה מודה אני וכו' שכשם שזיכיתני לראות כשהחמה במזרח כך זכיתי לראותה במערב. בערבית יה""ר כו' כשם שהייתי באפילה והוצאתני לאורה כן תוציאני מאפילה לאורה: | <b> הוא כלל גדול בתורה וכו'</b> - הרוצה לקיים שויתי כראוי יזדרז לקיים מה שנכתוב בשם ספר החינוך ומפני גודל חביבותם העתיקום כמה גדולים בספריהם וז""ל החינוך [בהקדמתו ובסימן כ""ה כ""ו תי""ז תי""ח תל""ב שפ""ז] שש מצות חיובן תמידי לא יפסקו מעל האדם אפילו רגע אחד כל ימיו וכל זמן וכל רגע שיחשוב בהן קיים מ""ע ואין קץ למתן שכר המצות ואלו הם. | א) להאמין שיש אלוה אחד בעולם שהמציא כל הנמצאות ומחפצו ורצונו הוא כל מה שהוא עכשיו ושהיה ושיהיה לעדי עד ושהוא הוציאנו ממצרים ונתן לנו התורה וזהו מ""ע דכתיב אנכי ה' אלהיך אשר הוצאתיך וגו' ופירושו תדעו ותאמינו שיש לעולם אלוה המשגיח שהרי הוצאתיך מארץ מצרים. ב) שלא נאמין בשום אלהים זולתו שנאמר לא יהיה לך אלהים אחרים על פני ואפילו מודה שהקב""ה שולט על הכל רק שידמה בדעתו שמסר הנהגת העולם למלאך או לכוכב ה""ז מודה בע""ז ועובר על לא יהיה לך אלהים אחרים על פני אלא יאמין שהקב""ה בעצמו ובכבודו משגיח בכל העולמות ואין לשום נברא כח לעשות דבר בלתי רצונו ולכן נקרא הקב""ה אלהי האלהים. ג) לייחדו שנא' שמע ישראל ה' אלהינו ה' אחד ופירושו שמע ישראל ודע כי ה' שהווה את הכל ברצונו והוא אלהינו המשגיח בכל העולמות הוא ה' אחד בלי שום שיתוף. ד). לאהוב המקום ב""ה שנאמר ואהבת את ה' אלהיך וגו' וכיצד יגיע האדם לאהבה הוא ע""י התורה וכדאיתא בספרי לפי שנאמר ואהבת איני יודע כיצד לאהוב את המקום ת""ל והיו הדברים האלה אשר אנכי מצוך היום על לבבך שמתוך כך אתה מכיר את מי שאמר והיה העולם כלומר שע""י ההתבוננות בתורה יכיר את גדולתו של הקב""ה שאין לו ערך ולא קץ ותתיישב האהבה בלבו בהכרח. וענין המצוה שיראה האדם להשים כל מגמתו וכל מחשבתו אחר אהבת הש""י ויעריך בלבו כי כל מה שיש בעולם מעושר ובנים וכבוד הכל הוא כאין נגד אהבתו ית' וייגע תמיד בבקשת חכמת התורה למען ישיג ידיעה בה'. והקובע את מחשבתו בעניינים הגשמיים ובהבלי העולם שלא לש""ש רק להתענג ולהשיג כבוד ביטל עשה זו ועונשו גדול. ה). להיות יראת הש""י על פניו תמיד לבלתי יחטא וע""ז נאמר את ה' אלהיך תירא ומי שבא דבר עבירה לידו חייב להעיר רוחו ולתת אל לבו באותו הפרק שהקב""ה משגיח בכל מעשי בני אדם אף אם יהיו במחשך מעשיהם וישיב להם נקם לפי רוע המעשה וכדכתיב אם יסתר איש במסתרים ואני לא אראנו נאום ה' וגו'. ו). שלא נתור אחר מחשבת הלב וראיית העינים שנאמר ולא תתורו אחרי לבבכם וגו' ואמרו חכמים אחרי לבבכם זו אפיקורסות ואחרי עיניכם זו זנות ובכלל אפיקורסות הוא כל מחשבות זרות שהם היפך דעת התורה ובכלל זנות הוא מי שהוא רודף אחר תאות העולם מבלי שיכוין בהם כלל לכוונה טובה כלומר שלא יעשה אותם כדי שיעמוד בריא ויוכל להשתדל בעבודת בוראו רק כוונתו תמיד להרבות תענוגים גדולים לנפשו. | כ""ז לקטתי מלשונו הנחמד בקצרה וקילורין הם לעינים ואשרי המקיימם כראוי ועיין בח""א כלל א' שהאריך ג""כ בהם: | <b> ולא יתבייש וכו'</b> - עיין במ""ב בשם הב""י. דע דהב""י לא איירי כ""א במצוה שהוא עושה לעצמו ובני אדם מלעיגים עליו אז בודאי אין לו לחוש כלל ללעגם ולא יתקוטט עמהם אבל אם הוא עומד במקום שיש אפיקורסים המתקוממים על התורה ורוצים לעשות איזה תקנות בעניני העיר ועי""ז יעבירו את העם מרצון ה' ופתח בשלום ולא נשמעו דבריו בכגון זה לא דיבר הב""י מאומה ומצוה לשנאתם ולהתקוטט עמהם ולהפר עצתם בכל מה שיוכל ודהמע""ה אמר הלא משנאיך ד' אשנא ובתקוממיך אתקוטט תכלית שנאה שנאתים וגו':"
oc1,biur-halacha,siman38,seif-008,C:\Users\binya\Documents\Shulchan aruch\newtry\OC_Mobile\oc318-mobile-reader\public\corpus\oc1\siman38\seif-008\biur-halacha\en.html,corpus_en_html,SA_Sandbox corpus mirror,C:\Users\binya\Documents\Shulchan aruch\newtry\SA_Sandbox\public\corpus\oc1\siman38\seif-008\biur-halacha\en.html,false,missing_or_empty,no,,C:\Users\binya\Documents\Shulchan aruch\newtry\OC_Mobile\oc318-mobile-reader\public\corpus\oc1\siman38\seif-008\biur-halacha\he.html,"<b> כותבי ספרים תפילין ומזוזות וכו'</b> -  כצ""ל הכי איתא בגמרא ובכל הראשונים: | <b> הם ותגריהם וכו'</b> -  עיין במשנה ברורה מש""כ בשם המ""א ולענ""ד צ""ע מב""מ דף פ""ב ע""ב מר סבר מצוה קעביד שהלוהו ומ""ס לאו מצוה קעביד שלהנאתו מתכוין ועיין ברש""י שם ד""ה במלוה צריך וכו' אפ""ה איכא מצוה עכ""ל הרי דס""ל לר""ע דהלכה כמותו דאפי' היכא שהוא מכוין להנאתו ג""כ מיקרי עוסק במצוה ופטור מלמיתב ריפתא לעניא דעי""ז הוי ש""ש ואולי דכונת הגמרא במ""ש מ""ס מצוה קעביד שהלוהו היינו שמסתמא מכוין בזה לקיים מצות בוראו ומכוין להנאתו ג""כ ור""א סבר דלהנאתו לבד מכוין וכעין מה שפירש רש""י בפסחים דף ט' ע""ב ד""ה הרי זה צ""ג וכו' ומתכוין אף וכו' ושם בע""א ד""ה וכה""ג וכו' עיי""ש אבל אם אנו יודעין שכונתו רק כדי להרויח לא מיקרי עוסק במצוה ומ""מ נ""ל דאם כונתו לשניהם בשוה מיקרי עוסק במצוה וכענין מה שפסק הא""ר בסימן תקפ""ט סק""ח דאם תקע בשופר להתלמד וגם לצאת בו ידי מצוה יצא ידי חובתו ודע עוד דלענין כתיבת סת""ם גופא כמו שמצוי שהכותב כונתו להשתכר מסתפיקנא לומר דאפ""ה מיקרי בכלל עוסק במצוה אף דלכאורה הוא היינו הך דהמ""א שהביא מפירש""י נלענ""ד לחלק אף דעי""ז יפול ממילא ג""כ הקושיא של המ""א והוא דלענין כתיבה גופא דהיא בודאי עצם מצוה כדכתיב וכתבתם ורק דאינה גמר מצוה קודם הקשירה וכדמוכח במנחות מ""א ע""ב הוא תמיד בכלל עוסק במצוה ואפילו אם אנו יודעין שעיקר התחלתו לכתוב היה רק בשביל שכר ולולי זה לא היה מתחיל מ""מ אמרינן דהשתא שכותב אין מכוין כלל רק שכותב סתם לשם מצות תפילין כדין ומה שפירש""י הלוקחין כדי להמציאן וכו' הלא רק על ותגריהם פירש וכונתו דשם הלא המסחור בעניני תפילין לא נזכר בשום מקום למצוה ואפילו אם נאמר דמה שהוא מוכר לאיזה אדם הצריך תפילין הוא בכלל עוסק במצוה עכ""פ בשעה שהוא קונה התפילין מהסופר כדי לסחור בהם אין שם לע""ע עצם פעולת המצוה כלל בהמעשה גופא והגמרא פטרן בכל גווני לכן פירש""י הלוקחין כדי להמציאן למכור למי שצריך להם ור""ל דאז ע""י מחשבתו שהוא לשם מצוה מחשיב פעולתו לעוסק במצוה משא""כ בעניני מחזיר אבידה וכתיבת סת""ם וכה""ג הפעולה גופא הוא בכלל עוסק במצוה: | <b> ואם היו וכו'</b> -  עיין בע""ת ובמ""א ובביאור הגר""א ושארי אחרונים דדעת הרמ""א לפסוק כתלמודא דידן ולא כהירושלמי ע""כ פטרו אף מק""ש ותפילה גופא ולא כהמחבר דלדידיה בכל גווני חייב בק""ש ותפילה ומשמע מע""ת ומ""א דהלכה כהרמ""א: | <b> צריכים לעשות מלאכתן וכו'</b> -  עיין במ""ב סקכ""ו שהעתקתי מלבוש לדינא וכן משמע לכאורה מלשון צריכין שכתב הרמ""א אך קשה דכיון דדעת הרמ""א הוא כשיטת הר""ן וכמו שמסיים בעצמו ולהר""ן פטור בכל גווני אם כבר התחיל לכתוב כמו שמוכח בב""י ואולי אפשר לאמר דבכה""ג שאחד רוצה לפרוש לים או לשיירא ששם לא ישיג תפילין כמה ימים מותר אפילו לכתחילה להתחיל לכתוב אפילו אחר שהגיע זמן ק""ש אפילו אם עי""ז יעבור הזמן ומ""מ לא נהירא דלמה יחוייב להכניס עצמו לזה להתחיל לכתוב או למכור להיות עליו שם עוסק במצוה ולסלק מעצמו עי""ז המ""ע דק""ש ותפילין וכדומה וכי אומרים לו לאדם חטא וכו' וצ""ע. גם מדברי המ""א סוף סק""י שכתב דכ""ז מיירי וכו' לא משמע כן אך יש לומר דהוא לא איירי בכה""ג דהלבוש ולולי דברי הלבוש היה אפשר לומר דכונת הרמ""א במה שכתב שהיו צריכין ר""ל דהסופר משער שיבוא היום לידו קונים הרבה ע""כ הוא מקדים ומזרז עצמו לזה דאל""ה מסתמא לא יעשה הסופר כן לכתוב תמיד יום ולילה שלא ישאר לו מעט פנאי לשום מצוה ואף לקבלת מ""ש ולתפילין וכן משמע בעבודת היום: | <b> אז פטורין</b> -  עיין במ""ב מש""כ בשם המ""א ובדיעבד אפילו אם התחיל באיסור אעפ""כ אין צריך להפסיק דמ""מ הרי עוסק במצוה וכדאיתא שם בסי' ע""ב דאם התחילו להוציאו אין מפסיקין ואפילו אחר שהגיע זמן ק""ש כמו שכתב הפר""ח שם: | <b> דכל העוסק וכו'</b> -  עיין בסוכה כ""ו דשלוחי מצוה כגון שהולך להקביל פני רבו או לפדות שבויים הוא ג""כ בכלל עוסק במצוה ופטור מכל המצות: | <b> אם צריך לטרוח</b> -  עיין במ""ב וכן כתב הר""ן ואף דהתוספות והרא""ש ורי""ו מחמירין בזה מ""מ משמע מהב""י והרמ""א דמסכימים להלכה להר""ן והג""א בשם או""ז מפני הראיות העצומות שהביאו לזה וכן המ""א הביא בשם הה""מ שהרמב""ם והגאונים ג""כ סוברים דפטור אפילו ביכול לקיים שתיהן וטעם הדבר כתב הר""ן לפי שכל שעוסק במלאכתו של מקום לא חייבתו תורה לטרוח ולקיים מצות אחרות אע""פ שיכול אז לקיים כמה מצות וכן החופר קבר למת פטור מכולם אע""פ שנח מעט שגם בשעת נוחו נקרא עדיין עוסק במצוה שעי""ז יתחזק כוחו לחזור ולחפור ולכן הוא פטור אז אע""פ שיכול אז לתת פרוטה לעני העומד אצלו אבל מי שלבוש בתפילין אע""פ שמקיים מצוה אינו נקרא עוסק במצוה להפטר מכל המצות אלא בשעה שלובשן אבל לא אח""כ וכן לענין משמר אבידה וכמו שכתבתי במ""ב כ""ז מתבאר מדברי הר""ן ואו""ז ומש""כ הרמ""א אבל אם וכו' בלא טורח ר""ל שאינו מוסיף טרחה כלל בשביל מצוה השניה אלא טורח אחד לשתיהן וכדרכו במצוה הראשונה יכול לצאת ידי שתיהן אז בודאי יראה לצאת ידי שתיהן דמהיות טוב אל יקרא רע כן כתב הר""ן שם ומהראיה שהביא שם ע""ז מהגמרא הדין דאל""ה לא מקשי הגמרא שם מידי ועיין:"
oc1,biur-halacha,siman38,seif-008,C:\Users\binya\Documents\Shulchan aruch\newtry\OC_Mobile\oc318-mobile-reader\public\corpus\oc1\siman38\seif-008\biur-halacha\en.html,corpus_en_html,shulchan-yd-temp corpus mirror,C:\Users\binya\Documents\shulchan-yd-temp\newtry\OC_Mobile\oc318-mobile-reader\public\corpus\oc1\siman38\seif-008\biur-halacha\en.html,true,possibly_clean,yes,"Scribes of tefillin and mezuzot, etc.—thus it is in the Gemara and all the Rishonim.<br> <br> They and their agents, etc.—see Mishnah Berurah what he wrote in the name of Magen Avraham; and in my humble opinion there is ",C:\Users\binya\Documents\Shulchan aruch\newtry\OC_Mobile\oc318-mobile-reader\public\corpus\oc1\siman38\seif-008\biur-halacha\he.html,"<b> כותבי ספרים תפילין ומזוזות וכו'</b> -  כצ""ל הכי איתא בגמרא ובכל הראשונים: | <b> הם ותגריהם וכו'</b> -  עיין במשנה ברורה מש""כ בשם המ""א ולענ""ד צ""ע מב""מ דף פ""ב ע""ב מר סבר מצוה קעביד שהלוהו ומ""ס לאו מצוה קעביד שלהנאתו מתכוין ועיין ברש""י שם ד""ה במלוה צריך וכו' אפ""ה איכא מצוה עכ""ל הרי דס""ל לר""ע דהלכה כמותו דאפי' היכא שהוא מכוין להנאתו ג""כ מיקרי עוסק במצוה ופטור מלמיתב ריפתא לעניא דעי""ז הוי ש""ש ואולי דכונת הגמרא במ""ש מ""ס מצוה קעביד שהלוהו היינו שמסתמא מכוין בזה לקיים מצות בוראו ומכוין להנאתו ג""כ ור""א סבר דלהנאתו לבד מכוין וכעין מה שפירש רש""י בפסחים דף ט' ע""ב ד""ה הרי זה צ""ג וכו' ומתכוין אף וכו' ושם בע""א ד""ה וכה""ג וכו' עיי""ש אבל אם אנו יודעין שכונתו רק כדי להרויח לא מיקרי עוסק במצוה ומ""מ נ""ל דאם כונתו לשניהם בשוה מיקרי עוסק במצוה וכענין מה שפסק הא""ר בסימן תקפ""ט סק""ח דאם תקע בשופר להתלמד וגם לצאת בו ידי מצוה יצא ידי חובתו ודע עוד דלענין כתיבת סת""ם גופא כמו שמצוי שהכותב כונתו להשתכר מסתפיקנא לומר דאפ""ה מיקרי בכלל עוסק במצוה אף דלכאורה הוא היינו הך דהמ""א שהביא מפירש""י נלענ""ד לחלק אף דעי""ז יפול ממילא ג""כ הקושיא של המ""א והוא דלענין כתיבה גופא דהיא בודאי עצם מצוה כדכתיב וכתבתם ורק דאינה גמר מצוה קודם הקשירה וכדמוכח במנחות מ""א ע""ב הוא תמיד בכלל עוסק במצוה ואפילו אם אנו יודעין שעיקר התחלתו לכתוב היה רק בשביל שכר ולולי זה לא היה מתחיל מ""מ אמרינן דהשתא שכותב אין מכוין כלל רק שכותב סתם לשם מצות תפילין כדין ומה שפירש""י הלוקחין כדי להמציאן וכו' הלא רק על ותגריהם פירש וכונתו דשם הלא המסחור בעניני תפילין לא נזכר בשום מקום למצוה ואפילו אם נאמר דמה שהוא מוכר לאיזה אדם הצריך תפילין הוא בכלל עוסק במצוה עכ""פ בשעה שהוא קונה התפילין מהסופר כדי לסחור בהם אין שם לע""ע עצם פעולת המצוה כלל בהמעשה גופא והגמרא פטרן בכל גווני לכן פירש""י הלוקחין כדי להמציאן למכור למי שצריך להם ור""ל דאז ע""י מחשבתו שהוא לשם מצוה מחשיב פעולתו לעוסק במצוה משא""כ בעניני מחזיר אבידה וכתיבת סת""ם וכה""ג הפעולה גופא הוא בכלל עוסק במצוה: | <b> ואם היו וכו'</b> -  עיין בע""ת ובמ""א ובביאור הגר""א ושארי אחרונים דדעת הרמ""א לפסוק כתלמודא דידן ולא כהירושלמי ע""כ פטרו אף מק""ש ותפילה גופא ולא כהמחבר דלדידיה בכל גווני חייב בק""ש ותפילה ומשמע מע""ת ומ""א דהלכה כהרמ""א: | <b> צריכים לעשות מלאכתן וכו'</b> -  עיין במ""ב סקכ""ו שהעתקתי מלבוש לדינא וכן משמע לכאורה מלשון צריכין שכתב הרמ""א אך קשה דכיון דדעת הרמ""א הוא כשיטת הר""ן וכמו שמסיים בעצמו ולהר""ן פטור בכל גווני אם כבר התחיל לכתוב כמו שמוכח בב""י ואולי אפשר לאמר דבכה""ג שאחד רוצה לפרוש לים או לשיירא ששם לא ישיג תפילין כמה ימים מותר אפילו לכתחילה להתחיל לכתוב אפילו אחר שהגיע זמן ק""ש אפילו אם עי""ז יעבור הזמן ומ""מ לא נהירא דלמה יחוייב להכניס עצמו לזה להתחיל לכתוב או למכור להיות עליו שם עוסק במצוה ולסלק מעצמו עי""ז המ""ע דק""ש ותפילין וכדומה וכי אומרים לו לאדם חטא וכו' וצ""ע. גם מדברי המ""א סוף סק""י שכתב דכ""ז מיירי וכו' לא משמע כן אך יש לומר דהוא לא איירי בכה""ג דהלבוש ולולי דברי הלבוש היה אפשר לומר דכונת הרמ""א במה שכתב שהיו צריכין ר""ל דהסופר משער שיבוא היום לידו קונים הרבה ע""כ הוא מקדים ומזרז עצמו לזה דאל""ה מסתמא לא יעשה הסופר כן לכתוב תמיד יום ולילה שלא ישאר לו מעט פנאי לשום מצוה ואף לקבלת מ""ש ולתפילין וכן משמע בעבודת היום: | <b> אז פטורין</b> -  עיין במ""ב מש""כ בשם המ""א ובדיעבד אפילו אם התחיל באיסור אעפ""כ אין צריך להפסיק דמ""מ הרי עוסק במצוה וכדאיתא שם בסי' ע""ב דאם התחילו להוציאו אין מפסיקין ואפילו אחר שהגיע זמן ק""ש כמו שכתב הפר""ח שם: | <b> דכל העוסק וכו'</b> -  עיין בסוכה כ""ו דשלוחי מצוה כגון שהולך להקביל פני רבו או לפדות שבויים הוא ג""כ בכלל עוסק במצוה ופטור מכל המצות: | <b> אם צריך לטרוח</b> -  עיין במ""ב וכן כתב הר""ן ואף דהתוספות והרא""ש ורי""ו מחמירין בזה מ""מ משמע מהב""י והרמ""א דמסכימים להלכה להר""ן והג""א בשם או""ז מפני הראיות העצומות שהביאו לזה וכן המ""א הביא בשם הה""מ שהרמב""ם והגאונים ג""כ סוברים דפטור אפילו ביכול לקיים שתיהן וטעם הדבר כתב הר""ן לפי שכל שעוסק במלאכתו של מקום לא חייבתו תורה לטרוח ולקיים מצות אחרות אע""פ שיכול אז לקיים כמה מצות וכן החופר קבר למת פטור מכולם אע""פ שנח מעט שגם בשעת נוחו נקרא עדיין עוסק במצוה שעי""ז יתחזק כוחו לחזור ולחפור ולכן הוא פטור אז אע""פ שיכול אז לתת פרוטה לעני העומד אצלו אבל מי שלבוש בתפילין אע""פ שמקיים מצוה אינו נקרא עוסק במצוה להפטר מכל המצות אלא בשעה שלובשן אבל לא אח""כ וכן לענין משמר אבידה וכמו שכתבתי במ""ב כ""ז מתבאר מדברי הר""ן ואו""ז ומש""כ הרמ""א אבל אם וכו' בלא טורח ר""ל שאינו מוסיף טרחה כלל בשביל מצוה השניה אלא טורח אחד לשתיהן וכדרכו במצוה הראשונה יכול לצאת ידי שתיהן אז בודאי יראה לצאת ידי שתיהן דמהיות טוב אל יקרא רע כן כתב הר""ן שם ומהראיה שהביא שם ע""ז מהגמרא הדין דאל""ה לא מקשי הגמרא שם מידי ועיין:"
oc1,biur-halacha,siman38,seif-008,C:\Users\binya\Documents\Shulchan aruch\newtry\OC_Mobile\oc318-mobile-reader\public\corpus\oc1\siman38\seif-008\biur-halacha\en.html,source_txt_block,current OC_001 source output,C:\Users\binya\Documents\Shulchan aruch\newtry\OC_001\output\siman_038\biur-halacha\part-001.txt,true,possibly_clean,yes,"Writers of books, tefillin and mezuzot, etc.",C:\Users\binya\Documents\Shulchan aruch\newtry\OC_Mobile\oc318-mobile-reader\public\corpus\oc1\siman38\seif-008\biur-halacha\he.html,"<b> כותבי ספרים תפילין ומזוזות וכו'</b> -  כצ""ל הכי איתא בגמרא ובכל הראשונים: | <b> הם ותגריהם וכו'</b> -  עיין במשנה ברורה מש""כ בשם המ""א ולענ""ד צ""ע מב""מ דף פ""ב ע""ב מר סבר מצוה קעביד שהלוהו ומ""ס לאו מצוה קעביד שלהנאתו מתכוין ועיין ברש""י שם ד""ה במלוה צריך וכו' אפ""ה איכא מצוה עכ""ל הרי דס""ל לר""ע דהלכה כמותו דאפי' היכא שהוא מכוין להנאתו ג""כ מיקרי עוסק במצוה ופטור מלמיתב ריפתא לעניא דעי""ז הוי ש""ש ואולי דכונת הגמרא במ""ש מ""ס מצוה קעביד שהלוהו היינו שמסתמא מכוין בזה לקיים מצות בוראו ומכוין להנאתו ג""כ ור""א סבר דלהנאתו לבד מכוין וכעין מה שפירש רש""י בפסחים דף ט' ע""ב ד""ה הרי זה צ""ג וכו' ומתכוין אף וכו' ושם בע""א ד""ה וכה""ג וכו' עיי""ש אבל אם אנו יודעין שכונתו רק כדי להרויח לא מיקרי עוסק במצוה ומ""מ נ""ל דאם כונתו לשניהם בשוה מיקרי עוסק במצוה וכענין מה שפסק הא""ר בסימן תקפ""ט סק""ח דאם תקע בשופר להתלמד וגם לצאת בו ידי מצוה יצא ידי חובתו ודע עוד דלענין כתיבת סת""ם גופא כמו שמצוי שהכותב כונתו להשתכר מסתפיקנא לומר דאפ""ה מיקרי בכלל עוסק במצוה אף דלכאורה הוא היינו הך דהמ""א שהביא מפירש""י נלענ""ד לחלק אף דעי""ז יפול ממילא ג""כ הקושיא של המ""א והוא דלענין כתיבה גופא דהיא בודאי עצם מצוה כדכתיב וכתבתם ורק דאינה גמר מצוה קודם הקשירה וכדמוכח במנחות מ""א ע""ב הוא תמיד בכלל עוסק במצוה ואפילו אם אנו יודעין שעיקר התחלתו לכתוב היה רק בשביל שכר ולולי זה לא היה מתחיל מ""מ אמרינן דהשתא שכותב אין מכוין כלל רק שכותב סתם לשם מצות תפילין כדין ומה שפירש""י הלוקחין כדי להמציאן וכו' הלא רק על ותגריהם פירש וכונתו דשם הלא המסחור בעניני תפילין לא נזכר בשום מקום למצוה ואפילו אם נאמר דמה שהוא מוכר לאיזה אדם הצריך תפילין הוא בכלל עוסק במצוה עכ""פ בשעה שהוא קונה התפילין מהסופר כדי לסחור בהם אין שם לע""ע עצם פעולת המצוה כלל בהמעשה גופא והגמרא פטרן בכל גווני לכן פירש""י הלוקחין כדי להמציאן למכור למי שצריך להם ור""ל דאז ע""י מחשבתו שהוא לשם מצוה מחשיב פעולתו לעוסק במצוה משא""כ בעניני מחזיר אבידה וכתיבת סת""ם וכה""ג הפעולה גופא הוא בכלל עוסק במצוה: | <b> ואם היו וכו'</b> -  עיין בע""ת ובמ""א ובביאור הגר""א ושארי אחרונים דדעת הרמ""א לפסוק כתלמודא דידן ולא כהירושלמי ע""כ פטרו אף מק""ש ותפילה גופא ולא כהמחבר דלדידיה בכל גווני חייב בק""ש ותפילה ומשמע מע""ת ומ""א דהלכה כהרמ""א: | <b> צריכים לעשות מלאכתן וכו'</b> -  עיין במ""ב סקכ""ו שהעתקתי מלבוש לדינא וכן משמע לכאורה מלשון צריכין שכתב הרמ""א אך קשה דכיון דדעת הרמ""א הוא כשיטת הר""ן וכמו שמסיים בעצמו ולהר""ן פטור בכל גווני אם כבר התחיל לכתוב כמו שמוכח בב""י ואולי אפשר לאמר דבכה""ג שאחד רוצה לפרוש לים או לשיירא ששם לא ישיג תפילין כמה ימים מותר אפילו לכתחילה להתחיל לכתוב אפילו אחר שהגיע זמן ק""ש אפילו אם עי""ז יעבור הזמן ומ""מ לא נהירא דלמה יחוייב להכניס עצמו לזה להתחיל לכתוב או למכור להיות עליו שם עוסק במצוה ולסלק מעצמו עי""ז המ""ע דק""ש ותפילין וכדומה וכי אומרים לו לאדם חטא וכו' וצ""ע. גם מדברי המ""א סוף סק""י שכתב דכ""ז מיירי וכו' לא משמע כן אך יש לומר דהוא לא איירי בכה""ג דהלבוש ולולי דברי הלבוש היה אפשר לומר דכונת הרמ""א במה שכתב שהיו צריכין ר""ל דהסופר משער שיבוא היום לידו קונים הרבה ע""כ הוא מקדים ומזרז עצמו לזה דאל""ה מסתמא לא יעשה הסופר כן לכתוב תמיד יום ולילה שלא ישאר לו מעט פנאי לשום מצוה ואף לקבלת מ""ש ולתפילין וכן משמע בעבודת היום: | <b> אז פטורין</b> -  עיין במ""ב מש""כ בשם המ""א ובדיעבד אפילו אם התחיל באיסור אעפ""כ אין צריך להפסיק דמ""מ הרי עוסק במצוה וכדאיתא שם בסי' ע""ב דאם התחילו להוציאו אין מפסיקין ואפילו אחר שהגיע זמן ק""ש כמו שכתב הפר""ח שם: | <b> דכל העוסק וכו'</b> -  עיין בסוכה כ""ו דשלוחי מצוה כגון שהולך להקביל פני רבו או לפדות שבויים הוא ג""כ בכלל עוסק במצוה ופטור מכל המצות: | <b> אם צריך לטרוח</b> -  עיין במ""ב וכן כתב הר""ן ואף דהתוספות והרא""ש ורי""ו מחמירין בזה מ""מ משמע מהב""י והרמ""א דמסכימים להלכה להר""ן והג""א בשם או""ז מפני הראיות העצומות שהביאו לזה וכן המ""א הביא בשם הה""מ שהרמב""ם והגאונים ג""כ סוברים דפטור אפילו ביכול לקיים שתיהן וטעם הדבר כתב הר""ן לפי שכל שעוסק במלאכתו של מקום לא חייבתו תורה לטרוח ולקיים מצות אחרות אע""פ שיכול אז לקיים כמה מצות וכן החופר קבר למת פטור מכולם אע""פ שנח מעט שגם בשעת נוחו נקרא עדיין עוסק במצוה שעי""ז יתחזק כוחו לחזור ולחפור ולכן הוא פטור אז אע""פ שיכול אז לתת פרוטה לעני העומד אצלו אבל מי שלבוש בתפילין אע""פ שמקיים מצוה אינו נקרא עוסק במצוה להפטר מכל המצות אלא בשעה שלובשן אבל לא אח""כ וכן לענין משמר אבידה וכמו שכתבתי במ""ב כ""ז מתבאר מדברי הר""ן ואו""ז ומש""כ הרמ""א אבל אם וכו' בלא טורח ר""ל שאינו מוסיף טרחה כלל בשביל מצוה השניה אלא טורח אחד לשתיהן וכדרכו במצוה הראשונה יכול לצאת ידי שתיהן אז בודאי יראה לצאת ידי שתיהן דמהיות טוב אל יקרא רע כן כתב הר""ן שם ומהראיה שהביא שם ע""ז מהגמרא הדין דאל""ה לא מקשי הגמרא שם מידי ועיין:"
oc1,biur-halacha,siman38,seif-008,C:\Users\binya\Documents\Shulchan aruch\newtry\OC_Mobile\oc318-mobile-reader\public\corpus\oc1\siman38\seif-008\biur-halacha\en.html,source_txt_block,temp OC_001 source output,C:\Users\binya\Documents\shulchan-yd-temp\newtry\OC_001\output\siman_038\biur-halacha\part-001.txt,true,possibly_clean,yes,"Writers of books, tefillin and mezuzot, etc.",C:\Users\binya\Documents\Shulchan aruch\newtry\OC_Mobile\oc318-mobile-reader\public\corpus\oc1\siman38\seif-008\biur-halacha\he.html,"<b> כותבי ספרים תפילין ומזוזות וכו'</b> -  כצ""ל הכי איתא בגמרא ובכל הראשונים: | <b> הם ותגריהם וכו'</b> -  עיין במשנה ברורה מש""כ בשם המ""א ולענ""ד צ""ע מב""מ דף פ""ב ע""ב מר סבר מצוה קעביד שהלוהו ומ""ס לאו מצוה קעביד שלהנאתו מתכוין ועיין ברש""י שם ד""ה במלוה צריך וכו' אפ""ה איכא מצוה עכ""ל הרי דס""ל לר""ע דהלכה כמותו דאפי' היכא שהוא מכוין להנאתו ג""כ מיקרי עוסק במצוה ופטור מלמיתב ריפתא לעניא דעי""ז הוי ש""ש ואולי דכונת הגמרא במ""ש מ""ס מצוה קעביד שהלוהו היינו שמסתמא מכוין בזה לקיים מצות בוראו ומכוין להנאתו ג""כ ור""א סבר דלהנאתו לבד מכוין וכעין מה שפירש רש""י בפסחים דף ט' ע""ב ד""ה הרי זה צ""ג וכו' ומתכוין אף וכו' ושם בע""א ד""ה וכה""ג וכו' עיי""ש אבל אם אנו יודעין שכונתו רק כדי להרויח לא מיקרי עוסק במצוה ומ""מ נ""ל דאם כונתו לשניהם בשוה מיקרי עוסק במצוה וכענין מה שפסק הא""ר בסימן תקפ""ט סק""ח דאם תקע בשופר להתלמד וגם לצאת בו ידי מצוה יצא ידי חובתו ודע עוד דלענין כתיבת סת""ם גופא כמו שמצוי שהכותב כונתו להשתכר מסתפיקנא לומר דאפ""ה מיקרי בכלל עוסק במצוה אף דלכאורה הוא היינו הך דהמ""א שהביא מפירש""י נלענ""ד לחלק אף דעי""ז יפול ממילא ג""כ הקושיא של המ""א והוא דלענין כתיבה גופא דהיא בודאי עצם מצוה כדכתיב וכתבתם ורק דאינה גמר מצוה קודם הקשירה וכדמוכח במנחות מ""א ע""ב הוא תמיד בכלל עוסק במצוה ואפילו אם אנו יודעין שעיקר התחלתו לכתוב היה רק בשביל שכר ולולי זה לא היה מתחיל מ""מ אמרינן דהשתא שכותב אין מכוין כלל רק שכותב סתם לשם מצות תפילין כדין ומה שפירש""י הלוקחין כדי להמציאן וכו' הלא רק על ותגריהם פירש וכונתו דשם הלא המסחור בעניני תפילין לא נזכר בשום מקום למצוה ואפילו אם נאמר דמה שהוא מוכר לאיזה אדם הצריך תפילין הוא בכלל עוסק במצוה עכ""פ בשעה שהוא קונה התפילין מהסופר כדי לסחור בהם אין שם לע""ע עצם פעולת המצוה כלל בהמעשה גופא והגמרא פטרן בכל גווני לכן פירש""י הלוקחין כדי להמציאן למכור למי שצריך להם ור""ל דאז ע""י מחשבתו שהוא לשם מצוה מחשיב פעולתו לעוסק במצוה משא""כ בעניני מחזיר אבידה וכתיבת סת""ם וכה""ג הפעולה גופא הוא בכלל עוסק במצוה: | <b> ואם היו וכו'</b> -  עיין בע""ת ובמ""א ובביאור הגר""א ושארי אחרונים דדעת הרמ""א לפסוק כתלמודא דידן ולא כהירושלמי ע""כ פטרו אף מק""ש ותפילה גופא ולא כהמחבר דלדידיה בכל גווני חייב בק""ש ותפילה ומשמע מע""ת ומ""א דהלכה כהרמ""א: | <b> צריכים לעשות מלאכתן וכו'</b> -  עיין במ""ב סקכ""ו שהעתקתי מלבוש לדינא וכן משמע לכאורה מלשון צריכין שכתב הרמ""א אך קשה דכיון דדעת הרמ""א הוא כשיטת הר""ן וכמו שמסיים בעצמו ולהר""ן פטור בכל גווני אם כבר התחיל לכתוב כמו שמוכח בב""י ואולי אפשר לאמר דבכה""ג שאחד רוצה לפרוש לים או לשיירא ששם לא ישיג תפילין כמה ימים מותר אפילו לכתחילה להתחיל לכתוב אפילו אחר שהגיע זמן ק""ש אפילו אם עי""ז יעבור הזמן ומ""מ לא נהירא דלמה יחוייב להכניס עצמו לזה להתחיל לכתוב או למכור להיות עליו שם עוסק במצוה ולסלק מעצמו עי""ז המ""ע דק""ש ותפילין וכדומה וכי אומרים לו לאדם חטא וכו' וצ""ע. גם מדברי המ""א סוף סק""י שכתב דכ""ז מיירי וכו' לא משמע כן אך יש לומר דהוא לא איירי בכה""ג דהלבוש ולולי דברי הלבוש היה אפשר לומר דכונת הרמ""א במה שכתב שהיו צריכין ר""ל דהסופר משער שיבוא היום לידו קונים הרבה ע""כ הוא מקדים ומזרז עצמו לזה דאל""ה מסתמא לא יעשה הסופר כן לכתוב תמיד יום ולילה שלא ישאר לו מעט פנאי לשום מצוה ואף לקבלת מ""ש ולתפילין וכן משמע בעבודת היום: | <b> אז פטורין</b> -  עיין במ""ב מש""כ בשם המ""א ובדיעבד אפילו אם התחיל באיסור אעפ""כ אין צריך להפסיק דמ""מ הרי עוסק במצוה וכדאיתא שם בסי' ע""ב דאם התחילו להוציאו אין מפסיקין ואפילו אחר שהגיע זמן ק""ש כמו שכתב הפר""ח שם: | <b> דכל העוסק וכו'</b> -  עיין בסוכה כ""ו דשלוחי מצוה כגון שהולך להקביל פני רבו או לפדות שבויים הוא ג""כ בכלל עוסק במצוה ופטור מכל המצות: | <b> אם צריך לטרוח</b> -  עיין במ""ב וכן כתב הר""ן ואף דהתוספות והרא""ש ורי""ו מחמירין בזה מ""מ משמע מהב""י והרמ""א דמסכימים להלכה להר""ן והג""א בשם או""ז מפני הראיות העצומות שהביאו לזה וכן המ""א הביא בשם הה""מ שהרמב""ם והגאונים ג""כ סוברים דפטור אפילו ביכול לקיים שתיהן וטעם הדבר כתב הר""ן לפי שכל שעוסק במלאכתו של מקום לא חייבתו תורה לטרוח ולקיים מצות אחרות אע""פ שיכול אז לקיים כמה מצות וכן החופר קבר למת פטור מכולם אע""פ שנח מעט שגם בשעת נוחו נקרא עדיין עוסק במצוה שעי""ז יתחזק כוחו לחזור ולחפור ולכן הוא פטור אז אע""פ שיכול אז לתת פרוטה לעני העומד אצלו אבל מי שלבוש בתפילין אע""פ שמקיים מצוה אינו נקרא עוסק במצוה להפטר מכל המצות אלא בשעה שלובשן אבל לא אח""כ וכן לענין משמר אבידה וכמו שכתבתי במ""ב כ""ז מתבאר מדברי הר""ן ואו""ז ומש""כ הרמ""א אבל אם וכו' בלא טורח ר""ל שאינו מוסיף טרחה כלל בשביל מצוה השניה אלא טורח אחד לשתיהן וכדרכו במצוה הראשונה יכול לצאת ידי שתיהן אז בודאי יראה לצאת ידי שתיהן דמהיות טוב אל יקרא רע כן כתב הר""ן שם ומהראיה שהביא שם ע""ז מהגמרא הדין דאל""ה לא מקשי הגמרא שם מידי ועיין:"
oc1,biur-halacha,siman135,seif-001,C:\Users\binya\Documents\Shulchan aruch\newtry\OC_Mobile\oc318-mobile-reader\public\corpus\oc1\siman135\seif-001\biur-halacha\en.html,corpus_en_html,SA_Sandbox corpus mirror,C:\Users\binya\Documents\Shulchan aruch\newtry\SA_Sandbox\public\corpus\oc1\siman135\seif-001\biur-halacha\en.html,false,missing_or_empty,no,,C:\Users\binya\Documents\Shulchan aruch\newtry\OC_Mobile\oc318-mobile-reader\public\corpus\oc1\siman135\seif-001\biur-halacha\he.html,
oc1,biur-halacha,siman135,seif-001,C:\Users\binya\Documents\Shulchan aruch\newtry\OC_Mobile\oc318-mobile-reader\public\corpus\oc1\siman135\seif-001\biur-halacha\en.html,corpus_en_html,shulchan-yd-temp corpus mirror,C:\Users\binya\Documents\shulchan-yd-temp\newtry\OC_Mobile\oc318-mobile-reader\public\corpus\oc1\siman135\seif-001\biur-halacha\en.html,true,likely_garbage,no,"<b>He should awaken at dawn</b> — It is very proper to be careful, before each of the three prayers, to say the acknowledgments and “May it be Your will” formulas explained in Yerushalmi Tefillas HaShachar: for Shacharis",C:\Users\binya\Documents\Shulchan aruch\newtry\OC_Mobile\oc318-mobile-reader\public\corpus\oc1\siman135\seif-001\biur-halacha\he.html,
oc1,biur-halacha,siman135,seif-001,C:\Users\binya\Documents\Shulchan aruch\newtry\OC_Mobile\oc318-mobile-reader\public\corpus\oc1\siman135\seif-001\biur-halacha\en.html,source_txt_block,current OC_001 source output,C:\Users\binya\Documents\Shulchan aruch\newtry\OC_001\output\siman_135\biur-halacha\part-001.txt,true,missing_or_empty,no,,C:\Users\binya\Documents\Shulchan aruch\newtry\OC_Mobile\oc318-mobile-reader\public\corpus\oc1\siman135\seif-001\biur-halacha\he.html,
oc1,biur-halacha,siman135,seif-001,C:\Users\binya\Documents\Shulchan aruch\newtry\OC_Mobile\oc318-mobile-reader\public\corpus\oc1\siman135\seif-001\biur-halacha\en.html,source_txt_block,temp OC_001 source output,C:\Users\binya\Documents\shulchan-yd-temp\newtry\OC_001\output\siman_135\biur-halacha\part-001.txt,true,missing_or_empty,no,,C:\Users\binya\Documents\Shulchan aruch\newtry\OC_Mobile\oc318-mobile-reader\public\corpus\oc1\siman135\seif-001\biur-halacha\he.html,
oc1,biur-halacha,siman137,seif-001,C:\Users\binya\Documents\Shulchan aruch\newtry\OC_Mobile\oc318-mobile-reader\public\corpus\oc1\siman137\seif-001\biur-halacha\en.html,corpus_en_html,SA_Sandbox corpus mirror,C:\Users\binya\Documents\Shulchan aruch\newtry\SA_Sandbox\public\corpus\oc1\siman137\seif-001\biur-halacha\en.html,false,missing_or_empty,no,,C:\Users\binya\Documents\Shulchan aruch\newtry\OC_Mobile\oc318-mobile-reader\public\corpus\oc1\siman137\seif-001\biur-halacha\he.html,
oc1,biur-halacha,siman137,seif-001,C:\Users\binya\Documents\Shulchan aruch\newtry\OC_Mobile\oc318-mobile-reader\public\corpus\oc1\siman137\seif-001\biur-halacha\en.html,corpus_en_html,shulchan-yd-temp corpus mirror,C:\Users\binya\Documents\shulchan-yd-temp\newtry\OC_Mobile\oc318-mobile-reader\public\corpus\oc1\siman137\seif-001\biur-halacha\en.html,true,likely_garbage,no,"<b>He should awaken at dawn</b> — It is very proper to be careful, before each of the three prayers, to say the acknowledgments and “May it be Your will” formulas explained in Yerushalmi Tefillas HaShachar: for Shacharis",C:\Users\binya\Documents\Shulchan aruch\newtry\OC_Mobile\oc318-mobile-reader\public\corpus\oc1\siman137\seif-001\biur-halacha\he.html,
oc1,biur-halacha,siman137,seif-001,C:\Users\binya\Documents\Shulchan aruch\newtry\OC_Mobile\oc318-mobile-reader\public\corpus\oc1\siman137\seif-001\biur-halacha\en.html,source_txt_block,current OC_001 source output,C:\Users\binya\Documents\Shulchan aruch\newtry\OC_001\output\siman_137\biur-halacha\part-001.txt,true,missing_or_empty,no,,C:\Users\binya\Documents\Shulchan aruch\newtry\OC_Mobile\oc318-mobile-reader\public\corpus\oc1\siman137\seif-001\biur-halacha\he.html,
oc1,biur-halacha,siman137,seif-001,C:\Users\binya\Documents\Shulchan aruch\newtry\OC_Mobile\oc318-mobile-reader\public\corpus\oc1\siman137\seif-001\biur-halacha\en.html,source_txt_block,temp OC_001 source output,C:\Users\binya\Documents\shulchan-yd-temp\newtry\OC_001\output\siman_137\biur-halacha\part-001.txt,true,missing_or_empty,no,,C:\Users\binya\Documents\Shulchan aruch\newtry\OC_Mobile\oc318-mobile-reader\public\corpus\oc1\siman137\seif-001\biur-halacha\he.html,
oc1,biur-halacha,siman277,seif-003,C:\Users\binya\Documents\Shulchan aruch\newtry\OC_Mobile\oc318-mobile-reader\public\corpus\oc1\siman277\seif-003\biur-halacha\en.html,corpus_en_html,SA_Sandbox corpus mirror,C:\Users\binya\Documents\Shulchan aruch\newtry\SA_Sandbox\public\corpus\oc1\siman277\seif-003\biur-halacha\en.html,false,missing_or_empty,no,,C:\Users\binya\Documents\Shulchan aruch\newtry\OC_Mobile\oc318-mobile-reader\public\corpus\oc1\siman277\seif-003\biur-halacha\he.html,"<b> על הטבלא</b> -  עיין במ""ב מש""כ דה""ה בכ""ז לענין השלחן עם הנרות ואף דא""ר בשם הפרישה הביא דשלחן חשוב ולא נעשה בסיס לנר בכל גווני לא סתמתי כן כי מהב""ח והט""ז והמ""א ושארי הרבה אחרונים משמע דלא סברי כן. ולפלא על הבאה""ט שהעתיק מא""ז דה""ה שיש לטלטל מה שקורין שטענדער אף שנר שעוה דולק עליו דהלא כתב שם הא""ז זה רק לסברת הפרישה והוא שהעתיק מתחלה דברי הב""ח וט""ז ומ""א לענין השלחן משמע דלא ס""ל דמשום חשיבות לא יהיה בסיס וא""כ ה""ה בזה: | <b> מנער וכו'</b> -  ואע""ג דממילא מיטלטל הנר אפ""ה שרי דהוא רק טלטול מן הצד אבל אסור לו להגביה את הטבלא עם הנר אפילו לאחר שכבה הנר אם לא דהוא צריך לו למקום הטבלא או במקום שא""א לנער משום פסידא דאז מותר להגביה הטבלא עם הנר למקום אחר [ואפילו כשהוא דולק] כיון דסוף סוף בשוכח לא נעשה בסיס כ""ז מתבאר מלקמן בסימן ש""ט ע""ש: | <b> ע""י א""י</b> -  עיין בבאור הגר""א דהטעם משום דחייש לירושלמי המחמיר בזה ומשמע מן הרמ""א דאפילו בנר של שעוה יש להחמיר שלא במקום הדחק והטעם דהוא קרוב לכבוי [ועיין בהגהת מיימוני] אבל בשכבר כלה לכו""ע מותר לנער הטבלא בשכח ולהפיל הנר ואפילו שלא בנחת: | <b> א""א שלא יקרבנו וכו'</b> -  נקט לשון קצרה ובאמת יש לסיים או שירחקנו ונמצא מכבה וכמו שהביא הרא""ש מהירושלמי ואע""ג דהוא פסיק רישיה דלא ניחא ליה דלא מהני ליה מידי בההוא כבוי דהשמן אזיל לאבוד שנשפך וכמו שכתב בהגהת מרדכי [ולאפוקי בס""א בנר שמונח אחורי הדלת דהשמן נשאר לו אחר הכבוי] וקי""ל דפטור מחטאת לכ""ע וכמו שכתב בסימן ש""כ במגן אברהם סקכ""א מ""מ אסורא איכא לרוב הפוסקים: | <b> הואיל ואינו מטלטל הנר</b> -  הלשון דחוק דהרי היא בסיס וטלטולה ג""כ אסור ועיקר ההיתר משום דגם הטבלא אינה מתטלטלת שהרי מיירי בקבועה וכמ""ש הט""ז ואפילו אם נפרש דמתיר הרמ""א אפילו בטבלא תלויה ומטעם דאפילו אם יתנדנד עי""ז מקרי טלטול מן הצד כיון דאינו מכוין לנדנוד ממש וכדמשמע בא""ז והעתקתי דבריו לעיל בסימן רס""ה בבה""ל ג""כ קשה הלשון דהיה לו לומר הואיל ואינו מטלטלה בידים ועיין בסמוך: | <b> והנרות</b> -  לפי מה שכתב הט""ז דמיירי במנורה קבועה מותר אפילו בנר של שמן אבל אם נפרש דמותר אפילו במנורה תלויה וכמו שכתבנו למעלה [[[שולחן ערוך אורח חיים שח|ומסימן ש""ח]] אין ראיה להיפך דהתם הכונה במכוין לנדנוד ממש ועיין א""ר בסימן רס""ה] ע""כ דמיירי רק בנר של שעוה דאל""ה היה אסור אפילו נגיעה בעלמא מטעם פן יבא ע""י הנגיעה לנדנוד ויטה השמן אל הפתילה ויתחייב משום מבעיר וכדלעיל בסימן רס""ה בהג""ה וכמו שכתב הא""ר בשם הנ""ץ שוב עיינתי במרדכי פרק כ""כ ומשמע שם דמיירי בקבועה כהט""ז דכתב שם שהתיר ליגע במעמד שלפני ארון הקודש וכו' ע""ש:"
oc1,biur-halacha,siman277,seif-003,C:\Users\binya\Documents\Shulchan aruch\newtry\OC_Mobile\oc318-mobile-reader\public\corpus\oc1\siman277\seif-003\biur-halacha\en.html,corpus_en_html,shulchan-yd-temp corpus mirror,C:\Users\binya\Documents\shulchan-yd-temp\newtry\OC_Mobile\oc318-mobile-reader\public\corpus\oc1\siman277\seif-003\biur-halacha\en.html,true,likely_garbage,no,(1) On the Tabla - refer to the M.B. M.S.H. 27 regarding the table with the candles and even a Dr. in the name of retirement brought an important table and we did not make a base for the candle in all its shades. And to ,C:\Users\binya\Documents\Shulchan aruch\newtry\OC_Mobile\oc318-mobile-reader\public\corpus\oc1\siman277\seif-003\biur-halacha\he.html,"<b> על הטבלא</b> -  עיין במ""ב מש""כ דה""ה בכ""ז לענין השלחן עם הנרות ואף דא""ר בשם הפרישה הביא דשלחן חשוב ולא נעשה בסיס לנר בכל גווני לא סתמתי כן כי מהב""ח והט""ז והמ""א ושארי הרבה אחרונים משמע דלא סברי כן. ולפלא על הבאה""ט שהעתיק מא""ז דה""ה שיש לטלטל מה שקורין שטענדער אף שנר שעוה דולק עליו דהלא כתב שם הא""ז זה רק לסברת הפרישה והוא שהעתיק מתחלה דברי הב""ח וט""ז ומ""א לענין השלחן משמע דלא ס""ל דמשום חשיבות לא יהיה בסיס וא""כ ה""ה בזה: | <b> מנער וכו'</b> -  ואע""ג דממילא מיטלטל הנר אפ""ה שרי דהוא רק טלטול מן הצד אבל אסור לו להגביה את הטבלא עם הנר אפילו לאחר שכבה הנר אם לא דהוא צריך לו למקום הטבלא או במקום שא""א לנער משום פסידא דאז מותר להגביה הטבלא עם הנר למקום אחר [ואפילו כשהוא דולק] כיון דסוף סוף בשוכח לא נעשה בסיס כ""ז מתבאר מלקמן בסימן ש""ט ע""ש: | <b> ע""י א""י</b> -  עיין בבאור הגר""א דהטעם משום דחייש לירושלמי המחמיר בזה ומשמע מן הרמ""א דאפילו בנר של שעוה יש להחמיר שלא במקום הדחק והטעם דהוא קרוב לכבוי [ועיין בהגהת מיימוני] אבל בשכבר כלה לכו""ע מותר לנער הטבלא בשכח ולהפיל הנר ואפילו שלא בנחת: | <b> א""א שלא יקרבנו וכו'</b> -  נקט לשון קצרה ובאמת יש לסיים או שירחקנו ונמצא מכבה וכמו שהביא הרא""ש מהירושלמי ואע""ג דהוא פסיק רישיה דלא ניחא ליה דלא מהני ליה מידי בההוא כבוי דהשמן אזיל לאבוד שנשפך וכמו שכתב בהגהת מרדכי [ולאפוקי בס""א בנר שמונח אחורי הדלת דהשמן נשאר לו אחר הכבוי] וקי""ל דפטור מחטאת לכ""ע וכמו שכתב בסימן ש""כ במגן אברהם סקכ""א מ""מ אסורא איכא לרוב הפוסקים: | <b> הואיל ואינו מטלטל הנר</b> -  הלשון דחוק דהרי היא בסיס וטלטולה ג""כ אסור ועיקר ההיתר משום דגם הטבלא אינה מתטלטלת שהרי מיירי בקבועה וכמ""ש הט""ז ואפילו אם נפרש דמתיר הרמ""א אפילו בטבלא תלויה ומטעם דאפילו אם יתנדנד עי""ז מקרי טלטול מן הצד כיון דאינו מכוין לנדנוד ממש וכדמשמע בא""ז והעתקתי דבריו לעיל בסימן רס""ה בבה""ל ג""כ קשה הלשון דהיה לו לומר הואיל ואינו מטלטלה בידים ועיין בסמוך: | <b> והנרות</b> -  לפי מה שכתב הט""ז דמיירי במנורה קבועה מותר אפילו בנר של שמן אבל אם נפרש דמותר אפילו במנורה תלויה וכמו שכתבנו למעלה [[[שולחן ערוך אורח חיים שח|ומסימן ש""ח]] אין ראיה להיפך דהתם הכונה במכוין לנדנוד ממש ועיין א""ר בסימן רס""ה] ע""כ דמיירי רק בנר של שעוה דאל""ה היה אסור אפילו נגיעה בעלמא מטעם פן יבא ע""י הנגיעה לנדנוד ויטה השמן אל הפתילה ויתחייב משום מבעיר וכדלעיל בסימן רס""ה בהג""ה וכמו שכתב הא""ר בשם הנ""ץ שוב עיינתי במרדכי פרק כ""כ ומשמע שם דמיירי בקבועה כהט""ז דכתב שם שהתיר ליגע במעמד שלפני ארון הקודש וכו' ע""ש:"
oc1,biur-halacha,siman277,seif-003,C:\Users\binya\Documents\Shulchan aruch\newtry\OC_Mobile\oc318-mobile-reader\public\corpus\oc1\siman277\seif-003\biur-halacha\en.html,source_txt_block,current OC_001 source output,C:\Users\binya\Documents\Shulchan aruch\newtry\OC_001\output\siman_277\biur-halacha\part-001.txt,true,placeholder,no,English translation pending — replace after editing this block (keep Hebrew above intact).,C:\Users\binya\Documents\Shulchan aruch\newtry\OC_Mobile\oc318-mobile-reader\public\corpus\oc1\siman277\seif-003\biur-halacha\he.html,"<b> על הטבלא</b> -  עיין במ""ב מש""כ דה""ה בכ""ז לענין השלחן עם הנרות ואף דא""ר בשם הפרישה הביא דשלחן חשוב ולא נעשה בסיס לנר בכל גווני לא סתמתי כן כי מהב""ח והט""ז והמ""א ושארי הרבה אחרונים משמע דלא סברי כן. ולפלא על הבאה""ט שהעתיק מא""ז דה""ה שיש לטלטל מה שקורין שטענדער אף שנר שעוה דולק עליו דהלא כתב שם הא""ז זה רק לסברת הפרישה והוא שהעתיק מתחלה דברי הב""ח וט""ז ומ""א לענין השלחן משמע דלא ס""ל דמשום חשיבות לא יהיה בסיס וא""כ ה""ה בזה: | <b> מנער וכו'</b> -  ואע""ג דממילא מיטלטל הנר אפ""ה שרי דהוא רק טלטול מן הצד אבל אסור לו להגביה את הטבלא עם הנר אפילו לאחר שכבה הנר אם לא דהוא צריך לו למקום הטבלא או במקום שא""א לנער משום פסידא דאז מותר להגביה הטבלא עם הנר למקום אחר [ואפילו כשהוא דולק] כיון דסוף סוף בשוכח לא נעשה בסיס כ""ז מתבאר מלקמן בסימן ש""ט ע""ש: | <b> ע""י א""י</b> -  עיין בבאור הגר""א דהטעם משום דחייש לירושלמי המחמיר בזה ומשמע מן הרמ""א דאפילו בנר של שעוה יש להחמיר שלא במקום הדחק והטעם דהוא קרוב לכבוי [ועיין בהגהת מיימוני] אבל בשכבר כלה לכו""ע מותר לנער הטבלא בשכח ולהפיל הנר ואפילו שלא בנחת: | <b> א""א שלא יקרבנו וכו'</b> -  נקט לשון קצרה ובאמת יש לסיים או שירחקנו ונמצא מכבה וכמו שהביא הרא""ש מהירושלמי ואע""ג דהוא פסיק רישיה דלא ניחא ליה דלא מהני ליה מידי בההוא כבוי דהשמן אזיל לאבוד שנשפך וכמו שכתב בהגהת מרדכי [ולאפוקי בס""א בנר שמונח אחורי הדלת דהשמן נשאר לו אחר הכבוי] וקי""ל דפטור מחטאת לכ""ע וכמו שכתב בסימן ש""כ במגן אברהם סקכ""א מ""מ אסורא איכא לרוב הפוסקים: | <b> הואיל ואינו מטלטל הנר</b> -  הלשון דחוק דהרי היא בסיס וטלטולה ג""כ אסור ועיקר ההיתר משום דגם הטבלא אינה מתטלטלת שהרי מיירי בקבועה וכמ""ש הט""ז ואפילו אם נפרש דמתיר הרמ""א אפילו בטבלא תלויה ומטעם דאפילו אם יתנדנד עי""ז מקרי טלטול מן הצד כיון דאינו מכוין לנדנוד ממש וכדמשמע בא""ז והעתקתי דבריו לעיל בסימן רס""ה בבה""ל ג""כ קשה הלשון דהיה לו לומר הואיל ואינו מטלטלה בידים ועיין בסמוך: | <b> והנרות</b> -  לפי מה שכתב הט""ז דמיירי במנורה קבועה מותר אפילו בנר של שמן אבל אם נפרש דמותר אפילו במנורה תלויה וכמו שכתבנו למעלה [[[שולחן ערוך אורח חיים שח|ומסימן ש""ח]] אין ראיה להיפך דהתם הכונה במכוין לנדנוד ממש ועיין א""ר בסימן רס""ה] ע""כ דמיירי רק בנר של שעוה דאל""ה היה אסור אפילו נגיעה בעלמא מטעם פן יבא ע""י הנגיעה לנדנוד ויטה השמן אל הפתילה ויתחייב משום מבעיר וכדלעיל בסימן רס""ה בהג""ה וכמו שכתב הא""ר בשם הנ""ץ שוב עיינתי במרדכי פרק כ""כ ומשמע שם דמיירי בקבועה כהט""ז דכתב שם שהתיר ליגע במעמד שלפני ארון הקודש וכו' ע""ש:"
oc1,biur-halacha,siman277,seif-003,C:\Users\binya\Documents\Shulchan aruch\newtry\OC_Mobile\oc318-mobile-reader\public\corpus\oc1\siman277\seif-003\biur-halacha\en.html,source_txt_block,temp OC_001 source output,C:\Users\binya\Documents\shulchan-yd-temp\newtry\OC_001\output\siman_277\biur-halacha\part-001.txt,true,placeholder,no,English translation pending — replace after editing this block (keep Hebrew above intact).,C:\Users\binya\Documents\Shulchan aruch\newtry\OC_Mobile\oc318-mobile-reader\public\corpus\oc1\siman277\seif-003\biur-halacha\he.html,"<b> על הטבלא</b> -  עיין במ""ב מש""כ דה""ה בכ""ז לענין השלחן עם הנרות ואף דא""ר בשם הפרישה הביא דשלחן חשוב ולא נעשה בסיס לנר בכל גווני לא סתמתי כן כי מהב""ח והט""ז והמ""א ושארי הרבה אחרונים משמע דלא סברי כן. ולפלא על הבאה""ט שהעתיק מא""ז דה""ה שיש לטלטל מה שקורין שטענדער אף שנר שעוה דולק עליו דהלא כתב שם הא""ז זה רק לסברת הפרישה והוא שהעתיק מתחלה דברי הב""ח וט""ז ומ""א לענין השלחן משמע דלא ס""ל דמשום חשיבות לא יהיה בסיס וא""כ ה""ה בזה: | <b> מנער וכו'</b> -  ואע""ג דממילא מיטלטל הנר אפ""ה שרי דהוא רק טלטול מן הצד אבל אסור לו להגביה את הטבלא עם הנר אפילו לאחר שכבה הנר אם לא דהוא צריך לו למקום הטבלא או במקום שא""א לנער משום פסידא דאז מותר להגביה הטבלא עם הנר למקום אחר [ואפילו כשהוא דולק] כיון דסוף סוף בשוכח לא נעשה בסיס כ""ז מתבאר מלקמן בסימן ש""ט ע""ש: | <b> ע""י א""י</b> -  עיין בבאור הגר""א דהטעם משום דחייש לירושלמי המחמיר בזה ומשמע מן הרמ""א דאפילו בנר של שעוה יש להחמיר שלא במקום הדחק והטעם דהוא קרוב לכבוי [ועיין בהגהת מיימוני] אבל בשכבר כלה לכו""ע מותר לנער הטבלא בשכח ולהפיל הנר ואפילו שלא בנחת: | <b> א""א שלא יקרבנו וכו'</b> -  נקט לשון קצרה ובאמת יש לסיים או שירחקנו ונמצא מכבה וכמו שהביא הרא""ש מהירושלמי ואע""ג דהוא פסיק רישיה דלא ניחא ליה דלא מהני ליה מידי בההוא כבוי דהשמן אזיל לאבוד שנשפך וכמו שכתב בהגהת מרדכי [ולאפוקי בס""א בנר שמונח אחורי הדלת דהשמן נשאר לו אחר הכבוי] וקי""ל דפטור מחטאת לכ""ע וכמו שכתב בסימן ש""כ במגן אברהם סקכ""א מ""מ אסורא איכא לרוב הפוסקים: | <b> הואיל ואינו מטלטל הנר</b> -  הלשון דחוק דהרי היא בסיס וטלטולה ג""כ אסור ועיקר ההיתר משום דגם הטבלא אינה מתטלטלת שהרי מיירי בקבועה וכמ""ש הט""ז ואפילו אם נפרש דמתיר הרמ""א אפילו בטבלא תלויה ומטעם דאפילו אם יתנדנד עי""ז מקרי טלטול מן הצד כיון דאינו מכוין לנדנוד ממש וכדמשמע בא""ז והעתקתי דבריו לעיל בסימן רס""ה בבה""ל ג""כ קשה הלשון דהיה לו לומר הואיל ואינו מטלטלה בידים ועיין בסמוך: | <b> והנרות</b> -  לפי מה שכתב הט""ז דמיירי במנורה קבועה מותר אפילו בנר של שמן אבל אם נפרש דמותר אפילו במנורה תלויה וכמו שכתבנו למעלה [[[שולחן ערוך אורח חיים שח|ומסימן ש""ח]] אין ראיה להיפך דהתם הכונה במכוין לנדנוד ממש ועיין א""ר בסימן רס""ה] ע""כ דמיירי רק בנר של שעוה דאל""ה היה אסור אפילו נגיעה בעלמא מטעם פן יבא ע""י הנגיעה לנדנוד ויטה השמן אל הפתילה ויתחייב משום מבעיר וכדלעיל בסימן רס""ה בהג""ה וכמו שכתב הא""ר בשם הנ""ץ שוב עיינתי במרדכי פרק כ""כ ומשמע שם דמיירי בקבועה כהט""ז דכתב שם שהתיר ליגע במעמד שלפני ארון הקודש וכו' ע""ש:"
oc1,biur-halacha,siman586,seif-007,C:\Users\binya\Documents\Shulchan aruch\newtry\OC_Mobile\oc318-mobile-reader\public\corpus\oc1\siman586\seif-007\biur-halacha\en.html,corpus_en_html,SA_Sandbox corpus mirror,C:\Users\binya\Documents\Shulchan aruch\newtry\SA_Sandbox\public\corpus\oc1\siman586\seif-007\biur-halacha\en.html,false,missing_or_empty,no,,C:\Users\binya\Documents\Shulchan aruch\newtry\OC_Mobile\oc318-mobile-reader\public\corpus\oc1\siman586\seif-007\biur-halacha\he.html,"<b> אע""פ שנשתנה קולו כשר</b> -  עיין במ""ב מש""כ דבעינן שישתייר עכ""פ רובו דאם רוב ארכו ניקב הו""ל ככולו הוא מדברי הב""ח והפר""ח ועי""ש עוד בב""ח שתמה על הטור שלא חילק בזה והביא שרבינו ירוחם כתב להדיא דדוקא בשנשתייר רוב (אבל אם לא נשתייר רובו פסול אם מעכב את התקיעה ע""ש ומשמע דאם אינו מעכב את התקיעה כשר אפילו לא נשתייר רובו ואולי דהוא אזיל לשיטתו דס""ל אפילו בנסתם הנקב אם אינו מעכב התקיעה כשר אפילו לא נשתייר רובו וגם אינו מינו) אכן באמת תמיה לי אם נקב אינו פוסל בשופר א""כ דהוא שלם דמי ומאי איכפת לן שרובו נקוב וגבי נסתם שאני דהתם אתינן מטעם דשופר וד""א מעורב בו או מטעם דהו""ל כשתי שופרות משו""ה בעינן שיהא עכ""פ רובא בלא ריעותא ולא משגחינן תו במיעוטא שיש בו ריעותא משא""כ הכא דאין זה ריעותא כלל ולכאורה יש להשיב דלפ""ז גם בנסתם די לנו שיהא רובו בלי סתימות אבל יכול להיות מלא נקבים ובלשון הפוסקים והמחבר מבואר דדוקא אם נשתייר רובו שלם ומשמע דבמנוקב פסול אפילו יהיו הנקבים פתוחות שלא נסתמו אבל באמת יש לדחות דהפוסקים מיירי בשהיה נקב אחד גדול ונסתם (עיין ברמב""ן ורא""ש) וע""ז אמרו דדוקא בשלא היה הנקב גדול כ""כ שלא ישאר רוב שופר שלם דאם היה הנקב למשל מחצה שופר ונסתם א""כ ורב עם סתימה אבל אה""נ דאם היה הנקב מיעוט שופר ונסתם אפילו יש בשאר השופר נקבים ג""כ כשר דהנקבים אינם פוסלים ואפשר שגם רבינו ירוחם שהזכיר בענינינו שישתייר רובו ג""כ כונתו שהנקב לא יהיה גדול כ""כ שימשך עד חצי השופר דאם נמשך וכ""ש אם נמשך עד רובו א""כ הו""ל ככולו והרי השופר פתוח בכולו ואין שם שופר עליו ואם פסלינן בנסדק כ""ש בזה אבל ביש נקבים קטנים הרבה אפילו הנקבים על כל השופר מאי איכפת לן כיון שאין הנקבים פוסלין ובין נקב לנקב יש שופר א""כ אינו נסדק. אח""כ מצאתי ברא""ש סימן וי""ו שכתב ואשמועינן בברייתא וכו' משמע ג""כ דבניקב ע""פ רובו כשר אף שהוא מעכב את התקיעה וגם לא נשתייר בו שיעור שופר ובריטב""א מצאתי שכתב ואם לא סתמו כלל לדברי הירושלמי כשר ואפילו נפחת רובו ויש בו שיעור שופר שכל הקולות כשרין בשופר אבל לפי גמרא דילן יש להחמיר ולדון כשלא סתמו כלל לפסול אם מעכב התקיעה שלא אמרו בגמרא דילן שכל הקולות כשרין בשופר אלא כשהוא בעצמו שלא מחמת ריעותא עכ""ל ומשמע מיניה דבאין בו שיעור שופר גם לירושלמי יש להחמיר דלא כהרא""ש ועוד נשמע מיניה דבאינו מעכב התקיעה גם לגמרא דידן יש להקל אף שנפחת רובו אם נשאר בו שיעור תקיעה: | <b> שאין לתקוע בשופר נקוב</b> -  בב""י הביא זה בשם כל בו ותשובת הרא""ש ובאמת נמצא זה גם בפירוש המשנה להרמב""ם וז""ל ואם ניקב יש בו דינים והוא כי הוא צריך לסתום הנקב וכו' ומשמע בבירור שהוא מפרש המשנה כפירוש השני של הכל בו שהובא בב""י ע""ש וכן בריטב""א כתב שהבבלי חולק על הירושלמי בזה ולהבבלי אם לא סתמו כלל פסול אם מעכב התקיעה והנה ראיתי קצת פלא בדברי הפמ""ג בענינינו דבסק""ז במשב""ז מצדד דאפילו לדעת המחבר דמיקל בשופר נקוב מ""מ בעינן אפילו בשופר ארוך שיהיה עכ""פ רוב שופר שלם בלי נקבים וא""כ לפ""ז הרמ""א דמחמיר הוא אפילו באופן זה אין לתקוע בו לכתחלה ובסק""ט מצדד דאף לדעת רמ""א אם רובו שלם י""ל דתוקעין בו לכתחלה. ואולי משום דאין הדבר ברור לו מצדד לכאן ולכאן וכבר כתבנו בפנים דאם הקול צלול אין להחמיר בו ובפרט כשרובו שלם: | <b> אלא חזר קולו לכמות שהיה קודם שניקב</b> -  אשמועינן בזה שני דברים אחד אע""פ שקודם שנסתם היה הנקב מעכב את התקיעה כשר כיון שעתה חזר קולו [ולאפוקי מדעת איזה ראשונים שמחמירין בזה] ועוד אשמועינן דאם חזר קולו משונה כקודם הסתימה פסול מטעם שא""א שיהיה קול השופר בשוה אחר הסתימה כקודם הסתימה וחיישינן שמא נשתנה קצת או שנולד קול חדש ופסול מטעם הנ""ל [אחרונים]:"
oc1,biur-halacha,siman586,seif-007,C:\Users\binya\Documents\Shulchan aruch\newtry\OC_Mobile\oc318-mobile-reader\public\corpus\oc1\siman586\seif-007\biur-halacha\en.html,corpus_en_html,shulchan-yd-temp corpus mirror,C:\Users\binya\Documents\shulchan-yd-temp\newtry\OC_Mobile\oc318-mobile-reader\public\corpus\oc1\siman586\seif-007\biur-halacha\en.html,true,possibly_clean,yes,"(1) Even if his voice is changed to be kosher - refer to the M.B. Mishka, we want it to remain, even though most of it, most of its length, the entire length of the nikab, the whole of it is from the words of the BH and ",C:\Users\binya\Documents\Shulchan aruch\newtry\OC_Mobile\oc318-mobile-reader\public\corpus\oc1\siman586\seif-007\biur-halacha\he.html,"<b> אע""פ שנשתנה קולו כשר</b> -  עיין במ""ב מש""כ דבעינן שישתייר עכ""פ רובו דאם רוב ארכו ניקב הו""ל ככולו הוא מדברי הב""ח והפר""ח ועי""ש עוד בב""ח שתמה על הטור שלא חילק בזה והביא שרבינו ירוחם כתב להדיא דדוקא בשנשתייר רוב (אבל אם לא נשתייר רובו פסול אם מעכב את התקיעה ע""ש ומשמע דאם אינו מעכב את התקיעה כשר אפילו לא נשתייר רובו ואולי דהוא אזיל לשיטתו דס""ל אפילו בנסתם הנקב אם אינו מעכב התקיעה כשר אפילו לא נשתייר רובו וגם אינו מינו) אכן באמת תמיה לי אם נקב אינו פוסל בשופר א""כ דהוא שלם דמי ומאי איכפת לן שרובו נקוב וגבי נסתם שאני דהתם אתינן מטעם דשופר וד""א מעורב בו או מטעם דהו""ל כשתי שופרות משו""ה בעינן שיהא עכ""פ רובא בלא ריעותא ולא משגחינן תו במיעוטא שיש בו ריעותא משא""כ הכא דאין זה ריעותא כלל ולכאורה יש להשיב דלפ""ז גם בנסתם די לנו שיהא רובו בלי סתימות אבל יכול להיות מלא נקבים ובלשון הפוסקים והמחבר מבואר דדוקא אם נשתייר רובו שלם ומשמע דבמנוקב פסול אפילו יהיו הנקבים פתוחות שלא נסתמו אבל באמת יש לדחות דהפוסקים מיירי בשהיה נקב אחד גדול ונסתם (עיין ברמב""ן ורא""ש) וע""ז אמרו דדוקא בשלא היה הנקב גדול כ""כ שלא ישאר רוב שופר שלם דאם היה הנקב למשל מחצה שופר ונסתם א""כ ורב עם סתימה אבל אה""נ דאם היה הנקב מיעוט שופר ונסתם אפילו יש בשאר השופר נקבים ג""כ כשר דהנקבים אינם פוסלים ואפשר שגם רבינו ירוחם שהזכיר בענינינו שישתייר רובו ג""כ כונתו שהנקב לא יהיה גדול כ""כ שימשך עד חצי השופר דאם נמשך וכ""ש אם נמשך עד רובו א""כ הו""ל ככולו והרי השופר פתוח בכולו ואין שם שופר עליו ואם פסלינן בנסדק כ""ש בזה אבל ביש נקבים קטנים הרבה אפילו הנקבים על כל השופר מאי איכפת לן כיון שאין הנקבים פוסלין ובין נקב לנקב יש שופר א""כ אינו נסדק. אח""כ מצאתי ברא""ש סימן וי""ו שכתב ואשמועינן בברייתא וכו' משמע ג""כ דבניקב ע""פ רובו כשר אף שהוא מעכב את התקיעה וגם לא נשתייר בו שיעור שופר ובריטב""א מצאתי שכתב ואם לא סתמו כלל לדברי הירושלמי כשר ואפילו נפחת רובו ויש בו שיעור שופר שכל הקולות כשרין בשופר אבל לפי גמרא דילן יש להחמיר ולדון כשלא סתמו כלל לפסול אם מעכב התקיעה שלא אמרו בגמרא דילן שכל הקולות כשרין בשופר אלא כשהוא בעצמו שלא מחמת ריעותא עכ""ל ומשמע מיניה דבאין בו שיעור שופר גם לירושלמי יש להחמיר דלא כהרא""ש ועוד נשמע מיניה דבאינו מעכב התקיעה גם לגמרא דידן יש להקל אף שנפחת רובו אם נשאר בו שיעור תקיעה: | <b> שאין לתקוע בשופר נקוב</b> -  בב""י הביא זה בשם כל בו ותשובת הרא""ש ובאמת נמצא זה גם בפירוש המשנה להרמב""ם וז""ל ואם ניקב יש בו דינים והוא כי הוא צריך לסתום הנקב וכו' ומשמע בבירור שהוא מפרש המשנה כפירוש השני של הכל בו שהובא בב""י ע""ש וכן בריטב""א כתב שהבבלי חולק על הירושלמי בזה ולהבבלי אם לא סתמו כלל פסול אם מעכב התקיעה והנה ראיתי קצת פלא בדברי הפמ""ג בענינינו דבסק""ז במשב""ז מצדד דאפילו לדעת המחבר דמיקל בשופר נקוב מ""מ בעינן אפילו בשופר ארוך שיהיה עכ""פ רוב שופר שלם בלי נקבים וא""כ לפ""ז הרמ""א דמחמיר הוא אפילו באופן זה אין לתקוע בו לכתחלה ובסק""ט מצדד דאף לדעת רמ""א אם רובו שלם י""ל דתוקעין בו לכתחלה. ואולי משום דאין הדבר ברור לו מצדד לכאן ולכאן וכבר כתבנו בפנים דאם הקול צלול אין להחמיר בו ובפרט כשרובו שלם: | <b> אלא חזר קולו לכמות שהיה קודם שניקב</b> -  אשמועינן בזה שני דברים אחד אע""פ שקודם שנסתם היה הנקב מעכב את התקיעה כשר כיון שעתה חזר קולו [ולאפוקי מדעת איזה ראשונים שמחמירין בזה] ועוד אשמועינן דאם חזר קולו משונה כקודם הסתימה פסול מטעם שא""א שיהיה קול השופר בשוה אחר הסתימה כקודם הסתימה וחיישינן שמא נשתנה קצת או שנולד קול חדש ופסול מטעם הנ""ל [אחרונים]:"
oc1,biur-halacha,siman586,seif-007,C:\Users\binya\Documents\Shulchan aruch\newtry\OC_Mobile\oc318-mobile-reader\public\corpus\oc1\siman586\seif-007\biur-halacha\en.html,source_txt_block,current OC_001 source output,C:\Users\binya\Documents\Shulchan aruch\newtry\OC_001\output\siman_586\biur-halacha\part-001.txt,true,placeholder,no,English translation pending — replace after editing this block (keep Hebrew above intact).,C:\Users\binya\Documents\Shulchan aruch\newtry\OC_Mobile\oc318-mobile-reader\public\corpus\oc1\siman586\seif-007\biur-halacha\he.html,"<b> אע""פ שנשתנה קולו כשר</b> -  עיין במ""ב מש""כ דבעינן שישתייר עכ""פ רובו דאם רוב ארכו ניקב הו""ל ככולו הוא מדברי הב""ח והפר""ח ועי""ש עוד בב""ח שתמה על הטור שלא חילק בזה והביא שרבינו ירוחם כתב להדיא דדוקא בשנשתייר רוב (אבל אם לא נשתייר רובו פסול אם מעכב את התקיעה ע""ש ומשמע דאם אינו מעכב את התקיעה כשר אפילו לא נשתייר רובו ואולי דהוא אזיל לשיטתו דס""ל אפילו בנסתם הנקב אם אינו מעכב התקיעה כשר אפילו לא נשתייר רובו וגם אינו מינו) אכן באמת תמיה לי אם נקב אינו פוסל בשופר א""כ דהוא שלם דמי ומאי איכפת לן שרובו נקוב וגבי נסתם שאני דהתם אתינן מטעם דשופר וד""א מעורב בו או מטעם דהו""ל כשתי שופרות משו""ה בעינן שיהא עכ""פ רובא בלא ריעותא ולא משגחינן תו במיעוטא שיש בו ריעותא משא""כ הכא דאין זה ריעותא כלל ולכאורה יש להשיב דלפ""ז גם בנסתם די לנו שיהא רובו בלי סתימות אבל יכול להיות מלא נקבים ובלשון הפוסקים והמחבר מבואר דדוקא אם נשתייר רובו שלם ומשמע דבמנוקב פסול אפילו יהיו הנקבים פתוחות שלא נסתמו אבל באמת יש לדחות דהפוסקים מיירי בשהיה נקב אחד גדול ונסתם (עיין ברמב""ן ורא""ש) וע""ז אמרו דדוקא בשלא היה הנקב גדול כ""כ שלא ישאר רוב שופר שלם דאם היה הנקב למשל מחצה שופר ונסתם א""כ ורב עם סתימה אבל אה""נ דאם היה הנקב מיעוט שופר ונסתם אפילו יש בשאר השופר נקבים ג""כ כשר דהנקבים אינם פוסלים ואפשר שגם רבינו ירוחם שהזכיר בענינינו שישתייר רובו ג""כ כונתו שהנקב לא יהיה גדול כ""כ שימשך עד חצי השופר דאם נמשך וכ""ש אם נמשך עד רובו א""כ הו""ל ככולו והרי השופר פתוח בכולו ואין שם שופר עליו ואם פסלינן בנסדק כ""ש בזה אבל ביש נקבים קטנים הרבה אפילו הנקבים על כל השופר מאי איכפת לן כיון שאין הנקבים פוסלין ובין נקב לנקב יש שופר א""כ אינו נסדק. אח""כ מצאתי ברא""ש סימן וי""ו שכתב ואשמועינן בברייתא וכו' משמע ג""כ דבניקב ע""פ רובו כשר אף שהוא מעכב את התקיעה וגם לא נשתייר בו שיעור שופר ובריטב""א מצאתי שכתב ואם לא סתמו כלל לדברי הירושלמי כשר ואפילו נפחת רובו ויש בו שיעור שופר שכל הקולות כשרין בשופר אבל לפי גמרא דילן יש להחמיר ולדון כשלא סתמו כלל לפסול אם מעכב התקיעה שלא אמרו בגמרא דילן שכל הקולות כשרין בשופר אלא כשהוא בעצמו שלא מחמת ריעותא עכ""ל ומשמע מיניה דבאין בו שיעור שופר גם לירושלמי יש להחמיר דלא כהרא""ש ועוד נשמע מיניה דבאינו מעכב התקיעה גם לגמרא דידן יש להקל אף שנפחת רובו אם נשאר בו שיעור תקיעה: | <b> שאין לתקוע בשופר נקוב</b> -  בב""י הביא זה בשם כל בו ותשובת הרא""ש ובאמת נמצא זה גם בפירוש המשנה להרמב""ם וז""ל ואם ניקב יש בו דינים והוא כי הוא צריך לסתום הנקב וכו' ומשמע בבירור שהוא מפרש המשנה כפירוש השני של הכל בו שהובא בב""י ע""ש וכן בריטב""א כתב שהבבלי חולק על הירושלמי בזה ולהבבלי אם לא סתמו כלל פסול אם מעכב התקיעה והנה ראיתי קצת פלא בדברי הפמ""ג בענינינו דבסק""ז במשב""ז מצדד דאפילו לדעת המחבר דמיקל בשופר נקוב מ""מ בעינן אפילו בשופר ארוך שיהיה עכ""פ רוב שופר שלם בלי נקבים וא""כ לפ""ז הרמ""א דמחמיר הוא אפילו באופן זה אין לתקוע בו לכתחלה ובסק""ט מצדד דאף לדעת רמ""א אם רובו שלם י""ל דתוקעין בו לכתחלה. ואולי משום דאין הדבר ברור לו מצדד לכאן ולכאן וכבר כתבנו בפנים דאם הקול צלול אין להחמיר בו ובפרט כשרובו שלם: | <b> אלא חזר קולו לכמות שהיה קודם שניקב</b> -  אשמועינן בזה שני דברים אחד אע""פ שקודם שנסתם היה הנקב מעכב את התקיעה כשר כיון שעתה חזר קולו [ולאפוקי מדעת איזה ראשונים שמחמירין בזה] ועוד אשמועינן דאם חזר קולו משונה כקודם הסתימה פסול מטעם שא""א שיהיה קול השופר בשוה אחר הסתימה כקודם הסתימה וחיישינן שמא נשתנה קצת או שנולד קול חדש ופסול מטעם הנ""ל [אחרונים]:"
oc1,biur-halacha,siman586,seif-007,C:\Users\binya\Documents\Shulchan aruch\newtry\OC_Mobile\oc318-mobile-reader\public\corpus\oc1\siman586\seif-007\biur-halacha\en.html,source_txt_block,temp OC_001 source output,C:\Users\binya\Documents\shulchan-yd-temp\newtry\OC_001\output\siman_586\biur-halacha\part-001.txt,true,placeholder,no,English translation pending — replace after editing this block (keep Hebrew above intact).,C:\Users\binya\Documents\Shulchan aruch\newtry\OC_Mobile\oc318-mobile-reader\public\corpus\oc1\siman586\seif-007\biur-halacha\he.html,"<b> אע""פ שנשתנה קולו כשר</b> -  עיין במ""ב מש""כ דבעינן שישתייר עכ""פ רובו דאם רוב ארכו ניקב הו""ל ככולו הוא מדברי הב""ח והפר""ח ועי""ש עוד בב""ח שתמה על הטור שלא חילק בזה והביא שרבינו ירוחם כתב להדיא דדוקא בשנשתייר רוב (אבל אם לא נשתייר רובו פסול אם מעכב את התקיעה ע""ש ומשמע דאם אינו מעכב את התקיעה כשר אפילו לא נשתייר רובו ואולי דהוא אזיל לשיטתו דס""ל אפילו בנסתם הנקב אם אינו מעכב התקיעה כשר אפילו לא נשתייר רובו וגם אינו מינו) אכן באמת תמיה לי אם נקב אינו פוסל בשופר א""כ דהוא שלם דמי ומאי איכפת לן שרובו נקוב וגבי נסתם שאני דהתם אתינן מטעם דשופר וד""א מעורב בו או מטעם דהו""ל כשתי שופרות משו""ה בעינן שיהא עכ""פ רובא בלא ריעותא ולא משגחינן תו במיעוטא שיש בו ריעותא משא""כ הכא דאין זה ריעותא כלל ולכאורה יש להשיב דלפ""ז גם בנסתם די לנו שיהא רובו בלי סתימות אבל יכול להיות מלא נקבים ובלשון הפוסקים והמחבר מבואר דדוקא אם נשתייר רובו שלם ומשמע דבמנוקב פסול אפילו יהיו הנקבים פתוחות שלא נסתמו אבל באמת יש לדחות דהפוסקים מיירי בשהיה נקב אחד גדול ונסתם (עיין ברמב""ן ורא""ש) וע""ז אמרו דדוקא בשלא היה הנקב גדול כ""כ שלא ישאר רוב שופר שלם דאם היה הנקב למשל מחצה שופר ונסתם א""כ ורב עם סתימה אבל אה""נ דאם היה הנקב מיעוט שופר ונסתם אפילו יש בשאר השופר נקבים ג""כ כשר דהנקבים אינם פוסלים ואפשר שגם רבינו ירוחם שהזכיר בענינינו שישתייר רובו ג""כ כונתו שהנקב לא יהיה גדול כ""כ שימשך עד חצי השופר דאם נמשך וכ""ש אם נמשך עד רובו א""כ הו""ל ככולו והרי השופר פתוח בכולו ואין שם שופר עליו ואם פסלינן בנסדק כ""ש בזה אבל ביש נקבים קטנים הרבה אפילו הנקבים על כל השופר מאי איכפת לן כיון שאין הנקבים פוסלין ובין נקב לנקב יש שופר א""כ אינו נסדק. אח""כ מצאתי ברא""ש סימן וי""ו שכתב ואשמועינן בברייתא וכו' משמע ג""כ דבניקב ע""פ רובו כשר אף שהוא מעכב את התקיעה וגם לא נשתייר בו שיעור שופר ובריטב""א מצאתי שכתב ואם לא סתמו כלל לדברי הירושלמי כשר ואפילו נפחת רובו ויש בו שיעור שופר שכל הקולות כשרין בשופר אבל לפי גמרא דילן יש להחמיר ולדון כשלא סתמו כלל לפסול אם מעכב התקיעה שלא אמרו בגמרא דילן שכל הקולות כשרין בשופר אלא כשהוא בעצמו שלא מחמת ריעותא עכ""ל ומשמע מיניה דבאין בו שיעור שופר גם לירושלמי יש להחמיר דלא כהרא""ש ועוד נשמע מיניה דבאינו מעכב התקיעה גם לגמרא דידן יש להקל אף שנפחת רובו אם נשאר בו שיעור תקיעה: | <b> שאין לתקוע בשופר נקוב</b> -  בב""י הביא זה בשם כל בו ותשובת הרא""ש ובאמת נמצא זה גם בפירוש המשנה להרמב""ם וז""ל ואם ניקב יש בו דינים והוא כי הוא צריך לסתום הנקב וכו' ומשמע בבירור שהוא מפרש המשנה כפירוש השני של הכל בו שהובא בב""י ע""ש וכן בריטב""א כתב שהבבלי חולק על הירושלמי בזה ולהבבלי אם לא סתמו כלל פסול אם מעכב התקיעה והנה ראיתי קצת פלא בדברי הפמ""ג בענינינו דבסק""ז במשב""ז מצדד דאפילו לדעת המחבר דמיקל בשופר נקוב מ""מ בעינן אפילו בשופר ארוך שיהיה עכ""פ רוב שופר שלם בלי נקבים וא""כ לפ""ז הרמ""א דמחמיר הוא אפילו באופן זה אין לתקוע בו לכתחלה ובסק""ט מצדד דאף לדעת רמ""א אם רובו שלם י""ל דתוקעין בו לכתחלה. ואולי משום דאין הדבר ברור לו מצדד לכאן ולכאן וכבר כתבנו בפנים דאם הקול צלול אין להחמיר בו ובפרט כשרובו שלם: | <b> אלא חזר קולו לכמות שהיה קודם שניקב</b> -  אשמועינן בזה שני דברים אחד אע""פ שקודם שנסתם היה הנקב מעכב את התקיעה כשר כיון שעתה חזר קולו [ולאפוקי מדעת איזה ראשונים שמחמירין בזה] ועוד אשמועינן דאם חזר קולו משונה כקודם הסתימה פסול מטעם שא""א שיהיה קול השופר בשוה אחר הסתימה כקודם הסתימה וחיישינן שמא נשתנה קצת או שנולד קול חדש ופסול מטעם הנ""ל [אחרונים]:"
oc1,eliyah-rabbah,siman8,seif-002,C:\Users\binya\Documents\Shulchan aruch\newtry\OC_Mobile\oc318-mobile-reader\public\corpus\oc1\siman8\seif-002\eliyah-rabbah\en.html,corpus_en_html,SA_Sandbox corpus mirror,C:\Users\binya\Documents\Shulchan aruch\newtry\SA_Sandbox\public\corpus\oc1\siman8\seif-002\eliyah-rabbah\en.html,false,missing_or_empty,no,,C:\Users\binya\Documents\Shulchan aruch\newtry\OC_Mobile\oc318-mobile-reader\public\corpus\oc1\siman8\seif-002\eliyah-rabbah\he.html,"[ב] <b>ויברך מעומד.</b> פירוש הברכה והעטיפה ובאליהו זוטא כתבתי בשם מלבושי יום טוב זה לשונו ואם ישב אינו חוזר, ואינו דומה לקריעה ביורה דעה ריש סימן ש""מ, כן כתב מהר""ש בדרישה עד כאן לשונו. וצריך עיון דמה קריעה דמדרבנן אינו יוצא כל שכן ציצית דאורייתא. ועוד דלדברו גם בספירה ולולב ושופר ומילה נמי יוצא בדיעבד דמחד גזירה שוה ילפינן להו לכם לכם מעומר. והתם אמרינן צריך לברך מעומד כמו בקריעה ביורה דעה כמו שכתב בית יוסף שם. ועוד הא כתב אבודרהם דף י""ט זה לשונו ויש מצוות אחרות שמברכין עליהם מעומד למצוה מן המובחר ואם לא בירך מעומד אין לחוש כגון הלל ומגילה וסוכה, עד כאן לשונו. משמע דבאינך הנזכרים אפילו בדיעבד אינו יוצא. ודוחק לומר דמה שכתב אין לחוש היינו דאפילו הכי יוצא ידי מצוה כתיקונה ובאמת בדיעבד בכולם יוצא. עוד אפשר דעת מהר""ש דדוקא בקריעה אם אינו עומד בשעת קריעה נסתלקה המצוה והוא הדין בספירה ושופר ולולב ומילה. אבל בציצית אף שאינו עומד בשעת עיטוף מכל מקום כל זמן שלובשו המצוה עליו. ואם עומד אחר כך מעט יוצא, וצריך עיון. כתב עולת תמיד ונכון להחמיר לעמוד כדי שיעור ד' אמות כמו בסעיף ג' בעטיפה דטלית קטן, עד כאן. ולפי מה שכתבתי אין צריך לעמוד דוקא כל כך בשעת עטיפה. מיהו כתב בשולחן ערוך מהר""י לוריא צריך להיות ראשו מכוסה עם הטלית כדי הילוך ד' אמות אחר ברכה כעטיפת ישמעאל עד כאן. והוא שנוהגים לעטוף ראשם בטלית וכורכים קצה השני של הטלית על סביב גרונם וצווארם ומחזרים הציצית כולם לצד אחד. כן כתב ספר דברי חכמים ועיין לקמן סימן י' ס""ק י""ב. עוד כתב וכשרוצה להתעטף יקח צדדי הטלית ביד ימינו וילבש צד הימין תחילה ואחר כך צד שמאלו. וטעם דעמידה ילפינן לכם לכם מספירת עומר וזה לשון הלבוש מכאן למדו דהוא הדין כל ברכת המצוות יהיה מעומד, ונראה דמתרץ בזה תמיהת הב""ח שתמה גזירה שוה דלכם למה לי הא גרסינן בירושלמי כל הברכות מעומד עד כאן. פירוש דקשה להב""ח כיון דבירושלמי קאמר הכי על כל ברכת מצוות אם כן על כרחך לאו מגזירה שוה דלכם למד, דבשאר מצוות לא כתיב לכם. אלא סבירא ליה לירושלמי מסברא דכל המצוות הם כעבודה שהוא בעמידה, וכדין המצוה כן דין הברכה. ואם כן יפה פריך הב""ח דאם כן גזירה שוה דלכם למה לי בציצית כנזכר לעיל. לאפוקי מעולת תמיד שכתב על דברי הב""ח זה לשונו לא דק ואישתמיטתיה דהברכות אינה אלא מדרבנן. ועוד דגזירה שוה בעינן לעטיפה גם אם כבר בירך, עד כאן לשונו. ולא ירד לעומק דבריו. דבמה שפירשתי הקושיא נכונה. ודעת הלבוש נראה שמתרץ דירושלמי יליף כל המצוות מגזירה שוה זה, וכן משמע בכלבו דף ט""ו. וכרבי אליעזר שם ודע דכל זה בברכת המצוות אבל לא ברכת הנהנין, כמו שכתב בית יוסף. והשתא ניחא קושיות מגן אברהם מחלה כרבי אליעזר סימן שכ""ח דהוא נמי כמו ברכת הנהנין, ואפילו בשאר מצוות צריך עיון. דמשמע בכלבו שם דכוונת ירושלמי דוקא במצוות הנזכרים ולא בשאר מצוות. גם בסוכה לקמן סימן תרמ""ג בטור ובשולחן ערוך משמע הכי. ודו""ק כי קיצרתי:"
oc1,eliyah-rabbah,siman8,seif-002,C:\Users\binya\Documents\Shulchan aruch\newtry\OC_Mobile\oc318-mobile-reader\public\corpus\oc1\siman8\seif-002\eliyah-rabbah\en.html,corpus_en_html,shulchan-yd-temp corpus mirror,C:\Users\binya\Documents\shulchan-yd-temp\newtry\OC_Mobile\oc318-mobile-reader\public\corpus\oc1\siman8\seif-002\eliyah-rabbah\en.html,true,possibly_clean,yes,"[2] And he blesses standing. Explanation of the blessing and wrapping — and in Eliyahu Zuta I wrote in the name of my teacher the Maharil, whose language is: if he sat he does not return, and it is not comparable to tear",C:\Users\binya\Documents\Shulchan aruch\newtry\OC_Mobile\oc318-mobile-reader\public\corpus\oc1\siman8\seif-002\eliyah-rabbah\he.html,"[ב] <b>ויברך מעומד.</b> פירוש הברכה והעטיפה ובאליהו זוטא כתבתי בשם מלבושי יום טוב זה לשונו ואם ישב אינו חוזר, ואינו דומה לקריעה ביורה דעה ריש סימן ש""מ, כן כתב מהר""ש בדרישה עד כאן לשונו. וצריך עיון דמה קריעה דמדרבנן אינו יוצא כל שכן ציצית דאורייתא. ועוד דלדברו גם בספירה ולולב ושופר ומילה נמי יוצא בדיעבד דמחד גזירה שוה ילפינן להו לכם לכם מעומר. והתם אמרינן צריך לברך מעומד כמו בקריעה ביורה דעה כמו שכתב בית יוסף שם. ועוד הא כתב אבודרהם דף י""ט זה לשונו ויש מצוות אחרות שמברכין עליהם מעומד למצוה מן המובחר ואם לא בירך מעומד אין לחוש כגון הלל ומגילה וסוכה, עד כאן לשונו. משמע דבאינך הנזכרים אפילו בדיעבד אינו יוצא. ודוחק לומר דמה שכתב אין לחוש היינו דאפילו הכי יוצא ידי מצוה כתיקונה ובאמת בדיעבד בכולם יוצא. עוד אפשר דעת מהר""ש דדוקא בקריעה אם אינו עומד בשעת קריעה נסתלקה המצוה והוא הדין בספירה ושופר ולולב ומילה. אבל בציצית אף שאינו עומד בשעת עיטוף מכל מקום כל זמן שלובשו המצוה עליו. ואם עומד אחר כך מעט יוצא, וצריך עיון. כתב עולת תמיד ונכון להחמיר לעמוד כדי שיעור ד' אמות כמו בסעיף ג' בעטיפה דטלית קטן, עד כאן. ולפי מה שכתבתי אין צריך לעמוד דוקא כל כך בשעת עטיפה. מיהו כתב בשולחן ערוך מהר""י לוריא צריך להיות ראשו מכוסה עם הטלית כדי הילוך ד' אמות אחר ברכה כעטיפת ישמעאל עד כאן. והוא שנוהגים לעטוף ראשם בטלית וכורכים קצה השני של הטלית על סביב גרונם וצווארם ומחזרים הציצית כולם לצד אחד. כן כתב ספר דברי חכמים ועיין לקמן סימן י' ס""ק י""ב. עוד כתב וכשרוצה להתעטף יקח צדדי הטלית ביד ימינו וילבש צד הימין תחילה ואחר כך צד שמאלו. וטעם דעמידה ילפינן לכם לכם מספירת עומר וזה לשון הלבוש מכאן למדו דהוא הדין כל ברכת המצוות יהיה מעומד, ונראה דמתרץ בזה תמיהת הב""ח שתמה גזירה שוה דלכם למה לי הא גרסינן בירושלמי כל הברכות מעומד עד כאן. פירוש דקשה להב""ח כיון דבירושלמי קאמר הכי על כל ברכת מצוות אם כן על כרחך לאו מגזירה שוה דלכם למד, דבשאר מצוות לא כתיב לכם. אלא סבירא ליה לירושלמי מסברא דכל המצוות הם כעבודה שהוא בעמידה, וכדין המצוה כן דין הברכה. ואם כן יפה פריך הב""ח דאם כן גזירה שוה דלכם למה לי בציצית כנזכר לעיל. לאפוקי מעולת תמיד שכתב על דברי הב""ח זה לשונו לא דק ואישתמיטתיה דהברכות אינה אלא מדרבנן. ועוד דגזירה שוה בעינן לעטיפה גם אם כבר בירך, עד כאן לשונו. ולא ירד לעומק דבריו. דבמה שפירשתי הקושיא נכונה. ודעת הלבוש נראה שמתרץ דירושלמי יליף כל המצוות מגזירה שוה זה, וכן משמע בכלבו דף ט""ו. וכרבי אליעזר שם ודע דכל זה בברכת המצוות אבל לא ברכת הנהנין, כמו שכתב בית יוסף. והשתא ניחא קושיות מגן אברהם מחלה כרבי אליעזר סימן שכ""ח דהוא נמי כמו ברכת הנהנין, ואפילו בשאר מצוות צריך עיון. דמשמע בכלבו שם דכוונת ירושלמי דוקא במצוות הנזכרים ולא בשאר מצוות. גם בסוכה לקמן סימן תרמ""ג בטור ובשולחן ערוך משמע הכי. ודו""ק כי קיצרתי:"
oc1,eliyah-rabbah,siman8,seif-002,C:\Users\binya\Documents\Shulchan aruch\newtry\OC_Mobile\oc318-mobile-reader\public\corpus\oc1\siman8\seif-002\eliyah-rabbah\en.html,source_txt_block,current OC_001 source output,C:\Users\binya\Documents\Shulchan aruch\newtry\OC_001\output\siman_008\eliyah-rabbah\part-001.txt,true,likely_garbage,no,"[b] <b>Vibrach Ma'omed.</b> The interpretation of the blessing and the wrapping And in Eliyahu Zota I wrote in the name of Melbushi Yom Tov this to his tongue and if he sat he does not return, and it is not similar to th",C:\Users\binya\Documents\Shulchan aruch\newtry\OC_Mobile\oc318-mobile-reader\public\corpus\oc1\siman8\seif-002\eliyah-rabbah\he.html,"[ב] <b>ויברך מעומד.</b> פירוש הברכה והעטיפה ובאליהו זוטא כתבתי בשם מלבושי יום טוב זה לשונו ואם ישב אינו חוזר, ואינו דומה לקריעה ביורה דעה ריש סימן ש""מ, כן כתב מהר""ש בדרישה עד כאן לשונו. וצריך עיון דמה קריעה דמדרבנן אינו יוצא כל שכן ציצית דאורייתא. ועוד דלדברו גם בספירה ולולב ושופר ומילה נמי יוצא בדיעבד דמחד גזירה שוה ילפינן להו לכם לכם מעומר. והתם אמרינן צריך לברך מעומד כמו בקריעה ביורה דעה כמו שכתב בית יוסף שם. ועוד הא כתב אבודרהם דף י""ט זה לשונו ויש מצוות אחרות שמברכין עליהם מעומד למצוה מן המובחר ואם לא בירך מעומד אין לחוש כגון הלל ומגילה וסוכה, עד כאן לשונו. משמע דבאינך הנזכרים אפילו בדיעבד אינו יוצא. ודוחק לומר דמה שכתב אין לחוש היינו דאפילו הכי יוצא ידי מצוה כתיקונה ובאמת בדיעבד בכולם יוצא. עוד אפשר דעת מהר""ש דדוקא בקריעה אם אינו עומד בשעת קריעה נסתלקה המצוה והוא הדין בספירה ושופר ולולב ומילה. אבל בציצית אף שאינו עומד בשעת עיטוף מכל מקום כל זמן שלובשו המצוה עליו. ואם עומד אחר כך מעט יוצא, וצריך עיון. כתב עולת תמיד ונכון להחמיר לעמוד כדי שיעור ד' אמות כמו בסעיף ג' בעטיפה דטלית קטן, עד כאן. ולפי מה שכתבתי אין צריך לעמוד דוקא כל כך בשעת עטיפה. מיהו כתב בשולחן ערוך מהר""י לוריא צריך להיות ראשו מכוסה עם הטלית כדי הילוך ד' אמות אחר ברכה כעטיפת ישמעאל עד כאן. והוא שנוהגים לעטוף ראשם בטלית וכורכים קצה השני של הטלית על סביב גרונם וצווארם ומחזרים הציצית כולם לצד אחד. כן כתב ספר דברי חכמים ועיין לקמן סימן י' ס""ק י""ב. עוד כתב וכשרוצה להתעטף יקח צדדי הטלית ביד ימינו וילבש צד הימין תחילה ואחר כך צד שמאלו. וטעם דעמידה ילפינן לכם לכם מספירת עומר וזה לשון הלבוש מכאן למדו דהוא הדין כל ברכת המצוות יהיה מעומד, ונראה דמתרץ בזה תמיהת הב""ח שתמה גזירה שוה דלכם למה לי הא גרסינן בירושלמי כל הברכות מעומד עד כאן. פירוש דקשה להב""ח כיון דבירושלמי קאמר הכי על כל ברכת מצוות אם כן על כרחך לאו מגזירה שוה דלכם למד, דבשאר מצוות לא כתיב לכם. אלא סבירא ליה לירושלמי מסברא דכל המצוות הם כעבודה שהוא בעמידה, וכדין המצוה כן דין הברכה. ואם כן יפה פריך הב""ח דאם כן גזירה שוה דלכם למה לי בציצית כנזכר לעיל. לאפוקי מעולת תמיד שכתב על דברי הב""ח זה לשונו לא דק ואישתמיטתיה דהברכות אינה אלא מדרבנן. ועוד דגזירה שוה בעינן לעטיפה גם אם כבר בירך, עד כאן לשונו. ולא ירד לעומק דבריו. דבמה שפירשתי הקושיא נכונה. ודעת הלבוש נראה שמתרץ דירושלמי יליף כל המצוות מגזירה שוה זה, וכן משמע בכלבו דף ט""ו. וכרבי אליעזר שם ודע דכל זה בברכת המצוות אבל לא ברכת הנהנין, כמו שכתב בית יוסף. והשתא ניחא קושיות מגן אברהם מחלה כרבי אליעזר סימן שכ""ח דהוא נמי כמו ברכת הנהנין, ואפילו בשאר מצוות צריך עיון. דמשמע בכלבו שם דכוונת ירושלמי דוקא במצוות הנזכרים ולא בשאר מצוות. גם בסוכה לקמן סימן תרמ""ג בטור ובשולחן ערוך משמע הכי. ודו""ק כי קיצרתי:"
oc1,eliyah-rabbah,siman8,seif-002,C:\Users\binya\Documents\Shulchan aruch\newtry\OC_Mobile\oc318-mobile-reader\public\corpus\oc1\siman8\seif-002\eliyah-rabbah\en.html,source_txt_block,temp OC_001 source output,C:\Users\binya\Documents\shulchan-yd-temp\newtry\OC_001\output\siman_008\eliyah-rabbah\part-001.txt,true,likely_garbage,no,"[b] <b>Vibrach Ma'omed.</b> The interpretation of the blessing and the wrapping And in Eliyahu Zota I wrote in the name of Melbushi Yom Tov this to his tongue and if he sat he does not return, and it is not similar to th",C:\Users\binya\Documents\Shulchan aruch\newtry\OC_Mobile\oc318-mobile-reader\public\corpus\oc1\siman8\seif-002\eliyah-rabbah\he.html,"[ב] <b>ויברך מעומד.</b> פירוש הברכה והעטיפה ובאליהו זוטא כתבתי בשם מלבושי יום טוב זה לשונו ואם ישב אינו חוזר, ואינו דומה לקריעה ביורה דעה ריש סימן ש""מ, כן כתב מהר""ש בדרישה עד כאן לשונו. וצריך עיון דמה קריעה דמדרבנן אינו יוצא כל שכן ציצית דאורייתא. ועוד דלדברו גם בספירה ולולב ושופר ומילה נמי יוצא בדיעבד דמחד גזירה שוה ילפינן להו לכם לכם מעומר. והתם אמרינן צריך לברך מעומד כמו בקריעה ביורה דעה כמו שכתב בית יוסף שם. ועוד הא כתב אבודרהם דף י""ט זה לשונו ויש מצוות אחרות שמברכין עליהם מעומד למצוה מן המובחר ואם לא בירך מעומד אין לחוש כגון הלל ומגילה וסוכה, עד כאן לשונו. משמע דבאינך הנזכרים אפילו בדיעבד אינו יוצא. ודוחק לומר דמה שכתב אין לחוש היינו דאפילו הכי יוצא ידי מצוה כתיקונה ובאמת בדיעבד בכולם יוצא. עוד אפשר דעת מהר""ש דדוקא בקריעה אם אינו עומד בשעת קריעה נסתלקה המצוה והוא הדין בספירה ושופר ולולב ומילה. אבל בציצית אף שאינו עומד בשעת עיטוף מכל מקום כל זמן שלובשו המצוה עליו. ואם עומד אחר כך מעט יוצא, וצריך עיון. כתב עולת תמיד ונכון להחמיר לעמוד כדי שיעור ד' אמות כמו בסעיף ג' בעטיפה דטלית קטן, עד כאן. ולפי מה שכתבתי אין צריך לעמוד דוקא כל כך בשעת עטיפה. מיהו כתב בשולחן ערוך מהר""י לוריא צריך להיות ראשו מכוסה עם הטלית כדי הילוך ד' אמות אחר ברכה כעטיפת ישמעאל עד כאן. והוא שנוהגים לעטוף ראשם בטלית וכורכים קצה השני של הטלית על סביב גרונם וצווארם ומחזרים הציצית כולם לצד אחד. כן כתב ספר דברי חכמים ועיין לקמן סימן י' ס""ק י""ב. עוד כתב וכשרוצה להתעטף יקח צדדי הטלית ביד ימינו וילבש צד הימין תחילה ואחר כך צד שמאלו. וטעם דעמידה ילפינן לכם לכם מספירת עומר וזה לשון הלבוש מכאן למדו דהוא הדין כל ברכת המצוות יהיה מעומד, ונראה דמתרץ בזה תמיהת הב""ח שתמה גזירה שוה דלכם למה לי הא גרסינן בירושלמי כל הברכות מעומד עד כאן. פירוש דקשה להב""ח כיון דבירושלמי קאמר הכי על כל ברכת מצוות אם כן על כרחך לאו מגזירה שוה דלכם למד, דבשאר מצוות לא כתיב לכם. אלא סבירא ליה לירושלמי מסברא דכל המצוות הם כעבודה שהוא בעמידה, וכדין המצוה כן דין הברכה. ואם כן יפה פריך הב""ח דאם כן גזירה שוה דלכם למה לי בציצית כנזכר לעיל. לאפוקי מעולת תמיד שכתב על דברי הב""ח זה לשונו לא דק ואישתמיטתיה דהברכות אינה אלא מדרבנן. ועוד דגזירה שוה בעינן לעטיפה גם אם כבר בירך, עד כאן לשונו. ולא ירד לעומק דבריו. דבמה שפירשתי הקושיא נכונה. ודעת הלבוש נראה שמתרץ דירושלמי יליף כל המצוות מגזירה שוה זה, וכן משמע בכלבו דף ט""ו. וכרבי אליעזר שם ודע דכל זה בברכת המצוות אבל לא ברכת הנהנין, כמו שכתב בית יוסף. והשתא ניחא קושיות מגן אברהם מחלה כרבי אליעזר סימן שכ""ח דהוא נמי כמו ברכת הנהנין, ואפילו בשאר מצוות צריך עיון. דמשמע בכלבו שם דכוונת ירושלמי דוקא במצוות הנזכרים ולא בשאר מצוות. גם בסוכה לקמן סימן תרמ""ג בטור ובשולחן ערוך משמע הכי. ודו""ק כי קיצרתי:"
oc1,eliyah-rabbah,siman51,seif-005,C:\Users\binya\Documents\Shulchan aruch\newtry\OC_Mobile\oc318-mobile-reader\public\corpus\oc1\siman51\seif-005\eliyah-rabbah\en.html,corpus_en_html,SA_Sandbox corpus mirror,C:\Users\binya\Documents\Shulchan aruch\newtry\SA_Sandbox\public\corpus\oc1\siman51\seif-005\eliyah-rabbah\en.html,false,missing_or_empty,no,,C:\Users\binya\Documents\Shulchan aruch\newtry\OC_Mobile\oc318-mobile-reader\public\corpus\oc1\siman51\seif-005\eliyah-rabbah\he.html,"[ה] <b>להפסיק וכו'.</b> ומכל מקום לא יפסיק יותר שלא יהא נראה כסוף פסוק. ויפסיק בין כי ובין כל, וידגיש כ""ף של כל, כן כתב של""ה דף (רנ""ב) [רי""ג ע""ב] בשם דרך חיים. עוד כתב שיפסיק מעט בין רחמיך רבים בין ה' בין ה' ימלוך, בין ה' בין וישמרך מכל רע, בין ה' בין ישמר צאתך בין תהילת ה' בין ידבר פי. בפסוק יודוך עמים אלהים יש פסיק בין עמים לאלהים, שאם לא יפסיק נראה כאומר שהעמים הם אלהים, עד כאן. ירושלמי צריך להתיז כי לעולם דלא לשתמע כל העולם, וכן סמ""ך של חסדו צריך להתיז דלא לשתמע בשי""ן חשדו לשון חשד. וכתב לחם חמודות לאו למימרא שידגוש הסמ""ך בדג""ש חזק ותיעשה השו""א נח שלא כמשפט שאין לשנות התנועות כלל, עד כאן. נפשינו חכתה ידגיש החי""ת דלא לשתמע חס ושלום הכתה חס ושלום של""ה. ודע דמזמור הודו לה' קראו הוא מדברי הימים סימן ט""ז ואף דהוא נמי בתהילים מכל מקום יש ביניהם שינוי קצת במקצת מלות כמו שכתב אבודרהם הלכות שבת. צריך לומר לך אתן ארץ כנען בלא את, יעלוץ השדה בצדי""ק ולא בזי""ן, ויאמרו כל העם הוי""ו בפת""ח והיו""ד בדג""ש, עוד וישעך תתן לנו היו""ד בסגו""ל. והא דאמרינן הודו לה' קראו פירוש לפי שדוד תיקנו לפני הארון לומר בבוקר בתמיד של שחר עד באם אל תרעו ובתמיד של בין הערבים מן שירו לה' עד והלל לה', וכתב לחם חמודות מטעם זה נהג מורי מהר""י לחזור ולומר שירו לה' קודם תפילת מנחה, עד כאן. ומסתמא לא היה אומרו אלא עד והלל לה' כמו שכתב הלבוש, ולכך תמיהני על מגן אברהם בסוף סימן רל""ז שכתב בשמו לומר עד והוא רחום:"
oc1,eliyah-rabbah,siman51,seif-005,C:\Users\binya\Documents\Shulchan aruch\newtry\OC_Mobile\oc318-mobile-reader\public\corpus\oc1\siman51\seif-005\eliyah-rabbah\en.html,corpus_en_html,shulchan-yd-temp corpus mirror,C:\Users\binya\Documents\shulchan-yd-temp\newtry\OC_Mobile\oc318-mobile-reader\public\corpus\oc1\siman51\seif-005\eliyah-rabbah\en.html,true,likely_garbage,no,"(5) To interrupt, etc. — In any case, he should not pause so long that it appears like the end of a verse. He pauses between ""ki"" and ""kol,"" and emphasizes the kaf of ""kol,"" as the Shelah wrote on folio (252) [213 amud b",C:\Users\binya\Documents\Shulchan aruch\newtry\OC_Mobile\oc318-mobile-reader\public\corpus\oc1\siman51\seif-005\eliyah-rabbah\he.html,"[ה] <b>להפסיק וכו'.</b> ומכל מקום לא יפסיק יותר שלא יהא נראה כסוף פסוק. ויפסיק בין כי ובין כל, וידגיש כ""ף של כל, כן כתב של""ה דף (רנ""ב) [רי""ג ע""ב] בשם דרך חיים. עוד כתב שיפסיק מעט בין רחמיך רבים בין ה' בין ה' ימלוך, בין ה' בין וישמרך מכל רע, בין ה' בין ישמר צאתך בין תהילת ה' בין ידבר פי. בפסוק יודוך עמים אלהים יש פסיק בין עמים לאלהים, שאם לא יפסיק נראה כאומר שהעמים הם אלהים, עד כאן. ירושלמי צריך להתיז כי לעולם דלא לשתמע כל העולם, וכן סמ""ך של חסדו צריך להתיז דלא לשתמע בשי""ן חשדו לשון חשד. וכתב לחם חמודות לאו למימרא שידגוש הסמ""ך בדג""ש חזק ותיעשה השו""א נח שלא כמשפט שאין לשנות התנועות כלל, עד כאן. נפשינו חכתה ידגיש החי""ת דלא לשתמע חס ושלום הכתה חס ושלום של""ה. ודע דמזמור הודו לה' קראו הוא מדברי הימים סימן ט""ז ואף דהוא נמי בתהילים מכל מקום יש ביניהם שינוי קצת במקצת מלות כמו שכתב אבודרהם הלכות שבת. צריך לומר לך אתן ארץ כנען בלא את, יעלוץ השדה בצדי""ק ולא בזי""ן, ויאמרו כל העם הוי""ו בפת""ח והיו""ד בדג""ש, עוד וישעך תתן לנו היו""ד בסגו""ל. והא דאמרינן הודו לה' קראו פירוש לפי שדוד תיקנו לפני הארון לומר בבוקר בתמיד של שחר עד באם אל תרעו ובתמיד של בין הערבים מן שירו לה' עד והלל לה', וכתב לחם חמודות מטעם זה נהג מורי מהר""י לחזור ולומר שירו לה' קודם תפילת מנחה, עד כאן. ומסתמא לא היה אומרו אלא עד והלל לה' כמו שכתב הלבוש, ולכך תמיהני על מגן אברהם בסוף סימן רל""ז שכתב בשמו לומר עד והוא רחום:"
oc1,eliyah-rabbah,siman51,seif-005,C:\Users\binya\Documents\Shulchan aruch\newtry\OC_Mobile\oc318-mobile-reader\public\corpus\oc1\siman51\seif-005\eliyah-rabbah\en.html,source_txt_block,current OC_001 source output,C:\Users\binya\Documents\Shulchan aruch\newtry\OC_001\output\siman_051\eliyah-rabbah\part-001.txt,true,possibly_clean,yes,"[e] to stop etc. And in any case, it will not stop anymore so that it does not seem like the end of a verse. And he stops between because and between all, and emphasizes the Kf of all, as he wrote in the 5th page (RN2) [",C:\Users\binya\Documents\Shulchan aruch\newtry\OC_Mobile\oc318-mobile-reader\public\corpus\oc1\siman51\seif-005\eliyah-rabbah\he.html,"[ה] <b>להפסיק וכו'.</b> ומכל מקום לא יפסיק יותר שלא יהא נראה כסוף פסוק. ויפסיק בין כי ובין כל, וידגיש כ""ף של כל, כן כתב של""ה דף (רנ""ב) [רי""ג ע""ב] בשם דרך חיים. עוד כתב שיפסיק מעט בין רחמיך רבים בין ה' בין ה' ימלוך, בין ה' בין וישמרך מכל רע, בין ה' בין ישמר צאתך בין תהילת ה' בין ידבר פי. בפסוק יודוך עמים אלהים יש פסיק בין עמים לאלהים, שאם לא יפסיק נראה כאומר שהעמים הם אלהים, עד כאן. ירושלמי צריך להתיז כי לעולם דלא לשתמע כל העולם, וכן סמ""ך של חסדו צריך להתיז דלא לשתמע בשי""ן חשדו לשון חשד. וכתב לחם חמודות לאו למימרא שידגוש הסמ""ך בדג""ש חזק ותיעשה השו""א נח שלא כמשפט שאין לשנות התנועות כלל, עד כאן. נפשינו חכתה ידגיש החי""ת דלא לשתמע חס ושלום הכתה חס ושלום של""ה. ודע דמזמור הודו לה' קראו הוא מדברי הימים סימן ט""ז ואף דהוא נמי בתהילים מכל מקום יש ביניהם שינוי קצת במקצת מלות כמו שכתב אבודרהם הלכות שבת. צריך לומר לך אתן ארץ כנען בלא את, יעלוץ השדה בצדי""ק ולא בזי""ן, ויאמרו כל העם הוי""ו בפת""ח והיו""ד בדג""ש, עוד וישעך תתן לנו היו""ד בסגו""ל. והא דאמרינן הודו לה' קראו פירוש לפי שדוד תיקנו לפני הארון לומר בבוקר בתמיד של שחר עד באם אל תרעו ובתמיד של בין הערבים מן שירו לה' עד והלל לה', וכתב לחם חמודות מטעם זה נהג מורי מהר""י לחזור ולומר שירו לה' קודם תפילת מנחה, עד כאן. ומסתמא לא היה אומרו אלא עד והלל לה' כמו שכתב הלבוש, ולכך תמיהני על מגן אברהם בסוף סימן רל""ז שכתב בשמו לומר עד והוא רחום:"
oc1,eliyah-rabbah,siman51,seif-005,C:\Users\binya\Documents\Shulchan aruch\newtry\OC_Mobile\oc318-mobile-reader\public\corpus\oc1\siman51\seif-005\eliyah-rabbah\en.html,source_txt_block,temp OC_001 source output,C:\Users\binya\Documents\shulchan-yd-temp\newtry\OC_001\output\siman_051\eliyah-rabbah\part-001.txt,true,possibly_clean,yes,"[e] to stop etc. And in any case, it will not stop anymore so that it does not seem like the end of a verse. And he stops between because and between all, and emphasizes the Kf of all, as he wrote in the 5th page (RN2) [",C:\Users\binya\Documents\Shulchan aruch\newtry\OC_Mobile\oc318-mobile-reader\public\corpus\oc1\siman51\seif-005\eliyah-rabbah\he.html,"[ה] <b>להפסיק וכו'.</b> ומכל מקום לא יפסיק יותר שלא יהא נראה כסוף פסוק. ויפסיק בין כי ובין כל, וידגיש כ""ף של כל, כן כתב של""ה דף (רנ""ב) [רי""ג ע""ב] בשם דרך חיים. עוד כתב שיפסיק מעט בין רחמיך רבים בין ה' בין ה' ימלוך, בין ה' בין וישמרך מכל רע, בין ה' בין ישמר צאתך בין תהילת ה' בין ידבר פי. בפסוק יודוך עמים אלהים יש פסיק בין עמים לאלהים, שאם לא יפסיק נראה כאומר שהעמים הם אלהים, עד כאן. ירושלמי צריך להתיז כי לעולם דלא לשתמע כל העולם, וכן סמ""ך של חסדו צריך להתיז דלא לשתמע בשי""ן חשדו לשון חשד. וכתב לחם חמודות לאו למימרא שידגוש הסמ""ך בדג""ש חזק ותיעשה השו""א נח שלא כמשפט שאין לשנות התנועות כלל, עד כאן. נפשינו חכתה ידגיש החי""ת דלא לשתמע חס ושלום הכתה חס ושלום של""ה. ודע דמזמור הודו לה' קראו הוא מדברי הימים סימן ט""ז ואף דהוא נמי בתהילים מכל מקום יש ביניהם שינוי קצת במקצת מלות כמו שכתב אבודרהם הלכות שבת. צריך לומר לך אתן ארץ כנען בלא את, יעלוץ השדה בצדי""ק ולא בזי""ן, ויאמרו כל העם הוי""ו בפת""ח והיו""ד בדג""ש, עוד וישעך תתן לנו היו""ד בסגו""ל. והא דאמרינן הודו לה' קראו פירוש לפי שדוד תיקנו לפני הארון לומר בבוקר בתמיד של שחר עד באם אל תרעו ובתמיד של בין הערבים מן שירו לה' עד והלל לה', וכתב לחם חמודות מטעם זה נהג מורי מהר""י לחזור ולומר שירו לה' קודם תפילת מנחה, עד כאן. ומסתמא לא היה אומרו אלא עד והלל לה' כמו שכתב הלבוש, ולכך תמיהני על מגן אברהם בסוף סימן רל""ז שכתב בשמו לומר עד והוא רחום:"
oc1,eliyah-rabbah,siman56,seif-001,C:\Users\binya\Documents\Shulchan aruch\newtry\OC_Mobile\oc318-mobile-reader\public\corpus\oc1\siman56\seif-001\eliyah-rabbah\en.html,corpus_en_html,SA_Sandbox corpus mirror,C:\Users\binya\Documents\Shulchan aruch\newtry\SA_Sandbox\public\corpus\oc1\siman56\seif-001\eliyah-rabbah\en.html,false,missing_or_empty,no,,C:\Users\binya\Documents\Shulchan aruch\newtry\OC_Mobile\oc318-mobile-reader\public\corpus\oc1\siman56\seif-001\eliyah-rabbah\he.html,"[א] <b>יש לכוין וכו'.</b> יזהר החזן להדגיש ג' דיתגדל דלא לשתמע יתקדל תרגום של עורף קדל, וכן לא ידגיש ב' דיתברך דלא לשתמע יתפרך, וכן יזהר לחתוך ה' דיתהלל דלא לישמע חס ושלום ויתחלל, כן כתב של""ה דף רנ""ב. ואומר אני שיש למחות בחזן שמפסיק בין בעגלא ובזמן קריב ובין ואמרו אמן, אלא יאמרנו בנשימה אחת, כי הקהל יתחילו אמן יהא שמיה רבא קודם שאומר החזן ואמרו אמן והוא שלא כדין, וכן מצאתי בספר המנהיג זה לשונו השליח ציבור אומר ואמרו אמן ויענו הציבור אחריו אמן יהא שמיה רבא על שם שנאמר גדלו לה' אתי על כן אין ראוי להקדים לחזן, עד כאן. כתב בתשובת הרא""ש כלל ד' אין לומר קדיש עם החזן כי אין אומרים קדיש אלא בעשרה, אלא צריך להבין לחזן ולענות אמן יהא שמיה רבא אחריו. כתב שבלי הלקט יתגדל ויתקדש שמיה רבא, יתברך וישתבח ויתפאר ויתרומם ויתנשא ויתהדר ויתעלה ויתהלל, הן כנגד עשרה מאמרות שבהן נברא העולם ולזה אומרים בעלמא דברא כרעותיה ולפי שעשרת הדברות נכללין בעשרה מאמרות והיה הפסק בין שני דברות ראשונות לשמונה ששני דברות נאמרו מפי הגבורה, ושמונה מפי משה כך הפסיקו בקדיש בין שני שבחות יתגדל ויתקדש לשמונה אחרונים, עד כאן. ובכלבו כתב יתברך וכו' שמונה מיני שבח נגד שבעה רקיעים והשמיני כנגד רקיע שעל ראשי החיות וצריך להאריך ולמשוך הקלוסין כדי למנות השבח. עוד יש טעם על שמיה רבא ברא בהיפך המלה כלומר בשם י""ה צור העולמים. בחייכון וביומיכון לפי שלא ישארו כי אם אחד מעיר ושנים ממשפחה לכך מתברכין ישראל בחייכון, וברקנטי על פרנסי ישראל שלא ימותו מפני אחרים. כתב הכלבו חייב אדם למשוך רבא בכל כחו כדי שיחשוב בלבו ובמשכות רבא לכוין כל אותן הכוונות שכתבנו, עד כאן. מצאתי בראב""ן סימן י""ב נשאלתי למה תיקנו בקדיש ט""ו שבחות כגון יתגדל ויתקדש וימלוך ויתברך וכו' עד ויתהלל שירתא ותשבחתא ונחמתא הרי ט""ו. ונראה לי כנגד ט""ו שיר המעלות וכן בישתבח יש ט""ו שבחות, וכן באמת ויציב יש ט""ו ווי""ן עד טוב ויפה, ואמת אינו מן המנין כי הוא נחשב למעלה אלהיכם אמת, עד כאן. ונראה שהם כנגד שם של י""ה. כתב הכלבו דקדושה בוי""ו כי קודש עולה ת""י שמקדש ראשון היה קיים ת""י שנים ובו היה בריך זה השם והיו הכהנים קורים אותו ככתבו ועכשיו אנו צריכים לנחמה לעילא, אבל תשבחתא ונחמתא ד' מיני קילוסין כנגד ד' אותיות השם ועתה תבין לשון נחמתא ועיין בטור:"
oc1,eliyah-rabbah,siman56,seif-001,C:\Users\binya\Documents\Shulchan aruch\newtry\OC_Mobile\oc318-mobile-reader\public\corpus\oc1\siman56\seif-001\eliyah-rabbah\en.html,corpus_en_html,shulchan-yd-temp corpus mirror,C:\Users\binya\Documents\shulchan-yd-temp\newtry\OC_Mobile\oc318-mobile-reader\public\corpus\oc1\siman56\seif-001\eliyah-rabbah\en.html,true,possibly_clean,yes,"(1) One should have kavanah, etc. The chazzan should be careful to emphasize the dalet of ""yitgadal"" so it not be heard as ""yitkadel""—a translation of ""oref kadal"" (stiff neck); and likewise he should not emphasize the b",C:\Users\binya\Documents\Shulchan aruch\newtry\OC_Mobile\oc318-mobile-reader\public\corpus\oc1\siman56\seif-001\eliyah-rabbah\he.html,"[א] <b>יש לכוין וכו'.</b> יזהר החזן להדגיש ג' דיתגדל דלא לשתמע יתקדל תרגום של עורף קדל, וכן לא ידגיש ב' דיתברך דלא לשתמע יתפרך, וכן יזהר לחתוך ה' דיתהלל דלא לישמע חס ושלום ויתחלל, כן כתב של""ה דף רנ""ב. ואומר אני שיש למחות בחזן שמפסיק בין בעגלא ובזמן קריב ובין ואמרו אמן, אלא יאמרנו בנשימה אחת, כי הקהל יתחילו אמן יהא שמיה רבא קודם שאומר החזן ואמרו אמן והוא שלא כדין, וכן מצאתי בספר המנהיג זה לשונו השליח ציבור אומר ואמרו אמן ויענו הציבור אחריו אמן יהא שמיה רבא על שם שנאמר גדלו לה' אתי על כן אין ראוי להקדים לחזן, עד כאן. כתב בתשובת הרא""ש כלל ד' אין לומר קדיש עם החזן כי אין אומרים קדיש אלא בעשרה, אלא צריך להבין לחזן ולענות אמן יהא שמיה רבא אחריו. כתב שבלי הלקט יתגדל ויתקדש שמיה רבא, יתברך וישתבח ויתפאר ויתרומם ויתנשא ויתהדר ויתעלה ויתהלל, הן כנגד עשרה מאמרות שבהן נברא העולם ולזה אומרים בעלמא דברא כרעותיה ולפי שעשרת הדברות נכללין בעשרה מאמרות והיה הפסק בין שני דברות ראשונות לשמונה ששני דברות נאמרו מפי הגבורה, ושמונה מפי משה כך הפסיקו בקדיש בין שני שבחות יתגדל ויתקדש לשמונה אחרונים, עד כאן. ובכלבו כתב יתברך וכו' שמונה מיני שבח נגד שבעה רקיעים והשמיני כנגד רקיע שעל ראשי החיות וצריך להאריך ולמשוך הקלוסין כדי למנות השבח. עוד יש טעם על שמיה רבא ברא בהיפך המלה כלומר בשם י""ה צור העולמים. בחייכון וביומיכון לפי שלא ישארו כי אם אחד מעיר ושנים ממשפחה לכך מתברכין ישראל בחייכון, וברקנטי על פרנסי ישראל שלא ימותו מפני אחרים. כתב הכלבו חייב אדם למשוך רבא בכל כחו כדי שיחשוב בלבו ובמשכות רבא לכוין כל אותן הכוונות שכתבנו, עד כאן. מצאתי בראב""ן סימן י""ב נשאלתי למה תיקנו בקדיש ט""ו שבחות כגון יתגדל ויתקדש וימלוך ויתברך וכו' עד ויתהלל שירתא ותשבחתא ונחמתא הרי ט""ו. ונראה לי כנגד ט""ו שיר המעלות וכן בישתבח יש ט""ו שבחות, וכן באמת ויציב יש ט""ו ווי""ן עד טוב ויפה, ואמת אינו מן המנין כי הוא נחשב למעלה אלהיכם אמת, עד כאן. ונראה שהם כנגד שם של י""ה. כתב הכלבו דקדושה בוי""ו כי קודש עולה ת""י שמקדש ראשון היה קיים ת""י שנים ובו היה בריך זה השם והיו הכהנים קורים אותו ככתבו ועכשיו אנו צריכים לנחמה לעילא, אבל תשבחתא ונחמתא ד' מיני קילוסין כנגד ד' אותיות השם ועתה תבין לשון נחמתא ועיין בטור:"
oc1,eliyah-rabbah,siman56,seif-001,C:\Users\binya\Documents\Shulchan aruch\newtry\OC_Mobile\oc318-mobile-reader\public\corpus\oc1\siman56\seif-001\eliyah-rabbah\en.html,source_txt_block,current OC_001 source output,C:\Users\binya\Documents\Shulchan aruch\newtry\OC_001\output\siman_056\eliyah-rabbah\part-001.txt,true,likely_garbage,no,"There is a blessing and so on. Be careful to emphasize that J. D. D. D. D. D. D. D. D. D. D. D.D. will not be translated into a translation of the Keld artery, nor will it be used in the D.D. D.D. not for the tear to imp",C:\Users\binya\Documents\Shulchan aruch\newtry\OC_Mobile\oc318-mobile-reader\public\corpus\oc1\siman56\seif-001\eliyah-rabbah\he.html,"[א] <b>יש לכוין וכו'.</b> יזהר החזן להדגיש ג' דיתגדל דלא לשתמע יתקדל תרגום של עורף קדל, וכן לא ידגיש ב' דיתברך דלא לשתמע יתפרך, וכן יזהר לחתוך ה' דיתהלל דלא לישמע חס ושלום ויתחלל, כן כתב של""ה דף רנ""ב. ואומר אני שיש למחות בחזן שמפסיק בין בעגלא ובזמן קריב ובין ואמרו אמן, אלא יאמרנו בנשימה אחת, כי הקהל יתחילו אמן יהא שמיה רבא קודם שאומר החזן ואמרו אמן והוא שלא כדין, וכן מצאתי בספר המנהיג זה לשונו השליח ציבור אומר ואמרו אמן ויענו הציבור אחריו אמן יהא שמיה רבא על שם שנאמר גדלו לה' אתי על כן אין ראוי להקדים לחזן, עד כאן. כתב בתשובת הרא""ש כלל ד' אין לומר קדיש עם החזן כי אין אומרים קדיש אלא בעשרה, אלא צריך להבין לחזן ולענות אמן יהא שמיה רבא אחריו. כתב שבלי הלקט יתגדל ויתקדש שמיה רבא, יתברך וישתבח ויתפאר ויתרומם ויתנשא ויתהדר ויתעלה ויתהלל, הן כנגד עשרה מאמרות שבהן נברא העולם ולזה אומרים בעלמא דברא כרעותיה ולפי שעשרת הדברות נכללין בעשרה מאמרות והיה הפסק בין שני דברות ראשונות לשמונה ששני דברות נאמרו מפי הגבורה, ושמונה מפי משה כך הפסיקו בקדיש בין שני שבחות יתגדל ויתקדש לשמונה אחרונים, עד כאן. ובכלבו כתב יתברך וכו' שמונה מיני שבח נגד שבעה רקיעים והשמיני כנגד רקיע שעל ראשי החיות וצריך להאריך ולמשוך הקלוסין כדי למנות השבח. עוד יש טעם על שמיה רבא ברא בהיפך המלה כלומר בשם י""ה צור העולמים. בחייכון וביומיכון לפי שלא ישארו כי אם אחד מעיר ושנים ממשפחה לכך מתברכין ישראל בחייכון, וברקנטי על פרנסי ישראל שלא ימותו מפני אחרים. כתב הכלבו חייב אדם למשוך רבא בכל כחו כדי שיחשוב בלבו ובמשכות רבא לכוין כל אותן הכוונות שכתבנו, עד כאן. מצאתי בראב""ן סימן י""ב נשאלתי למה תיקנו בקדיש ט""ו שבחות כגון יתגדל ויתקדש וימלוך ויתברך וכו' עד ויתהלל שירתא ותשבחתא ונחמתא הרי ט""ו. ונראה לי כנגד ט""ו שיר המעלות וכן בישתבח יש ט""ו שבחות, וכן באמת ויציב יש ט""ו ווי""ן עד טוב ויפה, ואמת אינו מן המנין כי הוא נחשב למעלה אלהיכם אמת, עד כאן. ונראה שהם כנגד שם של י""ה. כתב הכלבו דקדושה בוי""ו כי קודש עולה ת""י שמקדש ראשון היה קיים ת""י שנים ובו היה בריך זה השם והיו הכהנים קורים אותו ככתבו ועכשיו אנו צריכים לנחמה לעילא, אבל תשבחתא ונחמתא ד' מיני קילוסין כנגד ד' אותיות השם ועתה תבין לשון נחמתא ועיין בטור:"
oc1,eliyah-rabbah,siman56,seif-001,C:\Users\binya\Documents\Shulchan aruch\newtry\OC_Mobile\oc318-mobile-reader\public\corpus\oc1\siman56\seif-001\eliyah-rabbah\en.html,source_txt_block,temp OC_001 source output,C:\Users\binya\Documents\shulchan-yd-temp\newtry\OC_001\output\siman_056\eliyah-rabbah\part-001.txt,true,likely_garbage,no,"There is a blessing and so on. Be careful to emphasize that J. D. D. D. D. D. D. D. D. D. D. D.D. will not be translated into a translation of the Keld artery, nor will it be used in the D.D. D.D. not for the tear to imp",C:\Users\binya\Documents\Shulchan aruch\newtry\OC_Mobile\oc318-mobile-reader\public\corpus\oc1\siman56\seif-001\eliyah-rabbah\he.html,"[א] <b>יש לכוין וכו'.</b> יזהר החזן להדגיש ג' דיתגדל דלא לשתמע יתקדל תרגום של עורף קדל, וכן לא ידגיש ב' דיתברך דלא לשתמע יתפרך, וכן יזהר לחתוך ה' דיתהלל דלא לישמע חס ושלום ויתחלל, כן כתב של""ה דף רנ""ב. ואומר אני שיש למחות בחזן שמפסיק בין בעגלא ובזמן קריב ובין ואמרו אמן, אלא יאמרנו בנשימה אחת, כי הקהל יתחילו אמן יהא שמיה רבא קודם שאומר החזן ואמרו אמן והוא שלא כדין, וכן מצאתי בספר המנהיג זה לשונו השליח ציבור אומר ואמרו אמן ויענו הציבור אחריו אמן יהא שמיה רבא על שם שנאמר גדלו לה' אתי על כן אין ראוי להקדים לחזן, עד כאן. כתב בתשובת הרא""ש כלל ד' אין לומר קדיש עם החזן כי אין אומרים קדיש אלא בעשרה, אלא צריך להבין לחזן ולענות אמן יהא שמיה רבא אחריו. כתב שבלי הלקט יתגדל ויתקדש שמיה רבא, יתברך וישתבח ויתפאר ויתרומם ויתנשא ויתהדר ויתעלה ויתהלל, הן כנגד עשרה מאמרות שבהן נברא העולם ולזה אומרים בעלמא דברא כרעותיה ולפי שעשרת הדברות נכללין בעשרה מאמרות והיה הפסק בין שני דברות ראשונות לשמונה ששני דברות נאמרו מפי הגבורה, ושמונה מפי משה כך הפסיקו בקדיש בין שני שבחות יתגדל ויתקדש לשמונה אחרונים, עד כאן. ובכלבו כתב יתברך וכו' שמונה מיני שבח נגד שבעה רקיעים והשמיני כנגד רקיע שעל ראשי החיות וצריך להאריך ולמשוך הקלוסין כדי למנות השבח. עוד יש טעם על שמיה רבא ברא בהיפך המלה כלומר בשם י""ה צור העולמים. בחייכון וביומיכון לפי שלא ישארו כי אם אחד מעיר ושנים ממשפחה לכך מתברכין ישראל בחייכון, וברקנטי על פרנסי ישראל שלא ימותו מפני אחרים. כתב הכלבו חייב אדם למשוך רבא בכל כחו כדי שיחשוב בלבו ובמשכות רבא לכוין כל אותן הכוונות שכתבנו, עד כאן. מצאתי בראב""ן סימן י""ב נשאלתי למה תיקנו בקדיש ט""ו שבחות כגון יתגדל ויתקדש וימלוך ויתברך וכו' עד ויתהלל שירתא ותשבחתא ונחמתא הרי ט""ו. ונראה לי כנגד ט""ו שיר המעלות וכן בישתבח יש ט""ו שבחות, וכן באמת ויציב יש ט""ו ווי""ן עד טוב ויפה, ואמת אינו מן המנין כי הוא נחשב למעלה אלהיכם אמת, עד כאן. ונראה שהם כנגד שם של י""ה. כתב הכלבו דקדושה בוי""ו כי קודש עולה ת""י שמקדש ראשון היה קיים ת""י שנים ובו היה בריך זה השם והיו הכהנים קורים אותו ככתבו ועכשיו אנו צריכים לנחמה לעילא, אבל תשבחתא ונחמתא ד' מיני קילוסין כנגד ד' אותיות השם ועתה תבין לשון נחמתא ועיין בטור:"
oc1,eliyah-rabbah,siman148,seif-001,C:\Users\binya\Documents\Shulchan aruch\newtry\OC_Mobile\oc318-mobile-reader\public\corpus\oc1\siman148\seif-001\eliyah-rabbah\en.html,corpus_en_html,SA_Sandbox corpus mirror,C:\Users\binya\Documents\Shulchan aruch\newtry\SA_Sandbox\public\corpus\oc1\siman148\seif-001\eliyah-rabbah\en.html,false,missing_or_empty,no,,C:\Users\binya\Documents\Shulchan aruch\newtry\OC_Mobile\oc318-mobile-reader\public\corpus\oc1\siman148\seif-001\eliyah-rabbah\he.html,[א] <b>רשאי להפשיט וכו'.</b> עיין פירושו בטור:
oc1,eliyah-rabbah,siman148,seif-001,C:\Users\binya\Documents\Shulchan aruch\newtry\OC_Mobile\oc318-mobile-reader\public\corpus\oc1\siman148\seif-001\eliyah-rabbah\en.html,corpus_en_html,shulchan-yd-temp corpus mirror,C:\Users\binya\Documents\shulchan-yd-temp\newtry\OC_Mobile\oc318-mobile-reader\public\corpus\oc1\siman148\seif-001\eliyah-rabbah\en.html,true,possibly_clean,yes,(a) It is permitted to sail and so on. This is a column: ,C:\Users\binya\Documents\Shulchan aruch\newtry\OC_Mobile\oc318-mobile-reader\public\corpus\oc1\siman148\seif-001\eliyah-rabbah\he.html,[א] <b>רשאי להפשיט וכו'.</b> עיין פירושו בטור:
oc1,eliyah-rabbah,siman148,seif-001,C:\Users\binya\Documents\Shulchan aruch\newtry\OC_Mobile\oc318-mobile-reader\public\corpus\oc1\siman148\seif-001\eliyah-rabbah\en.html,source_txt_block,current OC_001 source output,C:\Users\binya\Documents\Shulchan aruch\newtry\OC_001\output\siman_148\eliyah-rabbah\part-001.txt,true,placeholder,no,English translation pending — replace after editing this block (keep Hebrew above intact).,C:\Users\binya\Documents\Shulchan aruch\newtry\OC_Mobile\oc318-mobile-reader\public\corpus\oc1\siman148\seif-001\eliyah-rabbah\he.html,[א] <b>רשאי להפשיט וכו'.</b> עיין פירושו בטור:
oc1,eliyah-rabbah,siman148,seif-001,C:\Users\binya\Documents\Shulchan aruch\newtry\OC_Mobile\oc318-mobile-reader\public\corpus\oc1\siman148\seif-001\eliyah-rabbah\en.html,source_txt_block,temp OC_001 source output,C:\Users\binya\Documents\shulchan-yd-temp\newtry\OC_001\output\siman_148\eliyah-rabbah\part-001.txt,true,placeholder,no,English translation pending — replace after editing this block (keep Hebrew above intact).,C:\Users\binya\Documents\Shulchan aruch\newtry\OC_Mobile\oc318-mobile-reader\public\corpus\oc1\siman148\seif-001\eliyah-rabbah\he.html,[א] <b>רשאי להפשיט וכו'.</b> עיין פירושו בטור:
oc1,eliyah-rabbah,siman502,seif-003,C:\Users\binya\Documents\Shulchan aruch\newtry\OC_Mobile\oc318-mobile-reader\public\corpus\oc1\siman502\seif-003\eliyah-rabbah\en.html,corpus_en_html,SA_Sandbox corpus mirror,C:\Users\binya\Documents\Shulchan aruch\newtry\SA_Sandbox\public\corpus\oc1\siman502\seif-003\eliyah-rabbah\en.html,false,missing_or_empty,no,,C:\Users\binya\Documents\Shulchan aruch\newtry\OC_Mobile\oc318-mobile-reader\public\corpus\oc1\siman502\seif-003\eliyah-rabbah\he.html,"[ג] <b>[לבוש] מותר להשתמש וכו'.</b> הט""ז תמה על המגיד ושולחן ערוך כיון דהוא מכשירי אוכל נפש שאין דוחה יום טוב הוי דינו כמעשר פירותיו במזיד בשבת או מבשל דאפילו דיעבד אסור ואין בין יום טוב לשבת אלא אוכל נפש בלבד, עד כאן, ולעניות דעתי לא קשה מידי דאין בין כו' קאי על לכתחילה ולא על עבר כמו שכתבו תוס' ורש""י במגילה דף ט', גם אשתמיטתיה מה שכתב בית יוסף סוף סימן תק""ג בשם הרשב""א דדוקא באיסורא דשבת אסרינן למזיד דידהו (והיינו מעשר וטובל אף שהוא דרבנן) אבל ביום טוב כלל לא, גם מה שהקשה על מה שדקדק הב""ח כתב הטור סתם אין מוציאין ולא כתב דאסור משמע דמותר, הא אמרינן אין אופין מיום טוב לשבת ואפילו הכי מיבעי בש""ס עבר ואפה מאי, עד כאן, לא קשה מידי דהא פשיט לה דמותר בים של שלמה בסימן תק""ג ועל כל פנים הוה ליה לטור הכא לפרש דאסור:"
oc1,eliyah-rabbah,siman502,seif-003,C:\Users\binya\Documents\Shulchan aruch\newtry\OC_Mobile\oc318-mobile-reader\public\corpus\oc1\siman502\seif-003\eliyah-rabbah\en.html,corpus_en_html,shulchan-yd-temp corpus mirror,C:\Users\binya\Documents\shulchan-yd-temp\newtry\OC_Mobile\oc318-mobile-reader\public\corpus\oc1\siman502\seif-003\eliyah-rabbah\en.html,true,possibly_clean,yes,"[c] [clothing] is allowed to use, etc. The 16th is confused about the Maggid and Shulchan Aruch, since it is a device for soul food that one does not postpone a good day, but his ruling is as a tithe of its fruits delibe",C:\Users\binya\Documents\Shulchan aruch\newtry\OC_Mobile\oc318-mobile-reader\public\corpus\oc1\siman502\seif-003\eliyah-rabbah\he.html,"[ג] <b>[לבוש] מותר להשתמש וכו'.</b> הט""ז תמה על המגיד ושולחן ערוך כיון דהוא מכשירי אוכל נפש שאין דוחה יום טוב הוי דינו כמעשר פירותיו במזיד בשבת או מבשל דאפילו דיעבד אסור ואין בין יום טוב לשבת אלא אוכל נפש בלבד, עד כאן, ולעניות דעתי לא קשה מידי דאין בין כו' קאי על לכתחילה ולא על עבר כמו שכתבו תוס' ורש""י במגילה דף ט', גם אשתמיטתיה מה שכתב בית יוסף סוף סימן תק""ג בשם הרשב""א דדוקא באיסורא דשבת אסרינן למזיד דידהו (והיינו מעשר וטובל אף שהוא דרבנן) אבל ביום טוב כלל לא, גם מה שהקשה על מה שדקדק הב""ח כתב הטור סתם אין מוציאין ולא כתב דאסור משמע דמותר, הא אמרינן אין אופין מיום טוב לשבת ואפילו הכי מיבעי בש""ס עבר ואפה מאי, עד כאן, לא קשה מידי דהא פשיט לה דמותר בים של שלמה בסימן תק""ג ועל כל פנים הוה ליה לטור הכא לפרש דאסור:"
oc1,eliyah-rabbah,siman502,seif-003,C:\Users\binya\Documents\Shulchan aruch\newtry\OC_Mobile\oc318-mobile-reader\public\corpus\oc1\siman502\seif-003\eliyah-rabbah\en.html,source_txt_block,current OC_001 source output,C:\Users\binya\Documents\Shulchan aruch\newtry\OC_001\output\siman_502\eliyah-rabbah\part-001.txt,true,placeholder,no,English translation pending — replace after editing this block (keep Hebrew above intact).,C:\Users\binya\Documents\Shulchan aruch\newtry\OC_Mobile\oc318-mobile-reader\public\corpus\oc1\siman502\seif-003\eliyah-rabbah\he.html,"[ג] <b>[לבוש] מותר להשתמש וכו'.</b> הט""ז תמה על המגיד ושולחן ערוך כיון דהוא מכשירי אוכל נפש שאין דוחה יום טוב הוי דינו כמעשר פירותיו במזיד בשבת או מבשל דאפילו דיעבד אסור ואין בין יום טוב לשבת אלא אוכל נפש בלבד, עד כאן, ולעניות דעתי לא קשה מידי דאין בין כו' קאי על לכתחילה ולא על עבר כמו שכתבו תוס' ורש""י במגילה דף ט', גם אשתמיטתיה מה שכתב בית יוסף סוף סימן תק""ג בשם הרשב""א דדוקא באיסורא דשבת אסרינן למזיד דידהו (והיינו מעשר וטובל אף שהוא דרבנן) אבל ביום טוב כלל לא, גם מה שהקשה על מה שדקדק הב""ח כתב הטור סתם אין מוציאין ולא כתב דאסור משמע דמותר, הא אמרינן אין אופין מיום טוב לשבת ואפילו הכי מיבעי בש""ס עבר ואפה מאי, עד כאן, לא קשה מידי דהא פשיט לה דמותר בים של שלמה בסימן תק""ג ועל כל פנים הוה ליה לטור הכא לפרש דאסור:"
oc1,eliyah-rabbah,siman502,seif-003,C:\Users\binya\Documents\Shulchan aruch\newtry\OC_Mobile\oc318-mobile-reader\public\corpus\oc1\siman502\seif-003\eliyah-rabbah\en.html,source_txt_block,temp OC_001 source output,C:\Users\binya\Documents\shulchan-yd-temp\newtry\OC_001\output\siman_502\eliyah-rabbah\part-001.txt,true,placeholder,no,English translation pending — replace after editing this block (keep Hebrew above intact).,C:\Users\binya\Documents\Shulchan aruch\newtry\OC_Mobile\oc318-mobile-reader\public\corpus\oc1\siman502\seif-003\eliyah-rabbah\he.html,"[ג] <b>[לבוש] מותר להשתמש וכו'.</b> הט""ז תמה על המגיד ושולחן ערוך כיון דהוא מכשירי אוכל נפש שאין דוחה יום טוב הוי דינו כמעשר פירותיו במזיד בשבת או מבשל דאפילו דיעבד אסור ואין בין יום טוב לשבת אלא אוכל נפש בלבד, עד כאן, ולעניות דעתי לא קשה מידי דאין בין כו' קאי על לכתחילה ולא על עבר כמו שכתבו תוס' ורש""י במגילה דף ט', גם אשתמיטתיה מה שכתב בית יוסף סוף סימן תק""ג בשם הרשב""א דדוקא באיסורא דשבת אסרינן למזיד דידהו (והיינו מעשר וטובל אף שהוא דרבנן) אבל ביום טוב כלל לא, גם מה שהקשה על מה שדקדק הב""ח כתב הטור סתם אין מוציאין ולא כתב דאסור משמע דמותר, הא אמרינן אין אופין מיום טוב לשבת ואפילו הכי מיבעי בש""ס עבר ואפה מאי, עד כאן, לא קשה מידי דהא פשיט לה דמותר בים של שלמה בסימן תק""ג ועל כל פנים הוה ליה לטור הכא לפרש דאסור:"
oc1,eliyah-rabbah,siman531,seif-004,C:\Users\binya\Documents\Shulchan aruch\newtry\OC_Mobile\oc318-mobile-reader\public\corpus\oc1\siman531\seif-004\eliyah-rabbah\en.html,corpus_en_html,SA_Sandbox corpus mirror,C:\Users\binya\Documents\Shulchan aruch\newtry\SA_Sandbox\public\corpus\oc1\siman531\seif-004\eliyah-rabbah\en.html,false,missing_or_empty,no,,C:\Users\binya\Documents\Shulchan aruch\newtry\OC_Mobile\oc318-mobile-reader\public\corpus\oc1\siman531\seif-004\eliyah-rabbah\he.html,"[ד] <b>[לבוש] ונמלך וכו'.</b> כתב כן משום שכתב הבית יוסף דמשמע מהרי""ף ורמב""ם מדלא הביאו הירושלמי וכן פסק מגן אברהם ואני אומר שלא ראו בפירוש משנה לרמב""ם שפירש להדיא כירושלמי דאסור בנמלך ואין היתר אלא בלא מצא חכם קודם הרגל או לא מצא פתח וכן פסק ברטנורה שם וכן פסק בב""ח וכן הדרכי משה כתב דהרא""ש וטור ור""י פסקו כירושלמי גם לא שבקינן ירושלמי ופוסקים הנזכרים לעיל מקמי משמעות דהרי""ף ורמב""ם וכן פסק בספר זכרון להגאון ר""י הכהן:"
oc1,eliyah-rabbah,siman531,seif-004,C:\Users\binya\Documents\Shulchan aruch\newtry\OC_Mobile\oc318-mobile-reader\public\corpus\oc1\siman531\seif-004\eliyah-rabbah\en.html,corpus_en_html,shulchan-yd-temp corpus mirror,C:\Users\binya\Documents\shulchan-yd-temp\newtry\OC_Mobile\oc318-mobile-reader\public\corpus\oc1\siman531\seif-004\eliyah-rabbah\en.html,true,likely_garbage,no,"[D] [Clothes] and Nemelech, etc. He wrote so because the scribe of the House Yosef, per the Harif and Rambam from Dela, brought the Jerusalemite, and also ruled Magen Avraham, and I say that they did not see in the Mishn",C:\Users\binya\Documents\Shulchan aruch\newtry\OC_Mobile\oc318-mobile-reader\public\corpus\oc1\siman531\seif-004\eliyah-rabbah\he.html,"[ד] <b>[לבוש] ונמלך וכו'.</b> כתב כן משום שכתב הבית יוסף דמשמע מהרי""ף ורמב""ם מדלא הביאו הירושלמי וכן פסק מגן אברהם ואני אומר שלא ראו בפירוש משנה לרמב""ם שפירש להדיא כירושלמי דאסור בנמלך ואין היתר אלא בלא מצא חכם קודם הרגל או לא מצא פתח וכן פסק ברטנורה שם וכן פסק בב""ח וכן הדרכי משה כתב דהרא""ש וטור ור""י פסקו כירושלמי גם לא שבקינן ירושלמי ופוסקים הנזכרים לעיל מקמי משמעות דהרי""ף ורמב""ם וכן פסק בספר זכרון להגאון ר""י הכהן:"
oc1,eliyah-rabbah,siman531,seif-004,C:\Users\binya\Documents\Shulchan aruch\newtry\OC_Mobile\oc318-mobile-reader\public\corpus\oc1\siman531\seif-004\eliyah-rabbah\en.html,source_txt_block,current OC_001 source output,C:\Users\binya\Documents\Shulchan aruch\newtry\OC_001\output\siman_531\eliyah-rabbah\part-001.txt,true,placeholder,no,English translation pending — replace after editing this block (keep Hebrew above intact).,C:\Users\binya\Documents\Shulchan aruch\newtry\OC_Mobile\oc318-mobile-reader\public\corpus\oc1\siman531\seif-004\eliyah-rabbah\he.html,"[ד] <b>[לבוש] ונמלך וכו'.</b> כתב כן משום שכתב הבית יוסף דמשמע מהרי""ף ורמב""ם מדלא הביאו הירושלמי וכן פסק מגן אברהם ואני אומר שלא ראו בפירוש משנה לרמב""ם שפירש להדיא כירושלמי דאסור בנמלך ואין היתר אלא בלא מצא חכם קודם הרגל או לא מצא פתח וכן פסק ברטנורה שם וכן פסק בב""ח וכן הדרכי משה כתב דהרא""ש וטור ור""י פסקו כירושלמי גם לא שבקינן ירושלמי ופוסקים הנזכרים לעיל מקמי משמעות דהרי""ף ורמב""ם וכן פסק בספר זכרון להגאון ר""י הכהן:"
oc1,eliyah-rabbah,siman531,seif-004,C:\Users\binya\Documents\Shulchan aruch\newtry\OC_Mobile\oc318-mobile-reader\public\corpus\oc1\siman531\seif-004\eliyah-rabbah\en.html,source_txt_block,temp OC_001 source output,C:\Users\binya\Documents\shulchan-yd-temp\newtry\OC_001\output\siman_531\eliyah-rabbah\part-001.txt,true,placeholder,no,English translation pending — replace after editing this block (keep Hebrew above intact).,C:\Users\binya\Documents\Shulchan aruch\newtry\OC_Mobile\oc318-mobile-reader\public\corpus\oc1\siman531\seif-004\eliyah-rabbah\he.html,"[ד] <b>[לבוש] ונמלך וכו'.</b> כתב כן משום שכתב הבית יוסף דמשמע מהרי""ף ורמב""ם מדלא הביאו הירושלמי וכן פסק מגן אברהם ואני אומר שלא ראו בפירוש משנה לרמב""ם שפירש להדיא כירושלמי דאסור בנמלך ואין היתר אלא בלא מצא חכם קודם הרגל או לא מצא פתח וכן פסק ברטנורה שם וכן פסק בב""ח וכן הדרכי משה כתב דהרא""ש וטור ור""י פסקו כירושלמי גם לא שבקינן ירושלמי ופוסקים הנזכרים לעיל מקמי משמעות דהרי""ף ורמב""ם וכן פסק בספר זכרון להגאון ר""י הכהן:"
oc1,eliyah-rabbah,siman547,seif-010,C:\Users\binya\Documents\Shulchan aruch\newtry\OC_Mobile\oc318-mobile-reader\public\corpus\oc1\siman547\seif-010\eliyah-rabbah\en.html,corpus_en_html,SA_Sandbox corpus mirror,C:\Users\binya\Documents\Shulchan aruch\newtry\SA_Sandbox\public\corpus\oc1\siman547\seif-010\eliyah-rabbah\en.html,false,missing_or_empty,no,,C:\Users\binya\Documents\Shulchan aruch\newtry\OC_Mobile\oc318-mobile-reader\public\corpus\oc1\siman547\seif-010\eliyah-rabbah\he.html,"[י] <b>אין כורתין וכו'.</b> פירוש אפילו מפורסם ועל ידי כותים מותר (מגן אברהם), והיכא דאי אפשר מותר לקוץ מהמחובר אפילו אין מפורסם כשאין לו עצים אחרים כנ""ל, משמע בתומת ישרים סימן קי""ז בשם הר""א ירושלמי ובכנסת הגדולה נשמט הר""א וחשב מגן אברהם שהוא מש""ס ירושלמי וליתא:"
oc1,eliyah-rabbah,siman547,seif-010,C:\Users\binya\Documents\Shulchan aruch\newtry\OC_Mobile\oc318-mobile-reader\public\corpus\oc1\siman547\seif-010\eliyah-rabbah\en.html,corpus_en_html,shulchan-yd-temp corpus mirror,C:\Users\binya\Documents\shulchan-yd-temp\newtry\OC_Mobile\oc318-mobile-reader\public\corpus\oc1\siman547\seif-010\eliyah-rabbah\en.html,true,possibly_clean,yes,"[J] There is no Koratin, etc. An even famous interpretation and by Kotim is allowed (Magen Avraham), and here it is possible to allow a thorn from the connected even if it is not famous when it does not have other trees ",C:\Users\binya\Documents\Shulchan aruch\newtry\OC_Mobile\oc318-mobile-reader\public\corpus\oc1\siman547\seif-010\eliyah-rabbah\he.html,"[י] <b>אין כורתין וכו'.</b> פירוש אפילו מפורסם ועל ידי כותים מותר (מגן אברהם), והיכא דאי אפשר מותר לקוץ מהמחובר אפילו אין מפורסם כשאין לו עצים אחרים כנ""ל, משמע בתומת ישרים סימן קי""ז בשם הר""א ירושלמי ובכנסת הגדולה נשמט הר""א וחשב מגן אברהם שהוא מש""ס ירושלמי וליתא:"
oc1,eliyah-rabbah,siman547,seif-010,C:\Users\binya\Documents\Shulchan aruch\newtry\OC_Mobile\oc318-mobile-reader\public\corpus\oc1\siman547\seif-010\eliyah-rabbah\en.html,source_txt_block,current OC_001 source output,C:\Users\binya\Documents\Shulchan aruch\newtry\OC_001\output\siman_547\eliyah-rabbah\part-001.txt,true,placeholder,no,English translation pending — replace after editing this block (keep Hebrew above intact).,C:\Users\binya\Documents\Shulchan aruch\newtry\OC_Mobile\oc318-mobile-reader\public\corpus\oc1\siman547\seif-010\eliyah-rabbah\he.html,"[י] <b>אין כורתין וכו'.</b> פירוש אפילו מפורסם ועל ידי כותים מותר (מגן אברהם), והיכא דאי אפשר מותר לקוץ מהמחובר אפילו אין מפורסם כשאין לו עצים אחרים כנ""ל, משמע בתומת ישרים סימן קי""ז בשם הר""א ירושלמי ובכנסת הגדולה נשמט הר""א וחשב מגן אברהם שהוא מש""ס ירושלמי וליתא:"
oc1,eliyah-rabbah,siman547,seif-010,C:\Users\binya\Documents\Shulchan aruch\newtry\OC_Mobile\oc318-mobile-reader\public\corpus\oc1\siman547\seif-010\eliyah-rabbah\en.html,source_txt_block,temp OC_001 source output,C:\Users\binya\Documents\shulchan-yd-temp\newtry\OC_001\output\siman_547\eliyah-rabbah\part-001.txt,true,placeholder,no,English translation pending — replace after editing this block (keep Hebrew above intact).,C:\Users\binya\Documents\Shulchan aruch\newtry\OC_Mobile\oc318-mobile-reader\public\corpus\oc1\siman547\seif-010\eliyah-rabbah\he.html,"[י] <b>אין כורתין וכו'.</b> פירוש אפילו מפורסם ועל ידי כותים מותר (מגן אברהם), והיכא דאי אפשר מותר לקוץ מהמחובר אפילו אין מפורסם כשאין לו עצים אחרים כנ""ל, משמע בתומת ישרים סימן קי""ז בשם הר""א ירושלמי ובכנסת הגדולה נשמט הר""א וחשב מגן אברהם שהוא מש""ס ירושלמי וליתא:"
oc1,eliyah-rabbah,siman665,seif-001,C:\Users\binya\Documents\Shulchan aruch\newtry\OC_Mobile\oc318-mobile-reader\public\corpus\oc1\siman665\seif-001\eliyah-rabbah\en.html,corpus_en_html,SA_Sandbox corpus mirror,C:\Users\binya\Documents\Shulchan aruch\newtry\SA_Sandbox\public\corpus\oc1\siman665\seif-001\eliyah-rabbah\en.html,false,missing_or_empty,no,,C:\Users\binya\Documents\Shulchan aruch\newtry\OC_Mobile\oc318-mobile-reader\public\corpus\oc1\siman665\seif-001\eliyah-rabbah\he.html,"[א] <b>ואפילו נפסל וכו'.</b> זה לשון בית יוסף כתב ארחות חיים ירושלמי אתרוג שנפסל ביום ראשון מותר לאכלו, עד כאן, ותימא אמאי לא מיתסר משום דאיתקצאי לבין השמשות וכו', עד כאן. והב""ח כתב כדי שלא יהא ירושלמי נגד הש""ס דילן נראה דמודה שנפסל אחר שנעשה דאסור כל שבעה אלא דמיירי דנפסל ביום ראשון קודם שיצא דאז ליכא מוקצה והוי הזמנה בעלמא, עד כאן. וכתבתי באליהו זוטא שלא עיינו בירושלמי גופיה (ז""ל) על מתניתין דתינוקות אוכלין אתרוגיהן בשביעי זה לשונו, לא אמרו אלא קטן אבל לא כן גדול, א""ר אבינא בשם רב אתרוג שנפסל ביום טוב ראשון מותר לאכלו, א""ר יוסי תמן הוא אינו ראוי לצאת בו אחרים ראוין לצאת בו, ברם הכא לא הוא ולא אחרים יוצאין בו עד כאן לשונו, ונראה לי פירושו דפריך מאתרוג שנפסל דמותר אלמא דלא אמרינן אלא למצותה אתקצאי ולא לכולא יומא והא דגדול אסור בשביעי טעמא משום דלכולי יומא אתקצי כדאיתא בסוכה דף מ""ז, ומשני דבשבעה אף שהוא כבר יצא בו מכל מקום אחרים שלא יצאו עדיין ראויין לצאת בו והוי מוקצה. מה שאין כן נפסל אין ראוי כלל לצאת בו כנ""ל. כללא דמילתא דירושלמי מקשה עצמו קושיא בית יוסף, ומתרץ לה כדפירשתי, ופירוש הב""ח דנפסל קודם שיצא פשיטא דליתא דאם כן לא מקשה הירושלמי מידי. ומקרוב נדפס ספר ט""ז וכתב דירושלמי סבירא ליה כריש לקיש דאתרוג בשביעי מותר דלא הוקצה לכולי יומא אלא למצותה ותימא גדולה עליו דהא הירושלמי אוסר בהדיא בשביעי אלא גם הוא לא עיין במקורו. ולדינא הבאתי ראייות והוכחות גדולות באליהו זוטא דהלכה דכשר בנפסל וכן מצאתי שפסק שבלי הלקט. כך כתבתי שאין לסמוך עלי להקל נגד הטור ושולחן ערוך, אבל עתה ראיתי שגם בספר אמרכל בשם ספר העתים מתיר בנפסל אף דאוסר אתרוג בשביעי, כתב טעמא דדמי לשמן שבנר דאין אסור לר' שמעון אלא בשעה שהנר דולק אפילו לרבנן כיון דלא אתקצי מחמת קדושת היום, אלא לפי דעתו למצותו, עד כאן. ועל כל פנים יש לו להתיר בזה כשנפסל אף לדידן כמו שכתב הט""ז וכן משמע בהגהות אשירי, ואף דמשמע בטור וצידה לדרך דפסול מכל מקום בשמיני על כל פנים יש להקל ואפילו ביום טוב בראשון ראוי לסמוך ולהקל לעת הצורך ואם נפסל קודם שנעשה מצותו ביום טוב ראשון או אפילו לא נפסל ויש לו אחר סיים הב""ח דלמעשה צריך עיון אבל שיירי כנסת הגדולה פסק בסתם דמותר, ודעת הט""ז נראה דאסור ונראה להקל על כל פנים בנפסל, ועיין סימן תרל""ח:"
oc1,eliyah-rabbah,siman665,seif-001,C:\Users\binya\Documents\Shulchan aruch\newtry\OC_Mobile\oc318-mobile-reader\public\corpus\oc1\siman665\seif-001\eliyah-rabbah\en.html,corpus_en_html,shulchan-yd-temp corpus mirror,C:\Users\binya\Documents\shulchan-yd-temp\newtry\OC_Mobile\oc318-mobile-reader\public\corpus\oc1\siman665\seif-001\eliyah-rabbah\en.html,true,possibly_clean,yes,"[a] And even disqualified, etc. This is the language of Beit Yosef, wrote Arhot Chaim Yerushalmi, an etrog that is invalid on Sunday is allowed to be eaten, up to this point, and Tima Amai is not prohibited because of da",C:\Users\binya\Documents\Shulchan aruch\newtry\OC_Mobile\oc318-mobile-reader\public\corpus\oc1\siman665\seif-001\eliyah-rabbah\he.html,"[א] <b>ואפילו נפסל וכו'.</b> זה לשון בית יוסף כתב ארחות חיים ירושלמי אתרוג שנפסל ביום ראשון מותר לאכלו, עד כאן, ותימא אמאי לא מיתסר משום דאיתקצאי לבין השמשות וכו', עד כאן. והב""ח כתב כדי שלא יהא ירושלמי נגד הש""ס דילן נראה דמודה שנפסל אחר שנעשה דאסור כל שבעה אלא דמיירי דנפסל ביום ראשון קודם שיצא דאז ליכא מוקצה והוי הזמנה בעלמא, עד כאן. וכתבתי באליהו זוטא שלא עיינו בירושלמי גופיה (ז""ל) על מתניתין דתינוקות אוכלין אתרוגיהן בשביעי זה לשונו, לא אמרו אלא קטן אבל לא כן גדול, א""ר אבינא בשם רב אתרוג שנפסל ביום טוב ראשון מותר לאכלו, א""ר יוסי תמן הוא אינו ראוי לצאת בו אחרים ראוין לצאת בו, ברם הכא לא הוא ולא אחרים יוצאין בו עד כאן לשונו, ונראה לי פירושו דפריך מאתרוג שנפסל דמותר אלמא דלא אמרינן אלא למצותה אתקצאי ולא לכולא יומא והא דגדול אסור בשביעי טעמא משום דלכולי יומא אתקצי כדאיתא בסוכה דף מ""ז, ומשני דבשבעה אף שהוא כבר יצא בו מכל מקום אחרים שלא יצאו עדיין ראויין לצאת בו והוי מוקצה. מה שאין כן נפסל אין ראוי כלל לצאת בו כנ""ל. כללא דמילתא דירושלמי מקשה עצמו קושיא בית יוסף, ומתרץ לה כדפירשתי, ופירוש הב""ח דנפסל קודם שיצא פשיטא דליתא דאם כן לא מקשה הירושלמי מידי. ומקרוב נדפס ספר ט""ז וכתב דירושלמי סבירא ליה כריש לקיש דאתרוג בשביעי מותר דלא הוקצה לכולי יומא אלא למצותה ותימא גדולה עליו דהא הירושלמי אוסר בהדיא בשביעי אלא גם הוא לא עיין במקורו. ולדינא הבאתי ראייות והוכחות גדולות באליהו זוטא דהלכה דכשר בנפסל וכן מצאתי שפסק שבלי הלקט. כך כתבתי שאין לסמוך עלי להקל נגד הטור ושולחן ערוך, אבל עתה ראיתי שגם בספר אמרכל בשם ספר העתים מתיר בנפסל אף דאוסר אתרוג בשביעי, כתב טעמא דדמי לשמן שבנר דאין אסור לר' שמעון אלא בשעה שהנר דולק אפילו לרבנן כיון דלא אתקצי מחמת קדושת היום, אלא לפי דעתו למצותו, עד כאן. ועל כל פנים יש לו להתיר בזה כשנפסל אף לדידן כמו שכתב הט""ז וכן משמע בהגהות אשירי, ואף דמשמע בטור וצידה לדרך דפסול מכל מקום בשמיני על כל פנים יש להקל ואפילו ביום טוב בראשון ראוי לסמוך ולהקל לעת הצורך ואם נפסל קודם שנעשה מצותו ביום טוב ראשון או אפילו לא נפסל ויש לו אחר סיים הב""ח דלמעשה צריך עיון אבל שיירי כנסת הגדולה פסק בסתם דמותר, ודעת הט""ז נראה דאסור ונראה להקל על כל פנים בנפסל, ועיין סימן תרל""ח:"
oc1,eliyah-rabbah,siman665,seif-001,C:\Users\binya\Documents\Shulchan aruch\newtry\OC_Mobile\oc318-mobile-reader\public\corpus\oc1\siman665\seif-001\eliyah-rabbah\en.html,source_txt_block,current OC_001 source output,C:\Users\binya\Documents\Shulchan aruch\newtry\OC_001\output\siman_665\eliyah-rabbah\part-001.txt,true,placeholder,no,English translation pending — replace after editing this block (keep Hebrew above intact).,C:\Users\binya\Documents\Shulchan aruch\newtry\OC_Mobile\oc318-mobile-reader\public\corpus\oc1\siman665\seif-001\eliyah-rabbah\he.html,"[א] <b>ואפילו נפסל וכו'.</b> זה לשון בית יוסף כתב ארחות חיים ירושלמי אתרוג שנפסל ביום ראשון מותר לאכלו, עד כאן, ותימא אמאי לא מיתסר משום דאיתקצאי לבין השמשות וכו', עד כאן. והב""ח כתב כדי שלא יהא ירושלמי נגד הש""ס דילן נראה דמודה שנפסל אחר שנעשה דאסור כל שבעה אלא דמיירי דנפסל ביום ראשון קודם שיצא דאז ליכא מוקצה והוי הזמנה בעלמא, עד כאן. וכתבתי באליהו זוטא שלא עיינו בירושלמי גופיה (ז""ל) על מתניתין דתינוקות אוכלין אתרוגיהן בשביעי זה לשונו, לא אמרו אלא קטן אבל לא כן גדול, א""ר אבינא בשם רב אתרוג שנפסל ביום טוב ראשון מותר לאכלו, א""ר יוסי תמן הוא אינו ראוי לצאת בו אחרים ראוין לצאת בו, ברם הכא לא הוא ולא אחרים יוצאין בו עד כאן לשונו, ונראה לי פירושו דפריך מאתרוג שנפסל דמותר אלמא דלא אמרינן אלא למצותה אתקצאי ולא לכולא יומא והא דגדול אסור בשביעי טעמא משום דלכולי יומא אתקצי כדאיתא בסוכה דף מ""ז, ומשני דבשבעה אף שהוא כבר יצא בו מכל מקום אחרים שלא יצאו עדיין ראויין לצאת בו והוי מוקצה. מה שאין כן נפסל אין ראוי כלל לצאת בו כנ""ל. כללא דמילתא דירושלמי מקשה עצמו קושיא בית יוסף, ומתרץ לה כדפירשתי, ופירוש הב""ח דנפסל קודם שיצא פשיטא דליתא דאם כן לא מקשה הירושלמי מידי. ומקרוב נדפס ספר ט""ז וכתב דירושלמי סבירא ליה כריש לקיש דאתרוג בשביעי מותר דלא הוקצה לכולי יומא אלא למצותה ותימא גדולה עליו דהא הירושלמי אוסר בהדיא בשביעי אלא גם הוא לא עיין במקורו. ולדינא הבאתי ראייות והוכחות גדולות באליהו זוטא דהלכה דכשר בנפסל וכן מצאתי שפסק שבלי הלקט. כך כתבתי שאין לסמוך עלי להקל נגד הטור ושולחן ערוך, אבל עתה ראיתי שגם בספר אמרכל בשם ספר העתים מתיר בנפסל אף דאוסר אתרוג בשביעי, כתב טעמא דדמי לשמן שבנר דאין אסור לר' שמעון אלא בשעה שהנר דולק אפילו לרבנן כיון דלא אתקצי מחמת קדושת היום, אלא לפי דעתו למצותו, עד כאן. ועל כל פנים יש לו להתיר בזה כשנפסל אף לדידן כמו שכתב הט""ז וכן משמע בהגהות אשירי, ואף דמשמע בטור וצידה לדרך דפסול מכל מקום בשמיני על כל פנים יש להקל ואפילו ביום טוב בראשון ראוי לסמוך ולהקל לעת הצורך ואם נפסל קודם שנעשה מצותו ביום טוב ראשון או אפילו לא נפסל ויש לו אחר סיים הב""ח דלמעשה צריך עיון אבל שיירי כנסת הגדולה פסק בסתם דמותר, ודעת הט""ז נראה דאסור ונראה להקל על כל פנים בנפסל, ועיין סימן תרל""ח:"
oc1,eliyah-rabbah,siman665,seif-001,C:\Users\binya\Documents\Shulchan aruch\newtry\OC_Mobile\oc318-mobile-reader\public\corpus\oc1\siman665\seif-001\eliyah-rabbah\en.html,source_txt_block,temp OC_001 source output,C:\Users\binya\Documents\shulchan-yd-temp\newtry\OC_001\output\siman_665\eliyah-rabbah\part-001.txt,true,placeholder,no,English translation pending — replace after editing this block (keep Hebrew above intact).,C:\Users\binya\Documents\Shulchan aruch\newtry\OC_Mobile\oc318-mobile-reader\public\corpus\oc1\siman665\seif-001\eliyah-rabbah\he.html,"[א] <b>ואפילו נפסל וכו'.</b> זה לשון בית יוסף כתב ארחות חיים ירושלמי אתרוג שנפסל ביום ראשון מותר לאכלו, עד כאן, ותימא אמאי לא מיתסר משום דאיתקצאי לבין השמשות וכו', עד כאן. והב""ח כתב כדי שלא יהא ירושלמי נגד הש""ס דילן נראה דמודה שנפסל אחר שנעשה דאסור כל שבעה אלא דמיירי דנפסל ביום ראשון קודם שיצא דאז ליכא מוקצה והוי הזמנה בעלמא, עד כאן. וכתבתי באליהו זוטא שלא עיינו בירושלמי גופיה (ז""ל) על מתניתין דתינוקות אוכלין אתרוגיהן בשביעי זה לשונו, לא אמרו אלא קטן אבל לא כן גדול, א""ר אבינא בשם רב אתרוג שנפסל ביום טוב ראשון מותר לאכלו, א""ר יוסי תמן הוא אינו ראוי לצאת בו אחרים ראוין לצאת בו, ברם הכא לא הוא ולא אחרים יוצאין בו עד כאן לשונו, ונראה לי פירושו דפריך מאתרוג שנפסל דמותר אלמא דלא אמרינן אלא למצותה אתקצאי ולא לכולא יומא והא דגדול אסור בשביעי טעמא משום דלכולי יומא אתקצי כדאיתא בסוכה דף מ""ז, ומשני דבשבעה אף שהוא כבר יצא בו מכל מקום אחרים שלא יצאו עדיין ראויין לצאת בו והוי מוקצה. מה שאין כן נפסל אין ראוי כלל לצאת בו כנ""ל. כללא דמילתא דירושלמי מקשה עצמו קושיא בית יוסף, ומתרץ לה כדפירשתי, ופירוש הב""ח דנפסל קודם שיצא פשיטא דליתא דאם כן לא מקשה הירושלמי מידי. ומקרוב נדפס ספר ט""ז וכתב דירושלמי סבירא ליה כריש לקיש דאתרוג בשביעי מותר דלא הוקצה לכולי יומא אלא למצותה ותימא גדולה עליו דהא הירושלמי אוסר בהדיא בשביעי אלא גם הוא לא עיין במקורו. ולדינא הבאתי ראייות והוכחות גדולות באליהו זוטא דהלכה דכשר בנפסל וכן מצאתי שפסק שבלי הלקט. כך כתבתי שאין לסמוך עלי להקל נגד הטור ושולחן ערוך, אבל עתה ראיתי שגם בספר אמרכל בשם ספר העתים מתיר בנפסל אף דאוסר אתרוג בשביעי, כתב טעמא דדמי לשמן שבנר דאין אסור לר' שמעון אלא בשעה שהנר דולק אפילו לרבנן כיון דלא אתקצי מחמת קדושת היום, אלא לפי דעתו למצותו, עד כאן. ועל כל פנים יש לו להתיר בזה כשנפסל אף לדידן כמו שכתב הט""ז וכן משמע בהגהות אשירי, ואף דמשמע בטור וצידה לדרך דפסול מכל מקום בשמיני על כל פנים יש להקל ואפילו ביום טוב בראשון ראוי לסמוך ולהקל לעת הצורך ואם נפסל קודם שנעשה מצותו ביום טוב ראשון או אפילו לא נפסל ויש לו אחר סיים הב""ח דלמעשה צריך עיון אבל שיירי כנסת הגדולה פסק בסתם דמותר, ודעת הט""ז נראה דאסור ונראה להקל על כל פנים בנפסל, ועיין סימן תרל""ח:"
oc1,machatzit-hashekel,siman8,seif-002,C:\Users\binya\Documents\Shulchan aruch\newtry\OC_Mobile\oc318-mobile-reader\public\corpus\oc1\siman8\seif-002\machatzit-hashekel\en.html,corpus_en_html,SA_Sandbox corpus mirror,C:\Users\binya\Documents\Shulchan aruch\newtry\SA_Sandbox\public\corpus\oc1\siman8\seif-002\machatzit-hashekel\en.html,false,missing_or_empty,no,,C:\Users\binya\Documents\Shulchan aruch\newtry\OC_Mobile\oc318-mobile-reader\public\corpus\oc1\siman8\seif-002\machatzit-hashekel\he.html,"<b>(ס""ק ב) מעומד.</b> פי' הברכה והעטיפה דבטור כ' וז""ל ומיד כו' יתעטף בציצית מעומד. הרי שכתב שהעטיפה יהיה מעומד. וגם בירושלמי יליף העטיפה בגז""ש דבעי מעומד דציצי' כתיב לכם ובעומר כתיב לכם ובעומר כתיב בקמה ודרשינן בקומה ומיניה יליף הירושלמי דגם ברכת כל המצו' בעי בעמידה. ולכם גבי עטיפ' כתיב דהא ברכה דרבנן א""כ ע""כ ילפי' דהעטיפה צ""ל מעומד. וכיון דהירושלמי יליף מיניה כל ברכת המצות. ע""כ הברכה דין המצוה יש לה ולכן צריך שיהיה העטיפה וגם הברכה מעומד. ועיין ב""ח וס' א""ר: | <b>משמע דמותר כו'</b> והוא משנה שלימה במס' חלה. דתנן האשה יושבת וקוצ' חלת' מעיסתה ערומה והיינו כשפניה שלמטה טוחות בקרקע ואף דבאיש בכה""ג אסור משום ברכ' דאסור משום גילוי ערותו. אבל באשה כה""ג ערותה מכוסה ורשאי לברך הרי דרשאי לברך מיושבת: | אינ' מצוה ובירושלמי לא אמרינן אלא ברכות המצות: | <b>ואותן המניחים כו'</b> לא יצאו י""ח. דאין בזה לא עיטוף ולא כיסוי. ואייתי ראיה מלקמן סי' ש""א סעיף ך""ט דאמרי' היוצא בטלית מקופלת בשבת חייב חטאת דאינו דרך לבישה והוי משא: | וכ""כ בל""ח קאי ע""ד מ""ב על אותן שמקפני' רק סביב צוארן דלא יצאו י""ח ע""ש סעיף ע' והוסיף דאפילו מכסה בו ראשו ומשלשלו על צוארו ואינה מכסה גופו כלל לא יצא י""ח ואייתי ראיה מסי' יו""ד ס""י דבגד שעיקרו עשוי לכסות הראש פטור מן הציצית אע""פ שמכסה ראשו ורובו. כ""כ הכא שאינו אלא כיסוי הראש דנראה שעיקרו לכסות הראש ואינו מכסה גופו דלא יצא:"
oc1,machatzit-hashekel,siman8,seif-002,C:\Users\binya\Documents\Shulchan aruch\newtry\OC_Mobile\oc318-mobile-reader\public\corpus\oc1\siman8\seif-002\machatzit-hashekel\en.html,corpus_en_html,shulchan-yd-temp corpus mirror,C:\Users\binya\Documents\shulchan-yd-temp\newtry\OC_Mobile\oc318-mobile-reader\public\corpus\oc1\siman8\seif-002\machatzit-hashekel\en.html,true,possibly_clean,yes,"(note 2) Standing. This means the blessing and the wrapping—for the Tur wrote as follows: and immediately he shall wrap himself in tzitzis while standing. Behold, he wrote that the wrapping shall be while standing. And i",C:\Users\binya\Documents\Shulchan aruch\newtry\OC_Mobile\oc318-mobile-reader\public\corpus\oc1\siman8\seif-002\machatzit-hashekel\he.html,"<b>(ס""ק ב) מעומד.</b> פי' הברכה והעטיפה דבטור כ' וז""ל ומיד כו' יתעטף בציצית מעומד. הרי שכתב שהעטיפה יהיה מעומד. וגם בירושלמי יליף העטיפה בגז""ש דבעי מעומד דציצי' כתיב לכם ובעומר כתיב לכם ובעומר כתיב בקמה ודרשינן בקומה ומיניה יליף הירושלמי דגם ברכת כל המצו' בעי בעמידה. ולכם גבי עטיפ' כתיב דהא ברכה דרבנן א""כ ע""כ ילפי' דהעטיפה צ""ל מעומד. וכיון דהירושלמי יליף מיניה כל ברכת המצות. ע""כ הברכה דין המצוה יש לה ולכן צריך שיהיה העטיפה וגם הברכה מעומד. ועיין ב""ח וס' א""ר: | <b>משמע דמותר כו'</b> והוא משנה שלימה במס' חלה. דתנן האשה יושבת וקוצ' חלת' מעיסתה ערומה והיינו כשפניה שלמטה טוחות בקרקע ואף דבאיש בכה""ג אסור משום ברכ' דאסור משום גילוי ערותו. אבל באשה כה""ג ערותה מכוסה ורשאי לברך הרי דרשאי לברך מיושבת: | אינ' מצוה ובירושלמי לא אמרינן אלא ברכות המצות: | <b>ואותן המניחים כו'</b> לא יצאו י""ח. דאין בזה לא עיטוף ולא כיסוי. ואייתי ראיה מלקמן סי' ש""א סעיף ך""ט דאמרי' היוצא בטלית מקופלת בשבת חייב חטאת דאינו דרך לבישה והוי משא: | וכ""כ בל""ח קאי ע""ד מ""ב על אותן שמקפני' רק סביב צוארן דלא יצאו י""ח ע""ש סעיף ע' והוסיף דאפילו מכסה בו ראשו ומשלשלו על צוארו ואינה מכסה גופו כלל לא יצא י""ח ואייתי ראיה מסי' יו""ד ס""י דבגד שעיקרו עשוי לכסות הראש פטור מן הציצית אע""פ שמכסה ראשו ורובו. כ""כ הכא שאינו אלא כיסוי הראש דנראה שעיקרו לכסות הראש ואינו מכסה גופו דלא יצא:"
oc1,machatzit-hashekel,siman8,seif-002,C:\Users\binya\Documents\Shulchan aruch\newtry\OC_Mobile\oc318-mobile-reader\public\corpus\oc1\siman8\seif-002\machatzit-hashekel\en.html,source_txt_block,current OC_001 source output,C:\Users\binya\Documents\Shulchan aruch\newtry\OC_001\output\siman_008\machatzit-hashekel\part-001.txt,true,possibly_clean,yes,"<b>(sec. 2) Ma'omed.</b> According to the blessing and the wrapping, Debtor 20 and 21 and immediately 20 will be wrapped in a Ma'omed tzizit. After all, he wrote that the cover would be ready. And also in the Yerushalmi ",C:\Users\binya\Documents\Shulchan aruch\newtry\OC_Mobile\oc318-mobile-reader\public\corpus\oc1\siman8\seif-002\machatzit-hashekel\he.html,"<b>(ס""ק ב) מעומד.</b> פי' הברכה והעטיפה דבטור כ' וז""ל ומיד כו' יתעטף בציצית מעומד. הרי שכתב שהעטיפה יהיה מעומד. וגם בירושלמי יליף העטיפה בגז""ש דבעי מעומד דציצי' כתיב לכם ובעומר כתיב לכם ובעומר כתיב בקמה ודרשינן בקומה ומיניה יליף הירושלמי דגם ברכת כל המצו' בעי בעמידה. ולכם גבי עטיפ' כתיב דהא ברכה דרבנן א""כ ע""כ ילפי' דהעטיפה צ""ל מעומד. וכיון דהירושלמי יליף מיניה כל ברכת המצות. ע""כ הברכה דין המצוה יש לה ולכן צריך שיהיה העטיפה וגם הברכה מעומד. ועיין ב""ח וס' א""ר: | <b>משמע דמותר כו'</b> והוא משנה שלימה במס' חלה. דתנן האשה יושבת וקוצ' חלת' מעיסתה ערומה והיינו כשפניה שלמטה טוחות בקרקע ואף דבאיש בכה""ג אסור משום ברכ' דאסור משום גילוי ערותו. אבל באשה כה""ג ערותה מכוסה ורשאי לברך הרי דרשאי לברך מיושבת: | אינ' מצוה ובירושלמי לא אמרינן אלא ברכות המצות: | <b>ואותן המניחים כו'</b> לא יצאו י""ח. דאין בזה לא עיטוף ולא כיסוי. ואייתי ראיה מלקמן סי' ש""א סעיף ך""ט דאמרי' היוצא בטלית מקופלת בשבת חייב חטאת דאינו דרך לבישה והוי משא: | וכ""כ בל""ח קאי ע""ד מ""ב על אותן שמקפני' רק סביב צוארן דלא יצאו י""ח ע""ש סעיף ע' והוסיף דאפילו מכסה בו ראשו ומשלשלו על צוארו ואינה מכסה גופו כלל לא יצא י""ח ואייתי ראיה מסי' יו""ד ס""י דבגד שעיקרו עשוי לכסות הראש פטור מן הציצית אע""פ שמכסה ראשו ורובו. כ""כ הכא שאינו אלא כיסוי הראש דנראה שעיקרו לכסות הראש ואינו מכסה גופו דלא יצא:"
oc1,machatzit-hashekel,siman8,seif-002,C:\Users\binya\Documents\Shulchan aruch\newtry\OC_Mobile\oc318-mobile-reader\public\corpus\oc1\siman8\seif-002\machatzit-hashekel\en.html,source_txt_block,temp OC_001 source output,C:\Users\binya\Documents\shulchan-yd-temp\newtry\OC_001\output\siman_008\machatzit-hashekel\part-001.txt,true,possibly_clean,yes,"<b>(sec. 2) Ma'omed.</b> According to the blessing and the wrapping, Debtor 20 and 21 and immediately 20 will be wrapped in a Ma'omed tzizit. After all, he wrote that the cover would be ready. And also in the Yerushalmi ",C:\Users\binya\Documents\Shulchan aruch\newtry\OC_Mobile\oc318-mobile-reader\public\corpus\oc1\siman8\seif-002\machatzit-hashekel\he.html,"<b>(ס""ק ב) מעומד.</b> פי' הברכה והעטיפה דבטור כ' וז""ל ומיד כו' יתעטף בציצית מעומד. הרי שכתב שהעטיפה יהיה מעומד. וגם בירושלמי יליף העטיפה בגז""ש דבעי מעומד דציצי' כתיב לכם ובעומר כתיב לכם ובעומר כתיב בקמה ודרשינן בקומה ומיניה יליף הירושלמי דגם ברכת כל המצו' בעי בעמידה. ולכם גבי עטיפ' כתיב דהא ברכה דרבנן א""כ ע""כ ילפי' דהעטיפה צ""ל מעומד. וכיון דהירושלמי יליף מיניה כל ברכת המצות. ע""כ הברכה דין המצוה יש לה ולכן צריך שיהיה העטיפה וגם הברכה מעומד. ועיין ב""ח וס' א""ר: | <b>משמע דמותר כו'</b> והוא משנה שלימה במס' חלה. דתנן האשה יושבת וקוצ' חלת' מעיסתה ערומה והיינו כשפניה שלמטה טוחות בקרקע ואף דבאיש בכה""ג אסור משום ברכ' דאסור משום גילוי ערותו. אבל באשה כה""ג ערותה מכוסה ורשאי לברך הרי דרשאי לברך מיושבת: | אינ' מצוה ובירושלמי לא אמרינן אלא ברכות המצות: | <b>ואותן המניחים כו'</b> לא יצאו י""ח. דאין בזה לא עיטוף ולא כיסוי. ואייתי ראיה מלקמן סי' ש""א סעיף ך""ט דאמרי' היוצא בטלית מקופלת בשבת חייב חטאת דאינו דרך לבישה והוי משא: | וכ""כ בל""ח קאי ע""ד מ""ב על אותן שמקפני' רק סביב צוארן דלא יצאו י""ח ע""ש סעיף ע' והוסיף דאפילו מכסה בו ראשו ומשלשלו על צוארו ואינה מכסה גופו כלל לא יצא י""ח ואייתי ראיה מסי' יו""ד ס""י דבגד שעיקרו עשוי לכסות הראש פטור מן הציצית אע""פ שמכסה ראשו ורובו. כ""כ הכא שאינו אלא כיסוי הראש דנראה שעיקרו לכסות הראש ואינו מכסה גופו דלא יצא:"
oc1,machatzit-hashekel,siman17,seif-003,C:\Users\binya\Documents\Shulchan aruch\newtry\OC_Mobile\oc318-mobile-reader\public\corpus\oc1\siman17\seif-003\machatzit-hashekel\en.html,corpus_en_html,SA_Sandbox corpus mirror,C:\Users\binya\Documents\Shulchan aruch\newtry\SA_Sandbox\public\corpus\oc1\siman17\seif-003\machatzit-hashekel\en.html,false,missing_or_empty,no,,C:\Users\binya\Documents\Shulchan aruch\newtry\OC_Mobile\oc318-mobile-reader\public\corpus\oc1\siman17\seif-003\machatzit-hashekel\he.html,"<b>(ס""ק ג') ציצית פי' ליקח כו'</b> ב""ח מרדכי ער""ס כ""ד כו' ר""ל דבש""ס דידן איתא קטן היודע לשמור תפילין אביו חייב לקנות לו תפילין קטן היודע להתעטף חייב בציצית. ומדלא קתני ג""כ גבי ציצית שאביו חייב לקנות לו טלית משמע דוקא אם כבר יש לקטן טלית אביו צריך לתקן לו ציצית אבל אין צריך לקנות לו טלית אלא שהמרדכי הביא בשם ירושלמי דקתני שאביו חייב לקנות לו טלית ופסק כוותיה אלא שאם היה התלמור שלנו חולק לא היה להניח תלמוד שלנו ולפסוק כהירושלמי. ולכן כ' המ""א וערסי' כ""ד דאינו חובה כ""כ ור""ל דתלמוד שלנו אינו חולק על הירושלמי אלא דוקא בתפילין דהאב מחויב לקנות לעצמו תפילין. וכיון שבנו הגיע לחינוך קתני ברייתא ל' חיוב שאביו חייב לקנות לו תפילין דחייב לחנכו שיעשה הבן מעשה המצו' כמו האב. אבל בציצית דהאב גופיה אם אין לו טלית בת ד' כנפות אינו מחויב מצד הדין לקנות לעצמו טלית בת ד' כנפות אלא שטוב ונכון שיקנה לעצמו. וניהו דגם בבנו אם הגיע לחינוך הוא מצר היושר והטוב לקנות לו טלית דבן שהגיע לחינוך יש לו כל דין האב. ובאמת זה כוונת הירוש' שאביו חייב לקנות לו טלית היינו מצד היושר והטוב ולא מצד הדין מ""מ הש""ס דידן לא ניחא ליה לומר על מה שאינו אלא מצר הטוב ונכון לשון חיוב כיון דאינו חיוב גמור לכן קתני חייב בציצית דודאי אם כבר יש לו טלית יש חיוב על האב לתקן לו ציצית כמו לעצמו:"
oc1,machatzit-hashekel,siman17,seif-003,C:\Users\binya\Documents\Shulchan aruch\newtry\OC_Mobile\oc318-mobile-reader\public\corpus\oc1\siman17\seif-003\machatzit-hashekel\en.html,corpus_en_html,shulchan-yd-temp corpus mirror,C:\Users\binya\Documents\shulchan-yd-temp\newtry\OC_Mobile\oc318-mobile-reader\public\corpus\oc1\siman17\seif-003\machatzit-hashekel\en.html,true,possibly_clean,yes,"(Note 3) “Tzitzis” — meaning to acquire, etc. Bach, Mordechai, siman 24, etc. Meaning that in our Talmud it states: a minor who knows how to guard tefillin — his father is obligated to buy him tefillin; a minor who knows",C:\Users\binya\Documents\Shulchan aruch\newtry\OC_Mobile\oc318-mobile-reader\public\corpus\oc1\siman17\seif-003\machatzit-hashekel\he.html,"<b>(ס""ק ג') ציצית פי' ליקח כו'</b> ב""ח מרדכי ער""ס כ""ד כו' ר""ל דבש""ס דידן איתא קטן היודע לשמור תפילין אביו חייב לקנות לו תפילין קטן היודע להתעטף חייב בציצית. ומדלא קתני ג""כ גבי ציצית שאביו חייב לקנות לו טלית משמע דוקא אם כבר יש לקטן טלית אביו צריך לתקן לו ציצית אבל אין צריך לקנות לו טלית אלא שהמרדכי הביא בשם ירושלמי דקתני שאביו חייב לקנות לו טלית ופסק כוותיה אלא שאם היה התלמור שלנו חולק לא היה להניח תלמוד שלנו ולפסוק כהירושלמי. ולכן כ' המ""א וערסי' כ""ד דאינו חובה כ""כ ור""ל דתלמוד שלנו אינו חולק על הירושלמי אלא דוקא בתפילין דהאב מחויב לקנות לעצמו תפילין. וכיון שבנו הגיע לחינוך קתני ברייתא ל' חיוב שאביו חייב לקנות לו תפילין דחייב לחנכו שיעשה הבן מעשה המצו' כמו האב. אבל בציצית דהאב גופיה אם אין לו טלית בת ד' כנפות אינו מחויב מצד הדין לקנות לעצמו טלית בת ד' כנפות אלא שטוב ונכון שיקנה לעצמו. וניהו דגם בבנו אם הגיע לחינוך הוא מצר היושר והטוב לקנות לו טלית דבן שהגיע לחינוך יש לו כל דין האב. ובאמת זה כוונת הירוש' שאביו חייב לקנות לו טלית היינו מצד היושר והטוב ולא מצד הדין מ""מ הש""ס דידן לא ניחא ליה לומר על מה שאינו אלא מצר הטוב ונכון לשון חיוב כיון דאינו חיוב גמור לכן קתני חייב בציצית דודאי אם כבר יש לו טלית יש חיוב על האב לתקן לו ציצית כמו לעצמו:"
oc1,machatzit-hashekel,siman17,seif-003,C:\Users\binya\Documents\Shulchan aruch\newtry\OC_Mobile\oc318-mobile-reader\public\corpus\oc1\siman17\seif-003\machatzit-hashekel\en.html,source_txt_block,current OC_001 source output,C:\Users\binya\Documents\Shulchan aruch\newtry\OC_001\output\siman_017\machatzit-hashekel\part-001.txt,true,possibly_clean,yes,(Section 3) Tzizit P. Likah 20 2H Mordechai Ars 24 20 24 24 24 24 24 24 24 24 24 24 24 24 24 24 24 24 24 24 24 24 24 24 24 24 24 24 24 24 24 44 And Medla Katani Gabi Gabi a tzitzit that his father must buy him a tallit m,C:\Users\binya\Documents\Shulchan aruch\newtry\OC_Mobile\oc318-mobile-reader\public\corpus\oc1\siman17\seif-003\machatzit-hashekel\he.html,"<b>(ס""ק ג') ציצית פי' ליקח כו'</b> ב""ח מרדכי ער""ס כ""ד כו' ר""ל דבש""ס דידן איתא קטן היודע לשמור תפילין אביו חייב לקנות לו תפילין קטן היודע להתעטף חייב בציצית. ומדלא קתני ג""כ גבי ציצית שאביו חייב לקנות לו טלית משמע דוקא אם כבר יש לקטן טלית אביו צריך לתקן לו ציצית אבל אין צריך לקנות לו טלית אלא שהמרדכי הביא בשם ירושלמי דקתני שאביו חייב לקנות לו טלית ופסק כוותיה אלא שאם היה התלמור שלנו חולק לא היה להניח תלמוד שלנו ולפסוק כהירושלמי. ולכן כ' המ""א וערסי' כ""ד דאינו חובה כ""כ ור""ל דתלמוד שלנו אינו חולק על הירושלמי אלא דוקא בתפילין דהאב מחויב לקנות לעצמו תפילין. וכיון שבנו הגיע לחינוך קתני ברייתא ל' חיוב שאביו חייב לקנות לו תפילין דחייב לחנכו שיעשה הבן מעשה המצו' כמו האב. אבל בציצית דהאב גופיה אם אין לו טלית בת ד' כנפות אינו מחויב מצד הדין לקנות לעצמו טלית בת ד' כנפות אלא שטוב ונכון שיקנה לעצמו. וניהו דגם בבנו אם הגיע לחינוך הוא מצר היושר והטוב לקנות לו טלית דבן שהגיע לחינוך יש לו כל דין האב. ובאמת זה כוונת הירוש' שאביו חייב לקנות לו טלית היינו מצד היושר והטוב ולא מצד הדין מ""מ הש""ס דידן לא ניחא ליה לומר על מה שאינו אלא מצר הטוב ונכון לשון חיוב כיון דאינו חיוב גמור לכן קתני חייב בציצית דודאי אם כבר יש לו טלית יש חיוב על האב לתקן לו ציצית כמו לעצמו:"
oc1,machatzit-hashekel,siman17,seif-003,C:\Users\binya\Documents\Shulchan aruch\newtry\OC_Mobile\oc318-mobile-reader\public\corpus\oc1\siman17\seif-003\machatzit-hashekel\en.html,source_txt_block,temp OC_001 source output,C:\Users\binya\Documents\shulchan-yd-temp\newtry\OC_001\output\siman_017\machatzit-hashekel\part-001.txt,true,possibly_clean,yes,(Section 3) Tzizit P. Likah 20 2H Mordechai Ars 24 20 24 24 24 24 24 24 24 24 24 24 24 24 24 24 24 24 24 24 24 24 24 24 24 24 24 24 24 24 24 44 And Medla Katani Gabi Gabi a tzitzit that his father must buy him a tallit m,C:\Users\binya\Documents\Shulchan aruch\newtry\OC_Mobile\oc318-mobile-reader\public\corpus\oc1\siman17\seif-003\machatzit-hashekel\he.html,"<b>(ס""ק ג') ציצית פי' ליקח כו'</b> ב""ח מרדכי ער""ס כ""ד כו' ר""ל דבש""ס דידן איתא קטן היודע לשמור תפילין אביו חייב לקנות לו תפילין קטן היודע להתעטף חייב בציצית. ומדלא קתני ג""כ גבי ציצית שאביו חייב לקנות לו טלית משמע דוקא אם כבר יש לקטן טלית אביו צריך לתקן לו ציצית אבל אין צריך לקנות לו טלית אלא שהמרדכי הביא בשם ירושלמי דקתני שאביו חייב לקנות לו טלית ופסק כוותיה אלא שאם היה התלמור שלנו חולק לא היה להניח תלמוד שלנו ולפסוק כהירושלמי. ולכן כ' המ""א וערסי' כ""ד דאינו חובה כ""כ ור""ל דתלמוד שלנו אינו חולק על הירושלמי אלא דוקא בתפילין דהאב מחויב לקנות לעצמו תפילין. וכיון שבנו הגיע לחינוך קתני ברייתא ל' חיוב שאביו חייב לקנות לו תפילין דחייב לחנכו שיעשה הבן מעשה המצו' כמו האב. אבל בציצית דהאב גופיה אם אין לו טלית בת ד' כנפות אינו מחויב מצד הדין לקנות לעצמו טלית בת ד' כנפות אלא שטוב ונכון שיקנה לעצמו. וניהו דגם בבנו אם הגיע לחינוך הוא מצר היושר והטוב לקנות לו טלית דבן שהגיע לחינוך יש לו כל דין האב. ובאמת זה כוונת הירוש' שאביו חייב לקנות לו טלית היינו מצד היושר והטוב ולא מצד הדין מ""מ הש""ס דידן לא ניחא ליה לומר על מה שאינו אלא מצר הטוב ונכון לשון חיוב כיון דאינו חיוב גמור לכן קתני חייב בציצית דודאי אם כבר יש לו טלית יש חיוב על האב לתקן לו ציצית כמו לעצמו:"
oc1,machatzit-hashekel,siman38,seif-009,C:\Users\binya\Documents\Shulchan aruch\newtry\OC_Mobile\oc318-mobile-reader\public\corpus\oc1\siman38\seif-009\machatzit-hashekel\en.html,corpus_en_html,SA_Sandbox corpus mirror,C:\Users\binya\Documents\Shulchan aruch\newtry\SA_Sandbox\public\corpus\oc1\siman38\seif-009\machatzit-hashekel\en.html,false,missing_or_empty,no,,C:\Users\binya\Documents\Shulchan aruch\newtry\OC_Mobile\oc318-mobile-reader\public\corpus\oc1\siman38\seif-009\machatzit-hashekel\he.html,"<b>(ס""ק ט) זולת כו'</b> הקשה כו' גם מק""ש דפטורים מכל המצות ואיך משכחת לה מ""ש להניחן בשעת ק""ש ותפלה: | <b>ולכן חולק כו'</b> כמ""ש בהגה""ה כו' אין הכונה בהאי חילוק רצה רמ""א ליישב קושייתו על הרב""י דז""א דבס' ד""מ לא תי' כלום. וגם אין תי' זה מספיק ליישב דברי הרב""י. דממ""נ אם צריך לטרוח פטור גם מק""ש. ואם א""צ לטרוח מלבד ק""ש אפי' כל היום חייב בתפילין וכל המצות אלא כוונת מ""א במ""ש ולכן חילק כו' שע""י שהקש' על הרב""י לכן חולק על דינו של הרב""י וכותב לפי הנראה לרמ""א שעולה מדעת הפוסקים אף שלא כ' רמ""א בלשון י""א כן דרכו וכמ""ש גם מ""א לעיל סי' ל""ג ס""ק ה' ע""ש: | <b>למה השמיטה כו'</b> ר""ל האי ברייתא דכותבי תפילין כו' פטורים כו' וכתב דהרמב""ם סמך עצמו על הירושלמי דקתני התם דת""ק מחייב לכותבי ספרים בק""ש אבל לא בתפלה ור""ח בן עקיבא מחייב להו אפילו בתפלה ולכן פסק כהירושלמי דהם רבים ע""ש: | <b>והרב""י כתב שנמשך כו'</b> כצ""ל שאפשר לקיים שתיהן כו' אבל המ""מ שהביא מ""א שבכתב דהרמב""ם ס""ל אפי' א""צ לטרוח א""ש פטור ע""כ לא ס""ל כן:"
oc1,machatzit-hashekel,siman38,seif-009,C:\Users\binya\Documents\Shulchan aruch\newtry\OC_Mobile\oc318-mobile-reader\public\corpus\oc1\siman38\seif-009\machatzit-hashekel\en.html,corpus_en_html,shulchan-yd-temp corpus mirror,C:\Users\binya\Documents\shulchan-yd-temp\newtry\OC_Mobile\oc318-mobile-reader\public\corpus\oc1\siman38\seif-009\machatzit-hashekel\en.html,true,possibly_clean,yes,"(Note 9) except, etc.—challenged: also exempt from Keriat Shema—how find he must wear at Keriat Shema and prayer?<br> <br> Therefore Rama distinguishes—as in gloss—intent not to answer Rabbi Yitzchak on Rambam: in Darkei",C:\Users\binya\Documents\Shulchan aruch\newtry\OC_Mobile\oc318-mobile-reader\public\corpus\oc1\siman38\seif-009\machatzit-hashekel\he.html,"<b>(ס""ק ט) זולת כו'</b> הקשה כו' גם מק""ש דפטורים מכל המצות ואיך משכחת לה מ""ש להניחן בשעת ק""ש ותפלה: | <b>ולכן חולק כו'</b> כמ""ש בהגה""ה כו' אין הכונה בהאי חילוק רצה רמ""א ליישב קושייתו על הרב""י דז""א דבס' ד""מ לא תי' כלום. וגם אין תי' זה מספיק ליישב דברי הרב""י. דממ""נ אם צריך לטרוח פטור גם מק""ש. ואם א""צ לטרוח מלבד ק""ש אפי' כל היום חייב בתפילין וכל המצות אלא כוונת מ""א במ""ש ולכן חילק כו' שע""י שהקש' על הרב""י לכן חולק על דינו של הרב""י וכותב לפי הנראה לרמ""א שעולה מדעת הפוסקים אף שלא כ' רמ""א בלשון י""א כן דרכו וכמ""ש גם מ""א לעיל סי' ל""ג ס""ק ה' ע""ש: | <b>למה השמיטה כו'</b> ר""ל האי ברייתא דכותבי תפילין כו' פטורים כו' וכתב דהרמב""ם סמך עצמו על הירושלמי דקתני התם דת""ק מחייב לכותבי ספרים בק""ש אבל לא בתפלה ור""ח בן עקיבא מחייב להו אפילו בתפלה ולכן פסק כהירושלמי דהם רבים ע""ש: | <b>והרב""י כתב שנמשך כו'</b> כצ""ל שאפשר לקיים שתיהן כו' אבל המ""מ שהביא מ""א שבכתב דהרמב""ם ס""ל אפי' א""צ לטרוח א""ש פטור ע""כ לא ס""ל כן:"
oc1,machatzit-hashekel,siman38,seif-009,C:\Users\binya\Documents\Shulchan aruch\newtry\OC_Mobile\oc318-mobile-reader\public\corpus\oc1\siman38\seif-009\machatzit-hashekel\en.html,source_txt_block,current OC_001 source output,C:\Users\binya\Documents\Shulchan aruch\newtry\OC_001\output\siman_038\machatzit-hashekel\part-001.txt,true,possibly_clean,yes,"(Sek 9) Besides the Kash, the hard Kash, also from the Kash, deportors from all the unleavened bread, and how did she forget the Mash to put them down during the Kash and pray:",C:\Users\binya\Documents\Shulchan aruch\newtry\OC_Mobile\oc318-mobile-reader\public\corpus\oc1\siman38\seif-009\machatzit-hashekel\he.html,"<b>(ס""ק ט) זולת כו'</b> הקשה כו' גם מק""ש דפטורים מכל המצות ואיך משכחת לה מ""ש להניחן בשעת ק""ש ותפלה: | <b>ולכן חולק כו'</b> כמ""ש בהגה""ה כו' אין הכונה בהאי חילוק רצה רמ""א ליישב קושייתו על הרב""י דז""א דבס' ד""מ לא תי' כלום. וגם אין תי' זה מספיק ליישב דברי הרב""י. דממ""נ אם צריך לטרוח פטור גם מק""ש. ואם א""צ לטרוח מלבד ק""ש אפי' כל היום חייב בתפילין וכל המצות אלא כוונת מ""א במ""ש ולכן חילק כו' שע""י שהקש' על הרב""י לכן חולק על דינו של הרב""י וכותב לפי הנראה לרמ""א שעולה מדעת הפוסקים אף שלא כ' רמ""א בלשון י""א כן דרכו וכמ""ש גם מ""א לעיל סי' ל""ג ס""ק ה' ע""ש: | <b>למה השמיטה כו'</b> ר""ל האי ברייתא דכותבי תפילין כו' פטורים כו' וכתב דהרמב""ם סמך עצמו על הירושלמי דקתני התם דת""ק מחייב לכותבי ספרים בק""ש אבל לא בתפלה ור""ח בן עקיבא מחייב להו אפילו בתפלה ולכן פסק כהירושלמי דהם רבים ע""ש: | <b>והרב""י כתב שנמשך כו'</b> כצ""ל שאפשר לקיים שתיהן כו' אבל המ""מ שהביא מ""א שבכתב דהרמב""ם ס""ל אפי' א""צ לטרוח א""ש פטור ע""כ לא ס""ל כן:"
oc1,machatzit-hashekel,siman38,seif-009,C:\Users\binya\Documents\Shulchan aruch\newtry\OC_Mobile\oc318-mobile-reader\public\corpus\oc1\siman38\seif-009\machatzit-hashekel\en.html,source_txt_block,temp OC_001 source output,C:\Users\binya\Documents\shulchan-yd-temp\newtry\OC_001\output\siman_038\machatzit-hashekel\part-001.txt,true,possibly_clean,yes,"(Sek 9) Besides the Kash, the hard Kash, also from the Kash, deportors from all the unleavened bread, and how did she forget the Mash to put them down during the Kash and pray:",C:\Users\binya\Documents\Shulchan aruch\newtry\OC_Mobile\oc318-mobile-reader\public\corpus\oc1\siman38\seif-009\machatzit-hashekel\he.html,"<b>(ס""ק ט) זולת כו'</b> הקשה כו' גם מק""ש דפטורים מכל המצות ואיך משכחת לה מ""ש להניחן בשעת ק""ש ותפלה: | <b>ולכן חולק כו'</b> כמ""ש בהגה""ה כו' אין הכונה בהאי חילוק רצה רמ""א ליישב קושייתו על הרב""י דז""א דבס' ד""מ לא תי' כלום. וגם אין תי' זה מספיק ליישב דברי הרב""י. דממ""נ אם צריך לטרוח פטור גם מק""ש. ואם א""צ לטרוח מלבד ק""ש אפי' כל היום חייב בתפילין וכל המצות אלא כוונת מ""א במ""ש ולכן חילק כו' שע""י שהקש' על הרב""י לכן חולק על דינו של הרב""י וכותב לפי הנראה לרמ""א שעולה מדעת הפוסקים אף שלא כ' רמ""א בלשון י""א כן דרכו וכמ""ש גם מ""א לעיל סי' ל""ג ס""ק ה' ע""ש: | <b>למה השמיטה כו'</b> ר""ל האי ברייתא דכותבי תפילין כו' פטורים כו' וכתב דהרמב""ם סמך עצמו על הירושלמי דקתני התם דת""ק מחייב לכותבי ספרים בק""ש אבל לא בתפלה ור""ח בן עקיבא מחייב להו אפילו בתפלה ולכן פסק כהירושלמי דהם רבים ע""ש: | <b>והרב""י כתב שנמשך כו'</b> כצ""ל שאפשר לקיים שתיהן כו' אבל המ""מ שהביא מ""א שבכתב דהרמב""ם ס""ל אפי' א""צ לטרוח א""ש פטור ע""כ לא ס""ל כן:"
oc1,machatzit-hashekel,siman273,seif-002,C:\Users\binya\Documents\Shulchan aruch\newtry\OC_Mobile\oc318-mobile-reader\public\corpus\oc1\siman273\seif-002\machatzit-hashekel\en.html,corpus_en_html,SA_Sandbox corpus mirror,C:\Users\binya\Documents\Shulchan aruch\newtry\SA_Sandbox\public\corpus\oc1\siman273\seif-002\machatzit-hashekel\en.html,false,missing_or_empty,no,,C:\Users\binya\Documents\Shulchan aruch\newtry\OC_Mobile\oc318-mobile-reader\public\corpus\oc1\siman273\seif-002\machatzit-hashekel\he.html,"<b>(ס""ק ב) ומבית כו'</b> אפי' לא היה דעתו כו' כגון שהי' סבור שגשמים יורדים וקידש בבית וקודם שהתחיל לאכול א""ל שאין הגשמים יורדים ונכנס לסוכה לאכול. וה""ה איפכא שקידש בסוכה וקודם שהתחיל לאכול ירדו גשמים והלך לאכול לבית. אבל אם מחיצו' הבית כו' כגון שבנויה בחצר או ברחוב. וה""ה לענ""ד אם י""ל סוכה בנויה משנה לשנה אפי' הוא תוך חדרו כיון שכל השנה משמש שם כמו בחדר אחר אלא שבסוכות פותח הגג למעל' ויושב שם לשם מצות סוכה הוי מחיצה גמיר' להפסיק: | <b>וכ""מ בתוס' פרק ע""פ דף ק' ע""ב ד""ה ידי קידוש כו'</b> הביאו ירושלמי שמואל סבירא ליה אין קידוש אלא במקום סעודה ורב אמר מי שסוכתו ערבה עליו וחפץ לאכול גם ביום ח' בסוכה אלא שא""א משום בל תוסיף כמ""ש בסי' תרס""ו מקדש ליל י""ט בבית ועולה ואוכל בסוכתו משמע דס""ל לרב יש קידוש שלא במקום סעוד' כמו דאיתא בש""ס דילן ואמר ר' בון דלא פליגי דשמואל מיירי שלא הי' דעתו לאכול במקום אחר ורב מיירי שהי' דעתו בשעת קידוש לאכול בסוכה. והוא דעת י""א האחרון שהביא הרב בית יוסף בסעיף זה ולמה הוצרך רב להיות דעתו לאכול בסוכה. ת""ל דמבית לסכה ה""ל כמפנה לפנה אלא ע""כ צ""ל היכי דמחיצות הבית מפסקת ה""ל כמחדר לחדר ושם היו מחיצות הבית מפסיק דהא קתני ועולה ואוכל בסוכתו דהיינו מארעא לאגרא: | <b>והע""ש לא עיין במרדכי.</b> ר""ל שהע""ש כתב הטעם כיון דחייב לאכול בסוכה עדיף ממקדש במקום א' על דעת לאכול במקום אחר וה""ה איפכא כשקידש בסוכה וירדו גשמים והולך לבית לאכול כיון דצריך לילך לבית כשגשמים יורדים דזולתו מקרי הדיוט עדיף מאלו הי' דעתו לילך למקום אחר ע""ש ולפ""ז אפי' כשמחיצות הבית מפסק' נקרא במקום סעודה ובמרדכי מבואר דליתא:"
oc1,machatzit-hashekel,siman273,seif-002,C:\Users\binya\Documents\Shulchan aruch\newtry\OC_Mobile\oc318-mobile-reader\public\corpus\oc1\siman273\seif-002\machatzit-hashekel\en.html,corpus_en_html,shulchan-yd-temp corpus mirror,C:\Users\binya\Documents\shulchan-yd-temp\newtry\OC_Mobile\oc318-mobile-reader\public\corpus\oc1\siman273\seif-002\machatzit-hashekel\en.html,true,likely_garbage,no,"(1) (section 2) And from the house of the Prophet, his opinion was not, such as the fact that the the Master believes that rains are falling and he had Kedesh at home and before he began to eat, there was no rain and he ",C:\Users\binya\Documents\Shulchan aruch\newtry\OC_Mobile\oc318-mobile-reader\public\corpus\oc1\siman273\seif-002\machatzit-hashekel\he.html,"<b>(ס""ק ב) ומבית כו'</b> אפי' לא היה דעתו כו' כגון שהי' סבור שגשמים יורדים וקידש בבית וקודם שהתחיל לאכול א""ל שאין הגשמים יורדים ונכנס לסוכה לאכול. וה""ה איפכא שקידש בסוכה וקודם שהתחיל לאכול ירדו גשמים והלך לאכול לבית. אבל אם מחיצו' הבית כו' כגון שבנויה בחצר או ברחוב. וה""ה לענ""ד אם י""ל סוכה בנויה משנה לשנה אפי' הוא תוך חדרו כיון שכל השנה משמש שם כמו בחדר אחר אלא שבסוכות פותח הגג למעל' ויושב שם לשם מצות סוכה הוי מחיצה גמיר' להפסיק: | <b>וכ""מ בתוס' פרק ע""פ דף ק' ע""ב ד""ה ידי קידוש כו'</b> הביאו ירושלמי שמואל סבירא ליה אין קידוש אלא במקום סעודה ורב אמר מי שסוכתו ערבה עליו וחפץ לאכול גם ביום ח' בסוכה אלא שא""א משום בל תוסיף כמ""ש בסי' תרס""ו מקדש ליל י""ט בבית ועולה ואוכל בסוכתו משמע דס""ל לרב יש קידוש שלא במקום סעוד' כמו דאיתא בש""ס דילן ואמר ר' בון דלא פליגי דשמואל מיירי שלא הי' דעתו לאכול במקום אחר ורב מיירי שהי' דעתו בשעת קידוש לאכול בסוכה. והוא דעת י""א האחרון שהביא הרב בית יוסף בסעיף זה ולמה הוצרך רב להיות דעתו לאכול בסוכה. ת""ל דמבית לסכה ה""ל כמפנה לפנה אלא ע""כ צ""ל היכי דמחיצות הבית מפסקת ה""ל כמחדר לחדר ושם היו מחיצות הבית מפסיק דהא קתני ועולה ואוכל בסוכתו דהיינו מארעא לאגרא: | <b>והע""ש לא עיין במרדכי.</b> ר""ל שהע""ש כתב הטעם כיון דחייב לאכול בסוכה עדיף ממקדש במקום א' על דעת לאכול במקום אחר וה""ה איפכא כשקידש בסוכה וירדו גשמים והולך לבית לאכול כיון דצריך לילך לבית כשגשמים יורדים דזולתו מקרי הדיוט עדיף מאלו הי' דעתו לילך למקום אחר ע""ש ולפ""ז אפי' כשמחיצות הבית מפסק' נקרא במקום סעודה ובמרדכי מבואר דליתא:"
oc1,machatzit-hashekel,siman273,seif-002,C:\Users\binya\Documents\Shulchan aruch\newtry\OC_Mobile\oc318-mobile-reader\public\corpus\oc1\siman273\seif-002\machatzit-hashekel\en.html,source_txt_block,current OC_001 source output,C:\Users\binya\Documents\Shulchan aruch\newtry\OC_001\output\siman_273\machatzit-hashekel\part-001.txt,true,placeholder,no,English translation pending — replace after editing this block (keep Hebrew above intact).,C:\Users\binya\Documents\Shulchan aruch\newtry\OC_Mobile\oc318-mobile-reader\public\corpus\oc1\siman273\seif-002\machatzit-hashekel\he.html,"<b>(ס""ק ב) ומבית כו'</b> אפי' לא היה דעתו כו' כגון שהי' סבור שגשמים יורדים וקידש בבית וקודם שהתחיל לאכול א""ל שאין הגשמים יורדים ונכנס לסוכה לאכול. וה""ה איפכא שקידש בסוכה וקודם שהתחיל לאכול ירדו גשמים והלך לאכול לבית. אבל אם מחיצו' הבית כו' כגון שבנויה בחצר או ברחוב. וה""ה לענ""ד אם י""ל סוכה בנויה משנה לשנה אפי' הוא תוך חדרו כיון שכל השנה משמש שם כמו בחדר אחר אלא שבסוכות פותח הגג למעל' ויושב שם לשם מצות סוכה הוי מחיצה גמיר' להפסיק: | <b>וכ""מ בתוס' פרק ע""פ דף ק' ע""ב ד""ה ידי קידוש כו'</b> הביאו ירושלמי שמואל סבירא ליה אין קידוש אלא במקום סעודה ורב אמר מי שסוכתו ערבה עליו וחפץ לאכול גם ביום ח' בסוכה אלא שא""א משום בל תוסיף כמ""ש בסי' תרס""ו מקדש ליל י""ט בבית ועולה ואוכל בסוכתו משמע דס""ל לרב יש קידוש שלא במקום סעוד' כמו דאיתא בש""ס דילן ואמר ר' בון דלא פליגי דשמואל מיירי שלא הי' דעתו לאכול במקום אחר ורב מיירי שהי' דעתו בשעת קידוש לאכול בסוכה. והוא דעת י""א האחרון שהביא הרב בית יוסף בסעיף זה ולמה הוצרך רב להיות דעתו לאכול בסוכה. ת""ל דמבית לסכה ה""ל כמפנה לפנה אלא ע""כ צ""ל היכי דמחיצות הבית מפסקת ה""ל כמחדר לחדר ושם היו מחיצות הבית מפסיק דהא קתני ועולה ואוכל בסוכתו דהיינו מארעא לאגרא: | <b>והע""ש לא עיין במרדכי.</b> ר""ל שהע""ש כתב הטעם כיון דחייב לאכול בסוכה עדיף ממקדש במקום א' על דעת לאכול במקום אחר וה""ה איפכא כשקידש בסוכה וירדו גשמים והולך לבית לאכול כיון דצריך לילך לבית כשגשמים יורדים דזולתו מקרי הדיוט עדיף מאלו הי' דעתו לילך למקום אחר ע""ש ולפ""ז אפי' כשמחיצות הבית מפסק' נקרא במקום סעודה ובמרדכי מבואר דליתא:"
oc1,machatzit-hashekel,siman273,seif-002,C:\Users\binya\Documents\Shulchan aruch\newtry\OC_Mobile\oc318-mobile-reader\public\corpus\oc1\siman273\seif-002\machatzit-hashekel\en.html,source_txt_block,temp OC_001 source output,C:\Users\binya\Documents\shulchan-yd-temp\newtry\OC_001\output\siman_273\machatzit-hashekel\part-001.txt,true,placeholder,no,English translation pending — replace after editing this block (keep Hebrew above intact).,C:\Users\binya\Documents\Shulchan aruch\newtry\OC_Mobile\oc318-mobile-reader\public\corpus\oc1\siman273\seif-002\machatzit-hashekel\he.html,"<b>(ס""ק ב) ומבית כו'</b> אפי' לא היה דעתו כו' כגון שהי' סבור שגשמים יורדים וקידש בבית וקודם שהתחיל לאכול א""ל שאין הגשמים יורדים ונכנס לסוכה לאכול. וה""ה איפכא שקידש בסוכה וקודם שהתחיל לאכול ירדו גשמים והלך לאכול לבית. אבל אם מחיצו' הבית כו' כגון שבנויה בחצר או ברחוב. וה""ה לענ""ד אם י""ל סוכה בנויה משנה לשנה אפי' הוא תוך חדרו כיון שכל השנה משמש שם כמו בחדר אחר אלא שבסוכות פותח הגג למעל' ויושב שם לשם מצות סוכה הוי מחיצה גמיר' להפסיק: | <b>וכ""מ בתוס' פרק ע""פ דף ק' ע""ב ד""ה ידי קידוש כו'</b> הביאו ירושלמי שמואל סבירא ליה אין קידוש אלא במקום סעודה ורב אמר מי שסוכתו ערבה עליו וחפץ לאכול גם ביום ח' בסוכה אלא שא""א משום בל תוסיף כמ""ש בסי' תרס""ו מקדש ליל י""ט בבית ועולה ואוכל בסוכתו משמע דס""ל לרב יש קידוש שלא במקום סעוד' כמו דאיתא בש""ס דילן ואמר ר' בון דלא פליגי דשמואל מיירי שלא הי' דעתו לאכול במקום אחר ורב מיירי שהי' דעתו בשעת קידוש לאכול בסוכה. והוא דעת י""א האחרון שהביא הרב בית יוסף בסעיף זה ולמה הוצרך רב להיות דעתו לאכול בסוכה. ת""ל דמבית לסכה ה""ל כמפנה לפנה אלא ע""כ צ""ל היכי דמחיצות הבית מפסקת ה""ל כמחדר לחדר ושם היו מחיצות הבית מפסיק דהא קתני ועולה ואוכל בסוכתו דהיינו מארעא לאגרא: | <b>והע""ש לא עיין במרדכי.</b> ר""ל שהע""ש כתב הטעם כיון דחייב לאכול בסוכה עדיף ממקדש במקום א' על דעת לאכול במקום אחר וה""ה איפכא כשקידש בסוכה וירדו גשמים והולך לבית לאכול כיון דצריך לילך לבית כשגשמים יורדים דזולתו מקרי הדיוט עדיף מאלו הי' דעתו לילך למקום אחר ע""ש ולפ""ז אפי' כשמחיצות הבית מפסק' נקרא במקום סעודה ובמרדכי מבואר דליתא:"
oc1,machatzit-hashekel,siman612,seif-006,C:\Users\binya\Documents\Shulchan aruch\newtry\OC_Mobile\oc318-mobile-reader\public\corpus\oc1\siman612\seif-006\machatzit-hashekel\en.html,corpus_en_html,SA_Sandbox corpus mirror,C:\Users\binya\Documents\Shulchan aruch\newtry\SA_Sandbox\public\corpus\oc1\siman612\seif-006\machatzit-hashekel\en.html,false,missing_or_empty,no,,C:\Users\binya\Documents\Shulchan aruch\newtry\OC_Mobile\oc318-mobile-reader\public\corpus\oc1\siman612\seif-006\machatzit-hashekel\he.html,"<b>(ס""ק ו) מותר כו'</b> ול""ד לחמץ כו' דאסור ליגע בו שמא יאכלנו. ומשמע שם ר""ל בב""ח סי' תרי""א: | <b>דלהר""ן ומ""מ.</b> הביאם מ""א לעיל סי תרי""א ס""ק ב' דס""ל דמה""ט התירו קניבת ירק מן המנחה ולמעלה. כדי שלא יצטרך לתקן הכל בלילה ותהי נפשו עגומה עליו ודוקא מן המנחה ולמעלה התירו כיון שהוא קרוב לזמן אכילה דומה למי שיש לו פת בסלו. ולא גזרינן דלמא אתי למיכל מיניה. אבל קודם המנחה לא הותרה דגזרינן שמא יאכל: | ולפ""ז מוכח דלדידהו (משא""כ לפירש""י בהאי דקניבת ירק הביאו ג""כ מ""א לעיל סי' תרי""א אין ראיה משם) אסור ליגע באוכלים ביוה""כ שמא יאכל ממנו. וכתב הב""ח דלפ""ז הא דתני ביומא דף ע""ז ע""ב תני דבי מנשה רשב""ג אומר מדיחה אשה ידה אחת במים ונותנת פת לתינוק ואמר אביי משום שבתא. (פי' ר""ת שבימיהם היה מצוי מזיק ששמו שבתא שהיה חונק התינוק אם נתנו לו פת והנותן לא רחץ ידיו תחלה אף שנטל ידיו שחרית. וכתב ר""ת דאין אותו מזיק מצוי בינינו וכן כתב הטור סי' תרי""ג) אלמא דמותר לאשה ליגע באוכלים צ""ל דהתם מיירי בתינוק שאינו יכול ליטול הפת בעצמו. ולכן הותר לאשה ליתן לו: | <b>ודוחק.</b> ר""ל דדוחק לאוקמי הא דתני דבי מנשה דוקא בתינוק כהאי וא""כ משמע מהאי דתני דב""מ דלא גזרי' שמא יאכל: | <b>כ""ג א""מ אונן.</b> ר""ל ניהו דכהן הדיוט אסור להקריב כשהוא אונן. אבל כה""ג מותר מן התורה נהקריב אפי' הוא אונן. אלא כיון דאפי' כה""ג מ""מ אסור לאכול קדשים כשהוא אונן ס""ל לר""י דמדרבנן אפי ההקרבה אסור לכה""ג אונן גזרה שמא יאכל. ופריך מ""ש מיו""הכ. ר""ל דר' יודא א""ל דמתקני' לכה""ג מעיוה""כ אשה אחרת שמא תמות אשתו ובעי' וכפר בעדו ובעד ביתו זו אשתו (וכ""ה דלא להוי ליה שני נשים דביתו כתיב משמע בית אחד דוקא לכן מגרש מערב יוה""כ האשה שיש לו כבר ומתנה עמה אם תמות אותה האשה שי""ל כבר ביוה""כ יחול הגט מעכשיו מערב יוה""כ ולאשה האחרת שמקדש עכשיו מקדש על תנאי ע""ש בגמ' באריכות ענין התנאי). ותיקשי מאי מהני תיקון אשה אחרת. הא מ""מ כשתמות אשתו הראשונה ביוה""כ יהי' אונן משום מיתת אשתו: | <b>א""כ ש""מ דל""ג הואיל וכ""ע לא אכלי.</b> וע""ק אמאי ל""פ בפשיטות מ""ש דבכל יוה""כ כו' ר""ל א""א דלכל אדם אסור ליגע באוכלים מחשש שמא יאכל א""כ תיקשי למה הותר לכה""ג ביו""כ להקריב נגזור שמא יאכל. וע""כ צ""ל משום דלא אפשר דע""כ צריך להקריב דרחמנא אמר א""כ גם שהוא אונן וניתוסף לו איסור אכילה משום אנינות מה בכך למה נגזר כיון דא""א בכל כה""ג לחוש לשמא יאכל. ואי משום דהוא טרוד ע""י אנינותו יש לחוש טפי שישכח ויאכל. ס""ל דאכתי לא אסיק סברת טרדה עד אח""ז כשהשיב לו מי לא מטרד כאשר יתבאר להבא: | <b>אע""כ בוודאי ביוה""כ ל""ג.</b> ר""ל אפילו בכל אדם וזה גם המקשן אסיק אדעתיה דלא חיישי' בשום אדם שע""י שכחה יאכל: | <b>אלא ה""פ דחיישי' כו'</b> ר""ל א""כ אמאי אסר ר""י לכה""ג להקריב אונן שמא יאכל הא ל""ח לשכחה. לכן כתב מ""א דל""ח שע""י שכחה יאכל אלא חיישי' ע""י טעות יאכל מתוך שיראה שמקריב אונן כו'. ולהכי פריך מיוה""כ שמקריב אונן וע""כ צ""ל לדעת מ""א דאין הקושיא שיאכל ביוה""כ. דהא ל""ח לשכחה. אלא כיון שרואה שמקריב אונן ידע שמותר להקריב אונן והא ר""י אוסר לו להקריב אונן ואין קושית המקשן כלל שנגזר שמא יאכל דבאמת ביוה""כ ל""ח לאכילה אלא הא סתם ר""י דלא יקריב אונן והא ביוה""כ ע""כ מקריב אונן. וע""ז משני ביוה""כ כיון דכ""ע לא אכלי הוא נמי לא יאכל ר""ל ר""י לא אסר להקריב אונן כ""א היכי דשייכה גזירה שמא יאכל והיינו בחול אבל ביוה""כ דל""ל שמא יאכל מותר להקריב. ואי ע""י שיקריב ביוה""כ כשהוא אונן וידע דאונן כה""ג מותר להקריב יטעה ויאכל גם בחול כשיהי' אונן: | <b>הא בחול א""ל היכרא דאסור להקריב.</b> ובזה אפשר לישב קצת דברי רש""י שכת' שם אהא דפריך וכה""ג מי חיילא עליו אנינות והא מגרשה ר' ל אם מתה ביוה""כ הלא מגרשה למפרע ע""פ התנאי המבואר שם באריכות כנ""ל וא""כ מאי פריך מעיקרא לר""י הא ביוה""כ מקריב אונן כשתמות אשתו כנ""ל הא לא הוי אונן כלל אפי' תמות ומשני נהי דאנינות לא חיילא אטרדי מי לא מטרד. ופירש""י ובקדשים בעי שמחה וגדולה דכתיב לך נתתיה למשחה כדרך שהמלכים אוכלים עכ""ל. והמובן הפשוט וא""כ אי יאכל ניהו דלא חל עליו אנינות מ""מ איכא איסורא בהאי אכילה הואיל וטרוד ואינו שרוי בשמחה ועפ""ז תמהו על רש""י בתוס ישנים בתשו' ה""ה ח""צ דמה לו לרש""י לבקש איסור אכילה משום דבעי' בשמחה ואיסור אכילת יוה""כ להיכן אזיל ע""ש ולפ""ד מ""א א""ש דודאי אין קושי' מקשן הראשון דנגזר ע""י הקרבתו יאכל ביה""כ כנ""ל אלא דהוי קשה ליה איך סתם ר""י דכה""ג אונן לא יקריב הא ביוה""כ לדידיה ע""כ מקריב אונן כנ""ל וע""ז פריך הא לא חיילא עליו אנינות ומשני דעכ""פ אטרודי מטרד וע""ז בא רש""י לפרש מה בכך מ""מ אונן לא הוי ולכן כתב דבקדשים אפי' באכילתן בעי' שמחה וגדולה כ""ש בהקרבתן וא""כ כמו שאסר ר""י לכה""ג כשהוא אונן להקריב ה""ה דה""ל לאסור לכה""ג להקריב כשהוא טרוד ואינו שרוי בשמחה: | והר""ן ומ""מ דגזרי בהאי דקניבת ירק כצ""ל: | <b>מתעסק ומתקינו לאכילה.</b> ר""ל אבל כה""ג ביוה""כ ניהו דמתעסק בהקרבתן אבל מ""מ אינו מתקנו לאכילה ולכן ל""ל כ""ה לאכילה כ""ש בנגיעה בעלמא דל""ל שמא יאכל: | ועיין במשנה ספי""א דמנחות כוונתו למ""ש מ""א סס""ק זה: | <b>דדבר שראוי לאכילה בעין כו'</b> וא""כ לא קשה מכה""ג ביוה""כ דאינו ראוי לאכילה דהא הוא בשר חי דאינו ראוי כ""א לנפש היפה: | <b>ולכן החלות כו'</b> דתנן פי""א דמנחות משנה ז' חל יה""כ בשבת החלות (ר""ל לחם הפנים שבכל' שבת היו מסלקים מן השלחן ונותנים עליו לחם הפנים חדשים ולחם הפנים שהיו מסלקים היה מתחלק בין הכהנים וזמן אכילתו הי' ביום וליל מוצאי שבת שאחריו ולא יותר ולכן ) היו מתחלקות בערב דהיינו מוצאי שבת ומוצאי יוה""כ יאכלוהו אז וכתב הטעם בירושלמי דמה""ט לא היה מתחלק בשבת שחרית ככל שבתות השנה. כיון דראוי לאכלו בעין גזרי' שמא יאכל: | לענין בליעת רוק שבפיו ביוה""כ עמ""ש מ""א ס""ס תקס""ז סק""ח:"
oc1,machatzit-hashekel,siman612,seif-006,C:\Users\binya\Documents\Shulchan aruch\newtry\OC_Mobile\oc318-mobile-reader\public\corpus\oc1\siman612\seif-006\machatzit-hashekel\en.html,corpus_en_html,shulchan-yd-temp corpus mirror,C:\Users\binya\Documents\shulchan-yd-temp\newtry\OC_Mobile\oc318-mobile-reader\public\corpus\oc1\siman612\seif-006\machatzit-hashekel\en.html,true,likely_garbage,no,(1) (Seq. 6) It is permissible for K. and L.D. to chametz K. Dasor Lige in it lest they be eaten. And from the name of the RL in Bh C. 131:<br> <br> (ב) Delakh and mm. They brought them from the above C. S. S. S. S. S. S,C:\Users\binya\Documents\Shulchan aruch\newtry\OC_Mobile\oc318-mobile-reader\public\corpus\oc1\siman612\seif-006\machatzit-hashekel\he.html,"<b>(ס""ק ו) מותר כו'</b> ול""ד לחמץ כו' דאסור ליגע בו שמא יאכלנו. ומשמע שם ר""ל בב""ח סי' תרי""א: | <b>דלהר""ן ומ""מ.</b> הביאם מ""א לעיל סי תרי""א ס""ק ב' דס""ל דמה""ט התירו קניבת ירק מן המנחה ולמעלה. כדי שלא יצטרך לתקן הכל בלילה ותהי נפשו עגומה עליו ודוקא מן המנחה ולמעלה התירו כיון שהוא קרוב לזמן אכילה דומה למי שיש לו פת בסלו. ולא גזרינן דלמא אתי למיכל מיניה. אבל קודם המנחה לא הותרה דגזרינן שמא יאכל: | ולפ""ז מוכח דלדידהו (משא""כ לפירש""י בהאי דקניבת ירק הביאו ג""כ מ""א לעיל סי' תרי""א אין ראיה משם) אסור ליגע באוכלים ביוה""כ שמא יאכל ממנו. וכתב הב""ח דלפ""ז הא דתני ביומא דף ע""ז ע""ב תני דבי מנשה רשב""ג אומר מדיחה אשה ידה אחת במים ונותנת פת לתינוק ואמר אביי משום שבתא. (פי' ר""ת שבימיהם היה מצוי מזיק ששמו שבתא שהיה חונק התינוק אם נתנו לו פת והנותן לא רחץ ידיו תחלה אף שנטל ידיו שחרית. וכתב ר""ת דאין אותו מזיק מצוי בינינו וכן כתב הטור סי' תרי""ג) אלמא דמותר לאשה ליגע באוכלים צ""ל דהתם מיירי בתינוק שאינו יכול ליטול הפת בעצמו. ולכן הותר לאשה ליתן לו: | <b>ודוחק.</b> ר""ל דדוחק לאוקמי הא דתני דבי מנשה דוקא בתינוק כהאי וא""כ משמע מהאי דתני דב""מ דלא גזרי' שמא יאכל: | <b>כ""ג א""מ אונן.</b> ר""ל ניהו דכהן הדיוט אסור להקריב כשהוא אונן. אבל כה""ג מותר מן התורה נהקריב אפי' הוא אונן. אלא כיון דאפי' כה""ג מ""מ אסור לאכול קדשים כשהוא אונן ס""ל לר""י דמדרבנן אפי ההקרבה אסור לכה""ג אונן גזרה שמא יאכל. ופריך מ""ש מיו""הכ. ר""ל דר' יודא א""ל דמתקני' לכה""ג מעיוה""כ אשה אחרת שמא תמות אשתו ובעי' וכפר בעדו ובעד ביתו זו אשתו (וכ""ה דלא להוי ליה שני נשים דביתו כתיב משמע בית אחד דוקא לכן מגרש מערב יוה""כ האשה שיש לו כבר ומתנה עמה אם תמות אותה האשה שי""ל כבר ביוה""כ יחול הגט מעכשיו מערב יוה""כ ולאשה האחרת שמקדש עכשיו מקדש על תנאי ע""ש בגמ' באריכות ענין התנאי). ותיקשי מאי מהני תיקון אשה אחרת. הא מ""מ כשתמות אשתו הראשונה ביוה""כ יהי' אונן משום מיתת אשתו: | <b>א""כ ש""מ דל""ג הואיל וכ""ע לא אכלי.</b> וע""ק אמאי ל""פ בפשיטות מ""ש דבכל יוה""כ כו' ר""ל א""א דלכל אדם אסור ליגע באוכלים מחשש שמא יאכל א""כ תיקשי למה הותר לכה""ג ביו""כ להקריב נגזור שמא יאכל. וע""כ צ""ל משום דלא אפשר דע""כ צריך להקריב דרחמנא אמר א""כ גם שהוא אונן וניתוסף לו איסור אכילה משום אנינות מה בכך למה נגזר כיון דא""א בכל כה""ג לחוש לשמא יאכל. ואי משום דהוא טרוד ע""י אנינותו יש לחוש טפי שישכח ויאכל. ס""ל דאכתי לא אסיק סברת טרדה עד אח""ז כשהשיב לו מי לא מטרד כאשר יתבאר להבא: | <b>אע""כ בוודאי ביוה""כ ל""ג.</b> ר""ל אפילו בכל אדם וזה גם המקשן אסיק אדעתיה דלא חיישי' בשום אדם שע""י שכחה יאכל: | <b>אלא ה""פ דחיישי' כו'</b> ר""ל א""כ אמאי אסר ר""י לכה""ג להקריב אונן שמא יאכל הא ל""ח לשכחה. לכן כתב מ""א דל""ח שע""י שכחה יאכל אלא חיישי' ע""י טעות יאכל מתוך שיראה שמקריב אונן כו'. ולהכי פריך מיוה""כ שמקריב אונן וע""כ צ""ל לדעת מ""א דאין הקושיא שיאכל ביוה""כ. דהא ל""ח לשכחה. אלא כיון שרואה שמקריב אונן ידע שמותר להקריב אונן והא ר""י אוסר לו להקריב אונן ואין קושית המקשן כלל שנגזר שמא יאכל דבאמת ביוה""כ ל""ח לאכילה אלא הא סתם ר""י דלא יקריב אונן והא ביוה""כ ע""כ מקריב אונן. וע""ז משני ביוה""כ כיון דכ""ע לא אכלי הוא נמי לא יאכל ר""ל ר""י לא אסר להקריב אונן כ""א היכי דשייכה גזירה שמא יאכל והיינו בחול אבל ביוה""כ דל""ל שמא יאכל מותר להקריב. ואי ע""י שיקריב ביוה""כ כשהוא אונן וידע דאונן כה""ג מותר להקריב יטעה ויאכל גם בחול כשיהי' אונן: | <b>הא בחול א""ל היכרא דאסור להקריב.</b> ובזה אפשר לישב קצת דברי רש""י שכת' שם אהא דפריך וכה""ג מי חיילא עליו אנינות והא מגרשה ר' ל אם מתה ביוה""כ הלא מגרשה למפרע ע""פ התנאי המבואר שם באריכות כנ""ל וא""כ מאי פריך מעיקרא לר""י הא ביוה""כ מקריב אונן כשתמות אשתו כנ""ל הא לא הוי אונן כלל אפי' תמות ומשני נהי דאנינות לא חיילא אטרדי מי לא מטרד. ופירש""י ובקדשים בעי שמחה וגדולה דכתיב לך נתתיה למשחה כדרך שהמלכים אוכלים עכ""ל. והמובן הפשוט וא""כ אי יאכל ניהו דלא חל עליו אנינות מ""מ איכא איסורא בהאי אכילה הואיל וטרוד ואינו שרוי בשמחה ועפ""ז תמהו על רש""י בתוס ישנים בתשו' ה""ה ח""צ דמה לו לרש""י לבקש איסור אכילה משום דבעי' בשמחה ואיסור אכילת יוה""כ להיכן אזיל ע""ש ולפ""ד מ""א א""ש דודאי אין קושי' מקשן הראשון דנגזר ע""י הקרבתו יאכל ביה""כ כנ""ל אלא דהוי קשה ליה איך סתם ר""י דכה""ג אונן לא יקריב הא ביוה""כ לדידיה ע""כ מקריב אונן כנ""ל וע""ז פריך הא לא חיילא עליו אנינות ומשני דעכ""פ אטרודי מטרד וע""ז בא רש""י לפרש מה בכך מ""מ אונן לא הוי ולכן כתב דבקדשים אפי' באכילתן בעי' שמחה וגדולה כ""ש בהקרבתן וא""כ כמו שאסר ר""י לכה""ג כשהוא אונן להקריב ה""ה דה""ל לאסור לכה""ג להקריב כשהוא טרוד ואינו שרוי בשמחה: | והר""ן ומ""מ דגזרי בהאי דקניבת ירק כצ""ל: | <b>מתעסק ומתקינו לאכילה.</b> ר""ל אבל כה""ג ביוה""כ ניהו דמתעסק בהקרבתן אבל מ""מ אינו מתקנו לאכילה ולכן ל""ל כ""ה לאכילה כ""ש בנגיעה בעלמא דל""ל שמא יאכל: | ועיין במשנה ספי""א דמנחות כוונתו למ""ש מ""א סס""ק זה: | <b>דדבר שראוי לאכילה בעין כו'</b> וא""כ לא קשה מכה""ג ביוה""כ דאינו ראוי לאכילה דהא הוא בשר חי דאינו ראוי כ""א לנפש היפה: | <b>ולכן החלות כו'</b> דתנן פי""א דמנחות משנה ז' חל יה""כ בשבת החלות (ר""ל לחם הפנים שבכל' שבת היו מסלקים מן השלחן ונותנים עליו לחם הפנים חדשים ולחם הפנים שהיו מסלקים היה מתחלק בין הכהנים וזמן אכילתו הי' ביום וליל מוצאי שבת שאחריו ולא יותר ולכן ) היו מתחלקות בערב דהיינו מוצאי שבת ומוצאי יוה""כ יאכלוהו אז וכתב הטעם בירושלמי דמה""ט לא היה מתחלק בשבת שחרית ככל שבתות השנה. כיון דראוי לאכלו בעין גזרי' שמא יאכל: | לענין בליעת רוק שבפיו ביוה""כ עמ""ש מ""א ס""ס תקס""ז סק""ח:"
oc1,machatzit-hashekel,siman612,seif-006,C:\Users\binya\Documents\Shulchan aruch\newtry\OC_Mobile\oc318-mobile-reader\public\corpus\oc1\siman612\seif-006\machatzit-hashekel\en.html,source_txt_block,current OC_001 source output,C:\Users\binya\Documents\Shulchan aruch\newtry\OC_001\output\siman_612\machatzit-hashekel\part-001.txt,true,placeholder,no,English translation pending — replace after editing this block (keep Hebrew above intact).,C:\Users\binya\Documents\Shulchan aruch\newtry\OC_Mobile\oc318-mobile-reader\public\corpus\oc1\siman612\seif-006\machatzit-hashekel\he.html,"<b>(ס""ק ו) מותר כו'</b> ול""ד לחמץ כו' דאסור ליגע בו שמא יאכלנו. ומשמע שם ר""ל בב""ח סי' תרי""א: | <b>דלהר""ן ומ""מ.</b> הביאם מ""א לעיל סי תרי""א ס""ק ב' דס""ל דמה""ט התירו קניבת ירק מן המנחה ולמעלה. כדי שלא יצטרך לתקן הכל בלילה ותהי נפשו עגומה עליו ודוקא מן המנחה ולמעלה התירו כיון שהוא קרוב לזמן אכילה דומה למי שיש לו פת בסלו. ולא גזרינן דלמא אתי למיכל מיניה. אבל קודם המנחה לא הותרה דגזרינן שמא יאכל: | ולפ""ז מוכח דלדידהו (משא""כ לפירש""י בהאי דקניבת ירק הביאו ג""כ מ""א לעיל סי' תרי""א אין ראיה משם) אסור ליגע באוכלים ביוה""כ שמא יאכל ממנו. וכתב הב""ח דלפ""ז הא דתני ביומא דף ע""ז ע""ב תני דבי מנשה רשב""ג אומר מדיחה אשה ידה אחת במים ונותנת פת לתינוק ואמר אביי משום שבתא. (פי' ר""ת שבימיהם היה מצוי מזיק ששמו שבתא שהיה חונק התינוק אם נתנו לו פת והנותן לא רחץ ידיו תחלה אף שנטל ידיו שחרית. וכתב ר""ת דאין אותו מזיק מצוי בינינו וכן כתב הטור סי' תרי""ג) אלמא דמותר לאשה ליגע באוכלים צ""ל דהתם מיירי בתינוק שאינו יכול ליטול הפת בעצמו. ולכן הותר לאשה ליתן לו: | <b>ודוחק.</b> ר""ל דדוחק לאוקמי הא דתני דבי מנשה דוקא בתינוק כהאי וא""כ משמע מהאי דתני דב""מ דלא גזרי' שמא יאכל: | <b>כ""ג א""מ אונן.</b> ר""ל ניהו דכהן הדיוט אסור להקריב כשהוא אונן. אבל כה""ג מותר מן התורה נהקריב אפי' הוא אונן. אלא כיון דאפי' כה""ג מ""מ אסור לאכול קדשים כשהוא אונן ס""ל לר""י דמדרבנן אפי ההקרבה אסור לכה""ג אונן גזרה שמא יאכל. ופריך מ""ש מיו""הכ. ר""ל דר' יודא א""ל דמתקני' לכה""ג מעיוה""כ אשה אחרת שמא תמות אשתו ובעי' וכפר בעדו ובעד ביתו זו אשתו (וכ""ה דלא להוי ליה שני נשים דביתו כתיב משמע בית אחד דוקא לכן מגרש מערב יוה""כ האשה שיש לו כבר ומתנה עמה אם תמות אותה האשה שי""ל כבר ביוה""כ יחול הגט מעכשיו מערב יוה""כ ולאשה האחרת שמקדש עכשיו מקדש על תנאי ע""ש בגמ' באריכות ענין התנאי). ותיקשי מאי מהני תיקון אשה אחרת. הא מ""מ כשתמות אשתו הראשונה ביוה""כ יהי' אונן משום מיתת אשתו: | <b>א""כ ש""מ דל""ג הואיל וכ""ע לא אכלי.</b> וע""ק אמאי ל""פ בפשיטות מ""ש דבכל יוה""כ כו' ר""ל א""א דלכל אדם אסור ליגע באוכלים מחשש שמא יאכל א""כ תיקשי למה הותר לכה""ג ביו""כ להקריב נגזור שמא יאכל. וע""כ צ""ל משום דלא אפשר דע""כ צריך להקריב דרחמנא אמר א""כ גם שהוא אונן וניתוסף לו איסור אכילה משום אנינות מה בכך למה נגזר כיון דא""א בכל כה""ג לחוש לשמא יאכל. ואי משום דהוא טרוד ע""י אנינותו יש לחוש טפי שישכח ויאכל. ס""ל דאכתי לא אסיק סברת טרדה עד אח""ז כשהשיב לו מי לא מטרד כאשר יתבאר להבא: | <b>אע""כ בוודאי ביוה""כ ל""ג.</b> ר""ל אפילו בכל אדם וזה גם המקשן אסיק אדעתיה דלא חיישי' בשום אדם שע""י שכחה יאכל: | <b>אלא ה""פ דחיישי' כו'</b> ר""ל א""כ אמאי אסר ר""י לכה""ג להקריב אונן שמא יאכל הא ל""ח לשכחה. לכן כתב מ""א דל""ח שע""י שכחה יאכל אלא חיישי' ע""י טעות יאכל מתוך שיראה שמקריב אונן כו'. ולהכי פריך מיוה""כ שמקריב אונן וע""כ צ""ל לדעת מ""א דאין הקושיא שיאכל ביוה""כ. דהא ל""ח לשכחה. אלא כיון שרואה שמקריב אונן ידע שמותר להקריב אונן והא ר""י אוסר לו להקריב אונן ואין קושית המקשן כלל שנגזר שמא יאכל דבאמת ביוה""כ ל""ח לאכילה אלא הא סתם ר""י דלא יקריב אונן והא ביוה""כ ע""כ מקריב אונן. וע""ז משני ביוה""כ כיון דכ""ע לא אכלי הוא נמי לא יאכל ר""ל ר""י לא אסר להקריב אונן כ""א היכי דשייכה גזירה שמא יאכל והיינו בחול אבל ביוה""כ דל""ל שמא יאכל מותר להקריב. ואי ע""י שיקריב ביוה""כ כשהוא אונן וידע דאונן כה""ג מותר להקריב יטעה ויאכל גם בחול כשיהי' אונן: | <b>הא בחול א""ל היכרא דאסור להקריב.</b> ובזה אפשר לישב קצת דברי רש""י שכת' שם אהא דפריך וכה""ג מי חיילא עליו אנינות והא מגרשה ר' ל אם מתה ביוה""כ הלא מגרשה למפרע ע""פ התנאי המבואר שם באריכות כנ""ל וא""כ מאי פריך מעיקרא לר""י הא ביוה""כ מקריב אונן כשתמות אשתו כנ""ל הא לא הוי אונן כלל אפי' תמות ומשני נהי דאנינות לא חיילא אטרדי מי לא מטרד. ופירש""י ובקדשים בעי שמחה וגדולה דכתיב לך נתתיה למשחה כדרך שהמלכים אוכלים עכ""ל. והמובן הפשוט וא""כ אי יאכל ניהו דלא חל עליו אנינות מ""מ איכא איסורא בהאי אכילה הואיל וטרוד ואינו שרוי בשמחה ועפ""ז תמהו על רש""י בתוס ישנים בתשו' ה""ה ח""צ דמה לו לרש""י לבקש איסור אכילה משום דבעי' בשמחה ואיסור אכילת יוה""כ להיכן אזיל ע""ש ולפ""ד מ""א א""ש דודאי אין קושי' מקשן הראשון דנגזר ע""י הקרבתו יאכל ביה""כ כנ""ל אלא דהוי קשה ליה איך סתם ר""י דכה""ג אונן לא יקריב הא ביוה""כ לדידיה ע""כ מקריב אונן כנ""ל וע""ז פריך הא לא חיילא עליו אנינות ומשני דעכ""פ אטרודי מטרד וע""ז בא רש""י לפרש מה בכך מ""מ אונן לא הוי ולכן כתב דבקדשים אפי' באכילתן בעי' שמחה וגדולה כ""ש בהקרבתן וא""כ כמו שאסר ר""י לכה""ג כשהוא אונן להקריב ה""ה דה""ל לאסור לכה""ג להקריב כשהוא טרוד ואינו שרוי בשמחה: | והר""ן ומ""מ דגזרי בהאי דקניבת ירק כצ""ל: | <b>מתעסק ומתקינו לאכילה.</b> ר""ל אבל כה""ג ביוה""כ ניהו דמתעסק בהקרבתן אבל מ""מ אינו מתקנו לאכילה ולכן ל""ל כ""ה לאכילה כ""ש בנגיעה בעלמא דל""ל שמא יאכל: | ועיין במשנה ספי""א דמנחות כוונתו למ""ש מ""א סס""ק זה: | <b>דדבר שראוי לאכילה בעין כו'</b> וא""כ לא קשה מכה""ג ביוה""כ דאינו ראוי לאכילה דהא הוא בשר חי דאינו ראוי כ""א לנפש היפה: | <b>ולכן החלות כו'</b> דתנן פי""א דמנחות משנה ז' חל יה""כ בשבת החלות (ר""ל לחם הפנים שבכל' שבת היו מסלקים מן השלחן ונותנים עליו לחם הפנים חדשים ולחם הפנים שהיו מסלקים היה מתחלק בין הכהנים וזמן אכילתו הי' ביום וליל מוצאי שבת שאחריו ולא יותר ולכן ) היו מתחלקות בערב דהיינו מוצאי שבת ומוצאי יוה""כ יאכלוהו אז וכתב הטעם בירושלמי דמה""ט לא היה מתחלק בשבת שחרית ככל שבתות השנה. כיון דראוי לאכלו בעין גזרי' שמא יאכל: | לענין בליעת רוק שבפיו ביוה""כ עמ""ש מ""א ס""ס תקס""ז סק""ח:"
oc1,machatzit-hashekel,siman612,seif-006,C:\Users\binya\Documents\Shulchan aruch\newtry\OC_Mobile\oc318-mobile-reader\public\corpus\oc1\siman612\seif-006\machatzit-hashekel\en.html,source_txt_block,temp OC_001 source output,C:\Users\binya\Documents\shulchan-yd-temp\newtry\OC_001\output\siman_612\machatzit-hashekel\part-001.txt,true,placeholder,no,English translation pending — replace after editing this block (keep Hebrew above intact).,C:\Users\binya\Documents\Shulchan aruch\newtry\OC_Mobile\oc318-mobile-reader\public\corpus\oc1\siman612\seif-006\machatzit-hashekel\he.html,"<b>(ס""ק ו) מותר כו'</b> ול""ד לחמץ כו' דאסור ליגע בו שמא יאכלנו. ומשמע שם ר""ל בב""ח סי' תרי""א: | <b>דלהר""ן ומ""מ.</b> הביאם מ""א לעיל סי תרי""א ס""ק ב' דס""ל דמה""ט התירו קניבת ירק מן המנחה ולמעלה. כדי שלא יצטרך לתקן הכל בלילה ותהי נפשו עגומה עליו ודוקא מן המנחה ולמעלה התירו כיון שהוא קרוב לזמן אכילה דומה למי שיש לו פת בסלו. ולא גזרינן דלמא אתי למיכל מיניה. אבל קודם המנחה לא הותרה דגזרינן שמא יאכל: | ולפ""ז מוכח דלדידהו (משא""כ לפירש""י בהאי דקניבת ירק הביאו ג""כ מ""א לעיל סי' תרי""א אין ראיה משם) אסור ליגע באוכלים ביוה""כ שמא יאכל ממנו. וכתב הב""ח דלפ""ז הא דתני ביומא דף ע""ז ע""ב תני דבי מנשה רשב""ג אומר מדיחה אשה ידה אחת במים ונותנת פת לתינוק ואמר אביי משום שבתא. (פי' ר""ת שבימיהם היה מצוי מזיק ששמו שבתא שהיה חונק התינוק אם נתנו לו פת והנותן לא רחץ ידיו תחלה אף שנטל ידיו שחרית. וכתב ר""ת דאין אותו מזיק מצוי בינינו וכן כתב הטור סי' תרי""ג) אלמא דמותר לאשה ליגע באוכלים צ""ל דהתם מיירי בתינוק שאינו יכול ליטול הפת בעצמו. ולכן הותר לאשה ליתן לו: | <b>ודוחק.</b> ר""ל דדוחק לאוקמי הא דתני דבי מנשה דוקא בתינוק כהאי וא""כ משמע מהאי דתני דב""מ דלא גזרי' שמא יאכל: | <b>כ""ג א""מ אונן.</b> ר""ל ניהו דכהן הדיוט אסור להקריב כשהוא אונן. אבל כה""ג מותר מן התורה נהקריב אפי' הוא אונן. אלא כיון דאפי' כה""ג מ""מ אסור לאכול קדשים כשהוא אונן ס""ל לר""י דמדרבנן אפי ההקרבה אסור לכה""ג אונן גזרה שמא יאכל. ופריך מ""ש מיו""הכ. ר""ל דר' יודא א""ל דמתקני' לכה""ג מעיוה""כ אשה אחרת שמא תמות אשתו ובעי' וכפר בעדו ובעד ביתו זו אשתו (וכ""ה דלא להוי ליה שני נשים דביתו כתיב משמע בית אחד דוקא לכן מגרש מערב יוה""כ האשה שיש לו כבר ומתנה עמה אם תמות אותה האשה שי""ל כבר ביוה""כ יחול הגט מעכשיו מערב יוה""כ ולאשה האחרת שמקדש עכשיו מקדש על תנאי ע""ש בגמ' באריכות ענין התנאי). ותיקשי מאי מהני תיקון אשה אחרת. הא מ""מ כשתמות אשתו הראשונה ביוה""כ יהי' אונן משום מיתת אשתו: | <b>א""כ ש""מ דל""ג הואיל וכ""ע לא אכלי.</b> וע""ק אמאי ל""פ בפשיטות מ""ש דבכל יוה""כ כו' ר""ל א""א דלכל אדם אסור ליגע באוכלים מחשש שמא יאכל א""כ תיקשי למה הותר לכה""ג ביו""כ להקריב נגזור שמא יאכל. וע""כ צ""ל משום דלא אפשר דע""כ צריך להקריב דרחמנא אמר א""כ גם שהוא אונן וניתוסף לו איסור אכילה משום אנינות מה בכך למה נגזר כיון דא""א בכל כה""ג לחוש לשמא יאכל. ואי משום דהוא טרוד ע""י אנינותו יש לחוש טפי שישכח ויאכל. ס""ל דאכתי לא אסיק סברת טרדה עד אח""ז כשהשיב לו מי לא מטרד כאשר יתבאר להבא: | <b>אע""כ בוודאי ביוה""כ ל""ג.</b> ר""ל אפילו בכל אדם וזה גם המקשן אסיק אדעתיה דלא חיישי' בשום אדם שע""י שכחה יאכל: | <b>אלא ה""פ דחיישי' כו'</b> ר""ל א""כ אמאי אסר ר""י לכה""ג להקריב אונן שמא יאכל הא ל""ח לשכחה. לכן כתב מ""א דל""ח שע""י שכחה יאכל אלא חיישי' ע""י טעות יאכל מתוך שיראה שמקריב אונן כו'. ולהכי פריך מיוה""כ שמקריב אונן וע""כ צ""ל לדעת מ""א דאין הקושיא שיאכל ביוה""כ. דהא ל""ח לשכחה. אלא כיון שרואה שמקריב אונן ידע שמותר להקריב אונן והא ר""י אוסר לו להקריב אונן ואין קושית המקשן כלל שנגזר שמא יאכל דבאמת ביוה""כ ל""ח לאכילה אלא הא סתם ר""י דלא יקריב אונן והא ביוה""כ ע""כ מקריב אונן. וע""ז משני ביוה""כ כיון דכ""ע לא אכלי הוא נמי לא יאכל ר""ל ר""י לא אסר להקריב אונן כ""א היכי דשייכה גזירה שמא יאכל והיינו בחול אבל ביוה""כ דל""ל שמא יאכל מותר להקריב. ואי ע""י שיקריב ביוה""כ כשהוא אונן וידע דאונן כה""ג מותר להקריב יטעה ויאכל גם בחול כשיהי' אונן: | <b>הא בחול א""ל היכרא דאסור להקריב.</b> ובזה אפשר לישב קצת דברי רש""י שכת' שם אהא דפריך וכה""ג מי חיילא עליו אנינות והא מגרשה ר' ל אם מתה ביוה""כ הלא מגרשה למפרע ע""פ התנאי המבואר שם באריכות כנ""ל וא""כ מאי פריך מעיקרא לר""י הא ביוה""כ מקריב אונן כשתמות אשתו כנ""ל הא לא הוי אונן כלל אפי' תמות ומשני נהי דאנינות לא חיילא אטרדי מי לא מטרד. ופירש""י ובקדשים בעי שמחה וגדולה דכתיב לך נתתיה למשחה כדרך שהמלכים אוכלים עכ""ל. והמובן הפשוט וא""כ אי יאכל ניהו דלא חל עליו אנינות מ""מ איכא איסורא בהאי אכילה הואיל וטרוד ואינו שרוי בשמחה ועפ""ז תמהו על רש""י בתוס ישנים בתשו' ה""ה ח""צ דמה לו לרש""י לבקש איסור אכילה משום דבעי' בשמחה ואיסור אכילת יוה""כ להיכן אזיל ע""ש ולפ""ד מ""א א""ש דודאי אין קושי' מקשן הראשון דנגזר ע""י הקרבתו יאכל ביה""כ כנ""ל אלא דהוי קשה ליה איך סתם ר""י דכה""ג אונן לא יקריב הא ביוה""כ לדידיה ע""כ מקריב אונן כנ""ל וע""ז פריך הא לא חיילא עליו אנינות ומשני דעכ""פ אטרודי מטרד וע""ז בא רש""י לפרש מה בכך מ""מ אונן לא הוי ולכן כתב דבקדשים אפי' באכילתן בעי' שמחה וגדולה כ""ש בהקרבתן וא""כ כמו שאסר ר""י לכה""ג כשהוא אונן להקריב ה""ה דה""ל לאסור לכה""ג להקריב כשהוא טרוד ואינו שרוי בשמחה: | והר""ן ומ""מ דגזרי בהאי דקניבת ירק כצ""ל: | <b>מתעסק ומתקינו לאכילה.</b> ר""ל אבל כה""ג ביוה""כ ניהו דמתעסק בהקרבתן אבל מ""מ אינו מתקנו לאכילה ולכן ל""ל כ""ה לאכילה כ""ש בנגיעה בעלמא דל""ל שמא יאכל: | ועיין במשנה ספי""א דמנחות כוונתו למ""ש מ""א סס""ק זה: | <b>דדבר שראוי לאכילה בעין כו'</b> וא""כ לא קשה מכה""ג ביוה""כ דאינו ראוי לאכילה דהא הוא בשר חי דאינו ראוי כ""א לנפש היפה: | <b>ולכן החלות כו'</b> דתנן פי""א דמנחות משנה ז' חל יה""כ בשבת החלות (ר""ל לחם הפנים שבכל' שבת היו מסלקים מן השלחן ונותנים עליו לחם הפנים חדשים ולחם הפנים שהיו מסלקים היה מתחלק בין הכהנים וזמן אכילתו הי' ביום וליל מוצאי שבת שאחריו ולא יותר ולכן ) היו מתחלקות בערב דהיינו מוצאי שבת ומוצאי יוה""כ יאכלוהו אז וכתב הטעם בירושלמי דמה""ט לא היה מתחלק בשבת שחרית ככל שבתות השנה. כיון דראוי לאכלו בעין גזרי' שמא יאכל: | לענין בליעת רוק שבפיו ביוה""כ עמ""ש מ""א ס""ס תקס""ז סק""ח:"
oc1,turei-zahav,siman25,seif-003,C:\Users\binya\Documents\Shulchan aruch\newtry\OC_Mobile\oc318-mobile-reader\public\corpus\oc1\siman25\seif-003\turei-zahav\en.html,corpus_en_html,SA_Sandbox corpus mirror,C:\Users\binya\Documents\Shulchan aruch\newtry\SA_Sandbox\public\corpus\oc1\siman25\seif-003\turei-zahav\en.html,false,missing_or_empty,no,,C:\Users\binya\Documents\Shulchan aruch\newtry\OC_Mobile\oc318-mobile-reader\public\corpus\oc1\siman25\seif-003\turei-zahav\he.html,"<b>עד עוטר ישראל. </b> לפי שתפילין נקראים פאר שנא' פארך חבוש עליך כ""כ הטור:"
oc1,turei-zahav,siman25,seif-003,C:\Users\binya\Documents\Shulchan aruch\newtry\OC_Mobile\oc318-mobile-reader\public\corpus\oc1\siman25\seif-003\turei-zahav\en.html,corpus_en_html,shulchan-yd-temp corpus mirror,C:\Users\binya\Documents\shulchan-yd-temp\newtry\OC_Mobile\oc318-mobile-reader\public\corpus\oc1\siman25\seif-003\turei-zahav\en.html,true,possibly_clean,yes,"<b>Until Oter Yisrael.</b> Tefillin are called pe'er — ""Your splendor is bound on you"" (Tur). ",C:\Users\binya\Documents\Shulchan aruch\newtry\OC_Mobile\oc318-mobile-reader\public\corpus\oc1\siman25\seif-003\turei-zahav\he.html,"<b>עד עוטר ישראל. </b> לפי שתפילין נקראים פאר שנא' פארך חבוש עליך כ""כ הטור:"
oc1,turei-zahav,siman25,seif-003,C:\Users\binya\Documents\Shulchan aruch\newtry\OC_Mobile\oc318-mobile-reader\public\corpus\oc1\siman25\seif-003\turei-zahav\en.html,source_txt_block,current OC_001 source output,C:\Users\binya\Documents\Shulchan aruch\newtry\OC_001\output\siman_025\turei-zahav\part-001.txt,true,possibly_clean,yes,"Witness Otar Israel. According to the tefillin, they are called parch shana' parach habuso on you as in the column:",C:\Users\binya\Documents\Shulchan aruch\newtry\OC_Mobile\oc318-mobile-reader\public\corpus\oc1\siman25\seif-003\turei-zahav\he.html,"<b>עד עוטר ישראל. </b> לפי שתפילין נקראים פאר שנא' פארך חבוש עליך כ""כ הטור:"
oc1,turei-zahav,siman25,seif-003,C:\Users\binya\Documents\Shulchan aruch\newtry\OC_Mobile\oc318-mobile-reader\public\corpus\oc1\siman25\seif-003\turei-zahav\en.html,source_txt_block,temp OC_001 source output,C:\Users\binya\Documents\shulchan-yd-temp\newtry\OC_001\output\siman_025\turei-zahav\part-001.txt,true,possibly_clean,yes,"Witness Otar Israel. According to the tefillin, they are called parch shana' parach habuso on you as in the column:",C:\Users\binya\Documents\Shulchan aruch\newtry\OC_Mobile\oc318-mobile-reader\public\corpus\oc1\siman25\seif-003\turei-zahav\he.html,"<b>עד עוטר ישראל. </b> לפי שתפילין נקראים פאר שנא' פארך חבוש עליך כ""כ הטור:"
oc1,turei-zahav,siman499,seif-001,C:\Users\binya\Documents\Shulchan aruch\newtry\OC_Mobile\oc318-mobile-reader\public\corpus\oc1\siman499\seif-001\turei-zahav\en.html,corpus_en_html,SA_Sandbox corpus mirror,C:\Users\binya\Documents\Shulchan aruch\newtry\SA_Sandbox\public\corpus\oc1\siman499\seif-001\turei-zahav\en.html,false,missing_or_empty,no,,C:\Users\binya\Documents\Shulchan aruch\newtry\OC_Mobile\oc318-mobile-reader\public\corpus\oc1\siman499\seif-001\turei-zahav\he.html,"<b>כל הבשר מרגל א'. </b> זה דעת הרמב""ם ובטור כתב סתם שמפשיטין העור שלם כדי לעשות ממנו נאד והטעם דהיא טירחא יתיר' ותימא על רמ""א שלא הביא דעת הטור:"
oc1,turei-zahav,siman499,seif-001,C:\Users\binya\Documents\Shulchan aruch\newtry\OC_Mobile\oc318-mobile-reader\public\corpus\oc1\siman499\seif-001\turei-zahav\en.html,corpus_en_html,shulchan-yd-temp corpus mirror,C:\Users\binya\Documents\shulchan-yd-temp\newtry\OC_Mobile\oc318-mobile-reader\public\corpus\oc1\siman499\seif-001\turei-zahav\en.html,true,possibly_clean,yes,All meat is spy A. This is the Rambam's opinion and columnist just wrote that the skin is complete to make from it Naad and the taste of it is an irritating tyrant and a thirst for RM that did not bring the opinion of th,C:\Users\binya\Documents\Shulchan aruch\newtry\OC_Mobile\oc318-mobile-reader\public\corpus\oc1\siman499\seif-001\turei-zahav\he.html,"<b>כל הבשר מרגל א'. </b> זה דעת הרמב""ם ובטור כתב סתם שמפשיטין העור שלם כדי לעשות ממנו נאד והטעם דהיא טירחא יתיר' ותימא על רמ""א שלא הביא דעת הטור:"
oc1,turei-zahav,siman499,seif-001,C:\Users\binya\Documents\Shulchan aruch\newtry\OC_Mobile\oc318-mobile-reader\public\corpus\oc1\siman499\seif-001\turei-zahav\en.html,source_txt_block,current OC_001 source output,C:\Users\binya\Documents\Shulchan aruch\newtry\OC_001\output\siman_499\turei-zahav\part-001.txt,true,placeholder,no,English translation pending — replace after editing this block (keep Hebrew above intact).,C:\Users\binya\Documents\Shulchan aruch\newtry\OC_Mobile\oc318-mobile-reader\public\corpus\oc1\siman499\seif-001\turei-zahav\he.html,"<b>כל הבשר מרגל א'. </b> זה דעת הרמב""ם ובטור כתב סתם שמפשיטין העור שלם כדי לעשות ממנו נאד והטעם דהיא טירחא יתיר' ותימא על רמ""א שלא הביא דעת הטור:"
oc1,turei-zahav,siman499,seif-001,C:\Users\binya\Documents\Shulchan aruch\newtry\OC_Mobile\oc318-mobile-reader\public\corpus\oc1\siman499\seif-001\turei-zahav\en.html,source_txt_block,temp OC_001 source output,C:\Users\binya\Documents\shulchan-yd-temp\newtry\OC_001\output\siman_499\turei-zahav\part-001.txt,true,placeholder,no,English translation pending — replace after editing this block (keep Hebrew above intact).,C:\Users\binya\Documents\Shulchan aruch\newtry\OC_Mobile\oc318-mobile-reader\public\corpus\oc1\siman499\seif-001\turei-zahav\he.html,"<b>כל הבשר מרגל א'. </b> זה דעת הרמב""ם ובטור כתב סתם שמפשיטין העור שלם כדי לעשות ממנו נאד והטעם דהיא טירחא יתיר' ותימא על רמ""א שלא הביא דעת הטור:"
oc1,turei-zahav,siman575,seif-002,C:\Users\binya\Documents\Shulchan aruch\newtry\OC_Mobile\oc318-mobile-reader\public\corpus\oc1\siman575\seif-002\turei-zahav\en.html,corpus_en_html,SA_Sandbox corpus mirror,C:\Users\binya\Documents\Shulchan aruch\newtry\SA_Sandbox\public\corpus\oc1\siman575\seif-002\turei-zahav\en.html,false,missing_or_empty,no,,C:\Users\binya\Documents\Shulchan aruch\newtry\OC_Mobile\oc318-mobile-reader\public\corpus\oc1\siman575\seif-002\turei-zahav\he.html,"<b>ומתחננים כדרך וכו'. </b> כ""כ גם הטור. ונראה דבכלל זה הקריאה בויחל כמו בשאר תענית כדמסיק הטור ססי' תקס""ו בשם רב שלום ולא הוצרך להזכירו פה בתעני' זה והא דזכר במנח' הקריא' היינו אגב אורחיה דבא שם להזכיר סדר היום זכר גם את זה ואע""ג דבסי' תקע""ט אצל ז' תעניו' זכר גם הקריאה היינו דשם הוה קריאה משונה משאר תעניו' דצריך שם לקרות באם בחקותי כו' ולא ויחל ובחנם האריך ב""י בזה בפי' דברי הטור:"
oc1,turei-zahav,siman575,seif-002,C:\Users\binya\Documents\Shulchan aruch\newtry\OC_Mobile\oc318-mobile-reader\public\corpus\oc1\siman575\seif-002\turei-zahav\en.html,corpus_en_html,shulchan-yd-temp corpus mirror,C:\Users\binya\Documents\shulchan-yd-temp\newtry\OC_Mobile\oc318-mobile-reader\public\corpus\oc1\siman575\seif-002\turei-zahav\en.html,true,possibly_clean,yes,"and beg as a way, etc. The same is true of the column. And it is seen in this rule that the reading in Yahel is the same as in the rest of the Taanit, as in Damasik, the column Sessi 16, in the name of Rav Shalom, and th",C:\Users\binya\Documents\Shulchan aruch\newtry\OC_Mobile\oc318-mobile-reader\public\corpus\oc1\siman575\seif-002\turei-zahav\he.html,"<b>ומתחננים כדרך וכו'. </b> כ""כ גם הטור. ונראה דבכלל זה הקריאה בויחל כמו בשאר תענית כדמסיק הטור ססי' תקס""ו בשם רב שלום ולא הוצרך להזכירו פה בתעני' זה והא דזכר במנח' הקריא' היינו אגב אורחיה דבא שם להזכיר סדר היום זכר גם את זה ואע""ג דבסי' תקע""ט אצל ז' תעניו' זכר גם הקריאה היינו דשם הוה קריאה משונה משאר תעניו' דצריך שם לקרות באם בחקותי כו' ולא ויחל ובחנם האריך ב""י בזה בפי' דברי הטור:"
oc1,turei-zahav,siman575,seif-002,C:\Users\binya\Documents\Shulchan aruch\newtry\OC_Mobile\oc318-mobile-reader\public\corpus\oc1\siman575\seif-002\turei-zahav\en.html,source_txt_block,current OC_001 source output,C:\Users\binya\Documents\Shulchan aruch\newtry\OC_001\output\siman_575\turei-zahav\part-001.txt,true,placeholder,no,English translation pending — replace after editing this block (keep Hebrew above intact).,C:\Users\binya\Documents\Shulchan aruch\newtry\OC_Mobile\oc318-mobile-reader\public\corpus\oc1\siman575\seif-002\turei-zahav\he.html,"<b>ומתחננים כדרך וכו'. </b> כ""כ גם הטור. ונראה דבכלל זה הקריאה בויחל כמו בשאר תענית כדמסיק הטור ססי' תקס""ו בשם רב שלום ולא הוצרך להזכירו פה בתעני' זה והא דזכר במנח' הקריא' היינו אגב אורחיה דבא שם להזכיר סדר היום זכר גם את זה ואע""ג דבסי' תקע""ט אצל ז' תעניו' זכר גם הקריאה היינו דשם הוה קריאה משונה משאר תעניו' דצריך שם לקרות באם בחקותי כו' ולא ויחל ובחנם האריך ב""י בזה בפי' דברי הטור:"
oc1,turei-zahav,siman575,seif-002,C:\Users\binya\Documents\Shulchan aruch\newtry\OC_Mobile\oc318-mobile-reader\public\corpus\oc1\siman575\seif-002\turei-zahav\en.html,source_txt_block,temp OC_001 source output,C:\Users\binya\Documents\shulchan-yd-temp\newtry\OC_001\output\siman_575\turei-zahav\part-001.txt,true,placeholder,no,English translation pending — replace after editing this block (keep Hebrew above intact).,C:\Users\binya\Documents\Shulchan aruch\newtry\OC_Mobile\oc318-mobile-reader\public\corpus\oc1\siman575\seif-002\turei-zahav\he.html,"<b>ומתחננים כדרך וכו'. </b> כ""כ גם הטור. ונראה דבכלל זה הקריאה בויחל כמו בשאר תענית כדמסיק הטור ססי' תקס""ו בשם רב שלום ולא הוצרך להזכירו פה בתעני' זה והא דזכר במנח' הקריא' היינו אגב אורחיה דבא שם להזכיר סדר היום זכר גם את זה ואע""ג דבסי' תקע""ט אצל ז' תעניו' זכר גם הקריאה היינו דשם הוה קריאה משונה משאר תעניו' דצריך שם לקרות באם בחקותי כו' ולא ויחל ובחנם האריך ב""י בזה בפי' דברי הטור:"
oc1,turei-zahav,siman618,seif-006,C:\Users\binya\Documents\Shulchan aruch\newtry\OC_Mobile\oc318-mobile-reader\public\corpus\oc1\siman618\seif-006\turei-zahav\en.html,corpus_en_html,SA_Sandbox corpus mirror,C:\Users\binya\Documents\Shulchan aruch\newtry\SA_Sandbox\public\corpus\oc1\siman618\seif-006\turei-zahav\en.html,false,missing_or_empty,no,,C:\Users\binya\Documents\Shulchan aruch\newtry\OC_Mobile\oc318-mobile-reader\public\corpus\oc1\siman618\seif-006\turei-zahav\he.html,"<b>וה""ה אם החולה ורופא א' כו'. </b> כ""כ הטור ורבים מקשים ל""ל האי א' שעמו הא קי""ל אפי' הוא עצמו שאומ' צריך מהני אפי' כנגד מאה ותי' ב""י בשם מהר""י דה""א דגרע טפי אם אחר עמו וכמ""ש כאן רמ""א דלא חיישינן דהחול' אומר צריך משום דמאמין לרופא וק""ל ממה דפרכינן בגמר' תנן חולה מאכילין אותו ע""פ בקיאין ע""פ בקיאין אין ע""פ עצמו לא ע""פ בקיאין אין ע""פ בקי א' לא ומזה פרכינן על מ""ש שם דמאכילין ע""פ עצמו או ע""פ רופא א' ומשנינן הב""ע דאמר ל""צ וליספו ליה ע""פ חד בקי ל""צ דאיכא אחרינא בהדי' דאמר ל""צ ופרכי' פשיטא דביש בקיאים דמאכילים אותו ספק נפשות הוא וספק נפשות להקל ומשני ל""צ דאיכא תרי אחריני בהדי' דאמרי' ל""צ  ואע""ג דאמר רב ספרא תרי כק' וק' כתרי ה""מ לענין עדות אבל לענין אומדנא אזלי' בתר רוב דיעות ה""מ לענין אומדנא דממונא אבל הכא ספק נפשות ולא אזלי' בתר רוב דיעות וכיון דאיכא תרי דאמרי צריך אפי' ק' אומרים ל""צ ספק נפשות הוא ופרכינן הא מדקתני סיפא ואם איי שם בקיאים מאכילים אותו ע""פ עצמו מכלל דרישא דאמרי צריך חסורי מחסרא וה""ק בד""א דאמר ל""צ אני דאז בעינן ב' בקיאים אבל אם אמר צריך אני אם אין תרי בקיאין דאמרי ל""צ אלא א' מאכילין ע""פ עצמו וקשה דאמאי דחיק תלמוד' לאוקמא למתני' בחסורי מחסרא אמאי לא מתרץ דאזלי' בתר רוב דיעות ובין ברישא בין בסיפא אומר החול' צריך אני אלא דברישא דאיכא בקיאין בהדיה אין הוא נחשב לכלום כי הוא מאמין לדברי שני בקיאים וא""כ הוא הוה כאלו אינו וההיתר הוא על פי הבקיאין ונ""מ אם יהיו רוב דיעות לאיסור אזלי' בתר רוב דיעות ולא מצרפי' לדיע' של החולה בהדי המתירים וע""ז סיים שפיר בסיפא דאם אין שם בקיאים אלא הוא בעצמו אומר צריך אז נאמן הוא וא""כ שפיר מיתרצא האי ברייתא אם יש מקום לסברא זו דהוא מאמין לדברי הבקיאים ואפי' את""ל שאין סברא זו מספקת להאמ' להיות כך מכל מקום נימא דגבי אחר בהדי' לא תפסי' סברא זאת אבל בשני בקיאין שפיר נימא הכי שמאמין לב' רופאים  וגריר בתרייהו. והנלע""ד לתרץ דברי הטור דאין מועיל אמירת החולה באומרו צריך אני אלא אחר שהוא שואל לאכול כמ""ש הטור בסמוך דאז בודאי ברור לו חולי שלו ונאמן אפי' נגד ק' אבל אם הוא אין שואל כלום אלא כששואלין אותו אומר צריך אני זה לא מהני כ""כ אלא הוה כאלו אומר דבר זה רופא אחר דהיינו מצד אומדן שלו אומר כן ואז אינו נאמן טפי מרופא א' ואינו נאמן נגד שנים ע""כ צריך כאן א' עמו דאז נחשב כאלו היו כאן שני רופאים ונאמן אפי' נגד ק' כנ""ל בישוב דברי הטור:"
oc1,turei-zahav,siman618,seif-006,C:\Users\binya\Documents\Shulchan aruch\newtry\OC_Mobile\oc318-mobile-reader\public\corpus\oc1\siman618\seif-006\turei-zahav\en.html,corpus_en_html,shulchan-yd-temp corpus mirror,C:\Users\binya\Documents\shulchan-yd-temp\newtry\OC_Mobile\oc318-mobile-reader\public\corpus\oc1\siman618\seif-006\turei-zahav\en.html,true,possibly_clean,yes,And the ha ha the mother of the patient and the doctor of A 20. 20 the column and many make it difficult for L. A. A. with him Ha KIL Efi' is himself that Um' needs Mahni Efi' against a hundred and T' 22 in the name of M,C:\Users\binya\Documents\Shulchan aruch\newtry\OC_Mobile\oc318-mobile-reader\public\corpus\oc1\siman618\seif-006\turei-zahav\he.html,"<b>וה""ה אם החולה ורופא א' כו'. </b> כ""כ הטור ורבים מקשים ל""ל האי א' שעמו הא קי""ל אפי' הוא עצמו שאומ' צריך מהני אפי' כנגד מאה ותי' ב""י בשם מהר""י דה""א דגרע טפי אם אחר עמו וכמ""ש כאן רמ""א דלא חיישינן דהחול' אומר צריך משום דמאמין לרופא וק""ל ממה דפרכינן בגמר' תנן חולה מאכילין אותו ע""פ בקיאין ע""פ בקיאין אין ע""פ עצמו לא ע""פ בקיאין אין ע""פ בקי א' לא ומזה פרכינן על מ""ש שם דמאכילין ע""פ עצמו או ע""פ רופא א' ומשנינן הב""ע דאמר ל""צ וליספו ליה ע""פ חד בקי ל""צ דאיכא אחרינא בהדי' דאמר ל""צ ופרכי' פשיטא דביש בקיאים דמאכילים אותו ספק נפשות הוא וספק נפשות להקל ומשני ל""צ דאיכא תרי אחריני בהדי' דאמרי' ל""צ  ואע""ג דאמר רב ספרא תרי כק' וק' כתרי ה""מ לענין עדות אבל לענין אומדנא אזלי' בתר רוב דיעות ה""מ לענין אומדנא דממונא אבל הכא ספק נפשות ולא אזלי' בתר רוב דיעות וכיון דאיכא תרי דאמרי צריך אפי' ק' אומרים ל""צ ספק נפשות הוא ופרכינן הא מדקתני סיפא ואם איי שם בקיאים מאכילים אותו ע""פ עצמו מכלל דרישא דאמרי צריך חסורי מחסרא וה""ק בד""א דאמר ל""צ אני דאז בעינן ב' בקיאים אבל אם אמר צריך אני אם אין תרי בקיאין דאמרי ל""צ אלא א' מאכילין ע""פ עצמו וקשה דאמאי דחיק תלמוד' לאוקמא למתני' בחסורי מחסרא אמאי לא מתרץ דאזלי' בתר רוב דיעות ובין ברישא בין בסיפא אומר החול' צריך אני אלא דברישא דאיכא בקיאין בהדיה אין הוא נחשב לכלום כי הוא מאמין לדברי שני בקיאים וא""כ הוא הוה כאלו אינו וההיתר הוא על פי הבקיאין ונ""מ אם יהיו רוב דיעות לאיסור אזלי' בתר רוב דיעות ולא מצרפי' לדיע' של החולה בהדי המתירים וע""ז סיים שפיר בסיפא דאם אין שם בקיאים אלא הוא בעצמו אומר צריך אז נאמן הוא וא""כ שפיר מיתרצא האי ברייתא אם יש מקום לסברא זו דהוא מאמין לדברי הבקיאים ואפי' את""ל שאין סברא זו מספקת להאמ' להיות כך מכל מקום נימא דגבי אחר בהדי' לא תפסי' סברא זאת אבל בשני בקיאין שפיר נימא הכי שמאמין לב' רופאים  וגריר בתרייהו. והנלע""ד לתרץ דברי הטור דאין מועיל אמירת החולה באומרו צריך אני אלא אחר שהוא שואל לאכול כמ""ש הטור בסמוך דאז בודאי ברור לו חולי שלו ונאמן אפי' נגד ק' אבל אם הוא אין שואל כלום אלא כששואלין אותו אומר צריך אני זה לא מהני כ""כ אלא הוה כאלו אומר דבר זה רופא אחר דהיינו מצד אומדן שלו אומר כן ואז אינו נאמן טפי מרופא א' ואינו נאמן נגד שנים ע""כ צריך כאן א' עמו דאז נחשב כאלו היו כאן שני רופאים ונאמן אפי' נגד ק' כנ""ל בישוב דברי הטור:"
oc1,turei-zahav,siman618,seif-006,C:\Users\binya\Documents\Shulchan aruch\newtry\OC_Mobile\oc318-mobile-reader\public\corpus\oc1\siman618\seif-006\turei-zahav\en.html,source_txt_block,current OC_001 source output,C:\Users\binya\Documents\Shulchan aruch\newtry\OC_001\output\siman_618\turei-zahav\part-001.txt,true,placeholder,no,English translation pending — replace after editing this block (keep Hebrew above intact).,C:\Users\binya\Documents\Shulchan aruch\newtry\OC_Mobile\oc318-mobile-reader\public\corpus\oc1\siman618\seif-006\turei-zahav\he.html,"<b>וה""ה אם החולה ורופא א' כו'. </b> כ""כ הטור ורבים מקשים ל""ל האי א' שעמו הא קי""ל אפי' הוא עצמו שאומ' צריך מהני אפי' כנגד מאה ותי' ב""י בשם מהר""י דה""א דגרע טפי אם אחר עמו וכמ""ש כאן רמ""א דלא חיישינן דהחול' אומר צריך משום דמאמין לרופא וק""ל ממה דפרכינן בגמר' תנן חולה מאכילין אותו ע""פ בקיאין ע""פ בקיאין אין ע""פ עצמו לא ע""פ בקיאין אין ע""פ בקי א' לא ומזה פרכינן על מ""ש שם דמאכילין ע""פ עצמו או ע""פ רופא א' ומשנינן הב""ע דאמר ל""צ וליספו ליה ע""פ חד בקי ל""צ דאיכא אחרינא בהדי' דאמר ל""צ ופרכי' פשיטא דביש בקיאים דמאכילים אותו ספק נפשות הוא וספק נפשות להקל ומשני ל""צ דאיכא תרי אחריני בהדי' דאמרי' ל""צ  ואע""ג דאמר רב ספרא תרי כק' וק' כתרי ה""מ לענין עדות אבל לענין אומדנא אזלי' בתר רוב דיעות ה""מ לענין אומדנא דממונא אבל הכא ספק נפשות ולא אזלי' בתר רוב דיעות וכיון דאיכא תרי דאמרי צריך אפי' ק' אומרים ל""צ ספק נפשות הוא ופרכינן הא מדקתני סיפא ואם איי שם בקיאים מאכילים אותו ע""פ עצמו מכלל דרישא דאמרי צריך חסורי מחסרא וה""ק בד""א דאמר ל""צ אני דאז בעינן ב' בקיאים אבל אם אמר צריך אני אם אין תרי בקיאין דאמרי ל""צ אלא א' מאכילין ע""פ עצמו וקשה דאמאי דחיק תלמוד' לאוקמא למתני' בחסורי מחסרא אמאי לא מתרץ דאזלי' בתר רוב דיעות ובין ברישא בין בסיפא אומר החול' צריך אני אלא דברישא דאיכא בקיאין בהדיה אין הוא נחשב לכלום כי הוא מאמין לדברי שני בקיאים וא""כ הוא הוה כאלו אינו וההיתר הוא על פי הבקיאין ונ""מ אם יהיו רוב דיעות לאיסור אזלי' בתר רוב דיעות ולא מצרפי' לדיע' של החולה בהדי המתירים וע""ז סיים שפיר בסיפא דאם אין שם בקיאים אלא הוא בעצמו אומר צריך אז נאמן הוא וא""כ שפיר מיתרצא האי ברייתא אם יש מקום לסברא זו דהוא מאמין לדברי הבקיאים ואפי' את""ל שאין סברא זו מספקת להאמ' להיות כך מכל מקום נימא דגבי אחר בהדי' לא תפסי' סברא זאת אבל בשני בקיאין שפיר נימא הכי שמאמין לב' רופאים  וגריר בתרייהו. והנלע""ד לתרץ דברי הטור דאין מועיל אמירת החולה באומרו צריך אני אלא אחר שהוא שואל לאכול כמ""ש הטור בסמוך דאז בודאי ברור לו חולי שלו ונאמן אפי' נגד ק' אבל אם הוא אין שואל כלום אלא כששואלין אותו אומר צריך אני זה לא מהני כ""כ אלא הוה כאלו אומר דבר זה רופא אחר דהיינו מצד אומדן שלו אומר כן ואז אינו נאמן טפי מרופא א' ואינו נאמן נגד שנים ע""כ צריך כאן א' עמו דאז נחשב כאלו היו כאן שני רופאים ונאמן אפי' נגד ק' כנ""ל בישוב דברי הטור:"
oc1,turei-zahav,siman618,seif-006,C:\Users\binya\Documents\Shulchan aruch\newtry\OC_Mobile\oc318-mobile-reader\public\corpus\oc1\siman618\seif-006\turei-zahav\en.html,source_txt_block,temp OC_001 source output,C:\Users\binya\Documents\shulchan-yd-temp\newtry\OC_001\output\siman_618\turei-zahav\part-001.txt,true,placeholder,no,English translation pending — replace after editing this block (keep Hebrew above intact).,C:\Users\binya\Documents\Shulchan aruch\newtry\OC_Mobile\oc318-mobile-reader\public\corpus\oc1\siman618\seif-006\turei-zahav\he.html,"<b>וה""ה אם החולה ורופא א' כו'. </b> כ""כ הטור ורבים מקשים ל""ל האי א' שעמו הא קי""ל אפי' הוא עצמו שאומ' צריך מהני אפי' כנגד מאה ותי' ב""י בשם מהר""י דה""א דגרע טפי אם אחר עמו וכמ""ש כאן רמ""א דלא חיישינן דהחול' אומר צריך משום דמאמין לרופא וק""ל ממה דפרכינן בגמר' תנן חולה מאכילין אותו ע""פ בקיאין ע""פ בקיאין אין ע""פ עצמו לא ע""פ בקיאין אין ע""פ בקי א' לא ומזה פרכינן על מ""ש שם דמאכילין ע""פ עצמו או ע""פ רופא א' ומשנינן הב""ע דאמר ל""צ וליספו ליה ע""פ חד בקי ל""צ דאיכא אחרינא בהדי' דאמר ל""צ ופרכי' פשיטא דביש בקיאים דמאכילים אותו ספק נפשות הוא וספק נפשות להקל ומשני ל""צ דאיכא תרי אחריני בהדי' דאמרי' ל""צ  ואע""ג דאמר רב ספרא תרי כק' וק' כתרי ה""מ לענין עדות אבל לענין אומדנא אזלי' בתר רוב דיעות ה""מ לענין אומדנא דממונא אבל הכא ספק נפשות ולא אזלי' בתר רוב דיעות וכיון דאיכא תרי דאמרי צריך אפי' ק' אומרים ל""צ ספק נפשות הוא ופרכינן הא מדקתני סיפא ואם איי שם בקיאים מאכילים אותו ע""פ עצמו מכלל דרישא דאמרי צריך חסורי מחסרא וה""ק בד""א דאמר ל""צ אני דאז בעינן ב' בקיאים אבל אם אמר צריך אני אם אין תרי בקיאין דאמרי ל""צ אלא א' מאכילין ע""פ עצמו וקשה דאמאי דחיק תלמוד' לאוקמא למתני' בחסורי מחסרא אמאי לא מתרץ דאזלי' בתר רוב דיעות ובין ברישא בין בסיפא אומר החול' צריך אני אלא דברישא דאיכא בקיאין בהדיה אין הוא נחשב לכלום כי הוא מאמין לדברי שני בקיאים וא""כ הוא הוה כאלו אינו וההיתר הוא על פי הבקיאין ונ""מ אם יהיו רוב דיעות לאיסור אזלי' בתר רוב דיעות ולא מצרפי' לדיע' של החולה בהדי המתירים וע""ז סיים שפיר בסיפא דאם אין שם בקיאים אלא הוא בעצמו אומר צריך אז נאמן הוא וא""כ שפיר מיתרצא האי ברייתא אם יש מקום לסברא זו דהוא מאמין לדברי הבקיאים ואפי' את""ל שאין סברא זו מספקת להאמ' להיות כך מכל מקום נימא דגבי אחר בהדי' לא תפסי' סברא זאת אבל בשני בקיאין שפיר נימא הכי שמאמין לב' רופאים  וגריר בתרייהו. והנלע""ד לתרץ דברי הטור דאין מועיל אמירת החולה באומרו צריך אני אלא אחר שהוא שואל לאכול כמ""ש הטור בסמוך דאז בודאי ברור לו חולי שלו ונאמן אפי' נגד ק' אבל אם הוא אין שואל כלום אלא כששואלין אותו אומר צריך אני זה לא מהני כ""כ אלא הוה כאלו אומר דבר זה רופא אחר דהיינו מצד אומדן שלו אומר כן ואז אינו נאמן טפי מרופא א' ואינו נאמן נגד שנים ע""כ צריך כאן א' עמו דאז נחשב כאלו היו כאן שני רופאים ונאמן אפי' נגד ק' כנ""ל בישוב דברי הטור:"
yd1,turei-zahav,siman94,seif-007,C:\Users\binya\Documents\Shulchan aruch\newtry\OC_Mobile\oc318-mobile-reader\public\corpus\yd1\siman94\seif-007\turei-zahav\en.html,corpus_en_html,SA_Sandbox corpus mirror,C:\Users\binya\Documents\Shulchan aruch\newtry\SA_Sandbox\public\corpus\yd1\siman94\seif-007\turei-zahav\en.html,false,missing_or_empty,no,,C:\Users\binya\Documents\Shulchan aruch\newtry\OC_Mobile\oc318-mobile-reader\public\corpus\yd1\siman94\seif-007\turei-zahav\he.html,"<b>כנגד מקום הסכין כו'. </b>בטור כתב בשם ר""פ כדי כל הסכין והש""ע לא העתיקו לפי שר""פ אזיל לטעמי' דס""ל ריש סי' זה במתכת חם מקצתו חם כולו ולא קי""ל כן ע""כ אין צריך רק כנגד המקום שחתך אבל רש""ל פרק גיד הנשה סי' מ""ב כתב שצריך לשער נגד כל הסכין דהיינו הלהב חוץ לקתא דכל חותך בסכין אינו מדקדק כמה חתך בסכין ואף אם יאמר ברי לי שלא חתכתי רק במקום זה אינו נאמן דכל מלתא דלא רמיא עליה דאינש לאו אדעתי' ע""כ: | <b>אינו אוסר אלא כדי קליפה. </b>כ""כ הטור בשם הר""ף וז""ל אבל קליפה בעי לפי סידור לשון הטור בזה נראה שיש שם ט""ס וכן צ""ל אם הוא בן יומו אם לאו דמסתמא אין בן יומו דסתם כלים אינן בני יומן מותר אבל קליפה בעי וכן הוא בהגהת סמ""ק וכתב שם הטעם משום שמנונית שעל הסכין שסתם סכין יש עליו שמנונית וקשה דמשמע לכאורה דברישא ביש ס' נגד מקום הסכין לא צריך קליפה אם יש ס' ולמה צריך כאן קליפה אם יש ששים נגד אותו השמנונית שעל הסכין ואי אין ס' נגדו מה מהני קליפה דהא מוליך הטעם בכולו כמו ברישא ומו""ח ז""ל כ' דמיירי באין בו ששים ואפי' הכי אינו אוסר רק כדי קליפה כיון דאיסור מועט הוא ומייתי ראי' מפרק כיצד צולין (פסחים דף ע""ו) בסך את הפסח בשמן של תרומה דסגי בקליפה דפריך שם כיון דתתאי גבר הא כולו אסור ומשני שאני סיכה דמשהו בעלמא היא ודבריו תמוהי' דכיון דהאיסור מתפשט בכולו דהא בכלי ראשון הוא ואי אין בו ס' ודאי לאו איסור משהו אלא גדול לפי ערך הבשר שנאסר ממנו שאין בו ס' <i data-commentator=""Nekudot HaKesef"" data-label=""♯"" data-order=""3""></i>ועוד יש ראייה ממ""ש בת""ה הארוך בית ד' סוף שער רביעי וז""ל והוי יודע דכל שיש לו פעפוע שנפל למקום ידוע מן החתיכה שאע""פ שיש ס' לבטל האיסור צריך ליטול את מקומו וכמ""ש בפרק כיצד צולין נטף מרוטבו על החרס וחזר עליו יטול את מקומו עכ""ל וכתב שם הוא בעצמו במשמרת הבית דהא דאינו אוסר כולו משום דהנטיפה דבר מועט היא ואין בה כדי לאסור את הכל כו'. ש""מ שאם אין בה ס' נגד הטיפה נאסר הכל אף על פי שהאיסור מועט אלא פשוט הוא דודאי יש ס' נגד האיסו' או בתרומ' א' ומאה אלא דהחילוק הוא דברישא דהוה האיסור משום פליטת הסכין הוצרך לומר דאוסר עד ס' אבל בסיפא שאין בן יומו מותר מצד הסכין אלא מצד שמנונית שעליו והוא דבר מועט ויש ס' בשיעור קליפה נגדו על כן לא הוצרך להזכיר כאן ס' כיון דעל כל פנים בעי קליפ' בכל גוונא ואפילו ברישא דיש ס' נגד כל הסכין ואפ""ה צריך קליפה במקום נפילת האיסור מועט בצלי ששם האיסור על כל פנים יותר דבוק ונסרך מבשאר מקומות על כן צריך לקלוף המקום ההוא ומזה למד הרשב""א לכל צלי שנפל עליו איסור מועט שצריך ס' וגם קליפה וכן כתוב להדיא במרדכי סוף פרק גיד הנשה בההיא דפסח שצריך קליפה אפילו ביותר מס' וכ""כ הר""ן בפרק כל הבשר וכן פסק בש""ע סי' ק""ה ס""ה ולכוונה זו כתב הטור כאן בשם הר""ף דבעי קליפה דהיינו גם ברישא שיש ס' נגד מקום הסכין ולא חילקו לשני בבות אלא ללמדינו דבאין ידוע שהוא בן יומו אזלינן להקל וא""צ ס' נגד מקום הסכין אבל נגד השמנונית שבעין פשיטא שיש ס' ולא הוצרך להזכירו וסיים אבל קליפה בעי אתרווייהו והש""ע שהעתיק בסיפא אינו אוסר אלא כדי קליפה ג""כ נתכוון לזה: | <b>שוב </b>ראיתי באשר""י פרק גיד הנשה בדין צלי שצריך נטילה שכתב שם וכן הא דאמר בפרק קמא למ""ד בית השחיטה רותח הוא קולף שאני התם דהשמנונית שעל הסכין דבר מועט הוא כדאמרינן בפ' כיצד צולין שאני סיכה דמשהו עבדי ליה כו' עכ""ל. התם ג""כ קאמר אחר שיש ס' רק שיש חשש מחמת מקום הנפילה בזה סגי בקליפה ולא צריך נטילת מקום כן נלע""ד פשוט דאם אין ס' נגד השמנונית שעל הסכין דאסור כולו והמיקל בזה אינו אלא מן המתמיהים: | <b>וכל זה בבשר רותח כו'. </b>בת""ח כתב ג""כ הכי ותמיהני שהרב רמ""א רגיל להביא האו""ה בכל המקומות וכאן לא הביא דבריו כמ""ש בכלל ל""ו בזה לאסור אם חתך בשר רותח שהיד סולדת בו שנחתך בסכין של חלב שהוא בן יומו מתשמיש רותח אגב דוחקא דסכינא בלע בכולו וצריך ס' נגד כל הלהב כו' ול""ד לכלי שני דבדבר יבש ליכא דפנות המקררות ומבשל מיהו כ""ז שהיד סולדת בו ואם אין ס' הבשר אסור אפי' בהנאה ובכלי שני איכא דופני הכלי שמצננות אותו כל שעה ואע""ג דאין כאן גם דופני הכלי ראשון שמחזיק לו החמימות זמן ארוך מ""מ מיבלע מיהו בלע כו' עכ""ל הרי לפנינו דגם אם מונח הבשר הרותח על הטעלי""ר מחמיר בו לאסור גם הבשר והיינו כל זמן שהוא רותח הרבה אחר שבא מן הכלי ראשון וכך הם דברי רש""ל פרק ג""ה סי' מ""ד וז""ל דלא שייך כלי שני אלא במים ורוטב וכל דבר הצלול שמתערב מיד ונתקרר במהרה אבל לא בחתיכת בשר ודג וכל דבר שהוא גוש דכ""ז שהיד סולדת בו עומד בחמימותו ומפליט ומבליע שפיר ומ""ה נראה דדוחן ואורז ג""כ אחר שנתערו מקדירה לתוך קערה כל זמן שהיד סולדת בו הם ככלי ראשון ונפקא מינה לענין בשר בחלב כאם הכף בן יומו מבשר והדוחן בלוע מחלב או איפכא נאסר המאכל משום בשר בחלב וגם נאסר הכף ואוסר אח""כ קדרה אחרת אם תחבו לתוכו אי נמי אם הכף של איסור נאסר הדוחן מבליעת איסור שכלי אוסר דבר אחר אפילו בלא רוטב אבל אם אותו התבשיל נאסר כבר בבליעה לא נאסר הכף בלא רוטב מאחר שהמאכל אינו אוסר מחמת עצמו וכ""ש אם המאכל הוא של חלב או של בשר שאין הכף נמי נעשה כמוהו ולהיות בן יומו לאסור אח""כ קדירה אחר דלא גרע מדבר שנאסר בבליעה שאין אוסר בלא רוטב כ""ש בכלי היתר עכ""ל ובד""מ סי' ק""ה מביא דברי רש""ל אלו וחולק עליו וכתב שנראה לעינים שרוטב רותחת מחזקת יותר חום מן בשר ודבר עב ול""נ שאין ראייה מזה דכאן גרע טפי שיש דוחקא דסכינא ודמיא לצנון דריש סימן צ""ו דאסרינן ליה בנ""ט. וכן נלע""ד להוכיח מלשון הר""ף בטור בדין זה שכתב יש רוצים להתיר בשר רותח שחתכו בסכין חולבת על ידי קליפה כדאמרינן גבי בית השחיטה כו' ואי מיירי בכלי ראשון מי הוא זה אשר רוצה להקל בכלי ראשון בכדי קליפה דאי בכלי ראשון סגי בקליפה היאך תמצא בעולם לאסור כולו בנותן טעם אלא פשוט דבכלי שני מיירי ואפ""ה מחמיר בו להצריך ס' כיון שהיד סולדת בו ואם לאו כל החתיכה אסורה ומו""ח ז""ל כתב בסי' ק""ה דבחתך בשר רותח בסכין חולבת בכלי שני והיד סולדת בו דהסכין נאסר דהבשר מפליט בו אבל אין הבשר נאסר שאין כח בחום דכלי שני להפליט הבלוע בסכין ולהבליע בבשר. ולפי הנראה לע""ד יש להחמיר במקום שיש דוחקא דסכינא אבל באין דוחקא דסכינא כההיא דתחב כף שזכר רש""ל בזה יש להקל כדעת רמ""א:"
yd1,turei-zahav,siman94,seif-007,C:\Users\binya\Documents\Shulchan aruch\newtry\OC_Mobile\oc318-mobile-reader\public\corpus\yd1\siman94\seif-007\turei-zahav\en.html,corpus_en_html,shulchan-yd-temp corpus mirror,C:\Users\binya\Documents\shulchan-yd-temp\newtry\OC_Mobile\oc318-mobile-reader\public\corpus\yd1\siman94\seif-007\turei-zahav\en.html,false,missing_or_empty,no,,C:\Users\binya\Documents\Shulchan aruch\newtry\OC_Mobile\oc318-mobile-reader\public\corpus\yd1\siman94\seif-007\turei-zahav\he.html,"<b>כנגד מקום הסכין כו'. </b>בטור כתב בשם ר""פ כדי כל הסכין והש""ע לא העתיקו לפי שר""פ אזיל לטעמי' דס""ל ריש סי' זה במתכת חם מקצתו חם כולו ולא קי""ל כן ע""כ אין צריך רק כנגד המקום שחתך אבל רש""ל פרק גיד הנשה סי' מ""ב כתב שצריך לשער נגד כל הסכין דהיינו הלהב חוץ לקתא דכל חותך בסכין אינו מדקדק כמה חתך בסכין ואף אם יאמר ברי לי שלא חתכתי רק במקום זה אינו נאמן דכל מלתא דלא רמיא עליה דאינש לאו אדעתי' ע""כ: | <b>אינו אוסר אלא כדי קליפה. </b>כ""כ הטור בשם הר""ף וז""ל אבל קליפה בעי לפי סידור לשון הטור בזה נראה שיש שם ט""ס וכן צ""ל אם הוא בן יומו אם לאו דמסתמא אין בן יומו דסתם כלים אינן בני יומן מותר אבל קליפה בעי וכן הוא בהגהת סמ""ק וכתב שם הטעם משום שמנונית שעל הסכין שסתם סכין יש עליו שמנונית וקשה דמשמע לכאורה דברישא ביש ס' נגד מקום הסכין לא צריך קליפה אם יש ס' ולמה צריך כאן קליפה אם יש ששים נגד אותו השמנונית שעל הסכין ואי אין ס' נגדו מה מהני קליפה דהא מוליך הטעם בכולו כמו ברישא ומו""ח ז""ל כ' דמיירי באין בו ששים ואפי' הכי אינו אוסר רק כדי קליפה כיון דאיסור מועט הוא ומייתי ראי' מפרק כיצד צולין (פסחים דף ע""ו) בסך את הפסח בשמן של תרומה דסגי בקליפה דפריך שם כיון דתתאי גבר הא כולו אסור ומשני שאני סיכה דמשהו בעלמא היא ודבריו תמוהי' דכיון דהאיסור מתפשט בכולו דהא בכלי ראשון הוא ואי אין בו ס' ודאי לאו איסור משהו אלא גדול לפי ערך הבשר שנאסר ממנו שאין בו ס' <i data-commentator=""Nekudot HaKesef"" data-label=""♯"" data-order=""3""></i>ועוד יש ראייה ממ""ש בת""ה הארוך בית ד' סוף שער רביעי וז""ל והוי יודע דכל שיש לו פעפוע שנפל למקום ידוע מן החתיכה שאע""פ שיש ס' לבטל האיסור צריך ליטול את מקומו וכמ""ש בפרק כיצד צולין נטף מרוטבו על החרס וחזר עליו יטול את מקומו עכ""ל וכתב שם הוא בעצמו במשמרת הבית דהא דאינו אוסר כולו משום דהנטיפה דבר מועט היא ואין בה כדי לאסור את הכל כו'. ש""מ שאם אין בה ס' נגד הטיפה נאסר הכל אף על פי שהאיסור מועט אלא פשוט הוא דודאי יש ס' נגד האיסו' או בתרומ' א' ומאה אלא דהחילוק הוא דברישא דהוה האיסור משום פליטת הסכין הוצרך לומר דאוסר עד ס' אבל בסיפא שאין בן יומו מותר מצד הסכין אלא מצד שמנונית שעליו והוא דבר מועט ויש ס' בשיעור קליפה נגדו על כן לא הוצרך להזכיר כאן ס' כיון דעל כל פנים בעי קליפ' בכל גוונא ואפילו ברישא דיש ס' נגד כל הסכין ואפ""ה צריך קליפה במקום נפילת האיסור מועט בצלי ששם האיסור על כל פנים יותר דבוק ונסרך מבשאר מקומות על כן צריך לקלוף המקום ההוא ומזה למד הרשב""א לכל צלי שנפל עליו איסור מועט שצריך ס' וגם קליפה וכן כתוב להדיא במרדכי סוף פרק גיד הנשה בההיא דפסח שצריך קליפה אפילו ביותר מס' וכ""כ הר""ן בפרק כל הבשר וכן פסק בש""ע סי' ק""ה ס""ה ולכוונה זו כתב הטור כאן בשם הר""ף דבעי קליפה דהיינו גם ברישא שיש ס' נגד מקום הסכין ולא חילקו לשני בבות אלא ללמדינו דבאין ידוע שהוא בן יומו אזלינן להקל וא""צ ס' נגד מקום הסכין אבל נגד השמנונית שבעין פשיטא שיש ס' ולא הוצרך להזכירו וסיים אבל קליפה בעי אתרווייהו והש""ע שהעתיק בסיפא אינו אוסר אלא כדי קליפה ג""כ נתכוון לזה: | <b>שוב </b>ראיתי באשר""י פרק גיד הנשה בדין צלי שצריך נטילה שכתב שם וכן הא דאמר בפרק קמא למ""ד בית השחיטה רותח הוא קולף שאני התם דהשמנונית שעל הסכין דבר מועט הוא כדאמרינן בפ' כיצד צולין שאני סיכה דמשהו עבדי ליה כו' עכ""ל. התם ג""כ קאמר אחר שיש ס' רק שיש חשש מחמת מקום הנפילה בזה סגי בקליפה ולא צריך נטילת מקום כן נלע""ד פשוט דאם אין ס' נגד השמנונית שעל הסכין דאסור כולו והמיקל בזה אינו אלא מן המתמיהים: | <b>וכל זה בבשר רותח כו'. </b>בת""ח כתב ג""כ הכי ותמיהני שהרב רמ""א רגיל להביא האו""ה בכל המקומות וכאן לא הביא דבריו כמ""ש בכלל ל""ו בזה לאסור אם חתך בשר רותח שהיד סולדת בו שנחתך בסכין של חלב שהוא בן יומו מתשמיש רותח אגב דוחקא דסכינא בלע בכולו וצריך ס' נגד כל הלהב כו' ול""ד לכלי שני דבדבר יבש ליכא דפנות המקררות ומבשל מיהו כ""ז שהיד סולדת בו ואם אין ס' הבשר אסור אפי' בהנאה ובכלי שני איכא דופני הכלי שמצננות אותו כל שעה ואע""ג דאין כאן גם דופני הכלי ראשון שמחזיק לו החמימות זמן ארוך מ""מ מיבלע מיהו בלע כו' עכ""ל הרי לפנינו דגם אם מונח הבשר הרותח על הטעלי""ר מחמיר בו לאסור גם הבשר והיינו כל זמן שהוא רותח הרבה אחר שבא מן הכלי ראשון וכך הם דברי רש""ל פרק ג""ה סי' מ""ד וז""ל דלא שייך כלי שני אלא במים ורוטב וכל דבר הצלול שמתערב מיד ונתקרר במהרה אבל לא בחתיכת בשר ודג וכל דבר שהוא גוש דכ""ז שהיד סולדת בו עומד בחמימותו ומפליט ומבליע שפיר ומ""ה נראה דדוחן ואורז ג""כ אחר שנתערו מקדירה לתוך קערה כל זמן שהיד סולדת בו הם ככלי ראשון ונפקא מינה לענין בשר בחלב כאם הכף בן יומו מבשר והדוחן בלוע מחלב או איפכא נאסר המאכל משום בשר בחלב וגם נאסר הכף ואוסר אח""כ קדרה אחרת אם תחבו לתוכו אי נמי אם הכף של איסור נאסר הדוחן מבליעת איסור שכלי אוסר דבר אחר אפילו בלא רוטב אבל אם אותו התבשיל נאסר כבר בבליעה לא נאסר הכף בלא רוטב מאחר שהמאכל אינו אוסר מחמת עצמו וכ""ש אם המאכל הוא של חלב או של בשר שאין הכף נמי נעשה כמוהו ולהיות בן יומו לאסור אח""כ קדירה אחר דלא גרע מדבר שנאסר בבליעה שאין אוסר בלא רוטב כ""ש בכלי היתר עכ""ל ובד""מ סי' ק""ה מביא דברי רש""ל אלו וחולק עליו וכתב שנראה לעינים שרוטב רותחת מחזקת יותר חום מן בשר ודבר עב ול""נ שאין ראייה מזה דכאן גרע טפי שיש דוחקא דסכינא ודמיא לצנון דריש סימן צ""ו דאסרינן ליה בנ""ט. וכן נלע""ד להוכיח מלשון הר""ף בטור בדין זה שכתב יש רוצים להתיר בשר רותח שחתכו בסכין חולבת על ידי קליפה כדאמרינן גבי בית השחיטה כו' ואי מיירי בכלי ראשון מי הוא זה אשר רוצה להקל בכלי ראשון בכדי קליפה דאי בכלי ראשון סגי בקליפה היאך תמצא בעולם לאסור כולו בנותן טעם אלא פשוט דבכלי שני מיירי ואפ""ה מחמיר בו להצריך ס' כיון שהיד סולדת בו ואם לאו כל החתיכה אסורה ומו""ח ז""ל כתב בסי' ק""ה דבחתך בשר רותח בסכין חולבת בכלי שני והיד סולדת בו דהסכין נאסר דהבשר מפליט בו אבל אין הבשר נאסר שאין כח בחום דכלי שני להפליט הבלוע בסכין ולהבליע בבשר. ולפי הנראה לע""ד יש להחמיר במקום שיש דוחקא דסכינא אבל באין דוחקא דסכינא כההיא דתחב כף שזכר רש""ל בזה יש להקל כדעת רמ""א:"
yd1,turei-zahav,siman94,seif-007,C:\Users\binya\Documents\Shulchan aruch\newtry\OC_Mobile\oc318-mobile-reader\public\corpus\yd1\siman94\seif-007\turei-zahav\en.html,source_txt_block,current YD_001 source output,C:\Users\binya\Documents\Shulchan aruch\newtry\YD_001\output\siman_094\turei-zahav\part-001.txt,false,missing_or_empty,no,,C:\Users\binya\Documents\Shulchan aruch\newtry\OC_Mobile\oc318-mobile-reader\public\corpus\yd1\siman94\seif-007\turei-zahav\he.html,"<b>כנגד מקום הסכין כו'. </b>בטור כתב בשם ר""פ כדי כל הסכין והש""ע לא העתיקו לפי שר""פ אזיל לטעמי' דס""ל ריש סי' זה במתכת חם מקצתו חם כולו ולא קי""ל כן ע""כ אין צריך רק כנגד המקום שחתך אבל רש""ל פרק גיד הנשה סי' מ""ב כתב שצריך לשער נגד כל הסכין דהיינו הלהב חוץ לקתא דכל חותך בסכין אינו מדקדק כמה חתך בסכין ואף אם יאמר ברי לי שלא חתכתי רק במקום זה אינו נאמן דכל מלתא דלא רמיא עליה דאינש לאו אדעתי' ע""כ: | <b>אינו אוסר אלא כדי קליפה. </b>כ""כ הטור בשם הר""ף וז""ל אבל קליפה בעי לפי סידור לשון הטור בזה נראה שיש שם ט""ס וכן צ""ל אם הוא בן יומו אם לאו דמסתמא אין בן יומו דסתם כלים אינן בני יומן מותר אבל קליפה בעי וכן הוא בהגהת סמ""ק וכתב שם הטעם משום שמנונית שעל הסכין שסתם סכין יש עליו שמנונית וקשה דמשמע לכאורה דברישא ביש ס' נגד מקום הסכין לא צריך קליפה אם יש ס' ולמה צריך כאן קליפה אם יש ששים נגד אותו השמנונית שעל הסכין ואי אין ס' נגדו מה מהני קליפה דהא מוליך הטעם בכולו כמו ברישא ומו""ח ז""ל כ' דמיירי באין בו ששים ואפי' הכי אינו אוסר רק כדי קליפה כיון דאיסור מועט הוא ומייתי ראי' מפרק כיצד צולין (פסחים דף ע""ו) בסך את הפסח בשמן של תרומה דסגי בקליפה דפריך שם כיון דתתאי גבר הא כולו אסור ומשני שאני סיכה דמשהו בעלמא היא ודבריו תמוהי' דכיון דהאיסור מתפשט בכולו דהא בכלי ראשון הוא ואי אין בו ס' ודאי לאו איסור משהו אלא גדול לפי ערך הבשר שנאסר ממנו שאין בו ס' <i data-commentator=""Nekudot HaKesef"" data-label=""♯"" data-order=""3""></i>ועוד יש ראייה ממ""ש בת""ה הארוך בית ד' סוף שער רביעי וז""ל והוי יודע דכל שיש לו פעפוע שנפל למקום ידוע מן החתיכה שאע""פ שיש ס' לבטל האיסור צריך ליטול את מקומו וכמ""ש בפרק כיצד צולין נטף מרוטבו על החרס וחזר עליו יטול את מקומו עכ""ל וכתב שם הוא בעצמו במשמרת הבית דהא דאינו אוסר כולו משום דהנטיפה דבר מועט היא ואין בה כדי לאסור את הכל כו'. ש""מ שאם אין בה ס' נגד הטיפה נאסר הכל אף על פי שהאיסור מועט אלא פשוט הוא דודאי יש ס' נגד האיסו' או בתרומ' א' ומאה אלא דהחילוק הוא דברישא דהוה האיסור משום פליטת הסכין הוצרך לומר דאוסר עד ס' אבל בסיפא שאין בן יומו מותר מצד הסכין אלא מצד שמנונית שעליו והוא דבר מועט ויש ס' בשיעור קליפה נגדו על כן לא הוצרך להזכיר כאן ס' כיון דעל כל פנים בעי קליפ' בכל גוונא ואפילו ברישא דיש ס' נגד כל הסכין ואפ""ה צריך קליפה במקום נפילת האיסור מועט בצלי ששם האיסור על כל פנים יותר דבוק ונסרך מבשאר מקומות על כן צריך לקלוף המקום ההוא ומזה למד הרשב""א לכל צלי שנפל עליו איסור מועט שצריך ס' וגם קליפה וכן כתוב להדיא במרדכי סוף פרק גיד הנשה בההיא דפסח שצריך קליפה אפילו ביותר מס' וכ""כ הר""ן בפרק כל הבשר וכן פסק בש""ע סי' ק""ה ס""ה ולכוונה זו כתב הטור כאן בשם הר""ף דבעי קליפה דהיינו גם ברישא שיש ס' נגד מקום הסכין ולא חילקו לשני בבות אלא ללמדינו דבאין ידוע שהוא בן יומו אזלינן להקל וא""צ ס' נגד מקום הסכין אבל נגד השמנונית שבעין פשיטא שיש ס' ולא הוצרך להזכירו וסיים אבל קליפה בעי אתרווייהו והש""ע שהעתיק בסיפא אינו אוסר אלא כדי קליפה ג""כ נתכוון לזה: | <b>שוב </b>ראיתי באשר""י פרק גיד הנשה בדין צלי שצריך נטילה שכתב שם וכן הא דאמר בפרק קמא למ""ד בית השחיטה רותח הוא קולף שאני התם דהשמנונית שעל הסכין דבר מועט הוא כדאמרינן בפ' כיצד צולין שאני סיכה דמשהו עבדי ליה כו' עכ""ל. התם ג""כ קאמר אחר שיש ס' רק שיש חשש מחמת מקום הנפילה בזה סגי בקליפה ולא צריך נטילת מקום כן נלע""ד פשוט דאם אין ס' נגד השמנונית שעל הסכין דאסור כולו והמיקל בזה אינו אלא מן המתמיהים: | <b>וכל זה בבשר רותח כו'. </b>בת""ח כתב ג""כ הכי ותמיהני שהרב רמ""א רגיל להביא האו""ה בכל המקומות וכאן לא הביא דבריו כמ""ש בכלל ל""ו בזה לאסור אם חתך בשר רותח שהיד סולדת בו שנחתך בסכין של חלב שהוא בן יומו מתשמיש רותח אגב דוחקא דסכינא בלע בכולו וצריך ס' נגד כל הלהב כו' ול""ד לכלי שני דבדבר יבש ליכא דפנות המקררות ומבשל מיהו כ""ז שהיד סולדת בו ואם אין ס' הבשר אסור אפי' בהנאה ובכלי שני איכא דופני הכלי שמצננות אותו כל שעה ואע""ג דאין כאן גם דופני הכלי ראשון שמחזיק לו החמימות זמן ארוך מ""מ מיבלע מיהו בלע כו' עכ""ל הרי לפנינו דגם אם מונח הבשר הרותח על הטעלי""ר מחמיר בו לאסור גם הבשר והיינו כל זמן שהוא רותח הרבה אחר שבא מן הכלי ראשון וכך הם דברי רש""ל פרק ג""ה סי' מ""ד וז""ל דלא שייך כלי שני אלא במים ורוטב וכל דבר הצלול שמתערב מיד ונתקרר במהרה אבל לא בחתיכת בשר ודג וכל דבר שהוא גוש דכ""ז שהיד סולדת בו עומד בחמימותו ומפליט ומבליע שפיר ומ""ה נראה דדוחן ואורז ג""כ אחר שנתערו מקדירה לתוך קערה כל זמן שהיד סולדת בו הם ככלי ראשון ונפקא מינה לענין בשר בחלב כאם הכף בן יומו מבשר והדוחן בלוע מחלב או איפכא נאסר המאכל משום בשר בחלב וגם נאסר הכף ואוסר אח""כ קדרה אחרת אם תחבו לתוכו אי נמי אם הכף של איסור נאסר הדוחן מבליעת איסור שכלי אוסר דבר אחר אפילו בלא רוטב אבל אם אותו התבשיל נאסר כבר בבליעה לא נאסר הכף בלא רוטב מאחר שהמאכל אינו אוסר מחמת עצמו וכ""ש אם המאכל הוא של חלב או של בשר שאין הכף נמי נעשה כמוהו ולהיות בן יומו לאסור אח""כ קדירה אחר דלא גרע מדבר שנאסר בבליעה שאין אוסר בלא רוטב כ""ש בכלי היתר עכ""ל ובד""מ סי' ק""ה מביא דברי רש""ל אלו וחולק עליו וכתב שנראה לעינים שרוטב רותחת מחזקת יותר חום מן בשר ודבר עב ול""נ שאין ראייה מזה דכאן גרע טפי שיש דוחקא דסכינא ודמיא לצנון דריש סימן צ""ו דאסרינן ליה בנ""ט. וכן נלע""ד להוכיח מלשון הר""ף בטור בדין זה שכתב יש רוצים להתיר בשר רותח שחתכו בסכין חולבת על ידי קליפה כדאמרינן גבי בית השחיטה כו' ואי מיירי בכלי ראשון מי הוא זה אשר רוצה להקל בכלי ראשון בכדי קליפה דאי בכלי ראשון סגי בקליפה היאך תמצא בעולם לאסור כולו בנותן טעם אלא פשוט דבכלי שני מיירי ואפ""ה מחמיר בו להצריך ס' כיון שהיד סולדת בו ואם לאו כל החתיכה אסורה ומו""ח ז""ל כתב בסי' ק""ה דבחתך בשר רותח בסכין חולבת בכלי שני והיד סולדת בו דהסכין נאסר דהבשר מפליט בו אבל אין הבשר נאסר שאין כח בחום דכלי שני להפליט הבלוע בסכין ולהבליע בבשר. ולפי הנראה לע""ד יש להחמיר במקום שיש דוחקא דסכינא אבל באין דוחקא דסכינא כההיא דתחב כף שזכר רש""ל בזה יש להקל כדעת רמ""א:"
yd1,turei-zahav,siman94,seif-007,C:\Users\binya\Documents\Shulchan aruch\newtry\OC_Mobile\oc318-mobile-reader\public\corpus\yd1\siman94\seif-007\turei-zahav\en.html,source_txt_block,temp YD_001 source output,C:\Users\binya\Documents\shulchan-yd-temp\newtry\YD_001\output\siman_094\turei-zahav\part-001.txt,true,missing_or_empty,no,,C:\Users\binya\Documents\Shulchan aruch\newtry\OC_Mobile\oc318-mobile-reader\public\corpus\yd1\siman94\seif-007\turei-zahav\he.html,"<b>כנגד מקום הסכין כו'. </b>בטור כתב בשם ר""פ כדי כל הסכין והש""ע לא העתיקו לפי שר""פ אזיל לטעמי' דס""ל ריש סי' זה במתכת חם מקצתו חם כולו ולא קי""ל כן ע""כ אין צריך רק כנגד המקום שחתך אבל רש""ל פרק גיד הנשה סי' מ""ב כתב שצריך לשער נגד כל הסכין דהיינו הלהב חוץ לקתא דכל חותך בסכין אינו מדקדק כמה חתך בסכין ואף אם יאמר ברי לי שלא חתכתי רק במקום זה אינו נאמן דכל מלתא דלא רמיא עליה דאינש לאו אדעתי' ע""כ: | <b>אינו אוסר אלא כדי קליפה. </b>כ""כ הטור בשם הר""ף וז""ל אבל קליפה בעי לפי סידור לשון הטור בזה נראה שיש שם ט""ס וכן צ""ל אם הוא בן יומו אם לאו דמסתמא אין בן יומו דסתם כלים אינן בני יומן מותר אבל קליפה בעי וכן הוא בהגהת סמ""ק וכתב שם הטעם משום שמנונית שעל הסכין שסתם סכין יש עליו שמנונית וקשה דמשמע לכאורה דברישא ביש ס' נגד מקום הסכין לא צריך קליפה אם יש ס' ולמה צריך כאן קליפה אם יש ששים נגד אותו השמנונית שעל הסכין ואי אין ס' נגדו מה מהני קליפה דהא מוליך הטעם בכולו כמו ברישא ומו""ח ז""ל כ' דמיירי באין בו ששים ואפי' הכי אינו אוסר רק כדי קליפה כיון דאיסור מועט הוא ומייתי ראי' מפרק כיצד צולין (פסחים דף ע""ו) בסך את הפסח בשמן של תרומה דסגי בקליפה דפריך שם כיון דתתאי גבר הא כולו אסור ומשני שאני סיכה דמשהו בעלמא היא ודבריו תמוהי' דכיון דהאיסור מתפשט בכולו דהא בכלי ראשון הוא ואי אין בו ס' ודאי לאו איסור משהו אלא גדול לפי ערך הבשר שנאסר ממנו שאין בו ס' <i data-commentator=""Nekudot HaKesef"" data-label=""♯"" data-order=""3""></i>ועוד יש ראייה ממ""ש בת""ה הארוך בית ד' סוף שער רביעי וז""ל והוי יודע דכל שיש לו פעפוע שנפל למקום ידוע מן החתיכה שאע""פ שיש ס' לבטל האיסור צריך ליטול את מקומו וכמ""ש בפרק כיצד צולין נטף מרוטבו על החרס וחזר עליו יטול את מקומו עכ""ל וכתב שם הוא בעצמו במשמרת הבית דהא דאינו אוסר כולו משום דהנטיפה דבר מועט היא ואין בה כדי לאסור את הכל כו'. ש""מ שאם אין בה ס' נגד הטיפה נאסר הכל אף על פי שהאיסור מועט אלא פשוט הוא דודאי יש ס' נגד האיסו' או בתרומ' א' ומאה אלא דהחילוק הוא דברישא דהוה האיסור משום פליטת הסכין הוצרך לומר דאוסר עד ס' אבל בסיפא שאין בן יומו מותר מצד הסכין אלא מצד שמנונית שעליו והוא דבר מועט ויש ס' בשיעור קליפה נגדו על כן לא הוצרך להזכיר כאן ס' כיון דעל כל פנים בעי קליפ' בכל גוונא ואפילו ברישא דיש ס' נגד כל הסכין ואפ""ה צריך קליפה במקום נפילת האיסור מועט בצלי ששם האיסור על כל פנים יותר דבוק ונסרך מבשאר מקומות על כן צריך לקלוף המקום ההוא ומזה למד הרשב""א לכל צלי שנפל עליו איסור מועט שצריך ס' וגם קליפה וכן כתוב להדיא במרדכי סוף פרק גיד הנשה בההיא דפסח שצריך קליפה אפילו ביותר מס' וכ""כ הר""ן בפרק כל הבשר וכן פסק בש""ע סי' ק""ה ס""ה ולכוונה זו כתב הטור כאן בשם הר""ף דבעי קליפה דהיינו גם ברישא שיש ס' נגד מקום הסכין ולא חילקו לשני בבות אלא ללמדינו דבאין ידוע שהוא בן יומו אזלינן להקל וא""צ ס' נגד מקום הסכין אבל נגד השמנונית שבעין פשיטא שיש ס' ולא הוצרך להזכירו וסיים אבל קליפה בעי אתרווייהו והש""ע שהעתיק בסיפא אינו אוסר אלא כדי קליפה ג""כ נתכוון לזה: | <b>שוב </b>ראיתי באשר""י פרק גיד הנשה בדין צלי שצריך נטילה שכתב שם וכן הא דאמר בפרק קמא למ""ד בית השחיטה רותח הוא קולף שאני התם דהשמנונית שעל הסכין דבר מועט הוא כדאמרינן בפ' כיצד צולין שאני סיכה דמשהו עבדי ליה כו' עכ""ל. התם ג""כ קאמר אחר שיש ס' רק שיש חשש מחמת מקום הנפילה בזה סגי בקליפה ולא צריך נטילת מקום כן נלע""ד פשוט דאם אין ס' נגד השמנונית שעל הסכין דאסור כולו והמיקל בזה אינו אלא מן המתמיהים: | <b>וכל זה בבשר רותח כו'. </b>בת""ח כתב ג""כ הכי ותמיהני שהרב רמ""א רגיל להביא האו""ה בכל המקומות וכאן לא הביא דבריו כמ""ש בכלל ל""ו בזה לאסור אם חתך בשר רותח שהיד סולדת בו שנחתך בסכין של חלב שהוא בן יומו מתשמיש רותח אגב דוחקא דסכינא בלע בכולו וצריך ס' נגד כל הלהב כו' ול""ד לכלי שני דבדבר יבש ליכא דפנות המקררות ומבשל מיהו כ""ז שהיד סולדת בו ואם אין ס' הבשר אסור אפי' בהנאה ובכלי שני איכא דופני הכלי שמצננות אותו כל שעה ואע""ג דאין כאן גם דופני הכלי ראשון שמחזיק לו החמימות זמן ארוך מ""מ מיבלע מיהו בלע כו' עכ""ל הרי לפנינו דגם אם מונח הבשר הרותח על הטעלי""ר מחמיר בו לאסור גם הבשר והיינו כל זמן שהוא רותח הרבה אחר שבא מן הכלי ראשון וכך הם דברי רש""ל פרק ג""ה סי' מ""ד וז""ל דלא שייך כלי שני אלא במים ורוטב וכל דבר הצלול שמתערב מיד ונתקרר במהרה אבל לא בחתיכת בשר ודג וכל דבר שהוא גוש דכ""ז שהיד סולדת בו עומד בחמימותו ומפליט ומבליע שפיר ומ""ה נראה דדוחן ואורז ג""כ אחר שנתערו מקדירה לתוך קערה כל זמן שהיד סולדת בו הם ככלי ראשון ונפקא מינה לענין בשר בחלב כאם הכף בן יומו מבשר והדוחן בלוע מחלב או איפכא נאסר המאכל משום בשר בחלב וגם נאסר הכף ואוסר אח""כ קדרה אחרת אם תחבו לתוכו אי נמי אם הכף של איסור נאסר הדוחן מבליעת איסור שכלי אוסר דבר אחר אפילו בלא רוטב אבל אם אותו התבשיל נאסר כבר בבליעה לא נאסר הכף בלא רוטב מאחר שהמאכל אינו אוסר מחמת עצמו וכ""ש אם המאכל הוא של חלב או של בשר שאין הכף נמי נעשה כמוהו ולהיות בן יומו לאסור אח""כ קדירה אחר דלא גרע מדבר שנאסר בבליעה שאין אוסר בלא רוטב כ""ש בכלי היתר עכ""ל ובד""מ סי' ק""ה מביא דברי רש""ל אלו וחולק עליו וכתב שנראה לעינים שרוטב רותחת מחזקת יותר חום מן בשר ודבר עב ול""נ שאין ראייה מזה דכאן גרע טפי שיש דוחקא דסכינא ודמיא לצנון דריש סימן צ""ו דאסרינן ליה בנ""ט. וכן נלע""ד להוכיח מלשון הר""ף בטור בדין זה שכתב יש רוצים להתיר בשר רותח שחתכו בסכין חולבת על ידי קליפה כדאמרינן גבי בית השחיטה כו' ואי מיירי בכלי ראשון מי הוא זה אשר רוצה להקל בכלי ראשון בכדי קליפה דאי בכלי ראשון סגי בקליפה היאך תמצא בעולם לאסור כולו בנותן טעם אלא פשוט דבכלי שני מיירי ואפ""ה מחמיר בו להצריך ס' כיון שהיד סולדת בו ואם לאו כל החתיכה אסורה ומו""ח ז""ל כתב בסי' ק""ה דבחתך בשר רותח בסכין חולבת בכלי שני והיד סולדת בו דהסכין נאסר דהבשר מפליט בו אבל אין הבשר נאסר שאין כח בחום דכלי שני להפליט הבלוע בסכין ולהבליע בבשר. ולפי הנראה לע""ד יש להחמיר במקום שיש דוחקא דסכינא אבל באין דוחקא דסכינא כההיא דתחב כף שזכר רש""ל בזה יש להקל כדעת רמ""א:"
yd1,turei-zahav,siman103,seif-002,C:\Users\binya\Documents\Shulchan aruch\newtry\OC_Mobile\oc318-mobile-reader\public\corpus\yd1\siman103\seif-002\turei-zahav\en.html,corpus_en_html,SA_Sandbox corpus mirror,C:\Users\binya\Documents\Shulchan aruch\newtry\SA_Sandbox\public\corpus\yd1\siman103\seif-002\turei-zahav\en.html,false,missing_or_empty,no,,C:\Users\binya\Documents\Shulchan aruch\newtry\OC_Mobile\oc318-mobile-reader\public\corpus\yd1\siman103\seif-002\turei-zahav\he.html,"<b>אפילו איסור מרובה כו'. </b>כגון שנפל איסור גדול לרוטב מעט וזרק האיסור מן הרוטב ומבואר בטור דציר של איסור חשוב כגופו מ""ה אם נתערב ציר בעין של איסור להיתר צריך שיהא פוגם לגמרי או שיהא רוב היתר וכ""כ בא""ו הארוך: | <b>ויש מי שחוכך כו'. </b>פי' דפליג על מה שכתב תחילה אם יש שם גוף האיסור ובטל ברוב מהני פגם קצת וזה ס""ל דאפי' הכי אסור דהא נהנה מגוף האיסור במה שיש לו טפי לאכילה ויהיה נהנה טפי מרבוי אכילה שמחמת האיסור יותר מן הקלקול שמקלקל לו קצת בטעם אסור וכאלו לא הוה רוב וצריך שיפגום לגמרי כנבילה: | <b>בד""א שפוגם כו'. </b>קאי אריש הסימן וכתב בטור פירוש דהשביח ולבסוף פוגם כגון חומץ יין נסך שנפל לתוך גריסין צונן והשביחן והרתיחן ופוגמן עד כאן לשונו ממילא פירושא דפוגם ולבסוף השביח הוא איפכא דנפל לתוך רותחין וציננן וזה אסור בכל שכן מהשביח ולבסוף פוגם) ומ""ש הטור בריש הסימן דפוגם תערובתו יותר כגון חומץ יין נסך שנפל לתוך גריסין דמותר היינו שנפלו ברותחין ואוכלן כשהן רותחין וכן הוא בלבוש אלא שבפרישה כתב דברותחין וציננן מותר מכח מה שכתב הטור ריש הסימן והוא תמוה מאד: | <b>ג""כ פוגם לא נאסרה הקדרה. </b>דהואיל והתבשיל שרי הקדרה נמי שרי דה""ל נ""ט בר נ""ט דהיתרא דהרי גם כאן נותן הכף טעם פגום לתבשיל והתבשיל לקדרה ועדיין הטעם פוגם כ""כ הטעם בד""מ בשם או""ה כלל ל""ב. <i data-commentator=""Nekudot HaKesef"" data-label=""♯"" data-order=""1""></i>ותמהני דלמה נקיט רמ""א כאן שהכף נאסר תחלה מאיסור פגום דהיינו מהתבשיל הראשון שהיה בו איסור פגום הא אפילו אם היה איסור גמור בכף תחלה ותחבו לקדירה שיש בו תבשיל שאותו איסור שבכף הוא פוגמו הוה ליה הקדרה נ""ט בר נ""ט ואין אוסרת מה שיתבשל בו אח""כ אפילו אם אותו האיסור שבכף נותן טעם לשבח דהכף נתן טעם פגום בתבשיל והתבשיל נותן טעם פגום לקדרה והקדרה שתתן אח""כ טעם לשבח במה שיתבשל אח""כ הוה ליה נותן טעם בר נותן טעם דהיתירא כיון שמתחלה בא הטעם של האיסור על ידי פגם וזה מבואר באו""ה כלל ל""ב וז""ל אבל אם נפל לקדרה כלי שנבלע מאותו איסור שנ""ט לפגם כגון כף שנאסרה מחלב ונפל ליין רותח הקדרה מותרת אפילו אם אין ס' ביין נגד הכלי דמאחר שהמאכל מותר אין שם איסור על התבשיל ושייך ביה שפיר נ""ט בר נ""ט דהיתרא עכ""ל. ומזה הועתקה הג""ה הזאת ביין ומאכל דנקט חדא היא דבמאכל היה שם יין וחלב פוגם ביין כמבואר שם לעיל מיניה וכ""כ רמ""א בסמוך וצ""ע למה שינה רמ""א ללא צורך וכתב ב""פ לפגם ובלבוש כתוב וזה לשונו אבל אם ניערו התבשיל הראשון בכף של איסור ותחבו אחר כך הכף לתבשיל שני שהוא גם כן פוגם לא נאסרה הקדרה השני' דיש הרבה נ""ט עכ""ל וזה יותר מגומגם מלשון רמ""א כאן ולענין דינא להלכה ודאי שרי אפילו בחד נ""ט לפגם וכמו שכתבתי בשם או""ה בפירוש ודברי המעתיקים צריך עיון ליישבם עוד כתוב באו""ה שם תבשיל שנפל שם איסור פגום ונפל אותו תבשיל לקדרה אחרת ובאותו תבשיל היה האיסור בעין [לשבח] א""צ אלא ששים בקדרה שני' נגד האיסור שבקדרה דלא שייך לומר הקדרה הראשונה נעשה נבילה דהא משרי שרי עכ""ל ד""מ:"
yd1,turei-zahav,siman103,seif-002,C:\Users\binya\Documents\Shulchan aruch\newtry\OC_Mobile\oc318-mobile-reader\public\corpus\yd1\siman103\seif-002\turei-zahav\en.html,corpus_en_html,shulchan-yd-temp corpus mirror,C:\Users\binya\Documents\shulchan-yd-temp\newtry\OC_Mobile\oc318-mobile-reader\public\corpus\yd1\siman103\seif-002\turei-zahav\en.html,false,missing_or_empty,no,,C:\Users\binya\Documents\Shulchan aruch\newtry\OC_Mobile\oc318-mobile-reader\public\corpus\yd1\siman103\seif-002\turei-zahav\he.html,"<b>אפילו איסור מרובה כו'. </b>כגון שנפל איסור גדול לרוטב מעט וזרק האיסור מן הרוטב ומבואר בטור דציר של איסור חשוב כגופו מ""ה אם נתערב ציר בעין של איסור להיתר צריך שיהא פוגם לגמרי או שיהא רוב היתר וכ""כ בא""ו הארוך: | <b>ויש מי שחוכך כו'. </b>פי' דפליג על מה שכתב תחילה אם יש שם גוף האיסור ובטל ברוב מהני פגם קצת וזה ס""ל דאפי' הכי אסור דהא נהנה מגוף האיסור במה שיש לו טפי לאכילה ויהיה נהנה טפי מרבוי אכילה שמחמת האיסור יותר מן הקלקול שמקלקל לו קצת בטעם אסור וכאלו לא הוה רוב וצריך שיפגום לגמרי כנבילה: | <b>בד""א שפוגם כו'. </b>קאי אריש הסימן וכתב בטור פירוש דהשביח ולבסוף פוגם כגון חומץ יין נסך שנפל לתוך גריסין צונן והשביחן והרתיחן ופוגמן עד כאן לשונו ממילא פירושא דפוגם ולבסוף השביח הוא איפכא דנפל לתוך רותחין וציננן וזה אסור בכל שכן מהשביח ולבסוף פוגם) ומ""ש הטור בריש הסימן דפוגם תערובתו יותר כגון חומץ יין נסך שנפל לתוך גריסין דמותר היינו שנפלו ברותחין ואוכלן כשהן רותחין וכן הוא בלבוש אלא שבפרישה כתב דברותחין וציננן מותר מכח מה שכתב הטור ריש הסימן והוא תמוה מאד: | <b>ג""כ פוגם לא נאסרה הקדרה. </b>דהואיל והתבשיל שרי הקדרה נמי שרי דה""ל נ""ט בר נ""ט דהיתרא דהרי גם כאן נותן הכף טעם פגום לתבשיל והתבשיל לקדרה ועדיין הטעם פוגם כ""כ הטעם בד""מ בשם או""ה כלל ל""ב. <i data-commentator=""Nekudot HaKesef"" data-label=""♯"" data-order=""1""></i>ותמהני דלמה נקיט רמ""א כאן שהכף נאסר תחלה מאיסור פגום דהיינו מהתבשיל הראשון שהיה בו איסור פגום הא אפילו אם היה איסור גמור בכף תחלה ותחבו לקדירה שיש בו תבשיל שאותו איסור שבכף הוא פוגמו הוה ליה הקדרה נ""ט בר נ""ט ואין אוסרת מה שיתבשל בו אח""כ אפילו אם אותו האיסור שבכף נותן טעם לשבח דהכף נתן טעם פגום בתבשיל והתבשיל נותן טעם פגום לקדרה והקדרה שתתן אח""כ טעם לשבח במה שיתבשל אח""כ הוה ליה נותן טעם בר נותן טעם דהיתירא כיון שמתחלה בא הטעם של האיסור על ידי פגם וזה מבואר באו""ה כלל ל""ב וז""ל אבל אם נפל לקדרה כלי שנבלע מאותו איסור שנ""ט לפגם כגון כף שנאסרה מחלב ונפל ליין רותח הקדרה מותרת אפילו אם אין ס' ביין נגד הכלי דמאחר שהמאכל מותר אין שם איסור על התבשיל ושייך ביה שפיר נ""ט בר נ""ט דהיתרא עכ""ל. ומזה הועתקה הג""ה הזאת ביין ומאכל דנקט חדא היא דבמאכל היה שם יין וחלב פוגם ביין כמבואר שם לעיל מיניה וכ""כ רמ""א בסמוך וצ""ע למה שינה רמ""א ללא צורך וכתב ב""פ לפגם ובלבוש כתוב וזה לשונו אבל אם ניערו התבשיל הראשון בכף של איסור ותחבו אחר כך הכף לתבשיל שני שהוא גם כן פוגם לא נאסרה הקדרה השני' דיש הרבה נ""ט עכ""ל וזה יותר מגומגם מלשון רמ""א כאן ולענין דינא להלכה ודאי שרי אפילו בחד נ""ט לפגם וכמו שכתבתי בשם או""ה בפירוש ודברי המעתיקים צריך עיון ליישבם עוד כתוב באו""ה שם תבשיל שנפל שם איסור פגום ונפל אותו תבשיל לקדרה אחרת ובאותו תבשיל היה האיסור בעין [לשבח] א""צ אלא ששים בקדרה שני' נגד האיסור שבקדרה דלא שייך לומר הקדרה הראשונה נעשה נבילה דהא משרי שרי עכ""ל ד""מ:"
yd1,turei-zahav,siman103,seif-002,C:\Users\binya\Documents\Shulchan aruch\newtry\OC_Mobile\oc318-mobile-reader\public\corpus\yd1\siman103\seif-002\turei-zahav\en.html,source_txt_block,current YD_001 source output,C:\Users\binya\Documents\Shulchan aruch\newtry\YD_001\output\siman_103\turei-zahav\part-001.txt,false,missing_or_empty,no,,C:\Users\binya\Documents\Shulchan aruch\newtry\OC_Mobile\oc318-mobile-reader\public\corpus\yd1\siman103\seif-002\turei-zahav\he.html,"<b>אפילו איסור מרובה כו'. </b>כגון שנפל איסור גדול לרוטב מעט וזרק האיסור מן הרוטב ומבואר בטור דציר של איסור חשוב כגופו מ""ה אם נתערב ציר בעין של איסור להיתר צריך שיהא פוגם לגמרי או שיהא רוב היתר וכ""כ בא""ו הארוך: | <b>ויש מי שחוכך כו'. </b>פי' דפליג על מה שכתב תחילה אם יש שם גוף האיסור ובטל ברוב מהני פגם קצת וזה ס""ל דאפי' הכי אסור דהא נהנה מגוף האיסור במה שיש לו טפי לאכילה ויהיה נהנה טפי מרבוי אכילה שמחמת האיסור יותר מן הקלקול שמקלקל לו קצת בטעם אסור וכאלו לא הוה רוב וצריך שיפגום לגמרי כנבילה: | <b>בד""א שפוגם כו'. </b>קאי אריש הסימן וכתב בטור פירוש דהשביח ולבסוף פוגם כגון חומץ יין נסך שנפל לתוך גריסין צונן והשביחן והרתיחן ופוגמן עד כאן לשונו ממילא פירושא דפוגם ולבסוף השביח הוא איפכא דנפל לתוך רותחין וציננן וזה אסור בכל שכן מהשביח ולבסוף פוגם) ומ""ש הטור בריש הסימן דפוגם תערובתו יותר כגון חומץ יין נסך שנפל לתוך גריסין דמותר היינו שנפלו ברותחין ואוכלן כשהן רותחין וכן הוא בלבוש אלא שבפרישה כתב דברותחין וציננן מותר מכח מה שכתב הטור ריש הסימן והוא תמוה מאד: | <b>ג""כ פוגם לא נאסרה הקדרה. </b>דהואיל והתבשיל שרי הקדרה נמי שרי דה""ל נ""ט בר נ""ט דהיתרא דהרי גם כאן נותן הכף טעם פגום לתבשיל והתבשיל לקדרה ועדיין הטעם פוגם כ""כ הטעם בד""מ בשם או""ה כלל ל""ב. <i data-commentator=""Nekudot HaKesef"" data-label=""♯"" data-order=""1""></i>ותמהני דלמה נקיט רמ""א כאן שהכף נאסר תחלה מאיסור פגום דהיינו מהתבשיל הראשון שהיה בו איסור פגום הא אפילו אם היה איסור גמור בכף תחלה ותחבו לקדירה שיש בו תבשיל שאותו איסור שבכף הוא פוגמו הוה ליה הקדרה נ""ט בר נ""ט ואין אוסרת מה שיתבשל בו אח""כ אפילו אם אותו האיסור שבכף נותן טעם לשבח דהכף נתן טעם פגום בתבשיל והתבשיל נותן טעם פגום לקדרה והקדרה שתתן אח""כ טעם לשבח במה שיתבשל אח""כ הוה ליה נותן טעם בר נותן טעם דהיתירא כיון שמתחלה בא הטעם של האיסור על ידי פגם וזה מבואר באו""ה כלל ל""ב וז""ל אבל אם נפל לקדרה כלי שנבלע מאותו איסור שנ""ט לפגם כגון כף שנאסרה מחלב ונפל ליין רותח הקדרה מותרת אפילו אם אין ס' ביין נגד הכלי דמאחר שהמאכל מותר אין שם איסור על התבשיל ושייך ביה שפיר נ""ט בר נ""ט דהיתרא עכ""ל. ומזה הועתקה הג""ה הזאת ביין ומאכל דנקט חדא היא דבמאכל היה שם יין וחלב פוגם ביין כמבואר שם לעיל מיניה וכ""כ רמ""א בסמוך וצ""ע למה שינה רמ""א ללא צורך וכתב ב""פ לפגם ובלבוש כתוב וזה לשונו אבל אם ניערו התבשיל הראשון בכף של איסור ותחבו אחר כך הכף לתבשיל שני שהוא גם כן פוגם לא נאסרה הקדרה השני' דיש הרבה נ""ט עכ""ל וזה יותר מגומגם מלשון רמ""א כאן ולענין דינא להלכה ודאי שרי אפילו בחד נ""ט לפגם וכמו שכתבתי בשם או""ה בפירוש ודברי המעתיקים צריך עיון ליישבם עוד כתוב באו""ה שם תבשיל שנפל שם איסור פגום ונפל אותו תבשיל לקדרה אחרת ובאותו תבשיל היה האיסור בעין [לשבח] א""צ אלא ששים בקדרה שני' נגד האיסור שבקדרה דלא שייך לומר הקדרה הראשונה נעשה נבילה דהא משרי שרי עכ""ל ד""מ:"
yd1,turei-zahav,siman103,seif-002,C:\Users\binya\Documents\Shulchan aruch\newtry\OC_Mobile\oc318-mobile-reader\public\corpus\yd1\siman103\seif-002\turei-zahav\en.html,source_txt_block,temp YD_001 source output,C:\Users\binya\Documents\shulchan-yd-temp\newtry\YD_001\output\siman_103\turei-zahav\part-001.txt,true,missing_or_empty,no,,C:\Users\binya\Documents\Shulchan aruch\newtry\OC_Mobile\oc318-mobile-reader\public\corpus\yd1\siman103\seif-002\turei-zahav\he.html,"<b>אפילו איסור מרובה כו'. </b>כגון שנפל איסור גדול לרוטב מעט וזרק האיסור מן הרוטב ומבואר בטור דציר של איסור חשוב כגופו מ""ה אם נתערב ציר בעין של איסור להיתר צריך שיהא פוגם לגמרי או שיהא רוב היתר וכ""כ בא""ו הארוך: | <b>ויש מי שחוכך כו'. </b>פי' דפליג על מה שכתב תחילה אם יש שם גוף האיסור ובטל ברוב מהני פגם קצת וזה ס""ל דאפי' הכי אסור דהא נהנה מגוף האיסור במה שיש לו טפי לאכילה ויהיה נהנה טפי מרבוי אכילה שמחמת האיסור יותר מן הקלקול שמקלקל לו קצת בטעם אסור וכאלו לא הוה רוב וצריך שיפגום לגמרי כנבילה: | <b>בד""א שפוגם כו'. </b>קאי אריש הסימן וכתב בטור פירוש דהשביח ולבסוף פוגם כגון חומץ יין נסך שנפל לתוך גריסין צונן והשביחן והרתיחן ופוגמן עד כאן לשונו ממילא פירושא דפוגם ולבסוף השביח הוא איפכא דנפל לתוך רותחין וציננן וזה אסור בכל שכן מהשביח ולבסוף פוגם) ומ""ש הטור בריש הסימן דפוגם תערובתו יותר כגון חומץ יין נסך שנפל לתוך גריסין דמותר היינו שנפלו ברותחין ואוכלן כשהן רותחין וכן הוא בלבוש אלא שבפרישה כתב דברותחין וציננן מותר מכח מה שכתב הטור ריש הסימן והוא תמוה מאד: | <b>ג""כ פוגם לא נאסרה הקדרה. </b>דהואיל והתבשיל שרי הקדרה נמי שרי דה""ל נ""ט בר נ""ט דהיתרא דהרי גם כאן נותן הכף טעם פגום לתבשיל והתבשיל לקדרה ועדיין הטעם פוגם כ""כ הטעם בד""מ בשם או""ה כלל ל""ב. <i data-commentator=""Nekudot HaKesef"" data-label=""♯"" data-order=""1""></i>ותמהני דלמה נקיט רמ""א כאן שהכף נאסר תחלה מאיסור פגום דהיינו מהתבשיל הראשון שהיה בו איסור פגום הא אפילו אם היה איסור גמור בכף תחלה ותחבו לקדירה שיש בו תבשיל שאותו איסור שבכף הוא פוגמו הוה ליה הקדרה נ""ט בר נ""ט ואין אוסרת מה שיתבשל בו אח""כ אפילו אם אותו האיסור שבכף נותן טעם לשבח דהכף נתן טעם פגום בתבשיל והתבשיל נותן טעם פגום לקדרה והקדרה שתתן אח""כ טעם לשבח במה שיתבשל אח""כ הוה ליה נותן טעם בר נותן טעם דהיתירא כיון שמתחלה בא הטעם של האיסור על ידי פגם וזה מבואר באו""ה כלל ל""ב וז""ל אבל אם נפל לקדרה כלי שנבלע מאותו איסור שנ""ט לפגם כגון כף שנאסרה מחלב ונפל ליין רותח הקדרה מותרת אפילו אם אין ס' ביין נגד הכלי דמאחר שהמאכל מותר אין שם איסור על התבשיל ושייך ביה שפיר נ""ט בר נ""ט דהיתרא עכ""ל. ומזה הועתקה הג""ה הזאת ביין ומאכל דנקט חדא היא דבמאכל היה שם יין וחלב פוגם ביין כמבואר שם לעיל מיניה וכ""כ רמ""א בסמוך וצ""ע למה שינה רמ""א ללא צורך וכתב ב""פ לפגם ובלבוש כתוב וזה לשונו אבל אם ניערו התבשיל הראשון בכף של איסור ותחבו אחר כך הכף לתבשיל שני שהוא גם כן פוגם לא נאסרה הקדרה השני' דיש הרבה נ""ט עכ""ל וזה יותר מגומגם מלשון רמ""א כאן ולענין דינא להלכה ודאי שרי אפילו בחד נ""ט לפגם וכמו שכתבתי בשם או""ה בפירוש ודברי המעתיקים צריך עיון ליישבם עוד כתוב באו""ה שם תבשיל שנפל שם איסור פגום ונפל אותו תבשיל לקדרה אחרת ובאותו תבשיל היה האיסור בעין [לשבח] א""צ אלא ששים בקדרה שני' נגד האיסור שבקדרה דלא שייך לומר הקדרה הראשונה נעשה נבילה דהא משרי שרי עכ""ל ד""מ:"
yd1,turei-zahav,siman141,seif-003,C:\Users\binya\Documents\Shulchan aruch\newtry\OC_Mobile\oc318-mobile-reader\public\corpus\yd1\siman141\seif-003\turei-zahav\en.html,corpus_en_html,SA_Sandbox corpus mirror,C:\Users\binya\Documents\Shulchan aruch\newtry\SA_Sandbox\public\corpus\yd1\siman141\seif-003\turei-zahav\en.html,false,missing_or_empty,no,,C:\Users\binya\Documents\Shulchan aruch\newtry\OC_Mobile\oc318-mobile-reader\public\corpus\yd1\siman141\seif-003\turei-zahav\he.html,"<b>וצורת דרקון מותר לעשותה. </b>כן הוא תלמוד ערוך פ' כל הצלמים (עבודה זרה דף מ""ב) בסופו ואי בעושה צורת דרקון מי אסר והא כתיב לא תעשון אתי אלהי כסף ואלהי זהב הני אין דרקון לא ותמהני על הב""י שכתב מקור דין זה לפי שאינו מכלל דברים הנזכרים בגמרא לאיסור ורש""ל נתן טעם למה לא נכלל דרקון בכלל לא תעשון כדמות שמשי שבמרום לפי שהדרקון שבמרום פורח באויר ואינו בשמים. ומו""ח ז""ל הקשה מדברי המרדכי בשם רבינו אליקים הביאו ב""י בסוף סי' זה במאי דאמרינן כל הפרצופים מותר חוץ מפרצוף אדם דהאי כל לאו דוקא דהא צורת חמה ולבנה ודרקון הם בכלל האיסור הואיל וחשיבי ציירי ופלחי עכ""ל משמע דגם דרקון אסור לעשות משום לא תעשון אתי כמו חמ' ולבנ' (וקשה) [ולא קשיא] דשם קאי אלהשהותם דהא בהדיא מסיים הואיל וחשיבי ציירי ופלחי וזה שייך על עובד כוכבים שעשאה לזה וישראל מוצאה כדאיתא פרק כל הצלמים (עבודה זרה דף מ""ב) ואע""ג דרבינו אליקים מיירי שם לאביי דמוקי לה בעושה מבואר כוונתו שם דה""ק אפילו לאביי דמיקל ומוקי לה אפילו בעושה וממילא להשהותה מותר לגמרי מ""מ האי כל לאו דוקא כו' כן צריך לומר שם למעיין בדבריו:
<b>אלא שאסור להשהותה. </b>פירוש שמא כבר נעבדה ומטעם זה אפילו שקועה אסורה כ""כ הטור:"
yd1,turei-zahav,siman141,seif-003,C:\Users\binya\Documents\Shulchan aruch\newtry\OC_Mobile\oc318-mobile-reader\public\corpus\yd1\siman141\seif-003\turei-zahav\en.html,corpus_en_html,shulchan-yd-temp corpus mirror,C:\Users\binya\Documents\shulchan-yd-temp\newtry\OC_Mobile\oc318-mobile-reader\public\corpus\yd1\siman141\seif-003\turei-zahav\en.html,false,missing_or_empty,no,,C:\Users\binya\Documents\Shulchan aruch\newtry\OC_Mobile\oc318-mobile-reader\public\corpus\yd1\siman141\seif-003\turei-zahav\he.html,"<b>וצורת דרקון מותר לעשותה. </b>כן הוא תלמוד ערוך פ' כל הצלמים (עבודה זרה דף מ""ב) בסופו ואי בעושה צורת דרקון מי אסר והא כתיב לא תעשון אתי אלהי כסף ואלהי זהב הני אין דרקון לא ותמהני על הב""י שכתב מקור דין זה לפי שאינו מכלל דברים הנזכרים בגמרא לאיסור ורש""ל נתן טעם למה לא נכלל דרקון בכלל לא תעשון כדמות שמשי שבמרום לפי שהדרקון שבמרום פורח באויר ואינו בשמים. ומו""ח ז""ל הקשה מדברי המרדכי בשם רבינו אליקים הביאו ב""י בסוף סי' זה במאי דאמרינן כל הפרצופים מותר חוץ מפרצוף אדם דהאי כל לאו דוקא דהא צורת חמה ולבנה ודרקון הם בכלל האיסור הואיל וחשיבי ציירי ופלחי עכ""ל משמע דגם דרקון אסור לעשות משום לא תעשון אתי כמו חמ' ולבנ' (וקשה) [ולא קשיא] דשם קאי אלהשהותם דהא בהדיא מסיים הואיל וחשיבי ציירי ופלחי וזה שייך על עובד כוכבים שעשאה לזה וישראל מוצאה כדאיתא פרק כל הצלמים (עבודה זרה דף מ""ב) ואע""ג דרבינו אליקים מיירי שם לאביי דמוקי לה בעושה מבואר כוונתו שם דה""ק אפילו לאביי דמיקל ומוקי לה אפילו בעושה וממילא להשהותה מותר לגמרי מ""מ האי כל לאו דוקא כו' כן צריך לומר שם למעיין בדבריו:
<b>אלא שאסור להשהותה. </b>פירוש שמא כבר נעבדה ומטעם זה אפילו שקועה אסורה כ""כ הטור:"
yd1,turei-zahav,siman141,seif-003,C:\Users\binya\Documents\Shulchan aruch\newtry\OC_Mobile\oc318-mobile-reader\public\corpus\yd1\siman141\seif-003\turei-zahav\en.html,source_txt_block,current YD_001 source output,C:\Users\binya\Documents\Shulchan aruch\newtry\YD_001\output\siman_141\turei-zahav\part-001.txt,true,missing_or_empty,no,,C:\Users\binya\Documents\Shulchan aruch\newtry\OC_Mobile\oc318-mobile-reader\public\corpus\yd1\siman141\seif-003\turei-zahav\he.html,"<b>וצורת דרקון מותר לעשותה. </b>כן הוא תלמוד ערוך פ' כל הצלמים (עבודה זרה דף מ""ב) בסופו ואי בעושה צורת דרקון מי אסר והא כתיב לא תעשון אתי אלהי כסף ואלהי זהב הני אין דרקון לא ותמהני על הב""י שכתב מקור דין זה לפי שאינו מכלל דברים הנזכרים בגמרא לאיסור ורש""ל נתן טעם למה לא נכלל דרקון בכלל לא תעשון כדמות שמשי שבמרום לפי שהדרקון שבמרום פורח באויר ואינו בשמים. ומו""ח ז""ל הקשה מדברי המרדכי בשם רבינו אליקים הביאו ב""י בסוף סי' זה במאי דאמרינן כל הפרצופים מותר חוץ מפרצוף אדם דהאי כל לאו דוקא דהא צורת חמה ולבנה ודרקון הם בכלל האיסור הואיל וחשיבי ציירי ופלחי עכ""ל משמע דגם דרקון אסור לעשות משום לא תעשון אתי כמו חמ' ולבנ' (וקשה) [ולא קשיא] דשם קאי אלהשהותם דהא בהדיא מסיים הואיל וחשיבי ציירי ופלחי וזה שייך על עובד כוכבים שעשאה לזה וישראל מוצאה כדאיתא פרק כל הצלמים (עבודה זרה דף מ""ב) ואע""ג דרבינו אליקים מיירי שם לאביי דמוקי לה בעושה מבואר כוונתו שם דה""ק אפילו לאביי דמיקל ומוקי לה אפילו בעושה וממילא להשהותה מותר לגמרי מ""מ האי כל לאו דוקא כו' כן צריך לומר שם למעיין בדבריו:
<b>אלא שאסור להשהותה. </b>פירוש שמא כבר נעבדה ומטעם זה אפילו שקועה אסורה כ""כ הטור:"
yd1,turei-zahav,siman141,seif-003,C:\Users\binya\Documents\Shulchan aruch\newtry\OC_Mobile\oc318-mobile-reader\public\corpus\yd1\siman141\seif-003\turei-zahav\en.html,source_txt_block,temp YD_001 source output,C:\Users\binya\Documents\shulchan-yd-temp\newtry\YD_001\output\siman_141\turei-zahav\part-001.txt,true,missing_or_empty,no,,C:\Users\binya\Documents\Shulchan aruch\newtry\OC_Mobile\oc318-mobile-reader\public\corpus\yd1\siman141\seif-003\turei-zahav\he.html,"<b>וצורת דרקון מותר לעשותה. </b>כן הוא תלמוד ערוך פ' כל הצלמים (עבודה זרה דף מ""ב) בסופו ואי בעושה צורת דרקון מי אסר והא כתיב לא תעשון אתי אלהי כסף ואלהי זהב הני אין דרקון לא ותמהני על הב""י שכתב מקור דין זה לפי שאינו מכלל דברים הנזכרים בגמרא לאיסור ורש""ל נתן טעם למה לא נכלל דרקון בכלל לא תעשון כדמות שמשי שבמרום לפי שהדרקון שבמרום פורח באויר ואינו בשמים. ומו""ח ז""ל הקשה מדברי המרדכי בשם רבינו אליקים הביאו ב""י בסוף סי' זה במאי דאמרינן כל הפרצופים מותר חוץ מפרצוף אדם דהאי כל לאו דוקא דהא צורת חמה ולבנה ודרקון הם בכלל האיסור הואיל וחשיבי ציירי ופלחי עכ""ל משמע דגם דרקון אסור לעשות משום לא תעשון אתי כמו חמ' ולבנ' (וקשה) [ולא קשיא] דשם קאי אלהשהותם דהא בהדיא מסיים הואיל וחשיבי ציירי ופלחי וזה שייך על עובד כוכבים שעשאה לזה וישראל מוצאה כדאיתא פרק כל הצלמים (עבודה זרה דף מ""ב) ואע""ג דרבינו אליקים מיירי שם לאביי דמוקי לה בעושה מבואר כוונתו שם דה""ק אפילו לאביי דמיקל ומוקי לה אפילו בעושה וממילא להשהותה מותר לגמרי מ""מ האי כל לאו דוקא כו' כן צריך לומר שם למעיין בדבריו:
<b>אלא שאסור להשהותה. </b>פירוש שמא כבר נעבדה ומטעם זה אפילו שקועה אסורה כ""כ הטור:"
yd1,turei-zahav,siman160,seif-004,C:\Users\binya\Documents\Shulchan aruch\newtry\OC_Mobile\oc318-mobile-reader\public\corpus\yd1\siman160\seif-004\turei-zahav\en.html,corpus_en_html,SA_Sandbox corpus mirror,C:\Users\binya\Documents\Shulchan aruch\newtry\SA_Sandbox\public\corpus\yd1\siman160\seif-004\turei-zahav\en.html,false,missing_or_empty,no,,C:\Users\binya\Documents\Shulchan aruch\newtry\OC_Mobile\oc318-mobile-reader\public\corpus\yd1\siman160\seif-004\turei-zahav\he.html,"<b>נותן לו יותר מדעתו. </b>א""ל ממ""ש בחושן משפט סימן רל""ב סעיף ב' במי שמוצא יתרון במעות שכאן מיירי אחר שמונה לו המעות בבירור מוסיף לו קצת ועיין מה שכתבתי סי' זה סעיף י""ז מה שיש לתמוה על הטור תימה רבה:"
yd1,turei-zahav,siman160,seif-004,C:\Users\binya\Documents\Shulchan aruch\newtry\OC_Mobile\oc318-mobile-reader\public\corpus\yd1\siman160\seif-004\turei-zahav\en.html,corpus_en_html,shulchan-yd-temp corpus mirror,C:\Users\binya\Documents\shulchan-yd-temp\newtry\OC_Mobile\oc318-mobile-reader\public\corpus\yd1\siman160\seif-004\turei-zahav\en.html,false,missing_or_empty,no,,C:\Users\binya\Documents\Shulchan aruch\newtry\OC_Mobile\oc318-mobile-reader\public\corpus\yd1\siman160\seif-004\turei-zahav\he.html,"<b>נותן לו יותר מדעתו. </b>א""ל ממ""ש בחושן משפט סימן רל""ב סעיף ב' במי שמוצא יתרון במעות שכאן מיירי אחר שמונה לו המעות בבירור מוסיף לו קצת ועיין מה שכתבתי סי' זה סעיף י""ז מה שיש לתמוה על הטור תימה רבה:"
yd1,turei-zahav,siman160,seif-004,C:\Users\binya\Documents\Shulchan aruch\newtry\OC_Mobile\oc318-mobile-reader\public\corpus\yd1\siman160\seif-004\turei-zahav\en.html,source_txt_block,current YD_001 source output,C:\Users\binya\Documents\Shulchan aruch\newtry\YD_001\output\siman_160\turei-zahav\part-001.txt,true,missing_or_empty,no,,C:\Users\binya\Documents\Shulchan aruch\newtry\OC_Mobile\oc318-mobile-reader\public\corpus\yd1\siman160\seif-004\turei-zahav\he.html,"<b>נותן לו יותר מדעתו. </b>א""ל ממ""ש בחושן משפט סימן רל""ב סעיף ב' במי שמוצא יתרון במעות שכאן מיירי אחר שמונה לו המעות בבירור מוסיף לו קצת ועיין מה שכתבתי סי' זה סעיף י""ז מה שיש לתמוה על הטור תימה רבה:"
yd1,turei-zahav,siman160,seif-004,C:\Users\binya\Documents\Shulchan aruch\newtry\OC_Mobile\oc318-mobile-reader\public\corpus\yd1\siman160\seif-004\turei-zahav\en.html,source_txt_block,temp YD_001 source output,C:\Users\binya\Documents\shulchan-yd-temp\newtry\YD_001\output\siman_160\turei-zahav\part-001.txt,true,missing_or_empty,no,,C:\Users\binya\Documents\Shulchan aruch\newtry\OC_Mobile\oc318-mobile-reader\public\corpus\yd1\siman160\seif-004\turei-zahav\he.html,"<b>נותן לו יותר מדעתו. </b>א""ל ממ""ש בחושן משפט סימן רל""ב סעיף ב' במי שמוצא יתרון במעות שכאן מיירי אחר שמונה לו המעות בבירור מוסיף לו קצת ועיין מה שכתבתי סי' זה סעיף י""ז מה שיש לתמוה על הטור תימה רבה:"
yd1,turei-zahav,siman199,seif-001,C:\Users\binya\Documents\Shulchan aruch\newtry\OC_Mobile\oc318-mobile-reader\public\corpus\yd1\siman199\seif-001\turei-zahav\en.html,corpus_en_html,SA_Sandbox corpus mirror,C:\Users\binya\Documents\Shulchan aruch\newtry\SA_Sandbox\public\corpus\yd1\siman199\seif-001\turei-zahav\en.html,false,missing_or_empty,no,,C:\Users\binya\Documents\Shulchan aruch\newtry\OC_Mobile\oc318-mobile-reader\public\corpus\yd1\siman199\seif-001\turei-zahav\he.html,"<b>ובית הסתרים שלה. </b>בטור כתוב קמטים וכל בית סתרי' ותמה בי' יוסף דהא חדא הם ובגמ' אמר רבא קמטים לחוד וד""מ תירץ דהוא כמ""ש המרדכי בשם רא""ם קמטים היינו תחת אצילי ידי' ותחת שוקה ובית הסתרים היינו לפנים כגון נקבי החוטם ואזנים ולפנים מהשפה עכ""ל. ולשון זה של הטור איתא בגמ' בנדה (דף ס""ו) מיתיבי בי' הקמטי' ובי' הסתרי' כו' <i data-commentator=""Nekudot HaKesef"" data-label=""♯"" data-order=""1""></i>ותימה על הב""י שראה דברי רבא ולא ראה מיתיבי שאחריו: | <b>ולא בשאר משקין. </b>דכשנשאר לחלוחיתו בתוך הקמט ישאר שם כתם המשקה: | <b>וכן צריכה האשה לעיין כו'. </b>הטור כתב על דברי הרמב""ן יראה שמחמיר יותר בעיון הגוף כו' באמת דבריו תמוהים שכתב שעיון הראש מתקנת עזרא וזה אינו דודאי עיקר עיון מדאורייתא הוא בראש כמ""ש ב""י וצריכין דברי הטור לתיקון ונראה שהוא בדרך זה דעיון הראש ר""ל חפיפת הראש שהוא לנו במקום עיון מדאורייתא ולמד הטור מדברי הרמב""ן שזכר אצל עיון הגוף סמוך לטבילה ואצל חפיפת הראש לא זכר כן אלא ודאי שגבי חפיפה לא הקפידו שיהיה ממש סמוך לטבילה וכ""כ ב""י בשם הר""ן וז""ל ומשום דחפיפה מדרבנן בעלמא היא מקילין בה כדאמרינן לקמן האשה חופפת בע""ש וטובלת במ""ש כו' עכ""ל. והטור לא נתכוין לקולא זאת כי זה אין צריך ללמוד מדברי הרמב""ן אלא גמרא ערוכה היא מכל מקום קמ""ל כאן דאף במקום שמרחקת החפיפה מהטבילה עכ""פ העיון לא תרחיק כלל וכמו שמסיק ב""י אחר כך בסימן זה:
<b>ותחוף כל גופה. </b>מלשונו משמע דבעינן תחילה עיון ובדיקה בכל גופה ואח""כ תעשה חפיפה בכל גופה והוא תמוה דאמאי לא סגי בחפיפת כל הגוף לחוד דהרי אז בודקת ג""כ דאין לך בדיקה גדולה מזו דאע""פ שאינה רואה במקום שחופפת סגי בהכי דאל""כ היאך תעשה בראשה ובמקומות שא""א לה לראות דהא לא הצריכו בזה שתראה לחברתה אלא דוקא בטבילה אמרו שתעמוד עליה אשה אחרת ולא בחפיפה ועיון אלא דבר פשוט שעל ידי המשמוש שפיר הוה עיון דבר תורה ומכ""ש לפי תקנת עזרא בחפיפה ושטיפה. ונראה דסיפא הוה כאן פירושא דרישא דמה שכתב תחילה שצריכה לעיין בעצמה כו' דהיינו דין תורה וע""ז מסיק אחר כך שתחמיר עליה במקום העיון תעשה חפיפה בכל הגוף ודבר פשוט שאם היא מעיינת ובודקת עצמה בשעת החפיפה דיה בכך ואין צריך בדיקה מיוחדת דוקא:"
yd1,turei-zahav,siman199,seif-001,C:\Users\binya\Documents\Shulchan aruch\newtry\OC_Mobile\oc318-mobile-reader\public\corpus\yd1\siman199\seif-001\turei-zahav\en.html,corpus_en_html,shulchan-yd-temp corpus mirror,C:\Users\binya\Documents\shulchan-yd-temp\newtry\OC_Mobile\oc318-mobile-reader\public\corpus\yd1\siman199\seif-001\turei-zahav\en.html,false,missing_or_empty,no,,C:\Users\binya\Documents\Shulchan aruch\newtry\OC_Mobile\oc318-mobile-reader\public\corpus\yd1\siman199\seif-001\turei-zahav\he.html,"<b>ובית הסתרים שלה. </b>בטור כתוב קמטים וכל בית סתרי' ותמה בי' יוסף דהא חדא הם ובגמ' אמר רבא קמטים לחוד וד""מ תירץ דהוא כמ""ש המרדכי בשם רא""ם קמטים היינו תחת אצילי ידי' ותחת שוקה ובית הסתרים היינו לפנים כגון נקבי החוטם ואזנים ולפנים מהשפה עכ""ל. ולשון זה של הטור איתא בגמ' בנדה (דף ס""ו) מיתיבי בי' הקמטי' ובי' הסתרי' כו' <i data-commentator=""Nekudot HaKesef"" data-label=""♯"" data-order=""1""></i>ותימה על הב""י שראה דברי רבא ולא ראה מיתיבי שאחריו: | <b>ולא בשאר משקין. </b>דכשנשאר לחלוחיתו בתוך הקמט ישאר שם כתם המשקה: | <b>וכן צריכה האשה לעיין כו'. </b>הטור כתב על דברי הרמב""ן יראה שמחמיר יותר בעיון הגוף כו' באמת דבריו תמוהים שכתב שעיון הראש מתקנת עזרא וזה אינו דודאי עיקר עיון מדאורייתא הוא בראש כמ""ש ב""י וצריכין דברי הטור לתיקון ונראה שהוא בדרך זה דעיון הראש ר""ל חפיפת הראש שהוא לנו במקום עיון מדאורייתא ולמד הטור מדברי הרמב""ן שזכר אצל עיון הגוף סמוך לטבילה ואצל חפיפת הראש לא זכר כן אלא ודאי שגבי חפיפה לא הקפידו שיהיה ממש סמוך לטבילה וכ""כ ב""י בשם הר""ן וז""ל ומשום דחפיפה מדרבנן בעלמא היא מקילין בה כדאמרינן לקמן האשה חופפת בע""ש וטובלת במ""ש כו' עכ""ל. והטור לא נתכוין לקולא זאת כי זה אין צריך ללמוד מדברי הרמב""ן אלא גמרא ערוכה היא מכל מקום קמ""ל כאן דאף במקום שמרחקת החפיפה מהטבילה עכ""פ העיון לא תרחיק כלל וכמו שמסיק ב""י אחר כך בסימן זה:
<b>ותחוף כל גופה. </b>מלשונו משמע דבעינן תחילה עיון ובדיקה בכל גופה ואח""כ תעשה חפיפה בכל גופה והוא תמוה דאמאי לא סגי בחפיפת כל הגוף לחוד דהרי אז בודקת ג""כ דאין לך בדיקה גדולה מזו דאע""פ שאינה רואה במקום שחופפת סגי בהכי דאל""כ היאך תעשה בראשה ובמקומות שא""א לה לראות דהא לא הצריכו בזה שתראה לחברתה אלא דוקא בטבילה אמרו שתעמוד עליה אשה אחרת ולא בחפיפה ועיון אלא דבר פשוט שעל ידי המשמוש שפיר הוה עיון דבר תורה ומכ""ש לפי תקנת עזרא בחפיפה ושטיפה. ונראה דסיפא הוה כאן פירושא דרישא דמה שכתב תחילה שצריכה לעיין בעצמה כו' דהיינו דין תורה וע""ז מסיק אחר כך שתחמיר עליה במקום העיון תעשה חפיפה בכל הגוף ודבר פשוט שאם היא מעיינת ובודקת עצמה בשעת החפיפה דיה בכך ואין צריך בדיקה מיוחדת דוקא:"
yd1,turei-zahav,siman199,seif-001,C:\Users\binya\Documents\Shulchan aruch\newtry\OC_Mobile\oc318-mobile-reader\public\corpus\yd1\siman199\seif-001\turei-zahav\en.html,source_txt_block,current YD_001 source output,C:\Users\binya\Documents\Shulchan aruch\newtry\YD_001\output\siman_199\turei-zahav\part-001.txt,true,missing_or_empty,no,,C:\Users\binya\Documents\Shulchan aruch\newtry\OC_Mobile\oc318-mobile-reader\public\corpus\yd1\siman199\seif-001\turei-zahav\he.html,"<b>ובית הסתרים שלה. </b>בטור כתוב קמטים וכל בית סתרי' ותמה בי' יוסף דהא חדא הם ובגמ' אמר רבא קמטים לחוד וד""מ תירץ דהוא כמ""ש המרדכי בשם רא""ם קמטים היינו תחת אצילי ידי' ותחת שוקה ובית הסתרים היינו לפנים כגון נקבי החוטם ואזנים ולפנים מהשפה עכ""ל. ולשון זה של הטור איתא בגמ' בנדה (דף ס""ו) מיתיבי בי' הקמטי' ובי' הסתרי' כו' <i data-commentator=""Nekudot HaKesef"" data-label=""♯"" data-order=""1""></i>ותימה על הב""י שראה דברי רבא ולא ראה מיתיבי שאחריו: | <b>ולא בשאר משקין. </b>דכשנשאר לחלוחיתו בתוך הקמט ישאר שם כתם המשקה: | <b>וכן צריכה האשה לעיין כו'. </b>הטור כתב על דברי הרמב""ן יראה שמחמיר יותר בעיון הגוף כו' באמת דבריו תמוהים שכתב שעיון הראש מתקנת עזרא וזה אינו דודאי עיקר עיון מדאורייתא הוא בראש כמ""ש ב""י וצריכין דברי הטור לתיקון ונראה שהוא בדרך זה דעיון הראש ר""ל חפיפת הראש שהוא לנו במקום עיון מדאורייתא ולמד הטור מדברי הרמב""ן שזכר אצל עיון הגוף סמוך לטבילה ואצל חפיפת הראש לא זכר כן אלא ודאי שגבי חפיפה לא הקפידו שיהיה ממש סמוך לטבילה וכ""כ ב""י בשם הר""ן וז""ל ומשום דחפיפה מדרבנן בעלמא היא מקילין בה כדאמרינן לקמן האשה חופפת בע""ש וטובלת במ""ש כו' עכ""ל. והטור לא נתכוין לקולא זאת כי זה אין צריך ללמוד מדברי הרמב""ן אלא גמרא ערוכה היא מכל מקום קמ""ל כאן דאף במקום שמרחקת החפיפה מהטבילה עכ""פ העיון לא תרחיק כלל וכמו שמסיק ב""י אחר כך בסימן זה:
<b>ותחוף כל גופה. </b>מלשונו משמע דבעינן תחילה עיון ובדיקה בכל גופה ואח""כ תעשה חפיפה בכל גופה והוא תמוה דאמאי לא סגי בחפיפת כל הגוף לחוד דהרי אז בודקת ג""כ דאין לך בדיקה גדולה מזו דאע""פ שאינה רואה במקום שחופפת סגי בהכי דאל""כ היאך תעשה בראשה ובמקומות שא""א לה לראות דהא לא הצריכו בזה שתראה לחברתה אלא דוקא בטבילה אמרו שתעמוד עליה אשה אחרת ולא בחפיפה ועיון אלא דבר פשוט שעל ידי המשמוש שפיר הוה עיון דבר תורה ומכ""ש לפי תקנת עזרא בחפיפה ושטיפה. ונראה דסיפא הוה כאן פירושא דרישא דמה שכתב תחילה שצריכה לעיין בעצמה כו' דהיינו דין תורה וע""ז מסיק אחר כך שתחמיר עליה במקום העיון תעשה חפיפה בכל הגוף ודבר פשוט שאם היא מעיינת ובודקת עצמה בשעת החפיפה דיה בכך ואין צריך בדיקה מיוחדת דוקא:"
yd1,turei-zahav,siman199,seif-001,C:\Users\binya\Documents\Shulchan aruch\newtry\OC_Mobile\oc318-mobile-reader\public\corpus\yd1\siman199\seif-001\turei-zahav\en.html,source_txt_block,temp YD_001 source output,C:\Users\binya\Documents\shulchan-yd-temp\newtry\YD_001\output\siman_199\turei-zahav\part-001.txt,true,missing_or_empty,no,,C:\Users\binya\Documents\Shulchan aruch\newtry\OC_Mobile\oc318-mobile-reader\public\corpus\yd1\siman199\seif-001\turei-zahav\he.html,"<b>ובית הסתרים שלה. </b>בטור כתוב קמטים וכל בית סתרי' ותמה בי' יוסף דהא חדא הם ובגמ' אמר רבא קמטים לחוד וד""מ תירץ דהוא כמ""ש המרדכי בשם רא""ם קמטים היינו תחת אצילי ידי' ותחת שוקה ובית הסתרים היינו לפנים כגון נקבי החוטם ואזנים ולפנים מהשפה עכ""ל. ולשון זה של הטור איתא בגמ' בנדה (דף ס""ו) מיתיבי בי' הקמטי' ובי' הסתרי' כו' <i data-commentator=""Nekudot HaKesef"" data-label=""♯"" data-order=""1""></i>ותימה על הב""י שראה דברי רבא ולא ראה מיתיבי שאחריו: | <b>ולא בשאר משקין. </b>דכשנשאר לחלוחיתו בתוך הקמט ישאר שם כתם המשקה: | <b>וכן צריכה האשה לעיין כו'. </b>הטור כתב על דברי הרמב""ן יראה שמחמיר יותר בעיון הגוף כו' באמת דבריו תמוהים שכתב שעיון הראש מתקנת עזרא וזה אינו דודאי עיקר עיון מדאורייתא הוא בראש כמ""ש ב""י וצריכין דברי הטור לתיקון ונראה שהוא בדרך זה דעיון הראש ר""ל חפיפת הראש שהוא לנו במקום עיון מדאורייתא ולמד הטור מדברי הרמב""ן שזכר אצל עיון הגוף סמוך לטבילה ואצל חפיפת הראש לא זכר כן אלא ודאי שגבי חפיפה לא הקפידו שיהיה ממש סמוך לטבילה וכ""כ ב""י בשם הר""ן וז""ל ומשום דחפיפה מדרבנן בעלמא היא מקילין בה כדאמרינן לקמן האשה חופפת בע""ש וטובלת במ""ש כו' עכ""ל. והטור לא נתכוין לקולא זאת כי זה אין צריך ללמוד מדברי הרמב""ן אלא גמרא ערוכה היא מכל מקום קמ""ל כאן דאף במקום שמרחקת החפיפה מהטבילה עכ""פ העיון לא תרחיק כלל וכמו שמסיק ב""י אחר כך בסימן זה:
<b>ותחוף כל גופה. </b>מלשונו משמע דבעינן תחילה עיון ובדיקה בכל גופה ואח""כ תעשה חפיפה בכל גופה והוא תמוה דאמאי לא סגי בחפיפת כל הגוף לחוד דהרי אז בודקת ג""כ דאין לך בדיקה גדולה מזו דאע""פ שאינה רואה במקום שחופפת סגי בהכי דאל""כ היאך תעשה בראשה ובמקומות שא""א לה לראות דהא לא הצריכו בזה שתראה לחברתה אלא דוקא בטבילה אמרו שתעמוד עליה אשה אחרת ולא בחפיפה ועיון אלא דבר פשוט שעל ידי המשמוש שפיר הוה עיון דבר תורה ומכ""ש לפי תקנת עזרא בחפיפה ושטיפה. ונראה דסיפא הוה כאן פירושא דרישא דמה שכתב תחילה שצריכה לעיין בעצמה כו' דהיינו דין תורה וע""ז מסיק אחר כך שתחמיר עליה במקום העיון תעשה חפיפה בכל הגוף ודבר פשוט שאם היא מעיינת ובודקת עצמה בשעת החפיפה דיה בכך ואין צריך בדיקה מיוחדת דוקא:"
yd1,turei-zahav,siman244,seif-007,C:\Users\binya\Documents\Shulchan aruch\newtry\OC_Mobile\oc318-mobile-reader\public\corpus\yd1\siman244\seif-007\turei-zahav\en.html,corpus_en_html,SA_Sandbox corpus mirror,C:\Users\binya\Documents\Shulchan aruch\newtry\SA_Sandbox\public\corpus\yd1\siman244\seif-007\turei-zahav\en.html,false,missing_or_empty,no,,C:\Users\binya\Documents\Shulchan aruch\newtry\OC_Mobile\oc318-mobile-reader\public\corpus\yd1\siman244\seif-007\turei-zahav\he.html,"<b>ואינו חייב לעמוד מלא קומתו. </b>כיון שהוא ילד חכם וצריכין לנהוג בו ג""כ כבוד אין לו להתבזות לקום מפני הזקן אלא יעשה לו הידור אבל שאר אדם צריך לעמוד מפני הזקן מלא קומתו כמו מפני החכם. טור:"
yd1,turei-zahav,siman244,seif-007,C:\Users\binya\Documents\Shulchan aruch\newtry\OC_Mobile\oc318-mobile-reader\public\corpus\yd1\siman244\seif-007\turei-zahav\en.html,corpus_en_html,shulchan-yd-temp corpus mirror,C:\Users\binya\Documents\shulchan-yd-temp\newtry\OC_Mobile\oc318-mobile-reader\public\corpus\yd1\siman244\seif-007\turei-zahav\en.html,false,missing_or_empty,no,,C:\Users\binya\Documents\Shulchan aruch\newtry\OC_Mobile\oc318-mobile-reader\public\corpus\yd1\siman244\seif-007\turei-zahav\he.html,"<b>ואינו חייב לעמוד מלא קומתו. </b>כיון שהוא ילד חכם וצריכין לנהוג בו ג""כ כבוד אין לו להתבזות לקום מפני הזקן אלא יעשה לו הידור אבל שאר אדם צריך לעמוד מפני הזקן מלא קומתו כמו מפני החכם. טור:"
yd1,turei-zahav,siman244,seif-007,C:\Users\binya\Documents\Shulchan aruch\newtry\OC_Mobile\oc318-mobile-reader\public\corpus\yd1\siman244\seif-007\turei-zahav\en.html,source_txt_block,current YD_001 source output,C:\Users\binya\Documents\Shulchan aruch\newtry\YD_001\output\siman_244\turei-zahav\part-001.txt,true,missing_or_empty,no,,C:\Users\binya\Documents\Shulchan aruch\newtry\OC_Mobile\oc318-mobile-reader\public\corpus\yd1\siman244\seif-007\turei-zahav\he.html,"<b>ואינו חייב לעמוד מלא קומתו. </b>כיון שהוא ילד חכם וצריכין לנהוג בו ג""כ כבוד אין לו להתבזות לקום מפני הזקן אלא יעשה לו הידור אבל שאר אדם צריך לעמוד מפני הזקן מלא קומתו כמו מפני החכם. טור:"
yd1,turei-zahav,siman244,seif-007,C:\Users\binya\Documents\Shulchan aruch\newtry\OC_Mobile\oc318-mobile-reader\public\corpus\yd1\siman244\seif-007\turei-zahav\en.html,source_txt_block,temp YD_001 source output,C:\Users\binya\Documents\shulchan-yd-temp\newtry\YD_001\output\siman_244\turei-zahav\part-001.txt,true,missing_or_empty,no,,C:\Users\binya\Documents\Shulchan aruch\newtry\OC_Mobile\oc318-mobile-reader\public\corpus\yd1\siman244\seif-007\turei-zahav\he.html,"<b>ואינו חייב לעמוד מלא קומתו. </b>כיון שהוא ילד חכם וצריכין לנהוג בו ג""כ כבוד אין לו להתבזות לקום מפני הזקן אלא יעשה לו הידור אבל שאר אדם צריך לעמוד מפני הזקן מלא קומתו כמו מפני החכם. טור:"
yd1,turei-zahav,siman321,seif-005,C:\Users\binya\Documents\Shulchan aruch\newtry\OC_Mobile\oc318-mobile-reader\public\corpus\yd1\siman321\seif-005\turei-zahav\en.html,corpus_en_html,SA_Sandbox corpus mirror,C:\Users\binya\Documents\Shulchan aruch\newtry\SA_Sandbox\public\corpus\yd1\siman321\seif-005\turei-zahav\en.html,false,missing_or_empty,no,,C:\Users\binya\Documents\Shulchan aruch\newtry\OC_Mobile\oc318-mobile-reader\public\corpus\yd1\siman321\seif-005\turei-zahav\he.html,<b>או במקום שיש לו ספק כו'. </b>פירוש ויש לו הרבה מהם פודה כולן בשה אחד כן הוא בטור:
yd1,turei-zahav,siman321,seif-005,C:\Users\binya\Documents\Shulchan aruch\newtry\OC_Mobile\oc318-mobile-reader\public\corpus\yd1\siman321\seif-005\turei-zahav\en.html,corpus_en_html,shulchan-yd-temp corpus mirror,C:\Users\binya\Documents\shulchan-yd-temp\newtry\OC_Mobile\oc318-mobile-reader\public\corpus\yd1\siman321\seif-005\turei-zahav\en.html,false,missing_or_empty,no,,C:\Users\binya\Documents\Shulchan aruch\newtry\OC_Mobile\oc318-mobile-reader\public\corpus\yd1\siman321\seif-005\turei-zahav\he.html,<b>או במקום שיש לו ספק כו'. </b>פירוש ויש לו הרבה מהם פודה כולן בשה אחד כן הוא בטור:
yd1,turei-zahav,siman321,seif-005,C:\Users\binya\Documents\Shulchan aruch\newtry\OC_Mobile\oc318-mobile-reader\public\corpus\yd1\siman321\seif-005\turei-zahav\en.html,source_txt_block,current YD_001 source output,C:\Users\binya\Documents\Shulchan aruch\newtry\YD_001\output\siman_321\turei-zahav\part-001.txt,false,missing_or_empty,no,,C:\Users\binya\Documents\Shulchan aruch\newtry\OC_Mobile\oc318-mobile-reader\public\corpus\yd1\siman321\seif-005\turei-zahav\he.html,<b>או במקום שיש לו ספק כו'. </b>פירוש ויש לו הרבה מהם פודה כולן בשה אחד כן הוא בטור:
yd1,turei-zahav,siman321,seif-005,C:\Users\binya\Documents\Shulchan aruch\newtry\OC_Mobile\oc318-mobile-reader\public\corpus\yd1\siman321\seif-005\turei-zahav\en.html,source_txt_block,temp YD_001 source output,C:\Users\binya\Documents\shulchan-yd-temp\newtry\YD_001\output\siman_321\turei-zahav\part-001.txt,true,missing_or_empty,no,,C:\Users\binya\Documents\Shulchan aruch\newtry\OC_Mobile\oc318-mobile-reader\public\corpus\yd1\siman321\seif-005\turei-zahav\he.html,<b>או במקום שיש לו ספק כו'. </b>פירוש ויש לו הרבה מהם פודה כולן בשה אחד כן הוא בטור:
yd1,turei-zahav,siman341,seif-006,C:\Users\binya\Documents\Shulchan aruch\newtry\OC_Mobile\oc318-mobile-reader\public\corpus\yd1\siman341\seif-006\turei-zahav\en.html,corpus_en_html,SA_Sandbox corpus mirror,C:\Users\binya\Documents\Shulchan aruch\newtry\SA_Sandbox\public\corpus\yd1\siman341\seif-006\turei-zahav\en.html,false,missing_or_empty,no,,C:\Users\binya\Documents\Shulchan aruch\newtry\OC_Mobile\oc318-mobile-reader\public\corpus\yd1\siman341\seif-006\turei-zahav\he.html,"<b>יבדיל אחר שיקבר. </b>דזמן הבדלה עד סוף יום שלישי ובטור כתוב כל השבת כולה היינו מה ששייך לאותו שבת ועיין מ""ש בסימן שצ""ו דפסקי הש""ע סותרים זה את זה. ובישוב הדברים כתב רש""ל בתשובה סי' ע' דאם יש לאונן בן לימול ועדיין לא נקבר המת דמ""מ ימול הבן בבית הכנסת קודם עלינו כמו בשאר פעמים. אח""כ מצאתי בשם רמ""א בכתב ידו שיש לקבור קודם דאל""כ הוי אונן וא""א לו לברך להכניסו בברית דאונן פטור מכל המצות ונראה שיש לחוש לזה אם אפשר לקברו קודם שיוצאין מבית הכנסת בשחרית דאין דוחין זריזות המצוה אבל אם א""א יברך הסנדק וימול אותו בשחרית דהא איתא בסימן ש""ס מת ומילה מילה קודמת:"
yd1,turei-zahav,siman341,seif-006,C:\Users\binya\Documents\Shulchan aruch\newtry\OC_Mobile\oc318-mobile-reader\public\corpus\yd1\siman341\seif-006\turei-zahav\en.html,corpus_en_html,shulchan-yd-temp corpus mirror,C:\Users\binya\Documents\shulchan-yd-temp\newtry\OC_Mobile\oc318-mobile-reader\public\corpus\yd1\siman341\seif-006\turei-zahav\en.html,false,missing_or_empty,no,,C:\Users\binya\Documents\Shulchan aruch\newtry\OC_Mobile\oc318-mobile-reader\public\corpus\yd1\siman341\seif-006\turei-zahav\he.html,"<b>יבדיל אחר שיקבר. </b>דזמן הבדלה עד סוף יום שלישי ובטור כתוב כל השבת כולה היינו מה ששייך לאותו שבת ועיין מ""ש בסימן שצ""ו דפסקי הש""ע סותרים זה את זה. ובישוב הדברים כתב רש""ל בתשובה סי' ע' דאם יש לאונן בן לימול ועדיין לא נקבר המת דמ""מ ימול הבן בבית הכנסת קודם עלינו כמו בשאר פעמים. אח""כ מצאתי בשם רמ""א בכתב ידו שיש לקבור קודם דאל""כ הוי אונן וא""א לו לברך להכניסו בברית דאונן פטור מכל המצות ונראה שיש לחוש לזה אם אפשר לקברו קודם שיוצאין מבית הכנסת בשחרית דאין דוחין זריזות המצוה אבל אם א""א יברך הסנדק וימול אותו בשחרית דהא איתא בסימן ש""ס מת ומילה מילה קודמת:"
yd1,turei-zahav,siman341,seif-006,C:\Users\binya\Documents\Shulchan aruch\newtry\OC_Mobile\oc318-mobile-reader\public\corpus\yd1\siman341\seif-006\turei-zahav\en.html,source_txt_block,current YD_001 source output,C:\Users\binya\Documents\Shulchan aruch\newtry\YD_001\output\siman_341\turei-zahav\part-001.txt,false,missing_or_empty,no,,C:\Users\binya\Documents\Shulchan aruch\newtry\OC_Mobile\oc318-mobile-reader\public\corpus\yd1\siman341\seif-006\turei-zahav\he.html,"<b>יבדיל אחר שיקבר. </b>דזמן הבדלה עד סוף יום שלישי ובטור כתוב כל השבת כולה היינו מה ששייך לאותו שבת ועיין מ""ש בסימן שצ""ו דפסקי הש""ע סותרים זה את זה. ובישוב הדברים כתב רש""ל בתשובה סי' ע' דאם יש לאונן בן לימול ועדיין לא נקבר המת דמ""מ ימול הבן בבית הכנסת קודם עלינו כמו בשאר פעמים. אח""כ מצאתי בשם רמ""א בכתב ידו שיש לקבור קודם דאל""כ הוי אונן וא""א לו לברך להכניסו בברית דאונן פטור מכל המצות ונראה שיש לחוש לזה אם אפשר לקברו קודם שיוצאין מבית הכנסת בשחרית דאין דוחין זריזות המצוה אבל אם א""א יברך הסנדק וימול אותו בשחרית דהא איתא בסימן ש""ס מת ומילה מילה קודמת:"
yd1,turei-zahav,siman341,seif-006,C:\Users\binya\Documents\Shulchan aruch\newtry\OC_Mobile\oc318-mobile-reader\public\corpus\yd1\siman341\seif-006\turei-zahav\en.html,source_txt_block,temp YD_001 source output,C:\Users\binya\Documents\shulchan-yd-temp\newtry\YD_001\output\siman_341\turei-zahav\part-001.txt,true,missing_or_empty,no,,C:\Users\binya\Documents\Shulchan aruch\newtry\OC_Mobile\oc318-mobile-reader\public\corpus\yd1\siman341\seif-006\turei-zahav\he.html,"<b>יבדיל אחר שיקבר. </b>דזמן הבדלה עד סוף יום שלישי ובטור כתוב כל השבת כולה היינו מה ששייך לאותו שבת ועיין מ""ש בסימן שצ""ו דפסקי הש""ע סותרים זה את זה. ובישוב הדברים כתב רש""ל בתשובה סי' ע' דאם יש לאונן בן לימול ועדיין לא נקבר המת דמ""מ ימול הבן בבית הכנסת קודם עלינו כמו בשאר פעמים. אח""כ מצאתי בשם רמ""א בכתב ידו שיש לקבור קודם דאל""כ הוי אונן וא""א לו לברך להכניסו בברית דאונן פטור מכל המצות ונראה שיש לחוש לזה אם אפשר לקברו קודם שיוצאין מבית הכנסת בשחרית דאין דוחין זריזות המצוה אבל אם א""א יברך הסנדק וימול אותו בשחרית דהא איתא בסימן ש""ס מת ומילה מילה קודמת:"
oc1,peri-megadim,siman30,seif-002,C:\Users\binya\Documents\Shulchan aruch\newtry\OC_Mobile\oc318-mobile-reader\public\corpus\oc1\siman30\seif-002\peri-megadim\en.html,corpus_en_html,SA_Sandbox corpus mirror,C:\Users\binya\Documents\Shulchan aruch\newtry\SA_Sandbox\public\corpus\oc1\siman30\seif-002\peri-megadim\en.html,false,missing_or_empty,no,,C:\Users\binya\Documents\Shulchan aruch\newtry\OC_Mobile\oc318-mobile-reader\public\corpus\oc1\siman30\seif-002\peri-megadim\he.html,<b>הרגיל</b> עט״ז והוא ירושלמי כמ״ש באר הגולה:
oc1,peri-megadim,siman30,seif-002,C:\Users\binya\Documents\Shulchan aruch\newtry\OC_Mobile\oc318-mobile-reader\public\corpus\oc1\siman30\seif-002\peri-megadim\en.html,corpus_en_html,shulchan-yd-temp corpus mirror,C:\Users\binya\Documents\shulchan-yd-temp\newtry\OC_Mobile\oc318-mobile-reader\public\corpus\oc1\siman30\seif-002\peri-megadim\en.html,true,possibly_clean,yes,"<b>The accustomed.</b> Taz — and this is Yerushalmi, as Be'er HaGolah wrote. ",C:\Users\binya\Documents\Shulchan aruch\newtry\OC_Mobile\oc318-mobile-reader\public\corpus\oc1\siman30\seif-002\peri-megadim\he.html,<b>הרגיל</b> עט״ז והוא ירושלמי כמ״ש באר הגולה:
oc1,peri-megadim,siman30,seif-002,C:\Users\binya\Documents\Shulchan aruch\newtry\OC_Mobile\oc318-mobile-reader\public\corpus\oc1\siman30\seif-002\peri-megadim\en.html,source_txt_block,current OC_001 source output,C:\Users\binya\Documents\Shulchan aruch\newtry\OC_001\output\siman_030\peri-megadim\part-001.txt,true,possibly_clean,yes,"The habitual 17th century and he is a Jerusalemite, as the well of the diaspora:",C:\Users\binya\Documents\Shulchan aruch\newtry\OC_Mobile\oc318-mobile-reader\public\corpus\oc1\siman30\seif-002\peri-megadim\he.html,<b>הרגיל</b> עט״ז והוא ירושלמי כמ״ש באר הגולה:
oc1,peri-megadim,siman30,seif-002,C:\Users\binya\Documents\Shulchan aruch\newtry\OC_Mobile\oc318-mobile-reader\public\corpus\oc1\siman30\seif-002\peri-megadim\en.html,source_txt_block,temp OC_001 source output,C:\Users\binya\Documents\shulchan-yd-temp\newtry\OC_001\output\siman_030\peri-megadim\part-001.txt,true,possibly_clean,yes,"The habitual 17th century and he is a Jerusalemite, as the well of the diaspora:",C:\Users\binya\Documents\Shulchan aruch\newtry\OC_Mobile\oc318-mobile-reader\public\corpus\oc1\siman30\seif-002\peri-megadim\he.html,<b>הרגיל</b> עט״ז והוא ירושלמי כמ״ש באר הגולה:
oc1,peri-megadim,siman128,seif-019,C:\Users\binya\Documents\Shulchan aruch\newtry\OC_Mobile\oc318-mobile-reader\public\corpus\oc1\siman128\seif-019\peri-megadim\en.html,corpus_en_html,SA_Sandbox corpus mirror,C:\Users\binya\Documents\Shulchan aruch\newtry\SA_Sandbox\public\corpus\oc1\siman128\seif-019\peri-megadim\en.html,false,missing_or_empty,no,,C:\Users\binya\Documents\Shulchan aruch\newtry\OC_Mobile\oc318-mobile-reader\public\corpus\oc1\siman128\seif-019\peri-megadim\he.html,<b>ולא</b> עט״ז ירושלמי הוא הביאו הב״י ועיין דרישה מזה ועד״מ שגם הישראלים משלשלים הטליתות שלא יסתכלו כלל חוצה:
oc1,peri-megadim,siman128,seif-019,C:\Users\binya\Documents\Shulchan aruch\newtry\OC_Mobile\oc318-mobile-reader\public\corpus\oc1\siman128\seif-019\peri-megadim\en.html,corpus_en_html,shulchan-yd-temp corpus mirror,C:\Users\binya\Documents\shulchan-yd-temp\newtry\OC_Mobile\oc318-mobile-reader\public\corpus\oc1\siman128\seif-019\peri-megadim\en.html,true,possibly_clean,yes,"And not a Jerusalemite, he brought the Gemara and a reference to a demand from this and AD that even the Israelis who are shedding the Talites not to look beyond at all: ",C:\Users\binya\Documents\Shulchan aruch\newtry\OC_Mobile\oc318-mobile-reader\public\corpus\oc1\siman128\seif-019\peri-megadim\he.html,<b>ולא</b> עט״ז ירושלמי הוא הביאו הב״י ועיין דרישה מזה ועד״מ שגם הישראלים משלשלים הטליתות שלא יסתכלו כלל חוצה:
oc1,peri-megadim,siman128,seif-019,C:\Users\binya\Documents\Shulchan aruch\newtry\OC_Mobile\oc318-mobile-reader\public\corpus\oc1\siman128\seif-019\peri-megadim\en.html,source_txt_block,current OC_001 source output,C:\Users\binya\Documents\Shulchan aruch\newtry\OC_001\output\siman_128\peri-megadim\part-001.txt,true,possibly_clean,yes,"And not a Jerusalemite, he brought the Bible and a reference to a demand from this and AD that even the Israelis who are shedding the Talites not to look beyond at all:",C:\Users\binya\Documents\Shulchan aruch\newtry\OC_Mobile\oc318-mobile-reader\public\corpus\oc1\siman128\seif-019\peri-megadim\he.html,<b>ולא</b> עט״ז ירושלמי הוא הביאו הב״י ועיין דרישה מזה ועד״מ שגם הישראלים משלשלים הטליתות שלא יסתכלו כלל חוצה:
oc1,peri-megadim,siman128,seif-019,C:\Users\binya\Documents\Shulchan aruch\newtry\OC_Mobile\oc318-mobile-reader\public\corpus\oc1\siman128\seif-019\peri-megadim\en.html,source_txt_block,temp OC_001 source output,C:\Users\binya\Documents\shulchan-yd-temp\newtry\OC_001\output\siman_128\peri-megadim\part-001.txt,true,possibly_clean,yes,"And not a Jerusalemite, he brought the Bible and a reference to a demand from this and AD that even the Israelis who are shedding the Talites not to look beyond at all:",C:\Users\binya\Documents\Shulchan aruch\newtry\OC_Mobile\oc318-mobile-reader\public\corpus\oc1\siman128\seif-019\peri-megadim\he.html,<b>ולא</b> עט״ז ירושלמי הוא הביאו הב״י ועיין דרישה מזה ועד״מ שגם הישראלים משלשלים הטליתות שלא יסתכלו כלל חוצה:
oc1,peri-megadim,siman690,seif-008,C:\Users\binya\Documents\Shulchan aruch\newtry\OC_Mobile\oc318-mobile-reader\public\corpus\oc1\siman690\seif-008\peri-megadim\en.html,corpus_en_html,SA_Sandbox corpus mirror,C:\Users\binya\Documents\Shulchan aruch\newtry\SA_Sandbox\public\corpus\oc1\siman690\seif-008\peri-megadim\en.html,false,missing_or_empty,no,,C:\Users\binya\Documents\Shulchan aruch\newtry\OC_Mobile\oc318-mobile-reader\public\corpus\oc1\siman690\seif-008\peri-megadim\he.html,<b>קראה</b> עט״ז פירש מ״ש התוס׳ בתענית י״ב ב׳ ד״ה נים ולא נים דצריך להגיה וכ״ה בר״ן ז״ל פרק הקורא מתנמנם דבמגילה סליקו ב׳ הפירושים שפיר אבל בע״פ ובתענית א״א לפרש סוף השינה יע״ש (ט״ס י״א וצ״ל י״ב ובר״ן פ״ב צ״ל) ומה שסיים הט״ז דלדינא אין חילוק ר״ל אף בסוף כשניער משינה והוא נים ולא נים נמי יצא דלא כב״ח שפסק כמ״ש התוס׳ דוקא בתחלת השינה אבל בסוף השינה לא יצא דהתוס׳ לא כתבו רק הפי׳ בע״פ ותענית א״א לפרש כן וא״י למה ליה להגיה דא״נ כמ״ש לפנינו יכול לפרש כן ואולי אגב גררא הגיה נמי זה. מ״ש בש״ע שמעה מתנמנם לא יצא הוא ירושלמי וכמ״ש באר הגולה והטעם דבקורא בפיו שפיר דמי משא״כ שומע י״ל דלא שמע יפה בתיר ולא תיר ונים כו׳ אמנם בב״י הביא ירושלמי מנשה היה יתיב קומי ר׳ זירא ומתנמנם א״ל חזור בך דלא כוונת והיינו דהיה שומע א״כ משמע הטעם דמצות צריכות כוונה ואע״פ ששומע לא מכוין יפה משא״כ קורא בפיו וקצת צ״ע דנים ולא ידע לאהדורי סברא ופירש״י ז״ל מבינת הלב ואיך יכול לכוין כראוי ועסי׳ ס״ג במצות צריך כוונה יש ב׳ כוונות א״ש:
oc1,peri-megadim,siman690,seif-008,C:\Users\binya\Documents\Shulchan aruch\newtry\OC_Mobile\oc318-mobile-reader\public\corpus\oc1\siman690\seif-008\peri-megadim\en.html,corpus_en_html,shulchan-yd-temp corpus mirror,C:\Users\binya\Documents\shulchan-yd-temp\newtry\OC_Mobile\oc318-mobile-reader\public\corpus\oc1\siman690\seif-008\peri-megadim\en.html,true,possibly_clean,yes,"She read the 17th interpretation of the MS Hatos in the 12th Lent, 12 2, 12, 12, 13, 14, 14, 14, 14, 15, 15, 16, 16, 17, 18, 19, 20, 21, 22, 24, 24. R.L. even at the end when a boy sleeps and he is nim and not nim Nami c",C:\Users\binya\Documents\Shulchan aruch\newtry\OC_Mobile\oc318-mobile-reader\public\corpus\oc1\siman690\seif-008\peri-megadim\he.html,<b>קראה</b> עט״ז פירש מ״ש התוס׳ בתענית י״ב ב׳ ד״ה נים ולא נים דצריך להגיה וכ״ה בר״ן ז״ל פרק הקורא מתנמנם דבמגילה סליקו ב׳ הפירושים שפיר אבל בע״פ ובתענית א״א לפרש סוף השינה יע״ש (ט״ס י״א וצ״ל י״ב ובר״ן פ״ב צ״ל) ומה שסיים הט״ז דלדינא אין חילוק ר״ל אף בסוף כשניער משינה והוא נים ולא נים נמי יצא דלא כב״ח שפסק כמ״ש התוס׳ דוקא בתחלת השינה אבל בסוף השינה לא יצא דהתוס׳ לא כתבו רק הפי׳ בע״פ ותענית א״א לפרש כן וא״י למה ליה להגיה דא״נ כמ״ש לפנינו יכול לפרש כן ואולי אגב גררא הגיה נמי זה. מ״ש בש״ע שמעה מתנמנם לא יצא הוא ירושלמי וכמ״ש באר הגולה והטעם דבקורא בפיו שפיר דמי משא״כ שומע י״ל דלא שמע יפה בתיר ולא תיר ונים כו׳ אמנם בב״י הביא ירושלמי מנשה היה יתיב קומי ר׳ זירא ומתנמנם א״ל חזור בך דלא כוונת והיינו דהיה שומע א״כ משמע הטעם דמצות צריכות כוונה ואע״פ ששומע לא מכוין יפה משא״כ קורא בפיו וקצת צ״ע דנים ולא ידע לאהדורי סברא ופירש״י ז״ל מבינת הלב ואיך יכול לכוין כראוי ועסי׳ ס״ג במצות צריך כוונה יש ב׳ כוונות א״ש:
oc1,peri-megadim,siman690,seif-008,C:\Users\binya\Documents\Shulchan aruch\newtry\OC_Mobile\oc318-mobile-reader\public\corpus\oc1\siman690\seif-008\peri-megadim\en.html,source_txt_block,current OC_001 source output,C:\Users\binya\Documents\Shulchan aruch\newtry\OC_001\output\siman_690\peri-megadim\part-001.txt,true,placeholder,no,English translation pending — replace after editing this block (keep Hebrew above intact).,C:\Users\binya\Documents\Shulchan aruch\newtry\OC_Mobile\oc318-mobile-reader\public\corpus\oc1\siman690\seif-008\peri-megadim\he.html,<b>קראה</b> עט״ז פירש מ״ש התוס׳ בתענית י״ב ב׳ ד״ה נים ולא נים דצריך להגיה וכ״ה בר״ן ז״ל פרק הקורא מתנמנם דבמגילה סליקו ב׳ הפירושים שפיר אבל בע״פ ובתענית א״א לפרש סוף השינה יע״ש (ט״ס י״א וצ״ל י״ב ובר״ן פ״ב צ״ל) ומה שסיים הט״ז דלדינא אין חילוק ר״ל אף בסוף כשניער משינה והוא נים ולא נים נמי יצא דלא כב״ח שפסק כמ״ש התוס׳ דוקא בתחלת השינה אבל בסוף השינה לא יצא דהתוס׳ לא כתבו רק הפי׳ בע״פ ותענית א״א לפרש כן וא״י למה ליה להגיה דא״נ כמ״ש לפנינו יכול לפרש כן ואולי אגב גררא הגיה נמי זה. מ״ש בש״ע שמעה מתנמנם לא יצא הוא ירושלמי וכמ״ש באר הגולה והטעם דבקורא בפיו שפיר דמי משא״כ שומע י״ל דלא שמע יפה בתיר ולא תיר ונים כו׳ אמנם בב״י הביא ירושלמי מנשה היה יתיב קומי ר׳ זירא ומתנמנם א״ל חזור בך דלא כוונת והיינו דהיה שומע א״כ משמע הטעם דמצות צריכות כוונה ואע״פ ששומע לא מכוין יפה משא״כ קורא בפיו וקצת צ״ע דנים ולא ידע לאהדורי סברא ופירש״י ז״ל מבינת הלב ואיך יכול לכוין כראוי ועסי׳ ס״ג במצות צריך כוונה יש ב׳ כוונות א״ש:
oc1,peri-megadim,siman690,seif-008,C:\Users\binya\Documents\Shulchan aruch\newtry\OC_Mobile\oc318-mobile-reader\public\corpus\oc1\siman690\seif-008\peri-megadim\en.html,source_txt_block,temp OC_001 source output,C:\Users\binya\Documents\shulchan-yd-temp\newtry\OC_001\output\siman_690\peri-megadim\part-001.txt,true,placeholder,no,English translation pending — replace after editing this block (keep Hebrew above intact).,C:\Users\binya\Documents\Shulchan aruch\newtry\OC_Mobile\oc318-mobile-reader\public\corpus\oc1\siman690\seif-008\peri-megadim\he.html,<b>קראה</b> עט״ז פירש מ״ש התוס׳ בתענית י״ב ב׳ ד״ה נים ולא נים דצריך להגיה וכ״ה בר״ן ז״ל פרק הקורא מתנמנם דבמגילה סליקו ב׳ הפירושים שפיר אבל בע״פ ובתענית א״א לפרש סוף השינה יע״ש (ט״ס י״א וצ״ל י״ב ובר״ן פ״ב צ״ל) ומה שסיים הט״ז דלדינא אין חילוק ר״ל אף בסוף כשניער משינה והוא נים ולא נים נמי יצא דלא כב״ח שפסק כמ״ש התוס׳ דוקא בתחלת השינה אבל בסוף השינה לא יצא דהתוס׳ לא כתבו רק הפי׳ בע״פ ותענית א״א לפרש כן וא״י למה ליה להגיה דא״נ כמ״ש לפנינו יכול לפרש כן ואולי אגב גררא הגיה נמי זה. מ״ש בש״ע שמעה מתנמנם לא יצא הוא ירושלמי וכמ״ש באר הגולה והטעם דבקורא בפיו שפיר דמי משא״כ שומע י״ל דלא שמע יפה בתיר ולא תיר ונים כו׳ אמנם בב״י הביא ירושלמי מנשה היה יתיב קומי ר׳ זירא ומתנמנם א״ל חזור בך דלא כוונת והיינו דהיה שומע א״כ משמע הטעם דמצות צריכות כוונה ואע״פ ששומע לא מכוין יפה משא״כ קורא בפיו וקצת צ״ע דנים ולא ידע לאהדורי סברא ופירש״י ז״ל מבינת הלב ואיך יכול לכוין כראוי ועסי׳ ס״ג במצות צריך כוונה יש ב׳ כוונות א״ש:
oc1,beur-hagra,siman31,seif-002,C:\Users\binya\Documents\Shulchan aruch\newtry\OC_Mobile\oc318-mobile-reader\public\corpus\oc1\siman31\seif-002\beur-hagra\en.html,corpus_en_html,SA_Sandbox corpus mirror,C:\Users\binya\Documents\Shulchan aruch\newtry\SA_Sandbox\public\corpus\oc1\siman31\seif-002\beur-hagra\en.html,false,missing_or_empty,no,,C:\Users\binya\Documents\Shulchan aruch\newtry\OC_Mobile\oc318-mobile-reader\public\corpus\oc1\siman31\seif-002\beur-hagra\he.html,"<b>סעי' ב בחול המועד כו'. </b>ר""ל במצה וסוכה וכ""כ בהלכות גדולות וספר העתים בשם הגאון וכ""ה בז""ח נ""א ג': | <b>וי""א כו'. </b>כמ""ש במ""ק י""ט א' דאי להניחן לאחר המועד מ""ל לעצמו מ""ל לאחרים אבל אין ראיה מזה כלל דר""מ ור""י לטעמייהו דאית להו בפ' בתרא דעירובין דשבת ויו""ט זמן תפילין הן וכמ""ש במ""ק שם וכן הרא""ש בה""ק דחה ראיה זו וכן תוס' דמנחות ל""ו ב' ד""ה יצאו כו' וע' תוס' דמ""ק י""ט א' ד""ה ר' יוסי כו' ובעירובין צ""ו א' ד""ה ימים ומירושלמי שהביאו תוס' במ""ק שם ושם אין ראיה כלל דשם אליבא דמ""ד שבת זמן תפילין כדקאמר שם מתניתין פליג' עלה דרב כותב אדם תפילין כו' לעצמו ופריק שם מתניתין אליביה דרב ומתניתין רבי יהודה היא דקאמר כותב כו' דס""ל שבת ויו""ט ז""ת הן וע' נ""י שם בסוגיא דשם ואין לדעה זו עיקר כלל דמה שהביאו תוס' בעירובין שם משמעות קצת מסוגיא דספ""ק דביצה גבי משלחין כלים בין תפורין כו' וקאמר לאתויי תפילין כו' ע""ש ליתא דט""ס במתניתין דבירושלמי פ""ק דמס' ביצה מפורש להדיא במתני' אע""פ שאין לצורך המועד וכן צ""ל במתני' הנ""ל וא""כ אין משמעות כלל בסוגיא הנ""ל ע""ש:"
oc1,beur-hagra,siman31,seif-002,C:\Users\binya\Documents\Shulchan aruch\newtry\OC_Mobile\oc318-mobile-reader\public\corpus\oc1\siman31\seif-002\beur-hagra\en.html,corpus_en_html,shulchan-yd-temp corpus mirror,C:\Users\binya\Documents\shulchan-yd-temp\newtry\OC_Mobile\oc318-mobile-reader\public\corpus\oc1\siman31\seif-002\beur-hagra\en.html,true,possibly_clean,yes,"<b>Seif 2 — ""On Chol HaMoed,"" etc.</b> Meaning on Pesach (matzah) and Sukkot (sukkah); and so too in Hilchot Gedolot and Sefer HaItim in the name of the Gaon; and so too in Zohar part 1, page 3.<br> <br> <b>""And there ar",C:\Users\binya\Documents\Shulchan aruch\newtry\OC_Mobile\oc318-mobile-reader\public\corpus\oc1\siman31\seif-002\beur-hagra\he.html,"<b>סעי' ב בחול המועד כו'. </b>ר""ל במצה וסוכה וכ""כ בהלכות גדולות וספר העתים בשם הגאון וכ""ה בז""ח נ""א ג': | <b>וי""א כו'. </b>כמ""ש במ""ק י""ט א' דאי להניחן לאחר המועד מ""ל לעצמו מ""ל לאחרים אבל אין ראיה מזה כלל דר""מ ור""י לטעמייהו דאית להו בפ' בתרא דעירובין דשבת ויו""ט זמן תפילין הן וכמ""ש במ""ק שם וכן הרא""ש בה""ק דחה ראיה זו וכן תוס' דמנחות ל""ו ב' ד""ה יצאו כו' וע' תוס' דמ""ק י""ט א' ד""ה ר' יוסי כו' ובעירובין צ""ו א' ד""ה ימים ומירושלמי שהביאו תוס' במ""ק שם ושם אין ראיה כלל דשם אליבא דמ""ד שבת זמן תפילין כדקאמר שם מתניתין פליג' עלה דרב כותב אדם תפילין כו' לעצמו ופריק שם מתניתין אליביה דרב ומתניתין רבי יהודה היא דקאמר כותב כו' דס""ל שבת ויו""ט ז""ת הן וע' נ""י שם בסוגיא דשם ואין לדעה זו עיקר כלל דמה שהביאו תוס' בעירובין שם משמעות קצת מסוגיא דספ""ק דביצה גבי משלחין כלים בין תפורין כו' וקאמר לאתויי תפילין כו' ע""ש ליתא דט""ס במתניתין דבירושלמי פ""ק דמס' ביצה מפורש להדיא במתני' אע""פ שאין לצורך המועד וכן צ""ל במתני' הנ""ל וא""כ אין משמעות כלל בסוגיא הנ""ל ע""ש:"
oc1,beur-hagra,siman31,seif-002,C:\Users\binya\Documents\Shulchan aruch\newtry\OC_Mobile\oc318-mobile-reader\public\corpus\oc1\siman31\seif-002\beur-hagra\en.html,source_txt_block,current OC_001 source output,C:\Users\binya\Documents\Shulchan aruch\newtry\OC_001\output\siman_031\beur-hagra\part-001.txt,true,possibly_clean,yes,"Sai' B Bahl HaMoed 20. Ral in the Matzah and Sukkah, etc. in the Great Laws and the Book of Times in the Name of the Gaon, etc.",C:\Users\binya\Documents\Shulchan aruch\newtry\OC_Mobile\oc318-mobile-reader\public\corpus\oc1\siman31\seif-002\beur-hagra\he.html,"<b>סעי' ב בחול המועד כו'. </b>ר""ל במצה וסוכה וכ""כ בהלכות גדולות וספר העתים בשם הגאון וכ""ה בז""ח נ""א ג': | <b>וי""א כו'. </b>כמ""ש במ""ק י""ט א' דאי להניחן לאחר המועד מ""ל לעצמו מ""ל לאחרים אבל אין ראיה מזה כלל דר""מ ור""י לטעמייהו דאית להו בפ' בתרא דעירובין דשבת ויו""ט זמן תפילין הן וכמ""ש במ""ק שם וכן הרא""ש בה""ק דחה ראיה זו וכן תוס' דמנחות ל""ו ב' ד""ה יצאו כו' וע' תוס' דמ""ק י""ט א' ד""ה ר' יוסי כו' ובעירובין צ""ו א' ד""ה ימים ומירושלמי שהביאו תוס' במ""ק שם ושם אין ראיה כלל דשם אליבא דמ""ד שבת זמן תפילין כדקאמר שם מתניתין פליג' עלה דרב כותב אדם תפילין כו' לעצמו ופריק שם מתניתין אליביה דרב ומתניתין רבי יהודה היא דקאמר כותב כו' דס""ל שבת ויו""ט ז""ת הן וע' נ""י שם בסוגיא דשם ואין לדעה זו עיקר כלל דמה שהביאו תוס' בעירובין שם משמעות קצת מסוגיא דספ""ק דביצה גבי משלחין כלים בין תפורין כו' וקאמר לאתויי תפילין כו' ע""ש ליתא דט""ס במתניתין דבירושלמי פ""ק דמס' ביצה מפורש להדיא במתני' אע""פ שאין לצורך המועד וכן צ""ל במתני' הנ""ל וא""כ אין משמעות כלל בסוגיא הנ""ל ע""ש:"
oc1,beur-hagra,siman31,seif-002,C:\Users\binya\Documents\Shulchan aruch\newtry\OC_Mobile\oc318-mobile-reader\public\corpus\oc1\siman31\seif-002\beur-hagra\en.html,source_txt_block,temp OC_001 source output,C:\Users\binya\Documents\shulchan-yd-temp\newtry\OC_001\output\siman_031\beur-hagra\part-001.txt,true,possibly_clean,yes,"Sai' B Bahl HaMoed 20. Ral in the Matzah and Sukkah, etc. in the Great Laws and the Book of Times in the Name of the Gaon, etc.",C:\Users\binya\Documents\Shulchan aruch\newtry\OC_Mobile\oc318-mobile-reader\public\corpus\oc1\siman31\seif-002\beur-hagra\he.html,"<b>סעי' ב בחול המועד כו'. </b>ר""ל במצה וסוכה וכ""כ בהלכות גדולות וספר העתים בשם הגאון וכ""ה בז""ח נ""א ג': | <b>וי""א כו'. </b>כמ""ש במ""ק י""ט א' דאי להניחן לאחר המועד מ""ל לעצמו מ""ל לאחרים אבל אין ראיה מזה כלל דר""מ ור""י לטעמייהו דאית להו בפ' בתרא דעירובין דשבת ויו""ט זמן תפילין הן וכמ""ש במ""ק שם וכן הרא""ש בה""ק דחה ראיה זו וכן תוס' דמנחות ל""ו ב' ד""ה יצאו כו' וע' תוס' דמ""ק י""ט א' ד""ה ר' יוסי כו' ובעירובין צ""ו א' ד""ה ימים ומירושלמי שהביאו תוס' במ""ק שם ושם אין ראיה כלל דשם אליבא דמ""ד שבת זמן תפילין כדקאמר שם מתניתין פליג' עלה דרב כותב אדם תפילין כו' לעצמו ופריק שם מתניתין אליביה דרב ומתניתין רבי יהודה היא דקאמר כותב כו' דס""ל שבת ויו""ט ז""ת הן וע' נ""י שם בסוגיא דשם ואין לדעה זו עיקר כלל דמה שהביאו תוס' בעירובין שם משמעות קצת מסוגיא דספ""ק דביצה גבי משלחין כלים בין תפורין כו' וקאמר לאתויי תפילין כו' ע""ש ליתא דט""ס במתניתין דבירושלמי פ""ק דמס' ביצה מפורש להדיא במתני' אע""פ שאין לצורך המועד וכן צ""ל במתני' הנ""ל וא""כ אין משמעות כלל בסוגיא הנ""ל ע""ש:"
oc1,beur-hagra,siman50,seif-001,C:\Users\binya\Documents\Shulchan aruch\newtry\OC_Mobile\oc318-mobile-reader\public\corpus\oc1\siman50\seif-001\beur-hagra\en.html,corpus_en_html,SA_Sandbox corpus mirror,C:\Users\binya\Documents\Shulchan aruch\newtry\SA_Sandbox\public\corpus\oc1\siman50\seif-001\beur-hagra\en.html,false,missing_or_empty,no,,C:\Users\binya\Documents\Shulchan aruch\newtry\OC_Mobile\oc318-mobile-reader\public\corpus\oc1\siman50\seif-001\beur-hagra\he.html,"<b>ס""א קבעו כו'. </b>תוס' קדושין ל""א וע""ז י""ט ב' ובחרו באלו משום שהן מעניני הקרבנו' וכלולה שם כל הקרבנוה והיא הלכה למשה מסיני ברורה וברייתא דר""י לפי שהיא תחילת ת""כ שהיא ראש לכל הקרבנות. טור:"
oc1,beur-hagra,siman50,seif-001,C:\Users\binya\Documents\Shulchan aruch\newtry\OC_Mobile\oc318-mobile-reader\public\corpus\oc1\siman50\seif-001\beur-hagra\en.html,corpus_en_html,shulchan-yd-temp corpus mirror,C:\Users\binya\Documents\shulchan-yd-temp\newtry\OC_Mobile\oc318-mobile-reader\public\corpus\oc1\siman50\seif-001\beur-hagra\en.html,true,possibly_clean,yes,"SA 1 — they established, etc. Tosafos Kiddushin 31 and Avodah Zarah 19b; they chose these because they concern the sacrifices, and all the sacrifices are included there, and it is a halachah given clearly to Moses at Sin",C:\Users\binya\Documents\Shulchan aruch\newtry\OC_Mobile\oc318-mobile-reader\public\corpus\oc1\siman50\seif-001\beur-hagra\he.html,"<b>ס""א קבעו כו'. </b>תוס' קדושין ל""א וע""ז י""ט ב' ובחרו באלו משום שהן מעניני הקרבנו' וכלולה שם כל הקרבנוה והיא הלכה למשה מסיני ברורה וברייתא דר""י לפי שהיא תחילת ת""כ שהיא ראש לכל הקרבנות. טור:"
oc1,beur-hagra,siman50,seif-001,C:\Users\binya\Documents\Shulchan aruch\newtry\OC_Mobile\oc318-mobile-reader\public\corpus\oc1\siman50\seif-001\beur-hagra\en.html,source_txt_block,current OC_001 source output,C:\Users\binya\Documents\Shulchan aruch\newtry\OC_001\output\siman_050\beur-hagra\part-001.txt,true,possibly_clean,yes,SA determined 20. Tos' Kadushin 31 and 17 19 2 and chose these because they are related to the sacrifices' and all the sacrifices are included there and it went to Moshe from Sinai Berura and Barita Dari according to whi,C:\Users\binya\Documents\Shulchan aruch\newtry\OC_Mobile\oc318-mobile-reader\public\corpus\oc1\siman50\seif-001\beur-hagra\he.html,"<b>ס""א קבעו כו'. </b>תוס' קדושין ל""א וע""ז י""ט ב' ובחרו באלו משום שהן מעניני הקרבנו' וכלולה שם כל הקרבנוה והיא הלכה למשה מסיני ברורה וברייתא דר""י לפי שהיא תחילת ת""כ שהיא ראש לכל הקרבנות. טור:"
oc1,beur-hagra,siman50,seif-001,C:\Users\binya\Documents\Shulchan aruch\newtry\OC_Mobile\oc318-mobile-reader\public\corpus\oc1\siman50\seif-001\beur-hagra\en.html,source_txt_block,temp OC_001 source output,C:\Users\binya\Documents\shulchan-yd-temp\newtry\OC_001\output\siman_050\beur-hagra\part-001.txt,true,possibly_clean,yes,SA determined 20. Tos' Kadushin 31 and 17 19 2 and chose these because they are related to the sacrifices' and all the sacrifices are included there and it went to Moshe from Sinai Berura and Barita Dari according to whi,C:\Users\binya\Documents\Shulchan aruch\newtry\OC_Mobile\oc318-mobile-reader\public\corpus\oc1\siman50\seif-001\beur-hagra\he.html,"<b>ס""א קבעו כו'. </b>תוס' קדושין ל""א וע""ז י""ט ב' ובחרו באלו משום שהן מעניני הקרבנו' וכלולה שם כל הקרבנוה והיא הלכה למשה מסיני ברורה וברייתא דר""י לפי שהיא תחילת ת""כ שהיא ראש לכל הקרבנות. טור:"
oc1,beur-hagra,siman53,seif-013,C:\Users\binya\Documents\Shulchan aruch\newtry\OC_Mobile\oc318-mobile-reader\public\corpus\oc1\siman53\seif-013\beur-hagra\en.html,corpus_en_html,SA_Sandbox corpus mirror,C:\Users\binya\Documents\Shulchan aruch\newtry\SA_Sandbox\public\corpus\oc1\siman53\seif-013\beur-hagra\en.html,false,missing_or_empty,no,,C:\Users\binya\Documents\Shulchan aruch\newtry\OC_Mobile\oc318-mobile-reader\public\corpus\oc1\siman53\seif-013\beur-hagra\he.html,"<b>סי""ג והוא כו'. </b>ז""ל הרי""ף שם והוא מי שבגדיו קרועים וכתיפיו וזרועותיו מגולים שנמצא בגדיו שעליו כעין אזור תחת אצילי ידיו ולמטה כמ""ש ופתחת השק כו' ותרגום יונתן איזיל ותיסיר שקא על חרצך וכתיב ויעש כן הלוך ערום ויחף ויאמר ה' כאשר כו' ות""י פוחח כו' אלמא שהוא החגור על מתניו וכתיפיו וזרועותיו פרועות ובירושלמי ספ""ק דמ""ק מת לו מת קורע מת לו מת אחר מרחיק שלשה אצבעות וקורע שלמו מלפניו מתחיל מאחוריו שלמו מלמעלה מתחיל מלמטה שלמו לו אלו ואלו ר""ח בר אבא דמן יפו אמר נעשה כפוחח וכן אמרי' להדיא ביומא ע""ז א' דאלת""ה כו' ומשמע מדברי הרי""ף דוקא שגם כתיפיו מגולין וכ""ה לשון הטור:"
oc1,beur-hagra,siman53,seif-013,C:\Users\binya\Documents\Shulchan aruch\newtry\OC_Mobile\oc318-mobile-reader\public\corpus\oc1\siman53\seif-013\beur-hagra\en.html,corpus_en_html,shulchan-yd-temp corpus mirror,C:\Users\binya\Documents\shulchan-yd-temp\newtry\OC_Mobile\oc318-mobile-reader\public\corpus\oc1\siman53\seif-013\beur-hagra\en.html,true,possibly_clean,yes,"Section 13 — ""And he,"" etc.: Thus wrote the Rif there — he is one whose garments are torn and whose shoulders and arms are bare, such that the garment on him is like a belt under his armpits and below, as stated: ""And yo",C:\Users\binya\Documents\Shulchan aruch\newtry\OC_Mobile\oc318-mobile-reader\public\corpus\oc1\siman53\seif-013\beur-hagra\he.html,"<b>סי""ג והוא כו'. </b>ז""ל הרי""ף שם והוא מי שבגדיו קרועים וכתיפיו וזרועותיו מגולים שנמצא בגדיו שעליו כעין אזור תחת אצילי ידיו ולמטה כמ""ש ופתחת השק כו' ותרגום יונתן איזיל ותיסיר שקא על חרצך וכתיב ויעש כן הלוך ערום ויחף ויאמר ה' כאשר כו' ות""י פוחח כו' אלמא שהוא החגור על מתניו וכתיפיו וזרועותיו פרועות ובירושלמי ספ""ק דמ""ק מת לו מת קורע מת לו מת אחר מרחיק שלשה אצבעות וקורע שלמו מלפניו מתחיל מאחוריו שלמו מלמעלה מתחיל מלמטה שלמו לו אלו ואלו ר""ח בר אבא דמן יפו אמר נעשה כפוחח וכן אמרי' להדיא ביומא ע""ז א' דאלת""ה כו' ומשמע מדברי הרי""ף דוקא שגם כתיפיו מגולין וכ""ה לשון הטור:"
oc1,beur-hagra,siman53,seif-013,C:\Users\binya\Documents\Shulchan aruch\newtry\OC_Mobile\oc318-mobile-reader\public\corpus\oc1\siman53\seif-013\beur-hagra\en.html,source_txt_block,current OC_001 source output,C:\Users\binya\Documents\Shulchan aruch\newtry\OC_001\output\siman_053\beur-hagra\part-001.txt,true,likely_garbage,no,CG and he is 20. The late Rif is there and he is the one whose clothes are torn and his shoulders and arms are rolled and whose clothes are on him like an area under the nobles of his hands and below as the Mash and you ,C:\Users\binya\Documents\Shulchan aruch\newtry\OC_Mobile\oc318-mobile-reader\public\corpus\oc1\siman53\seif-013\beur-hagra\he.html,"<b>סי""ג והוא כו'. </b>ז""ל הרי""ף שם והוא מי שבגדיו קרועים וכתיפיו וזרועותיו מגולים שנמצא בגדיו שעליו כעין אזור תחת אצילי ידיו ולמטה כמ""ש ופתחת השק כו' ותרגום יונתן איזיל ותיסיר שקא על חרצך וכתיב ויעש כן הלוך ערום ויחף ויאמר ה' כאשר כו' ות""י פוחח כו' אלמא שהוא החגור על מתניו וכתיפיו וזרועותיו פרועות ובירושלמי ספ""ק דמ""ק מת לו מת קורע מת לו מת אחר מרחיק שלשה אצבעות וקורע שלמו מלפניו מתחיל מאחוריו שלמו מלמעלה מתחיל מלמטה שלמו לו אלו ואלו ר""ח בר אבא דמן יפו אמר נעשה כפוחח וכן אמרי' להדיא ביומא ע""ז א' דאלת""ה כו' ומשמע מדברי הרי""ף דוקא שגם כתיפיו מגולין וכ""ה לשון הטור:"
oc1,beur-hagra,siman53,seif-013,C:\Users\binya\Documents\Shulchan aruch\newtry\OC_Mobile\oc318-mobile-reader\public\corpus\oc1\siman53\seif-013\beur-hagra\en.html,source_txt_block,temp OC_001 source output,C:\Users\binya\Documents\shulchan-yd-temp\newtry\OC_001\output\siman_053\beur-hagra\part-001.txt,true,likely_garbage,no,CG and he is 20. The late Rif is there and he is the one whose clothes are torn and his shoulders and arms are rolled and whose clothes are on him like an area under the nobles of his hands and below as the Mash and you ,C:\Users\binya\Documents\Shulchan aruch\newtry\OC_Mobile\oc318-mobile-reader\public\corpus\oc1\siman53\seif-013\beur-hagra\he.html,"<b>סי""ג והוא כו'. </b>ז""ל הרי""ף שם והוא מי שבגדיו קרועים וכתיפיו וזרועותיו מגולים שנמצא בגדיו שעליו כעין אזור תחת אצילי ידיו ולמטה כמ""ש ופתחת השק כו' ותרגום יונתן איזיל ותיסיר שקא על חרצך וכתיב ויעש כן הלוך ערום ויחף ויאמר ה' כאשר כו' ות""י פוחח כו' אלמא שהוא החגור על מתניו וכתיפיו וזרועותיו פרועות ובירושלמי ספ""ק דמ""ק מת לו מת קורע מת לו מת אחר מרחיק שלשה אצבעות וקורע שלמו מלפניו מתחיל מאחוריו שלמו מלמעלה מתחיל מלמטה שלמו לו אלו ואלו ר""ח בר אבא דמן יפו אמר נעשה כפוחח וכן אמרי' להדיא ביומא ע""ז א' דאלת""ה כו' ומשמע מדברי הרי""ף דוקא שגם כתיפיו מגולין וכ""ה לשון הטור:"
oc1,beur-hagra,siman55,seif-005,C:\Users\binya\Documents\Shulchan aruch\newtry\OC_Mobile\oc318-mobile-reader\public\corpus\oc1\siman55\seif-005\beur-hagra\en.html,corpus_en_html,SA_Sandbox corpus mirror,C:\Users\binya\Documents\Shulchan aruch\newtry\SA_Sandbox\public\corpus\oc1\siman55\seif-005\beur-hagra\en.html,false,missing_or_empty,no,,C:\Users\binya\Documents\Shulchan aruch\newtry\OC_Mobile\oc318-mobile-reader\public\corpus\oc1\siman55\seif-005\beur-hagra\he.html,"<b>ס""ה ומיהו כו'. </b>ירושלמי פ""ז דברכות ב""ר פ' צ""א שם קטן עושין כו' והתני אין מדקדקין בקטן א""ר סימון אריב""ל לשני קטנים נצרכה א' ספק וא' קטן עושין את הספק עיקר ואת הקטן לסניף ופי' מ""כ בשם רש""י דאין מדקדקין אם בא לכלל שנים אין מדקדקין בשערות ומשני דספק הביא הוא כגדול ובלעדו מצרפין לקטן ממש אף שבגמ' פי' להא דאין מדקדקין בקטן פורח. מנהגא דעלמא כהירושלמי כנ""ל:"
oc1,beur-hagra,siman55,seif-005,C:\Users\binya\Documents\Shulchan aruch\newtry\OC_Mobile\oc318-mobile-reader\public\corpus\oc1\siman55\seif-005\beur-hagra\en.html,corpus_en_html,shulchan-yd-temp corpus mirror,C:\Users\binya\Documents\shulchan-yd-temp\newtry\OC_Mobile\oc318-mobile-reader\public\corpus\oc1\siman55\seif-005\beur-hagra\en.html,true,possibly_clean,yes,"Seif 65, and nevertheless, etc. Yerushalmi chapter 7 of Berachot; Bereishit Rabbah chapter 91 there: a minor they make, etc.; and it taught ""they are not exacting with a minor."" Rabbi Simon, Rabbi Yehuda le-Bavel: for tw",C:\Users\binya\Documents\Shulchan aruch\newtry\OC_Mobile\oc318-mobile-reader\public\corpus\oc1\siman55\seif-005\beur-hagra\he.html,"<b>ס""ה ומיהו כו'. </b>ירושלמי פ""ז דברכות ב""ר פ' צ""א שם קטן עושין כו' והתני אין מדקדקין בקטן א""ר סימון אריב""ל לשני קטנים נצרכה א' ספק וא' קטן עושין את הספק עיקר ואת הקטן לסניף ופי' מ""כ בשם רש""י דאין מדקדקין אם בא לכלל שנים אין מדקדקין בשערות ומשני דספק הביא הוא כגדול ובלעדו מצרפין לקטן ממש אף שבגמ' פי' להא דאין מדקדקין בקטן פורח. מנהגא דעלמא כהירושלמי כנ""ל:"
oc1,beur-hagra,siman55,seif-005,C:\Users\binya\Documents\Shulchan aruch\newtry\OC_Mobile\oc318-mobile-reader\public\corpus\oc1\siman55\seif-005\beur-hagra\en.html,source_txt_block,current OC_001 source output,C:\Users\binya\Documents\Shulchan aruch\newtry\OC_001\output\siman_055\beur-hagra\part-001.txt,true,suspicious_abbreviation_chain,no,S. and Miho 20. Yerushalmi P. 7 Davrakot B. R. P. 11 Shem Ketan Oshiin 20 and the two do not make a mark in the small A. R. Simon Aribal for two small ones it is consumed A. a doubt and a small A do the main doubt and th,C:\Users\binya\Documents\Shulchan aruch\newtry\OC_Mobile\oc318-mobile-reader\public\corpus\oc1\siman55\seif-005\beur-hagra\he.html,"<b>ס""ה ומיהו כו'. </b>ירושלמי פ""ז דברכות ב""ר פ' צ""א שם קטן עושין כו' והתני אין מדקדקין בקטן א""ר סימון אריב""ל לשני קטנים נצרכה א' ספק וא' קטן עושין את הספק עיקר ואת הקטן לסניף ופי' מ""כ בשם רש""י דאין מדקדקין אם בא לכלל שנים אין מדקדקין בשערות ומשני דספק הביא הוא כגדול ובלעדו מצרפין לקטן ממש אף שבגמ' פי' להא דאין מדקדקין בקטן פורח. מנהגא דעלמא כהירושלמי כנ""ל:"
oc1,beur-hagra,siman55,seif-005,C:\Users\binya\Documents\Shulchan aruch\newtry\OC_Mobile\oc318-mobile-reader\public\corpus\oc1\siman55\seif-005\beur-hagra\en.html,source_txt_block,temp OC_001 source output,C:\Users\binya\Documents\shulchan-yd-temp\newtry\OC_001\output\siman_055\beur-hagra\part-001.txt,true,suspicious_abbreviation_chain,no,S. and Miho 20. Yerushalmi P. 7 Davrakot B. R. P. 11 Shem Ketan Oshiin 20 and the two do not make a mark in the small A. R. Simon Aribal for two small ones it is consumed A. a doubt and a small A do the main doubt and th,C:\Users\binya\Documents\Shulchan aruch\newtry\OC_Mobile\oc318-mobile-reader\public\corpus\oc1\siman55\seif-005\beur-hagra\he.html,"<b>ס""ה ומיהו כו'. </b>ירושלמי פ""ז דברכות ב""ר פ' צ""א שם קטן עושין כו' והתני אין מדקדקין בקטן א""ר סימון אריב""ל לשני קטנים נצרכה א' ספק וא' קטן עושין את הספק עיקר ואת הקטן לסניף ופי' מ""כ בשם רש""י דאין מדקדקין אם בא לכלל שנים אין מדקדקין בשערות ומשני דספק הביא הוא כגדול ובלעדו מצרפין לקטן ממש אף שבגמ' פי' להא דאין מדקדקין בקטן פורח. מנהגא דעלמא כהירושלמי כנ""ל:"
oc1,beur-hagra,siman71,seif-001,C:\Users\binya\Documents\Shulchan aruch\newtry\OC_Mobile\oc318-mobile-reader\public\corpus\oc1\siman71\seif-001\beur-hagra\en.html,corpus_en_html,SA_Sandbox corpus mirror,C:\Users\binya\Documents\Shulchan aruch\newtry\SA_Sandbox\public\corpus\oc1\siman71\seif-001\beur-hagra\en.html,false,missing_or_empty,no,,C:\Users\binya\Documents\Shulchan aruch\newtry\OC_Mobile\oc318-mobile-reader\public\corpus\oc1\siman71\seif-001\beur-hagra\he.html,"<b>ס""א שהוא כו' אפי' כו'. </b>שם ר""א אמר כיון כו' ופי' הרא""ש כל שחייב להתאבל דלא כר""ת: | <b>ואפילו אם כו'. </b>ירושלמי שם תני אם רצה להחמיר על עצמו אין שומעין לו מפני כבודו של מת או מפני שאין לו מי שישא משאו מה נפיק מביניהון היה לו מי שישא משאו אין תימה מפני כבודו של מת אסור וא""ת מפני שאין לו מי שישא משאו הרי יש לו מי שישא משאו והתני פטור מנטילת לולב תפתר בחול והתני פטור מתקיעת שופר אית לך מימר בחול לא בי""ט אר""ח מכיון שהוא זקוק לו להביא לו ארון ותכריכין כי דתנינן תמן מחשיכין על התחום לפקח כו' כמי שהוא נושא משאו דמי ובטי""ד סי' שמ""א פ' כטעם מפני כבודו אבל הג""מ ומרדכי כ' בשם ראבי""ה כיון דלא איפשטא וספיקא דרבנן היא אין מוחין בידו וכ""כ ב""י כאן וז""ש ואם יש כו': | <b>ועבי""ד כו'. </b>ששם כ' דברי הטור:"
oc1,beur-hagra,siman71,seif-001,C:\Users\binya\Documents\Shulchan aruch\newtry\OC_Mobile\oc318-mobile-reader\public\corpus\oc1\siman71\seif-001\beur-hagra\en.html,corpus_en_html,shulchan-yd-temp corpus mirror,C:\Users\binya\Documents\shulchan-yd-temp\newtry\OC_Mobile\oc318-mobile-reader\public\corpus\oc1\siman71\seif-001\beur-hagra\en.html,true,possibly_clean,yes,"Seif 61, that he is, etc., even, etc. There R' Eliezer said, since, etc., and the Rosh explained: anyone obligated to mourn — not like Rabbeinu Tam.<br> <br> And even if, etc. Yerushalmi there teaches: if he wants to be ",C:\Users\binya\Documents\Shulchan aruch\newtry\OC_Mobile\oc318-mobile-reader\public\corpus\oc1\siman71\seif-001\beur-hagra\he.html,"<b>ס""א שהוא כו' אפי' כו'. </b>שם ר""א אמר כיון כו' ופי' הרא""ש כל שחייב להתאבל דלא כר""ת: | <b>ואפילו אם כו'. </b>ירושלמי שם תני אם רצה להחמיר על עצמו אין שומעין לו מפני כבודו של מת או מפני שאין לו מי שישא משאו מה נפיק מביניהון היה לו מי שישא משאו אין תימה מפני כבודו של מת אסור וא""ת מפני שאין לו מי שישא משאו הרי יש לו מי שישא משאו והתני פטור מנטילת לולב תפתר בחול והתני פטור מתקיעת שופר אית לך מימר בחול לא בי""ט אר""ח מכיון שהוא זקוק לו להביא לו ארון ותכריכין כי דתנינן תמן מחשיכין על התחום לפקח כו' כמי שהוא נושא משאו דמי ובטי""ד סי' שמ""א פ' כטעם מפני כבודו אבל הג""מ ומרדכי כ' בשם ראבי""ה כיון דלא איפשטא וספיקא דרבנן היא אין מוחין בידו וכ""כ ב""י כאן וז""ש ואם יש כו': | <b>ועבי""ד כו'. </b>ששם כ' דברי הטור:"
oc1,beur-hagra,siman71,seif-001,C:\Users\binya\Documents\Shulchan aruch\newtry\OC_Mobile\oc318-mobile-reader\public\corpus\oc1\siman71\seif-001\beur-hagra\en.html,source_txt_block,current OC_001 source output,C:\Users\binya\Documents\Shulchan aruch\newtry\OC_001\output\siman_071\beur-hagra\part-001.txt,true,likely_garbage,no,"A. He's called 'O'. He said, “The Lord’s Prayer, and the Holy One, which is the same as the Lord’s Prayer.”",C:\Users\binya\Documents\Shulchan aruch\newtry\OC_Mobile\oc318-mobile-reader\public\corpus\oc1\siman71\seif-001\beur-hagra\he.html,"<b>ס""א שהוא כו' אפי' כו'. </b>שם ר""א אמר כיון כו' ופי' הרא""ש כל שחייב להתאבל דלא כר""ת: | <b>ואפילו אם כו'. </b>ירושלמי שם תני אם רצה להחמיר על עצמו אין שומעין לו מפני כבודו של מת או מפני שאין לו מי שישא משאו מה נפיק מביניהון היה לו מי שישא משאו אין תימה מפני כבודו של מת אסור וא""ת מפני שאין לו מי שישא משאו הרי יש לו מי שישא משאו והתני פטור מנטילת לולב תפתר בחול והתני פטור מתקיעת שופר אית לך מימר בחול לא בי""ט אר""ח מכיון שהוא זקוק לו להביא לו ארון ותכריכין כי דתנינן תמן מחשיכין על התחום לפקח כו' כמי שהוא נושא משאו דמי ובטי""ד סי' שמ""א פ' כטעם מפני כבודו אבל הג""מ ומרדכי כ' בשם ראבי""ה כיון דלא איפשטא וספיקא דרבנן היא אין מוחין בידו וכ""כ ב""י כאן וז""ש ואם יש כו': | <b>ועבי""ד כו'. </b>ששם כ' דברי הטור:"
oc1,beur-hagra,siman71,seif-001,C:\Users\binya\Documents\Shulchan aruch\newtry\OC_Mobile\oc318-mobile-reader\public\corpus\oc1\siman71\seif-001\beur-hagra\en.html,source_txt_block,temp OC_001 source output,C:\Users\binya\Documents\shulchan-yd-temp\newtry\OC_001\output\siman_071\beur-hagra\part-001.txt,true,likely_garbage,no,"A. He's called 'O'. He said, “The Lord’s Prayer, and the Holy One, which is the same as the Lord’s Prayer.”",C:\Users\binya\Documents\Shulchan aruch\newtry\OC_Mobile\oc318-mobile-reader\public\corpus\oc1\siman71\seif-001\beur-hagra\he.html,"<b>ס""א שהוא כו' אפי' כו'. </b>שם ר""א אמר כיון כו' ופי' הרא""ש כל שחייב להתאבל דלא כר""ת: | <b>ואפילו אם כו'. </b>ירושלמי שם תני אם רצה להחמיר על עצמו אין שומעין לו מפני כבודו של מת או מפני שאין לו מי שישא משאו מה נפיק מביניהון היה לו מי שישא משאו אין תימה מפני כבודו של מת אסור וא""ת מפני שאין לו מי שישא משאו הרי יש לו מי שישא משאו והתני פטור מנטילת לולב תפתר בחול והתני פטור מתקיעת שופר אית לך מימר בחול לא בי""ט אר""ח מכיון שהוא זקוק לו להביא לו ארון ותכריכין כי דתנינן תמן מחשיכין על התחום לפקח כו' כמי שהוא נושא משאו דמי ובטי""ד סי' שמ""א פ' כטעם מפני כבודו אבל הג""מ ומרדכי כ' בשם ראבי""ה כיון דלא איפשטא וספיקא דרבנן היא אין מוחין בידו וכ""כ ב""י כאן וז""ש ואם יש כו': | <b>ועבי""ד כו'. </b>ששם כ' דברי הטור:"
oc1,beur-hagra,siman137,seif-001,C:\Users\binya\Documents\Shulchan aruch\newtry\OC_Mobile\oc318-mobile-reader\public\corpus\oc1\siman137\seif-001\beur-hagra\en.html,corpus_en_html,SA_Sandbox corpus mirror,C:\Users\binya\Documents\Shulchan aruch\newtry\SA_Sandbox\public\corpus\oc1\siman137\seif-001\beur-hagra\en.html,false,missing_or_empty,no,,C:\Users\binya\Documents\Shulchan aruch\newtry\OC_Mobile\oc318-mobile-reader\public\corpus\oc1\siman137\seif-001\beur-hagra\he.html,"<b>ס""א ואי סליק כו'. </b>ירושלמי שם הביאו הרי""ף שם וכ""כ תוס' שם וש""פ:"
oc1,beur-hagra,siman137,seif-001,C:\Users\binya\Documents\Shulchan aruch\newtry\OC_Mobile\oc318-mobile-reader\public\corpus\oc1\siman137\seif-001\beur-hagra\en.html,corpus_en_html,shulchan-yd-temp corpus mirror,C:\Users\binya\Documents\shulchan-yd-temp\newtry\OC_Mobile\oc318-mobile-reader\public\corpus\oc1\siman137\seif-001\beur-hagra\en.html,true,possibly_clean,yes,"A.A. and E. S. S.K. There was a Jerusalemite there, and it was called ",C:\Users\binya\Documents\Shulchan aruch\newtry\OC_Mobile\oc318-mobile-reader\public\corpus\oc1\siman137\seif-001\beur-hagra\he.html,"<b>ס""א ואי סליק כו'. </b>ירושלמי שם הביאו הרי""ף שם וכ""כ תוס' שם וש""פ:"
oc1,beur-hagra,siman137,seif-001,C:\Users\binya\Documents\Shulchan aruch\newtry\OC_Mobile\oc318-mobile-reader\public\corpus\oc1\siman137\seif-001\beur-hagra\en.html,source_txt_block,current OC_001 source output,C:\Users\binya\Documents\Shulchan aruch\newtry\OC_001\output\siman_137\beur-hagra\part-001.txt,true,placeholder,no,English translation pending — replace after editing this block (keep Hebrew above intact).,C:\Users\binya\Documents\Shulchan aruch\newtry\OC_Mobile\oc318-mobile-reader\public\corpus\oc1\siman137\seif-001\beur-hagra\he.html,"<b>ס""א ואי סליק כו'. </b>ירושלמי שם הביאו הרי""ף שם וכ""כ תוס' שם וש""פ:"
oc1,beur-hagra,siman137,seif-001,C:\Users\binya\Documents\Shulchan aruch\newtry\OC_Mobile\oc318-mobile-reader\public\corpus\oc1\siman137\seif-001\beur-hagra\en.html,source_txt_block,temp OC_001 source output,C:\Users\binya\Documents\shulchan-yd-temp\newtry\OC_001\output\siman_137\beur-hagra\part-001.txt,true,placeholder,no,English translation pending — replace after editing this block (keep Hebrew above intact).,C:\Users\binya\Documents\Shulchan aruch\newtry\OC_Mobile\oc318-mobile-reader\public\corpus\oc1\siman137\seif-001\beur-hagra\he.html,"<b>ס""א ואי סליק כו'. </b>ירושלמי שם הביאו הרי""ף שם וכ""כ תוס' שם וש""פ:"
oc1,beur-hagra,siman223,seif-003,C:\Users\binya\Documents\Shulchan aruch\newtry\OC_Mobile\oc318-mobile-reader\public\corpus\oc1\siman223\seif-003\beur-hagra\en.html,corpus_en_html,SA_Sandbox corpus mirror,C:\Users\binya\Documents\Shulchan aruch\newtry\SA_Sandbox\public\corpus\oc1\siman223\seif-003\beur-hagra\en.html,false,missing_or_empty,no,,C:\Users\binya\Documents\Shulchan aruch\newtry\OC_Mobile\oc318-mobile-reader\public\corpus\oc1\siman223\seif-003\beur-hagra\he.html,"<b>ס""ג ול""ד כו'. </b>ירושלמי שם והביאו תוס' שם ד""ה ור""י ורא""ש שם וגי' והן חדשים לו ופי' בבד""ה כמ""ש בש""ע שלא היו אלו כו' וכ""ה בטור אם הם חדשים אצלו ונקט חדשים לאפוקי אם כו' כמש""ו:"
oc1,beur-hagra,siman223,seif-003,C:\Users\binya\Documents\Shulchan aruch\newtry\OC_Mobile\oc318-mobile-reader\public\corpus\oc1\siman223\seif-003\beur-hagra\en.html,corpus_en_html,shulchan-yd-temp corpus mirror,C:\Users\binya\Documents\shulchan-yd-temp\newtry\OC_Mobile\oc318-mobile-reader\public\corpus\oc1\siman223\seif-003\beur-hagra\en.html,true,possibly_clean,yes,"SJ and D. K. There is a Jerusalemite there, and there is a new name to him, and he is called there of Israel, and he has not been the same as the Holy One And if they are new to him, they are new to his father, and they ",C:\Users\binya\Documents\Shulchan aruch\newtry\OC_Mobile\oc318-mobile-reader\public\corpus\oc1\siman223\seif-003\beur-hagra\he.html,"<b>ס""ג ול""ד כו'. </b>ירושלמי שם והביאו תוס' שם ד""ה ור""י ורא""ש שם וגי' והן חדשים לו ופי' בבד""ה כמ""ש בש""ע שלא היו אלו כו' וכ""ה בטור אם הם חדשים אצלו ונקט חדשים לאפוקי אם כו' כמש""ו:"
oc1,beur-hagra,siman223,seif-003,C:\Users\binya\Documents\Shulchan aruch\newtry\OC_Mobile\oc318-mobile-reader\public\corpus\oc1\siman223\seif-003\beur-hagra\en.html,source_txt_block,current OC_001 source output,C:\Users\binya\Documents\Shulchan aruch\newtry\OC_001\output\siman_223\beur-hagra\part-001.txt,true,placeholder,no,English translation pending — replace after editing this block (keep Hebrew above intact).,C:\Users\binya\Documents\Shulchan aruch\newtry\OC_Mobile\oc318-mobile-reader\public\corpus\oc1\siman223\seif-003\beur-hagra\he.html,"<b>ס""ג ול""ד כו'. </b>ירושלמי שם והביאו תוס' שם ד""ה ור""י ורא""ש שם וגי' והן חדשים לו ופי' בבד""ה כמ""ש בש""ע שלא היו אלו כו' וכ""ה בטור אם הם חדשים אצלו ונקט חדשים לאפוקי אם כו' כמש""ו:"
oc1,beur-hagra,siman223,seif-003,C:\Users\binya\Documents\Shulchan aruch\newtry\OC_Mobile\oc318-mobile-reader\public\corpus\oc1\siman223\seif-003\beur-hagra\en.html,source_txt_block,temp OC_001 source output,C:\Users\binya\Documents\shulchan-yd-temp\newtry\OC_001\output\siman_223\beur-hagra\part-001.txt,true,placeholder,no,English translation pending — replace after editing this block (keep Hebrew above intact).,C:\Users\binya\Documents\Shulchan aruch\newtry\OC_Mobile\oc318-mobile-reader\public\corpus\oc1\siman223\seif-003\beur-hagra\he.html,"<b>ס""ג ול""ד כו'. </b>ירושלמי שם והביאו תוס' שם ד""ה ור""י ורא""ש שם וגי' והן חדשים לו ופי' בבד""ה כמ""ש בש""ע שלא היו אלו כו' וכ""ה בטור אם הם חדשים אצלו ונקט חדשים לאפוקי אם כו' כמש""ו:"
oc1,beur-hagra,siman252,seif-002,C:\Users\binya\Documents\Shulchan aruch\newtry\OC_Mobile\oc318-mobile-reader\public\corpus\oc1\siman252\seif-002\beur-hagra\en.html,corpus_en_html,SA_Sandbox corpus mirror,C:\Users\binya\Documents\Shulchan aruch\newtry\SA_Sandbox\public\corpus\oc1\siman252\seif-002\beur-hagra\en.html,false,missing_or_empty,no,,C:\Users\binya\Documents\Shulchan aruch\newtry\OC_Mobile\oc318-mobile-reader\public\corpus\oc1\siman252\seif-002\beur-hagra\he.html,"<b>אם קצץ.</b> מהא דאיגרת כנ""ל בסי' רמ""ז: | <b>או שעושה ויש חולקין אם.</b> פלוגתייהו יתבאר למטה: | <b>והוא.</b> כנ""ל בסי' רמ""ז ס""א: | <b>וגם.</b> ירוש' כמש""ל סי' רמ""ד: | <b>אסור בע""ש.</b> לשיטתו בסי' רמ""ז ס""א ולש""ע אסור בכ""ע ולכך סתם דוקא אם קצץ: | <b>ואם ראוהו כו' אם.</b> ירושלמי. ומזה הוכיח הב""י שבטובת הנאה מותר רק אם רואהו בשבת כמש""ש דאל""כ היאך מניחו בידו בשבת וזה דוקא לשיטתו דלא קצץ לעולם אסור אבל לשיטת הרמ""א דבד' וה' מותר י""ל שנתן בד' וה' וז""ש רמ""א ואפי' נתנם לו כו' וכ' זה של""ת הא כ' לעיל דיש חולקים אם עושה כו':"
oc1,beur-hagra,siman252,seif-002,C:\Users\binya\Documents\Shulchan aruch\newtry\OC_Mobile\oc318-mobile-reader\public\corpus\oc1\siman252\seif-002\beur-hagra\en.html,corpus_en_html,shulchan-yd-temp corpus mirror,C:\Users\binya\Documents\shulchan-yd-temp\newtry\OC_Mobile\oc318-mobile-reader\public\corpus\oc1\siman252\seif-002\beur-hagra\en.html,true,likely_garbage,no,(א) If you cut. This is the same as the the source:<br> <br> (ב) Either they do and they will be divided if. The company will be located below:<br> <br> (ג) And he. The same is the same as in Genesis:<br> <br> (ד) And al,C:\Users\binya\Documents\Shulchan aruch\newtry\OC_Mobile\oc318-mobile-reader\public\corpus\oc1\siman252\seif-002\beur-hagra\he.html,"<b>אם קצץ.</b> מהא דאיגרת כנ""ל בסי' רמ""ז: | <b>או שעושה ויש חולקין אם.</b> פלוגתייהו יתבאר למטה: | <b>והוא.</b> כנ""ל בסי' רמ""ז ס""א: | <b>וגם.</b> ירוש' כמש""ל סי' רמ""ד: | <b>אסור בע""ש.</b> לשיטתו בסי' רמ""ז ס""א ולש""ע אסור בכ""ע ולכך סתם דוקא אם קצץ: | <b>ואם ראוהו כו' אם.</b> ירושלמי. ומזה הוכיח הב""י שבטובת הנאה מותר רק אם רואהו בשבת כמש""ש דאל""כ היאך מניחו בידו בשבת וזה דוקא לשיטתו דלא קצץ לעולם אסור אבל לשיטת הרמ""א דבד' וה' מותר י""ל שנתן בד' וה' וז""ש רמ""א ואפי' נתנם לו כו' וכ' זה של""ת הא כ' לעיל דיש חולקים אם עושה כו':"
oc1,beur-hagra,siman252,seif-002,C:\Users\binya\Documents\Shulchan aruch\newtry\OC_Mobile\oc318-mobile-reader\public\corpus\oc1\siman252\seif-002\beur-hagra\en.html,source_txt_block,current OC_001 source output,C:\Users\binya\Documents\Shulchan aruch\newtry\OC_001\output\siman_252\beur-hagra\part-001.txt,true,placeholder,no,English translation pending — replace after editing this block (keep Hebrew above intact).,C:\Users\binya\Documents\Shulchan aruch\newtry\OC_Mobile\oc318-mobile-reader\public\corpus\oc1\siman252\seif-002\beur-hagra\he.html,"<b>אם קצץ.</b> מהא דאיגרת כנ""ל בסי' רמ""ז: | <b>או שעושה ויש חולקין אם.</b> פלוגתייהו יתבאר למטה: | <b>והוא.</b> כנ""ל בסי' רמ""ז ס""א: | <b>וגם.</b> ירוש' כמש""ל סי' רמ""ד: | <b>אסור בע""ש.</b> לשיטתו בסי' רמ""ז ס""א ולש""ע אסור בכ""ע ולכך סתם דוקא אם קצץ: | <b>ואם ראוהו כו' אם.</b> ירושלמי. ומזה הוכיח הב""י שבטובת הנאה מותר רק אם רואהו בשבת כמש""ש דאל""כ היאך מניחו בידו בשבת וזה דוקא לשיטתו דלא קצץ לעולם אסור אבל לשיטת הרמ""א דבד' וה' מותר י""ל שנתן בד' וה' וז""ש רמ""א ואפי' נתנם לו כו' וכ' זה של""ת הא כ' לעיל דיש חולקים אם עושה כו':"
oc1,beur-hagra,siman252,seif-002,C:\Users\binya\Documents\Shulchan aruch\newtry\OC_Mobile\oc318-mobile-reader\public\corpus\oc1\siman252\seif-002\beur-hagra\en.html,source_txt_block,temp OC_001 source output,C:\Users\binya\Documents\shulchan-yd-temp\newtry\OC_001\output\siman_252\beur-hagra\part-001.txt,true,placeholder,no,English translation pending — replace after editing this block (keep Hebrew above intact).,C:\Users\binya\Documents\Shulchan aruch\newtry\OC_Mobile\oc318-mobile-reader\public\corpus\oc1\siman252\seif-002\beur-hagra\he.html,"<b>אם קצץ.</b> מהא דאיגרת כנ""ל בסי' רמ""ז: | <b>או שעושה ויש חולקין אם.</b> פלוגתייהו יתבאר למטה: | <b>והוא.</b> כנ""ל בסי' רמ""ז ס""א: | <b>וגם.</b> ירוש' כמש""ל סי' רמ""ד: | <b>אסור בע""ש.</b> לשיטתו בסי' רמ""ז ס""א ולש""ע אסור בכ""ע ולכך סתם דוקא אם קצץ: | <b>ואם ראוהו כו' אם.</b> ירושלמי. ומזה הוכיח הב""י שבטובת הנאה מותר רק אם רואהו בשבת כמש""ש דאל""כ היאך מניחו בידו בשבת וזה דוקא לשיטתו דלא קצץ לעולם אסור אבל לשיטת הרמ""א דבד' וה' מותר י""ל שנתן בד' וה' וז""ש רמ""א ואפי' נתנם לו כו' וכ' זה של""ת הא כ' לעיל דיש חולקים אם עושה כו':"
oc1,beur-hagra,siman265,seif-003,C:\Users\binya\Documents\Shulchan aruch\newtry\OC_Mobile\oc318-mobile-reader\public\corpus\oc1\siman265\seif-003\beur-hagra\en.html,corpus_en_html,SA_Sandbox corpus mirror,C:\Users\binya\Documents\Shulchan aruch\newtry\SA_Sandbox\public\corpus\oc1\siman265\seif-003\beur-hagra\en.html,false,missing_or_empty,no,,C:\Users\binya\Documents\Shulchan aruch\newtry\OC_Mobile\oc318-mobile-reader\public\corpus\oc1\siman265\seif-003\beur-hagra\he.html,"<b>ס""ג ואין בו.</b> עירובין פ""ד א' בטיבלא ומשתמשין בו בני מרפסת: | <b>מ""מ אסור.</b> רי""ף ורא""ש פ""ק די""ט בשם ירושלמי גבי אבל כופין כו' ובלבד שלא יגע בביצה:"
oc1,beur-hagra,siman265,seif-003,C:\Users\binya\Documents\Shulchan aruch\newtry\OC_Mobile\oc318-mobile-reader\public\corpus\oc1\siman265\seif-003\beur-hagra\en.html,corpus_en_html,shulchan-yd-temp corpus mirror,C:\Users\binya\Documents\shulchan-yd-temp\newtry\OC_Mobile\oc318-mobile-reader\public\corpus\oc1\siman265\seif-003\beur-hagra\en.html,true,possibly_clean,yes,"(א) SJ and there is no. A. A. in Tiberias and uses it with terraces:<br> <br> (ב) M. is prohibited. R.R. and Rashi F. K. D.C. in the name of a Jerusalemite, but as a quaint as a quaint, shall not touch the egg: ",C:\Users\binya\Documents\Shulchan aruch\newtry\OC_Mobile\oc318-mobile-reader\public\corpus\oc1\siman265\seif-003\beur-hagra\he.html,"<b>ס""ג ואין בו.</b> עירובין פ""ד א' בטיבלא ומשתמשין בו בני מרפסת: | <b>מ""מ אסור.</b> רי""ף ורא""ש פ""ק די""ט בשם ירושלמי גבי אבל כופין כו' ובלבד שלא יגע בביצה:"
oc1,beur-hagra,siman265,seif-003,C:\Users\binya\Documents\Shulchan aruch\newtry\OC_Mobile\oc318-mobile-reader\public\corpus\oc1\siman265\seif-003\beur-hagra\en.html,source_txt_block,current OC_001 source output,C:\Users\binya\Documents\Shulchan aruch\newtry\OC_001\output\siman_265\beur-hagra\part-001.txt,true,placeholder,no,English translation pending — replace after editing this block (keep Hebrew above intact).,C:\Users\binya\Documents\Shulchan aruch\newtry\OC_Mobile\oc318-mobile-reader\public\corpus\oc1\siman265\seif-003\beur-hagra\he.html,"<b>ס""ג ואין בו.</b> עירובין פ""ד א' בטיבלא ומשתמשין בו בני מרפסת: | <b>מ""מ אסור.</b> רי""ף ורא""ש פ""ק די""ט בשם ירושלמי גבי אבל כופין כו' ובלבד שלא יגע בביצה:"
oc1,beur-hagra,siman265,seif-003,C:\Users\binya\Documents\Shulchan aruch\newtry\OC_Mobile\oc318-mobile-reader\public\corpus\oc1\siman265\seif-003\beur-hagra\en.html,source_txt_block,temp OC_001 source output,C:\Users\binya\Documents\shulchan-yd-temp\newtry\OC_001\output\siman_265\beur-hagra\part-001.txt,true,placeholder,no,English translation pending — replace after editing this block (keep Hebrew above intact).,C:\Users\binya\Documents\Shulchan aruch\newtry\OC_Mobile\oc318-mobile-reader\public\corpus\oc1\siman265\seif-003\beur-hagra\he.html,"<b>ס""ג ואין בו.</b> עירובין פ""ד א' בטיבלא ומשתמשין בו בני מרפסת: | <b>מ""מ אסור.</b> רי""ף ורא""ש פ""ק די""ט בשם ירושלמי גבי אבל כופין כו' ובלבד שלא יגע בביצה:"
oc1,beur-hagra,siman453,seif-008,C:\Users\binya\Documents\Shulchan aruch\newtry\OC_Mobile\oc318-mobile-reader\public\corpus\oc1\siman453\seif-008\beur-hagra\en.html,corpus_en_html,SA_Sandbox corpus mirror,C:\Users\binya\Documents\Shulchan aruch\newtry\SA_Sandbox\public\corpus\oc1\siman453\seif-008\beur-hagra\en.html,false,missing_or_empty,no,,C:\Users\binya\Documents\Shulchan aruch\newtry\OC_Mobile\oc318-mobile-reader\public\corpus\oc1\siman453\seif-008\beur-hagra\he.html,"<b>ס""ח ואנשי' מעשה. </b>ירושלמי שם ר""ח בר פפא אזיל לגבי טחונייא:"
oc1,beur-hagra,siman453,seif-008,C:\Users\binya\Documents\Shulchan aruch\newtry\OC_Mobile\oc318-mobile-reader\public\corpus\oc1\siman453\seif-008\beur-hagra\en.html,corpus_en_html,shulchan-yd-temp corpus mirror,C:\Users\binya\Documents\shulchan-yd-temp\newtry\OC_Mobile\oc318-mobile-reader\public\corpus\oc1\siman453\seif-008\beur-hagra\en.html,true,possibly_clean,yes,A lawyer and an act. There is a Jerusalemite in the name of the Barfa Azil regarding its security: ,C:\Users\binya\Documents\Shulchan aruch\newtry\OC_Mobile\oc318-mobile-reader\public\corpus\oc1\siman453\seif-008\beur-hagra\he.html,"<b>ס""ח ואנשי' מעשה. </b>ירושלמי שם ר""ח בר פפא אזיל לגבי טחונייא:"
oc1,beur-hagra,siman453,seif-008,C:\Users\binya\Documents\Shulchan aruch\newtry\OC_Mobile\oc318-mobile-reader\public\corpus\oc1\siman453\seif-008\beur-hagra\en.html,source_txt_block,current OC_001 source output,C:\Users\binya\Documents\Shulchan aruch\newtry\OC_001\output\siman_453\beur-hagra\part-001.txt,true,placeholder,no,English translation pending — replace after editing this block (keep Hebrew above intact).,C:\Users\binya\Documents\Shulchan aruch\newtry\OC_Mobile\oc318-mobile-reader\public\corpus\oc1\siman453\seif-008\beur-hagra\he.html,"<b>ס""ח ואנשי' מעשה. </b>ירושלמי שם ר""ח בר פפא אזיל לגבי טחונייא:"
oc1,beur-hagra,siman453,seif-008,C:\Users\binya\Documents\Shulchan aruch\newtry\OC_Mobile\oc318-mobile-reader\public\corpus\oc1\siman453\seif-008\beur-hagra\en.html,source_txt_block,temp OC_001 source output,C:\Users\binya\Documents\shulchan-yd-temp\newtry\OC_001\output\siman_453\beur-hagra\part-001.txt,true,placeholder,no,English translation pending — replace after editing this block (keep Hebrew above intact).,C:\Users\binya\Documents\Shulchan aruch\newtry\OC_Mobile\oc318-mobile-reader\public\corpus\oc1\siman453\seif-008\beur-hagra\he.html,"<b>ס""ח ואנשי' מעשה. </b>ירושלמי שם ר""ח בר פפא אזיל לגבי טחונייא:"
oc1,beur-hagra,siman472,seif-010,C:\Users\binya\Documents\Shulchan aruch\newtry\OC_Mobile\oc318-mobile-reader\public\corpus\oc1\siman472\seif-010\beur-hagra\en.html,corpus_en_html,SA_Sandbox corpus mirror,C:\Users\binya\Documents\Shulchan aruch\newtry\SA_Sandbox\public\corpus\oc1\siman472\seif-010\beur-hagra\en.html,false,missing_or_empty,no,,C:\Users\binya\Documents\Shulchan aruch\newtry\OC_Mobile\oc318-mobile-reader\public\corpus\oc1\siman472\seif-010\beur-hagra\he.html,"<b>מי שאינו. </b>ירושלמי שם בפ' ע""פ ובפ' ח' דשבת ובפ""ג דשקלים ר' יונה שתי ד' כסי דלילי פסחא וחזיק רישיה עד עצרת רי בר עילאי שתי ד' כסי דלילא פסחא וחזיק רישא עד חגא כו' ועבה""ג:"
oc1,beur-hagra,siman472,seif-010,C:\Users\binya\Documents\Shulchan aruch\newtry\OC_Mobile\oc318-mobile-reader\public\corpus\oc1\siman472\seif-010\beur-hagra\en.html,corpus_en_html,shulchan-yd-temp corpus mirror,C:\Users\binya\Documents\shulchan-yd-temp\newtry\OC_Mobile\oc318-mobile-reader\public\corpus\oc1\siman472\seif-010\beur-hagra\en.html,true,suspicious_abbreviation_chain,no,Those who are not. There is a Jerusalemite name in P. and P. N. D. N. D. N. A.D. as a non-Saudia and Holds Riyashi to the Red Seat of R. R. R. B.D. as a non-Saharan and Holds Rashi until he is called and called ,C:\Users\binya\Documents\Shulchan aruch\newtry\OC_Mobile\oc318-mobile-reader\public\corpus\oc1\siman472\seif-010\beur-hagra\he.html,"<b>מי שאינו. </b>ירושלמי שם בפ' ע""פ ובפ' ח' דשבת ובפ""ג דשקלים ר' יונה שתי ד' כסי דלילי פסחא וחזיק רישיה עד עצרת רי בר עילאי שתי ד' כסי דלילא פסחא וחזיק רישא עד חגא כו' ועבה""ג:"
oc1,beur-hagra,siman472,seif-010,C:\Users\binya\Documents\Shulchan aruch\newtry\OC_Mobile\oc318-mobile-reader\public\corpus\oc1\siman472\seif-010\beur-hagra\en.html,source_txt_block,current OC_001 source output,C:\Users\binya\Documents\Shulchan aruch\newtry\OC_001\output\siman_472\beur-hagra\part-001.txt,true,placeholder,no,English translation pending — replace after editing this block (keep Hebrew above intact).,C:\Users\binya\Documents\Shulchan aruch\newtry\OC_Mobile\oc318-mobile-reader\public\corpus\oc1\siman472\seif-010\beur-hagra\he.html,"<b>מי שאינו. </b>ירושלמי שם בפ' ע""פ ובפ' ח' דשבת ובפ""ג דשקלים ר' יונה שתי ד' כסי דלילי פסחא וחזיק רישיה עד עצרת רי בר עילאי שתי ד' כסי דלילא פסחא וחזיק רישא עד חגא כו' ועבה""ג:"
oc1,beur-hagra,siman472,seif-010,C:\Users\binya\Documents\Shulchan aruch\newtry\OC_Mobile\oc318-mobile-reader\public\corpus\oc1\siman472\seif-010\beur-hagra\en.html,source_txt_block,temp OC_001 source output,C:\Users\binya\Documents\shulchan-yd-temp\newtry\OC_001\output\siman_472\beur-hagra\part-001.txt,true,placeholder,no,English translation pending — replace after editing this block (keep Hebrew above intact).,C:\Users\binya\Documents\Shulchan aruch\newtry\OC_Mobile\oc318-mobile-reader\public\corpus\oc1\siman472\seif-010\beur-hagra\he.html,"<b>מי שאינו. </b>ירושלמי שם בפ' ע""פ ובפ' ח' דשבת ובפ""ג דשקלים ר' יונה שתי ד' כסי דלילי פסחא וחזיק רישיה עד עצרת רי בר עילאי שתי ד' כסי דלילא פסחא וחזיק רישא עד חגא כו' ועבה""ג:"
oc1,beur-hagra,siman500,seif-002,C:\Users\binya\Documents\Shulchan aruch\newtry\OC_Mobile\oc318-mobile-reader\public\corpus\oc1\siman500\seif-002\beur-hagra\en.html,corpus_en_html,SA_Sandbox corpus mirror,C:\Users\binya\Documents\Shulchan aruch\newtry\SA_Sandbox\public\corpus\oc1\siman500\seif-002\beur-hagra\en.html,false,missing_or_empty,no,,C:\Users\binya\Documents\Shulchan aruch\newtry\OC_Mobile\oc318-mobile-reader\public\corpus\oc1\siman500\seif-002\beur-hagra\he.html,"<b>ס""ב ואפילו בביתו. </b>טור. ולמד ממ""ש כ""ט א' והנחתום כדי כו' הלא""ה אסור דלא כירושלמי שם תני רשבג""א אף מפיס אדם את עצמו בליטרא לידע כמה הגיע לו כהדא ר' מנא זבן חרובין דשמיטתא אתא שאיל לר' חזקיה א""ל נהגין רבנן כהדא דרשב""ג ועב""י ונר' לי שמירושל' מוכח להיפך שאמר שם ר""י בשם שמואל אפי' לתלותו בכף מאזנים מפני העכברים אסור ר""ל שז""ש אין משגיחין אר""י בר' בון לא מטעם זה ר""ל לא משום כן אמר אין משגיחין דבכה""ג מותר אלא בגין דתנינן רי""א שוקל אדם בשר כנגד הכלי או כנגד הקופיץ וחכמים אומרים אין משגיחין בכף מאזנים כל עיקר הא תניא קדמייא סבר משגיחין ר""ל דת""ק סובר שמשגיחין דהיינו נגד כלי וקופיץ ובכה""ג אמרי רבנן אין משגיחין. הא לתלותו בכף מאזנים מפני העכברים מותר תני רשב""ג אומר אף מפיס אדם כו' כנ""ל וכיון דלא קי""ל כירושלמי דמסיק דמפני עכברים דמותר כ""ש דלא קי""ל כרשב""ג: | <b>ואפי' לשקול כו'. </b>שם אי כרבנן כו' ואנן קי""ל כרבנן ואע""ג דר""י פסיק כר""י אביי דחי ליה וע' בירושלמי שם שמסיק ג""כ לחלק בין בכור לי""ט מטעמא דאין משגיחין בכ""מ כל עיקר אלא שאומר שם דאפי' ר""ח ור""ש ברבי אוסרין בי""ט ע""ש: | <b>ומותר כו'. </b>כמ""ש טבח אומן דוקא: | <b>שלוקח. </b>רא""ש ור""ן דלא כרש""י וכ""מ בירושלמי שאכתוב למטה וכמ""ש הרא""ש שם דליתני דבכה""ג מותר ע""ש: | <b>אבל אם כו'. </b>ירושלמי שם תני הטבח לא יהא שוקל בידו ומניח שידו כליטר' הוא אבל חותך הוא בסכין ונותן לזה ולזה:"
oc1,beur-hagra,siman500,seif-002,C:\Users\binya\Documents\Shulchan aruch\newtry\OC_Mobile\oc318-mobile-reader\public\corpus\oc1\siman500\seif-002\beur-hagra\en.html,corpus_en_html,shulchan-yd-temp corpus mirror,C:\Users\binya\Documents\shulchan-yd-temp\newtry\OC_Mobile\oc318-mobile-reader\public\corpus\oc1\siman500\seif-002\beur-hagra\en.html,true,suspicious_abbreviation_chain,no,(1) Sab and even in his house. Tur. And he learned from Masash 29:1 and the conclusion to the 20th of the 5th is not allowed to be a Jerusalemite there Tani Rashbaja even if a person breaks himself in a litra to know how,C:\Users\binya\Documents\Shulchan aruch\newtry\OC_Mobile\oc318-mobile-reader\public\corpus\oc1\siman500\seif-002\beur-hagra\he.html,"<b>ס""ב ואפילו בביתו. </b>טור. ולמד ממ""ש כ""ט א' והנחתום כדי כו' הלא""ה אסור דלא כירושלמי שם תני רשבג""א אף מפיס אדם את עצמו בליטרא לידע כמה הגיע לו כהדא ר' מנא זבן חרובין דשמיטתא אתא שאיל לר' חזקיה א""ל נהגין רבנן כהדא דרשב""ג ועב""י ונר' לי שמירושל' מוכח להיפך שאמר שם ר""י בשם שמואל אפי' לתלותו בכף מאזנים מפני העכברים אסור ר""ל שז""ש אין משגיחין אר""י בר' בון לא מטעם זה ר""ל לא משום כן אמר אין משגיחין דבכה""ג מותר אלא בגין דתנינן רי""א שוקל אדם בשר כנגד הכלי או כנגד הקופיץ וחכמים אומרים אין משגיחין בכף מאזנים כל עיקר הא תניא קדמייא סבר משגיחין ר""ל דת""ק סובר שמשגיחין דהיינו נגד כלי וקופיץ ובכה""ג אמרי רבנן אין משגיחין. הא לתלותו בכף מאזנים מפני העכברים מותר תני רשב""ג אומר אף מפיס אדם כו' כנ""ל וכיון דלא קי""ל כירושלמי דמסיק דמפני עכברים דמותר כ""ש דלא קי""ל כרשב""ג: | <b>ואפי' לשקול כו'. </b>שם אי כרבנן כו' ואנן קי""ל כרבנן ואע""ג דר""י פסיק כר""י אביי דחי ליה וע' בירושלמי שם שמסיק ג""כ לחלק בין בכור לי""ט מטעמא דאין משגיחין בכ""מ כל עיקר אלא שאומר שם דאפי' ר""ח ור""ש ברבי אוסרין בי""ט ע""ש: | <b>ומותר כו'. </b>כמ""ש טבח אומן דוקא: | <b>שלוקח. </b>רא""ש ור""ן דלא כרש""י וכ""מ בירושלמי שאכתוב למטה וכמ""ש הרא""ש שם דליתני דבכה""ג מותר ע""ש: | <b>אבל אם כו'. </b>ירושלמי שם תני הטבח לא יהא שוקל בידו ומניח שידו כליטר' הוא אבל חותך הוא בסכין ונותן לזה ולזה:"
oc1,beur-hagra,siman500,seif-002,C:\Users\binya\Documents\Shulchan aruch\newtry\OC_Mobile\oc318-mobile-reader\public\corpus\oc1\siman500\seif-002\beur-hagra\en.html,source_txt_block,current OC_001 source output,C:\Users\binya\Documents\Shulchan aruch\newtry\OC_001\output\siman_500\beur-hagra\part-001.txt,true,placeholder,no,English translation pending — replace after editing this block (keep Hebrew above intact).,C:\Users\binya\Documents\Shulchan aruch\newtry\OC_Mobile\oc318-mobile-reader\public\corpus\oc1\siman500\seif-002\beur-hagra\he.html,"<b>ס""ב ואפילו בביתו. </b>טור. ולמד ממ""ש כ""ט א' והנחתום כדי כו' הלא""ה אסור דלא כירושלמי שם תני רשבג""א אף מפיס אדם את עצמו בליטרא לידע כמה הגיע לו כהדא ר' מנא זבן חרובין דשמיטתא אתא שאיל לר' חזקיה א""ל נהגין רבנן כהדא דרשב""ג ועב""י ונר' לי שמירושל' מוכח להיפך שאמר שם ר""י בשם שמואל אפי' לתלותו בכף מאזנים מפני העכברים אסור ר""ל שז""ש אין משגיחין אר""י בר' בון לא מטעם זה ר""ל לא משום כן אמר אין משגיחין דבכה""ג מותר אלא בגין דתנינן רי""א שוקל אדם בשר כנגד הכלי או כנגד הקופיץ וחכמים אומרים אין משגיחין בכף מאזנים כל עיקר הא תניא קדמייא סבר משגיחין ר""ל דת""ק סובר שמשגיחין דהיינו נגד כלי וקופיץ ובכה""ג אמרי רבנן אין משגיחין. הא לתלותו בכף מאזנים מפני העכברים מותר תני רשב""ג אומר אף מפיס אדם כו' כנ""ל וכיון דלא קי""ל כירושלמי דמסיק דמפני עכברים דמותר כ""ש דלא קי""ל כרשב""ג: | <b>ואפי' לשקול כו'. </b>שם אי כרבנן כו' ואנן קי""ל כרבנן ואע""ג דר""י פסיק כר""י אביי דחי ליה וע' בירושלמי שם שמסיק ג""כ לחלק בין בכור לי""ט מטעמא דאין משגיחין בכ""מ כל עיקר אלא שאומר שם דאפי' ר""ח ור""ש ברבי אוסרין בי""ט ע""ש: | <b>ומותר כו'. </b>כמ""ש טבח אומן דוקא: | <b>שלוקח. </b>רא""ש ור""ן דלא כרש""י וכ""מ בירושלמי שאכתוב למטה וכמ""ש הרא""ש שם דליתני דבכה""ג מותר ע""ש: | <b>אבל אם כו'. </b>ירושלמי שם תני הטבח לא יהא שוקל בידו ומניח שידו כליטר' הוא אבל חותך הוא בסכין ונותן לזה ולזה:"
oc1,beur-hagra,siman500,seif-002,C:\Users\binya\Documents\Shulchan aruch\newtry\OC_Mobile\oc318-mobile-reader\public\corpus\oc1\siman500\seif-002\beur-hagra\en.html,source_txt_block,temp OC_001 source output,C:\Users\binya\Documents\shulchan-yd-temp\newtry\OC_001\output\siman_500\beur-hagra\part-001.txt,true,placeholder,no,English translation pending — replace after editing this block (keep Hebrew above intact).,C:\Users\binya\Documents\Shulchan aruch\newtry\OC_Mobile\oc318-mobile-reader\public\corpus\oc1\siman500\seif-002\beur-hagra\he.html,"<b>ס""ב ואפילו בביתו. </b>טור. ולמד ממ""ש כ""ט א' והנחתום כדי כו' הלא""ה אסור דלא כירושלמי שם תני רשבג""א אף מפיס אדם את עצמו בליטרא לידע כמה הגיע לו כהדא ר' מנא זבן חרובין דשמיטתא אתא שאיל לר' חזקיה א""ל נהגין רבנן כהדא דרשב""ג ועב""י ונר' לי שמירושל' מוכח להיפך שאמר שם ר""י בשם שמואל אפי' לתלותו בכף מאזנים מפני העכברים אסור ר""ל שז""ש אין משגיחין אר""י בר' בון לא מטעם זה ר""ל לא משום כן אמר אין משגיחין דבכה""ג מותר אלא בגין דתנינן רי""א שוקל אדם בשר כנגד הכלי או כנגד הקופיץ וחכמים אומרים אין משגיחין בכף מאזנים כל עיקר הא תניא קדמייא סבר משגיחין ר""ל דת""ק סובר שמשגיחין דהיינו נגד כלי וקופיץ ובכה""ג אמרי רבנן אין משגיחין. הא לתלותו בכף מאזנים מפני העכברים מותר תני רשב""ג אומר אף מפיס אדם כו' כנ""ל וכיון דלא קי""ל כירושלמי דמסיק דמפני עכברים דמותר כ""ש דלא קי""ל כרשב""ג: | <b>ואפי' לשקול כו'. </b>שם אי כרבנן כו' ואנן קי""ל כרבנן ואע""ג דר""י פסיק כר""י אביי דחי ליה וע' בירושלמי שם שמסיק ג""כ לחלק בין בכור לי""ט מטעמא דאין משגיחין בכ""מ כל עיקר אלא שאומר שם דאפי' ר""ח ור""ש ברבי אוסרין בי""ט ע""ש: | <b>ומותר כו'. </b>כמ""ש טבח אומן דוקא: | <b>שלוקח. </b>רא""ש ור""ן דלא כרש""י וכ""מ בירושלמי שאכתוב למטה וכמ""ש הרא""ש שם דליתני דבכה""ג מותר ע""ש: | <b>אבל אם כו'. </b>ירושלמי שם תני הטבח לא יהא שוקל בידו ומניח שידו כליטר' הוא אבל חותך הוא בסכין ונותן לזה ולזה:"
oc1,beur-hagra,siman527,seif-013,C:\Users\binya\Documents\Shulchan aruch\newtry\OC_Mobile\oc318-mobile-reader\public\corpus\oc1\siman527\seif-013\beur-hagra\en.html,corpus_en_html,SA_Sandbox corpus mirror,C:\Users\binya\Documents\Shulchan aruch\newtry\SA_Sandbox\public\corpus\oc1\siman527\seif-013\beur-hagra\en.html,false,missing_or_empty,no,,C:\Users\binya\Documents\Shulchan aruch\newtry\OC_Mobile\oc318-mobile-reader\public\corpus\oc1\siman527\seif-013\beur-hagra\he.html,"<b>סי""ג אע""פ כו'. </b>עמ""א וכ""כ בשם ירושלמי דשבת קרובה התירו ע""י עירובי תבשילין ולא שבת רחוקה וע' בריב""ש:"
oc1,beur-hagra,siman527,seif-013,C:\Users\binya\Documents\Shulchan aruch\newtry\OC_Mobile\oc318-mobile-reader\public\corpus\oc1\siman527\seif-013\beur-hagra\en.html,corpus_en_html,shulchan-yd-temp corpus mirror,C:\Users\binya\Documents\shulchan-yd-temp\newtry\OC_Mobile\oc318-mobile-reader\public\corpus\oc1\siman527\seif-013\beur-hagra\en.html,true,possibly_clean,yes,"C. A.C. is called. In the name of a Jerusalemite nearer, he was shot down by the city of Yusuf and not a distant Shabbat, and not a distant Shabbat ",C:\Users\binya\Documents\Shulchan aruch\newtry\OC_Mobile\oc318-mobile-reader\public\corpus\oc1\siman527\seif-013\beur-hagra\he.html,"<b>סי""ג אע""פ כו'. </b>עמ""א וכ""כ בשם ירושלמי דשבת קרובה התירו ע""י עירובי תבשילין ולא שבת רחוקה וע' בריב""ש:"
oc1,beur-hagra,siman527,seif-013,C:\Users\binya\Documents\Shulchan aruch\newtry\OC_Mobile\oc318-mobile-reader\public\corpus\oc1\siman527\seif-013\beur-hagra\en.html,source_txt_block,current OC_001 source output,C:\Users\binya\Documents\Shulchan aruch\newtry\OC_001\output\siman_527\beur-hagra\part-001.txt,true,placeholder,no,English translation pending — replace after editing this block (keep Hebrew above intact).,C:\Users\binya\Documents\Shulchan aruch\newtry\OC_Mobile\oc318-mobile-reader\public\corpus\oc1\siman527\seif-013\beur-hagra\he.html,"<b>סי""ג אע""פ כו'. </b>עמ""א וכ""כ בשם ירושלמי דשבת קרובה התירו ע""י עירובי תבשילין ולא שבת רחוקה וע' בריב""ש:"
oc1,beur-hagra,siman527,seif-013,C:\Users\binya\Documents\Shulchan aruch\newtry\OC_Mobile\oc318-mobile-reader\public\corpus\oc1\siman527\seif-013\beur-hagra\en.html,source_txt_block,temp OC_001 source output,C:\Users\binya\Documents\shulchan-yd-temp\newtry\OC_001\output\siman_527\beur-hagra\part-001.txt,true,placeholder,no,English translation pending — replace after editing this block (keep Hebrew above intact).,C:\Users\binya\Documents\Shulchan aruch\newtry\OC_Mobile\oc318-mobile-reader\public\corpus\oc1\siman527\seif-013\beur-hagra\he.html,"<b>סי""ג אע""פ כו'. </b>עמ""א וכ""כ בשם ירושלמי דשבת קרובה התירו ע""י עירובי תבשילין ולא שבת רחוקה וע' בריב""ש:"
oc1,beur-hagra,siman531,seif-004,C:\Users\binya\Documents\Shulchan aruch\newtry\OC_Mobile\oc318-mobile-reader\public\corpus\oc1\siman531\seif-004\beur-hagra\en.html,corpus_en_html,SA_Sandbox corpus mirror,C:\Users\binya\Documents\Shulchan aruch\newtry\SA_Sandbox\public\corpus\oc1\siman531\seif-004\beur-hagra\en.html,false,missing_or_empty,no,,C:\Users\binya\Documents\Shulchan aruch\newtry\OC_Mobile\oc318-mobile-reader\public\corpus\oc1\siman531\seif-004\beur-hagra\he.html,"<b>ס""ד ולא היה לו כו'. </b>שם י""ז ב' ועט""ז: | <b>ואפי' היה כו'. </b>ירושלמי והביאו הרא""ש שם: | <b>שהתירו לו ברגל. </b>רמב""ם ודלא כהרא""ש בשם ירושלמי וטעמו דגמ' דידן פליגא דאמרינן שם י""ד ב' דאזיל ופייסיה כו' ועוד דא""א לאוקמיה למתני' כאוקימתא דירושל' דאנן קי""ל כי מפייס לבעל דיניה שרינן ליה לאלתר כמ""ש הרי""ף ורמב""ם וע""ש ברי""ף על הא דאביי שם ט""ז א' אמר אביי היכי לעביד כו' ועיין במרדכי ריש פ""ג: | <b>ונשאל על נדרו ברגל. </b>רמב""ם דלא כהירושלמי ונלמד מהנ""ל: | <b>ולא היה כו'. </b>גמ' כנ""ל: | <b>והוא שלא כו'. </b>גמ' שם א""ר לשוט כו' וכ""כ הרא""ש בשם הראב""ד שכן מ' בירו' וצ""ע דבירושלמי משמע להיפך וז""ל הירושל' שם תניא בשם ר""י הבא ממ""ה אסור לו לגלח ר""י כדעתיה דרי""א אסור לפרוש לים הגדול מעתה כהן שיצא ח""ל הואיל ויצא שלא ברצון חכמים אסור לו לגלח חד כהן אתא לגבי ר""ח א""ל כו' שמעון בר בא כו' משמע דר' מיירי שלא בח""ל והטעם כמ""ש דאסור לפרוש לים הגדול משום סכנה וגם משמע בירוש' דאין איסור לצאת לח""ל אלא בכהן דוקא וכן שמעון בר בא כהן הוה כמ""ש בעובדא דבנתיה דמר שמואל פוק איטפיל כו' אבל בגמ' שלנו סוף כתובות לא מ' כן:"
oc1,beur-hagra,siman531,seif-004,C:\Users\binya\Documents\Shulchan aruch\newtry\OC_Mobile\oc318-mobile-reader\public\corpus\oc1\siman531\seif-004\beur-hagra\en.html,corpus_en_html,shulchan-yd-temp corpus mirror,C:\Users\binya\Documents\shulchan-yd-temp\newtry\OC_Mobile\oc318-mobile-reader\public\corpus\oc1\siman531\seif-004\beur-hagra\en.html,true,possibly_clean,yes,(א) He had no name. There's a lot of snails and a pen:<br> <br> (ב) Affi was called. Jerusalem and the Rashi came there:<br> <br> (3) who allowed him to walk. Rambam and Dela as the Rabbi in the name of Yerushalmi and hi,C:\Users\binya\Documents\Shulchan aruch\newtry\OC_Mobile\oc318-mobile-reader\public\corpus\oc1\siman531\seif-004\beur-hagra\he.html,"<b>ס""ד ולא היה לו כו'. </b>שם י""ז ב' ועט""ז: | <b>ואפי' היה כו'. </b>ירושלמי והביאו הרא""ש שם: | <b>שהתירו לו ברגל. </b>רמב""ם ודלא כהרא""ש בשם ירושלמי וטעמו דגמ' דידן פליגא דאמרינן שם י""ד ב' דאזיל ופייסיה כו' ועוד דא""א לאוקמיה למתני' כאוקימתא דירושל' דאנן קי""ל כי מפייס לבעל דיניה שרינן ליה לאלתר כמ""ש הרי""ף ורמב""ם וע""ש ברי""ף על הא דאביי שם ט""ז א' אמר אביי היכי לעביד כו' ועיין במרדכי ריש פ""ג: | <b>ונשאל על נדרו ברגל. </b>רמב""ם דלא כהירושלמי ונלמד מהנ""ל: | <b>ולא היה כו'. </b>גמ' כנ""ל: | <b>והוא שלא כו'. </b>גמ' שם א""ר לשוט כו' וכ""כ הרא""ש בשם הראב""ד שכן מ' בירו' וצ""ע דבירושלמי משמע להיפך וז""ל הירושל' שם תניא בשם ר""י הבא ממ""ה אסור לו לגלח ר""י כדעתיה דרי""א אסור לפרוש לים הגדול מעתה כהן שיצא ח""ל הואיל ויצא שלא ברצון חכמים אסור לו לגלח חד כהן אתא לגבי ר""ח א""ל כו' שמעון בר בא כו' משמע דר' מיירי שלא בח""ל והטעם כמ""ש דאסור לפרוש לים הגדול משום סכנה וגם משמע בירוש' דאין איסור לצאת לח""ל אלא בכהן דוקא וכן שמעון בר בא כהן הוה כמ""ש בעובדא דבנתיה דמר שמואל פוק איטפיל כו' אבל בגמ' שלנו סוף כתובות לא מ' כן:"
oc1,beur-hagra,siman531,seif-004,C:\Users\binya\Documents\Shulchan aruch\newtry\OC_Mobile\oc318-mobile-reader\public\corpus\oc1\siman531\seif-004\beur-hagra\en.html,source_txt_block,current OC_001 source output,C:\Users\binya\Documents\Shulchan aruch\newtry\OC_001\output\siman_531\beur-hagra\part-001.txt,true,placeholder,no,English translation pending — replace after editing this block (keep Hebrew above intact).,C:\Users\binya\Documents\Shulchan aruch\newtry\OC_Mobile\oc318-mobile-reader\public\corpus\oc1\siman531\seif-004\beur-hagra\he.html,"<b>ס""ד ולא היה לו כו'. </b>שם י""ז ב' ועט""ז: | <b>ואפי' היה כו'. </b>ירושלמי והביאו הרא""ש שם: | <b>שהתירו לו ברגל. </b>רמב""ם ודלא כהרא""ש בשם ירושלמי וטעמו דגמ' דידן פליגא דאמרינן שם י""ד ב' דאזיל ופייסיה כו' ועוד דא""א לאוקמיה למתני' כאוקימתא דירושל' דאנן קי""ל כי מפייס לבעל דיניה שרינן ליה לאלתר כמ""ש הרי""ף ורמב""ם וע""ש ברי""ף על הא דאביי שם ט""ז א' אמר אביי היכי לעביד כו' ועיין במרדכי ריש פ""ג: | <b>ונשאל על נדרו ברגל. </b>רמב""ם דלא כהירושלמי ונלמד מהנ""ל: | <b>ולא היה כו'. </b>גמ' כנ""ל: | <b>והוא שלא כו'. </b>גמ' שם א""ר לשוט כו' וכ""כ הרא""ש בשם הראב""ד שכן מ' בירו' וצ""ע דבירושלמי משמע להיפך וז""ל הירושל' שם תניא בשם ר""י הבא ממ""ה אסור לו לגלח ר""י כדעתיה דרי""א אסור לפרוש לים הגדול מעתה כהן שיצא ח""ל הואיל ויצא שלא ברצון חכמים אסור לו לגלח חד כהן אתא לגבי ר""ח א""ל כו' שמעון בר בא כו' משמע דר' מיירי שלא בח""ל והטעם כמ""ש דאסור לפרוש לים הגדול משום סכנה וגם משמע בירוש' דאין איסור לצאת לח""ל אלא בכהן דוקא וכן שמעון בר בא כהן הוה כמ""ש בעובדא דבנתיה דמר שמואל פוק איטפיל כו' אבל בגמ' שלנו סוף כתובות לא מ' כן:"
oc1,beur-hagra,siman531,seif-004,C:\Users\binya\Documents\Shulchan aruch\newtry\OC_Mobile\oc318-mobile-reader\public\corpus\oc1\siman531\seif-004\beur-hagra\en.html,source_txt_block,temp OC_001 source output,C:\Users\binya\Documents\shulchan-yd-temp\newtry\OC_001\output\siman_531\beur-hagra\part-001.txt,true,placeholder,no,English translation pending — replace after editing this block (keep Hebrew above intact).,C:\Users\binya\Documents\Shulchan aruch\newtry\OC_Mobile\oc318-mobile-reader\public\corpus\oc1\siman531\seif-004\beur-hagra\he.html,"<b>ס""ד ולא היה לו כו'. </b>שם י""ז ב' ועט""ז: | <b>ואפי' היה כו'. </b>ירושלמי והביאו הרא""ש שם: | <b>שהתירו לו ברגל. </b>רמב""ם ודלא כהרא""ש בשם ירושלמי וטעמו דגמ' דידן פליגא דאמרינן שם י""ד ב' דאזיל ופייסיה כו' ועוד דא""א לאוקמיה למתני' כאוקימתא דירושל' דאנן קי""ל כי מפייס לבעל דיניה שרינן ליה לאלתר כמ""ש הרי""ף ורמב""ם וע""ש ברי""ף על הא דאביי שם ט""ז א' אמר אביי היכי לעביד כו' ועיין במרדכי ריש פ""ג: | <b>ונשאל על נדרו ברגל. </b>רמב""ם דלא כהירושלמי ונלמד מהנ""ל: | <b>ולא היה כו'. </b>גמ' כנ""ל: | <b>והוא שלא כו'. </b>גמ' שם א""ר לשוט כו' וכ""כ הרא""ש בשם הראב""ד שכן מ' בירו' וצ""ע דבירושלמי משמע להיפך וז""ל הירושל' שם תניא בשם ר""י הבא ממ""ה אסור לו לגלח ר""י כדעתיה דרי""א אסור לפרוש לים הגדול מעתה כהן שיצא ח""ל הואיל ויצא שלא ברצון חכמים אסור לו לגלח חד כהן אתא לגבי ר""ח א""ל כו' שמעון בר בא כו' משמע דר' מיירי שלא בח""ל והטעם כמ""ש דאסור לפרוש לים הגדול משום סכנה וגם משמע בירוש' דאין איסור לצאת לח""ל אלא בכהן דוקא וכן שמעון בר בא כהן הוה כמ""ש בעובדא דבנתיה דמר שמואל פוק איטפיל כו' אבל בגמ' שלנו סוף כתובות לא מ' כן:"
oc1,beur-hagra,siman547,seif-003,C:\Users\binya\Documents\Shulchan aruch\newtry\OC_Mobile\oc318-mobile-reader\public\corpus\oc1\siman547\seif-003\beur-hagra\en.html,corpus_en_html,SA_Sandbox corpus mirror,C:\Users\binya\Documents\Shulchan aruch\newtry\SA_Sandbox\public\corpus\oc1\siman547\seif-003\beur-hagra\en.html,false,missing_or_empty,no,,C:\Users\binya\Documents\Shulchan aruch\newtry\OC_Mobile\oc318-mobile-reader\public\corpus\oc1\siman547\seif-003\beur-hagra\he.html,"<b>ס""ג כל כו'. </b>ירושלמי שם איזהו עירור מזכירו בין המתים ואיזהו הספד שהוא עושה לו הספד בפ""ע הדא דתימר בישן אבל בחדש מותר איזהו חדש ואיזהו ישן חדש בתוך שלשים יום ישן לאחר שלשים יום והוא כשמואל דאמר מפני כו' ואף ע""ג דהלכתא כר' באיסורי כיון דלחד לישנא רב כהנא אמר כגי' הרא""ש וברי""ף ל""ג אלא רב כהנא לבד עבדין כשמואל שהירושלמי כוותיה:"
oc1,beur-hagra,siman547,seif-003,C:\Users\binya\Documents\Shulchan aruch\newtry\OC_Mobile\oc318-mobile-reader\public\corpus\oc1\siman547\seif-003\beur-hagra\en.html,corpus_en_html,shulchan-yd-temp corpus mirror,C:\Users\binya\Documents\shulchan-yd-temp\newtry\OC_Mobile\oc318-mobile-reader\public\corpus\oc1\siman547\seif-003\beur-hagra\en.html,true,possibly_clean,yes,"SJ is all right. There is a Jerusalemite where he is reminded of the dead, and this is the cup that he does to him in the Old Testament, but in the new, a new one is permitted and is not a new one in the midst of an old ",C:\Users\binya\Documents\Shulchan aruch\newtry\OC_Mobile\oc318-mobile-reader\public\corpus\oc1\siman547\seif-003\beur-hagra\he.html,"<b>ס""ג כל כו'. </b>ירושלמי שם איזהו עירור מזכירו בין המתים ואיזהו הספד שהוא עושה לו הספד בפ""ע הדא דתימר בישן אבל בחדש מותר איזהו חדש ואיזהו ישן חדש בתוך שלשים יום ישן לאחר שלשים יום והוא כשמואל דאמר מפני כו' ואף ע""ג דהלכתא כר' באיסורי כיון דלחד לישנא רב כהנא אמר כגי' הרא""ש וברי""ף ל""ג אלא רב כהנא לבד עבדין כשמואל שהירושלמי כוותיה:"
oc1,beur-hagra,siman547,seif-003,C:\Users\binya\Documents\Shulchan aruch\newtry\OC_Mobile\oc318-mobile-reader\public\corpus\oc1\siman547\seif-003\beur-hagra\en.html,source_txt_block,current OC_001 source output,C:\Users\binya\Documents\Shulchan aruch\newtry\OC_001\output\siman_547\beur-hagra\part-001.txt,true,placeholder,no,English translation pending — replace after editing this block (keep Hebrew above intact).,C:\Users\binya\Documents\Shulchan aruch\newtry\OC_Mobile\oc318-mobile-reader\public\corpus\oc1\siman547\seif-003\beur-hagra\he.html,"<b>ס""ג כל כו'. </b>ירושלמי שם איזהו עירור מזכירו בין המתים ואיזהו הספד שהוא עושה לו הספד בפ""ע הדא דתימר בישן אבל בחדש מותר איזהו חדש ואיזהו ישן חדש בתוך שלשים יום ישן לאחר שלשים יום והוא כשמואל דאמר מפני כו' ואף ע""ג דהלכתא כר' באיסורי כיון דלחד לישנא רב כהנא אמר כגי' הרא""ש וברי""ף ל""ג אלא רב כהנא לבד עבדין כשמואל שהירושלמי כוותיה:"
oc1,beur-hagra,siman547,seif-003,C:\Users\binya\Documents\Shulchan aruch\newtry\OC_Mobile\oc318-mobile-reader\public\corpus\oc1\siman547\seif-003\beur-hagra\en.html,source_txt_block,temp OC_001 source output,C:\Users\binya\Documents\shulchan-yd-temp\newtry\OC_001\output\siman_547\beur-hagra\part-001.txt,true,placeholder,no,English translation pending — replace after editing this block (keep Hebrew above intact).,C:\Users\binya\Documents\Shulchan aruch\newtry\OC_Mobile\oc318-mobile-reader\public\corpus\oc1\siman547\seif-003\beur-hagra\he.html,"<b>ס""ג כל כו'. </b>ירושלמי שם איזהו עירור מזכירו בין המתים ואיזהו הספד שהוא עושה לו הספד בפ""ע הדא דתימר בישן אבל בחדש מותר איזהו חדש ואיזהו ישן חדש בתוך שלשים יום ישן לאחר שלשים יום והוא כשמואל דאמר מפני כו' ואף ע""ג דהלכתא כר' באיסורי כיון דלחד לישנא רב כהנא אמר כגי' הרא""ש וברי""ף ל""ג אלא רב כהנא לבד עבדין כשמואל שהירושלמי כוותיה:"
oc1,beur-hagra,siman586,seif-007,C:\Users\binya\Documents\Shulchan aruch\newtry\OC_Mobile\oc318-mobile-reader\public\corpus\oc1\siman586\seif-007\beur-hagra\en.html,corpus_en_html,SA_Sandbox corpus mirror,C:\Users\binya\Documents\Shulchan aruch\newtry\SA_Sandbox\public\corpus\oc1\siman586\seif-007\beur-hagra\en.html,false,missing_or_empty,no,,C:\Users\binya\Documents\Shulchan aruch\newtry\OC_Mobile\oc318-mobile-reader\public\corpus\oc1\siman586\seif-007\beur-hagra\he.html,"<b>ס""ז אם לא כו'. </b>ירושלמי שם ר' אבא בר זבידא בשם ר""ז והוא שסתמו אבל אם לא סתמו כשר שכל הקולות כשרין בשופר: | <b>מיהו כו'.</b> בפסיקתא רבתי ילמדנו רבינו שופר שניקב וסתמו מהו כך שנו רבותינו אה מעכב את התקיעה פסול וא""ל כשר מ""ט דכתי' וה' אלהים בשופר יתקע מה שופרו של הקב""ה הוא שלם אף שופר של ר""ה יהא שלם. רוקח ר""ס ר""ג ע""ש: | <b>אין לתקוע. </b>כי יש כמה פירושים על הירושלמי הנ""ל. תשובת הרא""ש: | <b>לאחר סתימה כו'. </b>ממש""ש והוא שנפחת כו' הא לא""ה כשר וכה""ג ודאי א""א שלא יעכב בעודו נקוב. תוס' שם בד""ה ניקב כו' ע""ש: | <b>ואם סתמו כו'. </b>כ""ה דעת הרמב""ם דר""נ אסיפא דמתני' קאי והש""פ פ' כדעת הרמב""ם ובשעת הדחק כתוס' וראיית הרמב""ם ממ""ש בירושלמי שם שופר שנסדק ודיבקו פסול למי נצרכה לר""נ דיבק שברי שופרות פסול עוד היא דר""נ ניקב וסתמו ר""ח בשם ר' יוחנן דר""נ היא דתניא ניקב וסתמי בין במינו בין שלא במינו אם היה מעכב את התקיעה פסול וא""ל כשר ר' נתן אומר במינו כשר שלא במינו פסול ומדהוצרך לדחוקי מתני' שלא במינו וכר' נתן ש""מ דאסיפא קאי ורבנן פסלי בכ""ע וכן דיבק כו' ג""כ שלא במינו הוא בדבק לפירש""י אבל תוס' הקשו ע""ז דהא במילתי' דת""ק מפורש בירושל' שם אם מעכב כו' וכ""ה בתוספתא להדיא כדבריהם וצ""ל דל""ג לה הרמב""ם אבל הם פירשו דר""נ ארישא קאי וכמו שמפורש בברייתא שם דת""ק אמר בין כו' ור""נ אמר במינו כו' ולפ""ז לעולם בעינן שנשתייר רובו דבלא""ה הוי כניטל והירושלמי הנ""ל ס""ל לתוס' דה""ק אף ר""נ היא וכ""ש לת""ק ומשום דברישא אמר למי נצרכה כו' ר""ל דלרבנן כיון דס""ל דמעכב את התקיעה פסול ל""ל למימר נסדק כו' דיבק שברי כו' אבל לר""נ צריכא כיון דמכשיר במינו אפי' מעכב נדבק במינו הוא כמ""ש הרא""ש וכ""ש לפי' הרמב""ן שדבקו באור עד שנדבקו קצותיו ופריך מסיפא ניקב וסתמו כו' דההיא דברי ת""ק דברייתא היא ואמר ר""ח בשם ר""י דגם זה דר""נ היא ואמר דתניא ניקב וסתמו בין כו' שלא במינו פסול ר""ח בשם ר' יוחנן ניני מתני' אם היה מעכב את התקיעה פסול וא""ל כשר ר""ל לא כדקס""ד דר""נ אין מחלק כלל בין מעכב או לא אלא ר""נ דפוסל שלא במינו הוא כמתני' אם מעכב וז""ש ר""ח כו' כיני מתני' כו' ואזיל לשיטתו דבעי לאוקמי מתני' כר""נ. ודבריהם עיקר:"
oc1,beur-hagra,siman586,seif-007,C:\Users\binya\Documents\Shulchan aruch\newtry\OC_Mobile\oc318-mobile-reader\public\corpus\oc1\siman586\seif-007\beur-hagra\en.html,corpus_en_html,shulchan-yd-temp corpus mirror,C:\Users\binya\Documents\shulchan-yd-temp\newtry\OC_Mobile\oc318-mobile-reader\public\corpus\oc1\siman586\seif-007\beur-hagra\en.html,true,likely_garbage,no,"(א) SJ if not called. There is a Jerusalemite named R. Daddy B. Zachha, and he who is silent, but if he does not forget that all the voices are in the sky:<br> <br> (2) Who is etc. In the Rabbinical ruling, our rabbis wi",C:\Users\binya\Documents\Shulchan aruch\newtry\OC_Mobile\oc318-mobile-reader\public\corpus\oc1\siman586\seif-007\beur-hagra\he.html,"<b>ס""ז אם לא כו'. </b>ירושלמי שם ר' אבא בר זבידא בשם ר""ז והוא שסתמו אבל אם לא סתמו כשר שכל הקולות כשרין בשופר: | <b>מיהו כו'.</b> בפסיקתא רבתי ילמדנו רבינו שופר שניקב וסתמו מהו כך שנו רבותינו אה מעכב את התקיעה פסול וא""ל כשר מ""ט דכתי' וה' אלהים בשופר יתקע מה שופרו של הקב""ה הוא שלם אף שופר של ר""ה יהא שלם. רוקח ר""ס ר""ג ע""ש: | <b>אין לתקוע. </b>כי יש כמה פירושים על הירושלמי הנ""ל. תשובת הרא""ש: | <b>לאחר סתימה כו'. </b>ממש""ש והוא שנפחת כו' הא לא""ה כשר וכה""ג ודאי א""א שלא יעכב בעודו נקוב. תוס' שם בד""ה ניקב כו' ע""ש: | <b>ואם סתמו כו'. </b>כ""ה דעת הרמב""ם דר""נ אסיפא דמתני' קאי והש""פ פ' כדעת הרמב""ם ובשעת הדחק כתוס' וראיית הרמב""ם ממ""ש בירושלמי שם שופר שנסדק ודיבקו פסול למי נצרכה לר""נ דיבק שברי שופרות פסול עוד היא דר""נ ניקב וסתמו ר""ח בשם ר' יוחנן דר""נ היא דתניא ניקב וסתמי בין במינו בין שלא במינו אם היה מעכב את התקיעה פסול וא""ל כשר ר' נתן אומר במינו כשר שלא במינו פסול ומדהוצרך לדחוקי מתני' שלא במינו וכר' נתן ש""מ דאסיפא קאי ורבנן פסלי בכ""ע וכן דיבק כו' ג""כ שלא במינו הוא בדבק לפירש""י אבל תוס' הקשו ע""ז דהא במילתי' דת""ק מפורש בירושל' שם אם מעכב כו' וכ""ה בתוספתא להדיא כדבריהם וצ""ל דל""ג לה הרמב""ם אבל הם פירשו דר""נ ארישא קאי וכמו שמפורש בברייתא שם דת""ק אמר בין כו' ור""נ אמר במינו כו' ולפ""ז לעולם בעינן שנשתייר רובו דבלא""ה הוי כניטל והירושלמי הנ""ל ס""ל לתוס' דה""ק אף ר""נ היא וכ""ש לת""ק ומשום דברישא אמר למי נצרכה כו' ר""ל דלרבנן כיון דס""ל דמעכב את התקיעה פסול ל""ל למימר נסדק כו' דיבק שברי כו' אבל לר""נ צריכא כיון דמכשיר במינו אפי' מעכב נדבק במינו הוא כמ""ש הרא""ש וכ""ש לפי' הרמב""ן שדבקו באור עד שנדבקו קצותיו ופריך מסיפא ניקב וסתמו כו' דההיא דברי ת""ק דברייתא היא ואמר ר""ח בשם ר""י דגם זה דר""נ היא ואמר דתניא ניקב וסתמו בין כו' שלא במינו פסול ר""ח בשם ר' יוחנן ניני מתני' אם היה מעכב את התקיעה פסול וא""ל כשר ר""ל לא כדקס""ד דר""נ אין מחלק כלל בין מעכב או לא אלא ר""נ דפוסל שלא במינו הוא כמתני' אם מעכב וז""ש ר""ח כו' כיני מתני' כו' ואזיל לשיטתו דבעי לאוקמי מתני' כר""נ. ודבריהם עיקר:"
oc1,beur-hagra,siman586,seif-007,C:\Users\binya\Documents\Shulchan aruch\newtry\OC_Mobile\oc318-mobile-reader\public\corpus\oc1\siman586\seif-007\beur-hagra\en.html,source_txt_block,current OC_001 source output,C:\Users\binya\Documents\Shulchan aruch\newtry\OC_001\output\siman_586\beur-hagra\part-001.txt,true,placeholder,no,English translation pending — replace after editing this block (keep Hebrew above intact).,C:\Users\binya\Documents\Shulchan aruch\newtry\OC_Mobile\oc318-mobile-reader\public\corpus\oc1\siman586\seif-007\beur-hagra\he.html,"<b>ס""ז אם לא כו'. </b>ירושלמי שם ר' אבא בר זבידא בשם ר""ז והוא שסתמו אבל אם לא סתמו כשר שכל הקולות כשרין בשופר: | <b>מיהו כו'.</b> בפסיקתא רבתי ילמדנו רבינו שופר שניקב וסתמו מהו כך שנו רבותינו אה מעכב את התקיעה פסול וא""ל כשר מ""ט דכתי' וה' אלהים בשופר יתקע מה שופרו של הקב""ה הוא שלם אף שופר של ר""ה יהא שלם. רוקח ר""ס ר""ג ע""ש: | <b>אין לתקוע. </b>כי יש כמה פירושים על הירושלמי הנ""ל. תשובת הרא""ש: | <b>לאחר סתימה כו'. </b>ממש""ש והוא שנפחת כו' הא לא""ה כשר וכה""ג ודאי א""א שלא יעכב בעודו נקוב. תוס' שם בד""ה ניקב כו' ע""ש: | <b>ואם סתמו כו'. </b>כ""ה דעת הרמב""ם דר""נ אסיפא דמתני' קאי והש""פ פ' כדעת הרמב""ם ובשעת הדחק כתוס' וראיית הרמב""ם ממ""ש בירושלמי שם שופר שנסדק ודיבקו פסול למי נצרכה לר""נ דיבק שברי שופרות פסול עוד היא דר""נ ניקב וסתמו ר""ח בשם ר' יוחנן דר""נ היא דתניא ניקב וסתמי בין במינו בין שלא במינו אם היה מעכב את התקיעה פסול וא""ל כשר ר' נתן אומר במינו כשר שלא במינו פסול ומדהוצרך לדחוקי מתני' שלא במינו וכר' נתן ש""מ דאסיפא קאי ורבנן פסלי בכ""ע וכן דיבק כו' ג""כ שלא במינו הוא בדבק לפירש""י אבל תוס' הקשו ע""ז דהא במילתי' דת""ק מפורש בירושל' שם אם מעכב כו' וכ""ה בתוספתא להדיא כדבריהם וצ""ל דל""ג לה הרמב""ם אבל הם פירשו דר""נ ארישא קאי וכמו שמפורש בברייתא שם דת""ק אמר בין כו' ור""נ אמר במינו כו' ולפ""ז לעולם בעינן שנשתייר רובו דבלא""ה הוי כניטל והירושלמי הנ""ל ס""ל לתוס' דה""ק אף ר""נ היא וכ""ש לת""ק ומשום דברישא אמר למי נצרכה כו' ר""ל דלרבנן כיון דס""ל דמעכב את התקיעה פסול ל""ל למימר נסדק כו' דיבק שברי כו' אבל לר""נ צריכא כיון דמכשיר במינו אפי' מעכב נדבק במינו הוא כמ""ש הרא""ש וכ""ש לפי' הרמב""ן שדבקו באור עד שנדבקו קצותיו ופריך מסיפא ניקב וסתמו כו' דההיא דברי ת""ק דברייתא היא ואמר ר""ח בשם ר""י דגם זה דר""נ היא ואמר דתניא ניקב וסתמו בין כו' שלא במינו פסול ר""ח בשם ר' יוחנן ניני מתני' אם היה מעכב את התקיעה פסול וא""ל כשר ר""ל לא כדקס""ד דר""נ אין מחלק כלל בין מעכב או לא אלא ר""נ דפוסל שלא במינו הוא כמתני' אם מעכב וז""ש ר""ח כו' כיני מתני' כו' ואזיל לשיטתו דבעי לאוקמי מתני' כר""נ. ודבריהם עיקר:"
oc1,beur-hagra,siman586,seif-007,C:\Users\binya\Documents\Shulchan aruch\newtry\OC_Mobile\oc318-mobile-reader\public\corpus\oc1\siman586\seif-007\beur-hagra\en.html,source_txt_block,temp OC_001 source output,C:\Users\binya\Documents\shulchan-yd-temp\newtry\OC_001\output\siman_586\beur-hagra\part-001.txt,true,placeholder,no,English translation pending — replace after editing this block (keep Hebrew above intact).,C:\Users\binya\Documents\Shulchan aruch\newtry\OC_Mobile\oc318-mobile-reader\public\corpus\oc1\siman586\seif-007\beur-hagra\he.html,"<b>ס""ז אם לא כו'. </b>ירושלמי שם ר' אבא בר זבידא בשם ר""ז והוא שסתמו אבל אם לא סתמו כשר שכל הקולות כשרין בשופר: | <b>מיהו כו'.</b> בפסיקתא רבתי ילמדנו רבינו שופר שניקב וסתמו מהו כך שנו רבותינו אה מעכב את התקיעה פסול וא""ל כשר מ""ט דכתי' וה' אלהים בשופר יתקע מה שופרו של הקב""ה הוא שלם אף שופר של ר""ה יהא שלם. רוקח ר""ס ר""ג ע""ש: | <b>אין לתקוע. </b>כי יש כמה פירושים על הירושלמי הנ""ל. תשובת הרא""ש: | <b>לאחר סתימה כו'. </b>ממש""ש והוא שנפחת כו' הא לא""ה כשר וכה""ג ודאי א""א שלא יעכב בעודו נקוב. תוס' שם בד""ה ניקב כו' ע""ש: | <b>ואם סתמו כו'. </b>כ""ה דעת הרמב""ם דר""נ אסיפא דמתני' קאי והש""פ פ' כדעת הרמב""ם ובשעת הדחק כתוס' וראיית הרמב""ם ממ""ש בירושלמי שם שופר שנסדק ודיבקו פסול למי נצרכה לר""נ דיבק שברי שופרות פסול עוד היא דר""נ ניקב וסתמו ר""ח בשם ר' יוחנן דר""נ היא דתניא ניקב וסתמי בין במינו בין שלא במינו אם היה מעכב את התקיעה פסול וא""ל כשר ר' נתן אומר במינו כשר שלא במינו פסול ומדהוצרך לדחוקי מתני' שלא במינו וכר' נתן ש""מ דאסיפא קאי ורבנן פסלי בכ""ע וכן דיבק כו' ג""כ שלא במינו הוא בדבק לפירש""י אבל תוס' הקשו ע""ז דהא במילתי' דת""ק מפורש בירושל' שם אם מעכב כו' וכ""ה בתוספתא להדיא כדבריהם וצ""ל דל""ג לה הרמב""ם אבל הם פירשו דר""נ ארישא קאי וכמו שמפורש בברייתא שם דת""ק אמר בין כו' ור""נ אמר במינו כו' ולפ""ז לעולם בעינן שנשתייר רובו דבלא""ה הוי כניטל והירושלמי הנ""ל ס""ל לתוס' דה""ק אף ר""נ היא וכ""ש לת""ק ומשום דברישא אמר למי נצרכה כו' ר""ל דלרבנן כיון דס""ל דמעכב את התקיעה פסול ל""ל למימר נסדק כו' דיבק שברי כו' אבל לר""נ צריכא כיון דמכשיר במינו אפי' מעכב נדבק במינו הוא כמ""ש הרא""ש וכ""ש לפי' הרמב""ן שדבקו באור עד שנדבקו קצותיו ופריך מסיפא ניקב וסתמו כו' דההיא דברי ת""ק דברייתא היא ואמר ר""ח בשם ר""י דגם זה דר""נ היא ואמר דתניא ניקב וסתמו בין כו' שלא במינו פסול ר""ח בשם ר' יוחנן ניני מתני' אם היה מעכב את התקיעה פסול וא""ל כשר ר""ל לא כדקס""ד דר""נ אין מחלק כלל בין מעכב או לא אלא ר""נ דפוסל שלא במינו הוא כמתני' אם מעכב וז""ש ר""ח כו' כיני מתני' כו' ואזיל לשיטתו דבעי לאוקמי מתני' כר""נ. ודבריהם עיקר:"
oc1,beur-hagra,siman688,seif-001,C:\Users\binya\Documents\Shulchan aruch\newtry\OC_Mobile\oc318-mobile-reader\public\corpus\oc1\siman688\seif-001\beur-hagra\en.html,corpus_en_html,SA_Sandbox corpus mirror,C:\Users\binya\Documents\Shulchan aruch\newtry\SA_Sandbox\public\corpus\oc1\siman688\seif-001\beur-hagra\en.html,false,missing_or_empty,no,,C:\Users\binya\Documents\Shulchan aruch\newtry\OC_Mobile\oc318-mobile-reader\public\corpus\oc1\siman688\seif-001\beur-hagra\he.html,"<b>ס""א אפילו אינן כו' ואפי' כו'. </b>כמ""ש בירושלמי הטעם שחילקו במוקפין מימות יהושע ב""נ כדי לחלוק כבוד לא""י שהיתה חריבה באותן הימים ולא יהיו עיירות המוקפות בח""ל חשובות מהם וע' ר""ן: | <b>ואפי' אם הם בח""ל. </b>מדאמרינן לריב""ק כשושן כו' ומדריב""ק נשמע לרבנן דהא ל""פ אלא בזמן. ושם ה' ב' ר""א קרי בהוצל כו' ואמרינן בפ' בתרא בבבל היכא כו' ובע""פ הוא יוסף איש הוצל הוא יוסף הבבלי ובסוף כתובות נקטינן בבל כו' תרגומא הוצל. ובירושלמי פ""ק דמגילה חרב ונעשה של עו""ג מהו בו אין קורין בחוצה קורין ר""ל אם בח""ל קורין אע""ג שלא היה בו ישראל כ""ש בא""י וע' ר""ן. אבל אין פירושו מכוון וז""ל הירושלמי שם תני הסמוך לכרך והנראה עמו ה""ה כיוצא בו ר' אייבו בר גרי כגון הדא חמתא כו' חרב הכרך ונעשה של עובדי גילולים איתא חמי בו אינן קורין ובחוצה לו קורין. ר""ל אם בחוץ לכרך קורין דהא שם לא מחמת חומה דהא אמרינן בערכין והובא בירושלמי שם כל שהוא לפנים מן החומה כו' וא""כ אף שבטל החומה קורין כ""ש בתוכה. ולכאורה מזה ראיה לפי' תוס' דבשל כרכין א""צ עשרה בטלנים דזה היתה הבעיא שנעשה של עובדי גילולים אבל י""ל דה""ל שרובה עובדי גילולים דבטלה קדושת החומה וע' תוס' דכתובות מ""ה ב' ד""ה על כו' ואפשר לפרש הירושלמי דהוא לשון פשיטות בו אינן קורין אבל בחוצה לו קורין מדלא נקט להיפך בחוצה לו קודם: | <b>ואפילו אין בהם. </b>ממ""ש שם כרך שישב ולבסוף כו' וע""כ באין בו עשרה בטלנין מדאמר ככפר. תוס' ס""ד כרך. והרמב""ן ורשב""א חולקים על זה ע""ש: | <b>או שישב כו'. </b>ממ""ש ה' ב' ולא שור איגר ועתוס' הנ""ל וא""ת לקמן כו' ובזה מתורץ קושייתם: | <b>אבל בסתמא כו'. </b>ממש""ש ומי מספקא לי' מילתיה דטבריא כו' ודלמא מספקא ליה אי ישבה ולבסוף הוקפה ושם והא רבי בטבריא הוי כו':"
oc1,beur-hagra,siman688,seif-001,C:\Users\binya\Documents\Shulchan aruch\newtry\OC_Mobile\oc318-mobile-reader\public\corpus\oc1\siman688\seif-001\beur-hagra\en.html,corpus_en_html,shulchan-yd-temp corpus mirror,C:\Users\binya\Documents\shulchan-yd-temp\newtry\OC_Mobile\oc318-mobile-reader\public\corpus\oc1\siman688\seif-001\beur-hagra\en.html,true,likely_garbage,no,"(1) SA is not even 20 and Afi' 20. As a Jerusalemite, the reason they divided Mokafin from the days of Yehoshua BN in order to pay respect to Israel, which was Hariva in those days, and there will be no towns surrounded ",C:\Users\binya\Documents\Shulchan aruch\newtry\OC_Mobile\oc318-mobile-reader\public\corpus\oc1\siman688\seif-001\beur-hagra\he.html,"<b>ס""א אפילו אינן כו' ואפי' כו'. </b>כמ""ש בירושלמי הטעם שחילקו במוקפין מימות יהושע ב""נ כדי לחלוק כבוד לא""י שהיתה חריבה באותן הימים ולא יהיו עיירות המוקפות בח""ל חשובות מהם וע' ר""ן: | <b>ואפי' אם הם בח""ל. </b>מדאמרינן לריב""ק כשושן כו' ומדריב""ק נשמע לרבנן דהא ל""פ אלא בזמן. ושם ה' ב' ר""א קרי בהוצל כו' ואמרינן בפ' בתרא בבבל היכא כו' ובע""פ הוא יוסף איש הוצל הוא יוסף הבבלי ובסוף כתובות נקטינן בבל כו' תרגומא הוצל. ובירושלמי פ""ק דמגילה חרב ונעשה של עו""ג מהו בו אין קורין בחוצה קורין ר""ל אם בח""ל קורין אע""ג שלא היה בו ישראל כ""ש בא""י וע' ר""ן. אבל אין פירושו מכוון וז""ל הירושלמי שם תני הסמוך לכרך והנראה עמו ה""ה כיוצא בו ר' אייבו בר גרי כגון הדא חמתא כו' חרב הכרך ונעשה של עובדי גילולים איתא חמי בו אינן קורין ובחוצה לו קורין. ר""ל אם בחוץ לכרך קורין דהא שם לא מחמת חומה דהא אמרינן בערכין והובא בירושלמי שם כל שהוא לפנים מן החומה כו' וא""כ אף שבטל החומה קורין כ""ש בתוכה. ולכאורה מזה ראיה לפי' תוס' דבשל כרכין א""צ עשרה בטלנים דזה היתה הבעיא שנעשה של עובדי גילולים אבל י""ל דה""ל שרובה עובדי גילולים דבטלה קדושת החומה וע' תוס' דכתובות מ""ה ב' ד""ה על כו' ואפשר לפרש הירושלמי דהוא לשון פשיטות בו אינן קורין אבל בחוצה לו קורין מדלא נקט להיפך בחוצה לו קודם: | <b>ואפילו אין בהם. </b>ממ""ש שם כרך שישב ולבסוף כו' וע""כ באין בו עשרה בטלנין מדאמר ככפר. תוס' ס""ד כרך. והרמב""ן ורשב""א חולקים על זה ע""ש: | <b>או שישב כו'. </b>ממ""ש ה' ב' ולא שור איגר ועתוס' הנ""ל וא""ת לקמן כו' ובזה מתורץ קושייתם: | <b>אבל בסתמא כו'. </b>ממש""ש ומי מספקא לי' מילתיה דטבריא כו' ודלמא מספקא ליה אי ישבה ולבסוף הוקפה ושם והא רבי בטבריא הוי כו':"
oc1,beur-hagra,siman688,seif-001,C:\Users\binya\Documents\Shulchan aruch\newtry\OC_Mobile\oc318-mobile-reader\public\corpus\oc1\siman688\seif-001\beur-hagra\en.html,source_txt_block,current OC_001 source output,C:\Users\binya\Documents\Shulchan aruch\newtry\OC_001\output\siman_688\beur-hagra\part-001.txt,true,placeholder,no,English translation pending — replace after editing this block (keep Hebrew above intact).,C:\Users\binya\Documents\Shulchan aruch\newtry\OC_Mobile\oc318-mobile-reader\public\corpus\oc1\siman688\seif-001\beur-hagra\he.html,"<b>ס""א אפילו אינן כו' ואפי' כו'. </b>כמ""ש בירושלמי הטעם שחילקו במוקפין מימות יהושע ב""נ כדי לחלוק כבוד לא""י שהיתה חריבה באותן הימים ולא יהיו עיירות המוקפות בח""ל חשובות מהם וע' ר""ן: | <b>ואפי' אם הם בח""ל. </b>מדאמרינן לריב""ק כשושן כו' ומדריב""ק נשמע לרבנן דהא ל""פ אלא בזמן. ושם ה' ב' ר""א קרי בהוצל כו' ואמרינן בפ' בתרא בבבל היכא כו' ובע""פ הוא יוסף איש הוצל הוא יוסף הבבלי ובסוף כתובות נקטינן בבל כו' תרגומא הוצל. ובירושלמי פ""ק דמגילה חרב ונעשה של עו""ג מהו בו אין קורין בחוצה קורין ר""ל אם בח""ל קורין אע""ג שלא היה בו ישראל כ""ש בא""י וע' ר""ן. אבל אין פירושו מכוון וז""ל הירושלמי שם תני הסמוך לכרך והנראה עמו ה""ה כיוצא בו ר' אייבו בר גרי כגון הדא חמתא כו' חרב הכרך ונעשה של עובדי גילולים איתא חמי בו אינן קורין ובחוצה לו קורין. ר""ל אם בחוץ לכרך קורין דהא שם לא מחמת חומה דהא אמרינן בערכין והובא בירושלמי שם כל שהוא לפנים מן החומה כו' וא""כ אף שבטל החומה קורין כ""ש בתוכה. ולכאורה מזה ראיה לפי' תוס' דבשל כרכין א""צ עשרה בטלנים דזה היתה הבעיא שנעשה של עובדי גילולים אבל י""ל דה""ל שרובה עובדי גילולים דבטלה קדושת החומה וע' תוס' דכתובות מ""ה ב' ד""ה על כו' ואפשר לפרש הירושלמי דהוא לשון פשיטות בו אינן קורין אבל בחוצה לו קורין מדלא נקט להיפך בחוצה לו קודם: | <b>ואפילו אין בהם. </b>ממ""ש שם כרך שישב ולבסוף כו' וע""כ באין בו עשרה בטלנין מדאמר ככפר. תוס' ס""ד כרך. והרמב""ן ורשב""א חולקים על זה ע""ש: | <b>או שישב כו'. </b>ממ""ש ה' ב' ולא שור איגר ועתוס' הנ""ל וא""ת לקמן כו' ובזה מתורץ קושייתם: | <b>אבל בסתמא כו'. </b>ממש""ש ומי מספקא לי' מילתיה דטבריא כו' ודלמא מספקא ליה אי ישבה ולבסוף הוקפה ושם והא רבי בטבריא הוי כו':"
oc1,beur-hagra,siman688,seif-001,C:\Users\binya\Documents\Shulchan aruch\newtry\OC_Mobile\oc318-mobile-reader\public\corpus\oc1\siman688\seif-001\beur-hagra\en.html,source_txt_block,temp OC_001 source output,C:\Users\binya\Documents\shulchan-yd-temp\newtry\OC_001\output\siman_688\beur-hagra\part-001.txt,true,placeholder,no,English translation pending — replace after editing this block (keep Hebrew above intact).,C:\Users\binya\Documents\Shulchan aruch\newtry\OC_Mobile\oc318-mobile-reader\public\corpus\oc1\siman688\seif-001\beur-hagra\he.html,"<b>ס""א אפילו אינן כו' ואפי' כו'. </b>כמ""ש בירושלמי הטעם שחילקו במוקפין מימות יהושע ב""נ כדי לחלוק כבוד לא""י שהיתה חריבה באותן הימים ולא יהיו עיירות המוקפות בח""ל חשובות מהם וע' ר""ן: | <b>ואפי' אם הם בח""ל. </b>מדאמרינן לריב""ק כשושן כו' ומדריב""ק נשמע לרבנן דהא ל""פ אלא בזמן. ושם ה' ב' ר""א קרי בהוצל כו' ואמרינן בפ' בתרא בבבל היכא כו' ובע""פ הוא יוסף איש הוצל הוא יוסף הבבלי ובסוף כתובות נקטינן בבל כו' תרגומא הוצל. ובירושלמי פ""ק דמגילה חרב ונעשה של עו""ג מהו בו אין קורין בחוצה קורין ר""ל אם בח""ל קורין אע""ג שלא היה בו ישראל כ""ש בא""י וע' ר""ן. אבל אין פירושו מכוון וז""ל הירושלמי שם תני הסמוך לכרך והנראה עמו ה""ה כיוצא בו ר' אייבו בר גרי כגון הדא חמתא כו' חרב הכרך ונעשה של עובדי גילולים איתא חמי בו אינן קורין ובחוצה לו קורין. ר""ל אם בחוץ לכרך קורין דהא שם לא מחמת חומה דהא אמרינן בערכין והובא בירושלמי שם כל שהוא לפנים מן החומה כו' וא""כ אף שבטל החומה קורין כ""ש בתוכה. ולכאורה מזה ראיה לפי' תוס' דבשל כרכין א""צ עשרה בטלנים דזה היתה הבעיא שנעשה של עובדי גילולים אבל י""ל דה""ל שרובה עובדי גילולים דבטלה קדושת החומה וע' תוס' דכתובות מ""ה ב' ד""ה על כו' ואפשר לפרש הירושלמי דהוא לשון פשיטות בו אינן קורין אבל בחוצה לו קורין מדלא נקט להיפך בחוצה לו קודם: | <b>ואפילו אין בהם. </b>ממ""ש שם כרך שישב ולבסוף כו' וע""כ באין בו עשרה בטלנין מדאמר ככפר. תוס' ס""ד כרך. והרמב""ן ורשב""א חולקים על זה ע""ש: | <b>או שישב כו'. </b>ממ""ש ה' ב' ולא שור איגר ועתוס' הנ""ל וא""ת לקמן כו' ובזה מתורץ קושייתם: | <b>אבל בסתמא כו'. </b>ממש""ש ומי מספקא לי' מילתיה דטבריא כו' ודלמא מספקא ליה אי ישבה ולבסוף הוקפה ושם והא רבי בטבריא הוי כו':"
oc1,beur-hagra,siman689,seif-006,C:\Users\binya\Documents\Shulchan aruch\newtry\OC_Mobile\oc318-mobile-reader\public\corpus\oc1\siman689\seif-006\beur-hagra\en.html,corpus_en_html,SA_Sandbox corpus mirror,C:\Users\binya\Documents\Shulchan aruch\newtry\SA_Sandbox\public\corpus\oc1\siman689\seif-006\beur-hagra\en.html,false,missing_or_empty,no,,C:\Users\binya\Documents\Shulchan aruch\newtry\OC_Mobile\oc318-mobile-reader\public\corpus\oc1\siman689\seif-006\beur-hagra\he.html,"<b>ס""ו ירושלמי. </b>הנ""ל:"
oc1,beur-hagra,siman689,seif-006,C:\Users\binya\Documents\Shulchan aruch\newtry\OC_Mobile\oc318-mobile-reader\public\corpus\oc1\siman689\seif-006\beur-hagra\en.html,corpus_en_html,shulchan-yd-temp corpus mirror,C:\Users\binya\Documents\shulchan-yd-temp\newtry\OC_Mobile\oc318-mobile-reader\public\corpus\oc1\siman689\seif-006\beur-hagra\en.html,true,possibly_clean,yes,A Jerusalemite. The above: ,C:\Users\binya\Documents\Shulchan aruch\newtry\OC_Mobile\oc318-mobile-reader\public\corpus\oc1\siman689\seif-006\beur-hagra\he.html,"<b>ס""ו ירושלמי. </b>הנ""ל:"
oc1,beur-hagra,siman689,seif-006,C:\Users\binya\Documents\Shulchan aruch\newtry\OC_Mobile\oc318-mobile-reader\public\corpus\oc1\siman689\seif-006\beur-hagra\en.html,source_txt_block,current OC_001 source output,C:\Users\binya\Documents\Shulchan aruch\newtry\OC_001\output\siman_689\beur-hagra\part-001.txt,true,placeholder,no,English translation pending — replace after editing this block (keep Hebrew above intact).,C:\Users\binya\Documents\Shulchan aruch\newtry\OC_Mobile\oc318-mobile-reader\public\corpus\oc1\siman689\seif-006\beur-hagra\he.html,"<b>ס""ו ירושלמי. </b>הנ""ל:"
oc1,beur-hagra,siman689,seif-006,C:\Users\binya\Documents\Shulchan aruch\newtry\OC_Mobile\oc318-mobile-reader\public\corpus\oc1\siman689\seif-006\beur-hagra\en.html,source_txt_block,temp OC_001 source output,C:\Users\binya\Documents\shulchan-yd-temp\newtry\OC_001\output\siman_689\beur-hagra\part-001.txt,true,placeholder,no,English translation pending — replace after editing this block (keep Hebrew above intact).,C:\Users\binya\Documents\Shulchan aruch\newtry\OC_Mobile\oc318-mobile-reader\public\corpus\oc1\siman689\seif-006\beur-hagra\he.html,"<b>ס""ו ירושלמי. </b>הנ""ל:"
yd1,beur-hagra,siman190,seif-027,C:\Users\binya\Documents\Shulchan aruch\newtry\OC_Mobile\oc318-mobile-reader\public\corpus\yd1\siman190\seif-027\beur-hagra\en.html,corpus_en_html,SA_Sandbox corpus mirror,C:\Users\binya\Documents\Shulchan aruch\newtry\SA_Sandbox\public\corpus\yd1\siman190\seif-027\beur-hagra\en.html,false,missing_or_empty,no,,C:\Users\binya\Documents\Shulchan aruch\newtry\OC_Mobile\oc318-mobile-reader\public\corpus\yd1\siman190\seif-027\beur-hagra\he.html,"<b>נתעסקה כו'. </b>תוס' שם ד""ה נתעסקה כו' וש""פ וכנ""ל: | <b>וכן אם כו'. </b>טעות הוא דזה לכ""ע טמאה כמש""ש בגמ' ועש""ך:"
yd1,beur-hagra,siman190,seif-027,C:\Users\binya\Documents\Shulchan aruch\newtry\OC_Mobile\oc318-mobile-reader\public\corpus\yd1\siman190\seif-027\beur-hagra\en.html,corpus_en_html,shulchan-yd-temp corpus mirror,C:\Users\binya\Documents\shulchan-yd-temp\newtry\OC_Mobile\oc318-mobile-reader\public\corpus\yd1\siman190\seif-027\beur-hagra\en.html,false,missing_or_empty,no,,C:\Users\binya\Documents\Shulchan aruch\newtry\OC_Mobile\oc318-mobile-reader\public\corpus\yd1\siman190\seif-027\beur-hagra\he.html,"<b>נתעסקה כו'. </b>תוס' שם ד""ה נתעסקה כו' וש""פ וכנ""ל: | <b>וכן אם כו'. </b>טעות הוא דזה לכ""ע טמאה כמש""ש בגמ' ועש""ך:"
yd1,beur-hagra,siman190,seif-027,C:\Users\binya\Documents\Shulchan aruch\newtry\OC_Mobile\oc318-mobile-reader\public\corpus\yd1\siman190\seif-027\beur-hagra\en.html,source_txt_block,current YD_001 source output,C:\Users\binya\Documents\Shulchan aruch\newtry\YD_001\output\siman_190\beur-hagra\part-001.txt,true,missing_or_empty,no,,C:\Users\binya\Documents\Shulchan aruch\newtry\OC_Mobile\oc318-mobile-reader\public\corpus\yd1\siman190\seif-027\beur-hagra\he.html,"<b>נתעסקה כו'. </b>תוס' שם ד""ה נתעסקה כו' וש""פ וכנ""ל: | <b>וכן אם כו'. </b>טעות הוא דזה לכ""ע טמאה כמש""ש בגמ' ועש""ך:"
yd1,beur-hagra,siman190,seif-027,C:\Users\binya\Documents\Shulchan aruch\newtry\OC_Mobile\oc318-mobile-reader\public\corpus\yd1\siman190\seif-027\beur-hagra\en.html,source_txt_block,temp YD_001 source output,C:\Users\binya\Documents\shulchan-yd-temp\newtry\YD_001\output\siman_190\beur-hagra\part-001.txt,true,missing_or_empty,no,,C:\Users\binya\Documents\Shulchan aruch\newtry\OC_Mobile\oc318-mobile-reader\public\corpus\yd1\siman190\seif-027\beur-hagra\he.html,"<b>נתעסקה כו'. </b>תוס' שם ד""ה נתעסקה כו' וש""פ וכנ""ל: | <b>וכן אם כו'. </b>טעות הוא דזה לכ""ע טמאה כמש""ש בגמ' ועש""ך:"
yd1,beur-hagra,siman218,seif-005,C:\Users\binya\Documents\Shulchan aruch\newtry\OC_Mobile\oc318-mobile-reader\public\corpus\yd1\siman218\seif-005\beur-hagra\en.html,corpus_en_html,SA_Sandbox corpus mirror,C:\Users\binya\Documents\Shulchan aruch\newtry\SA_Sandbox\public\corpus\yd1\siman218\seif-005\beur-hagra\en.html,false,missing_or_empty,no,,C:\Users\binya\Documents\Shulchan aruch\newtry\OC_Mobile\oc318-mobile-reader\public\corpus\yd1\siman218\seif-005\beur-hagra\he.html,"<b>הוא וכל כו'. </b>כגרסת ספרים שלנו והרמב""ם והר""נ דלא כהרא""ש וטור:"
yd1,beur-hagra,siman218,seif-005,C:\Users\binya\Documents\Shulchan aruch\newtry\OC_Mobile\oc318-mobile-reader\public\corpus\yd1\siman218\seif-005\beur-hagra\en.html,corpus_en_html,shulchan-yd-temp corpus mirror,C:\Users\binya\Documents\shulchan-yd-temp\newtry\OC_Mobile\oc318-mobile-reader\public\corpus\yd1\siman218\seif-005\beur-hagra\en.html,false,missing_or_empty,no,,C:\Users\binya\Documents\Shulchan aruch\newtry\OC_Mobile\oc318-mobile-reader\public\corpus\yd1\siman218\seif-005\beur-hagra\he.html,"<b>הוא וכל כו'. </b>כגרסת ספרים שלנו והרמב""ם והר""נ דלא כהרא""ש וטור:"
yd1,beur-hagra,siman218,seif-005,C:\Users\binya\Documents\Shulchan aruch\newtry\OC_Mobile\oc318-mobile-reader\public\corpus\yd1\siman218\seif-005\beur-hagra\en.html,source_txt_block,current YD_001 source output,C:\Users\binya\Documents\Shulchan aruch\newtry\YD_001\output\siman_218\beur-hagra\part-001.txt,true,missing_or_empty,no,,C:\Users\binya\Documents\Shulchan aruch\newtry\OC_Mobile\oc318-mobile-reader\public\corpus\yd1\siman218\seif-005\beur-hagra\he.html,"<b>הוא וכל כו'. </b>כגרסת ספרים שלנו והרמב""ם והר""נ דלא כהרא""ש וטור:"
yd1,beur-hagra,siman218,seif-005,C:\Users\binya\Documents\Shulchan aruch\newtry\OC_Mobile\oc318-mobile-reader\public\corpus\yd1\siman218\seif-005\beur-hagra\en.html,source_txt_block,temp YD_001 source output,C:\Users\binya\Documents\shulchan-yd-temp\newtry\YD_001\output\siman_218\beur-hagra\part-001.txt,true,missing_or_empty,no,,C:\Users\binya\Documents\Shulchan aruch\newtry\OC_Mobile\oc318-mobile-reader\public\corpus\yd1\siman218\seif-005\beur-hagra\he.html,"<b>הוא וכל כו'. </b>כגרסת ספרים שלנו והרמב""ם והר""נ דלא כהרא""ש וטור:"
yd1,beur-hagra,siman223,seif-001,C:\Users\binya\Documents\Shulchan aruch\newtry\OC_Mobile\oc318-mobile-reader\public\corpus\yd1\siman223\seif-001\beur-hagra\en.html,corpus_en_html,SA_Sandbox corpus mirror,C:\Users\binya\Documents\Shulchan aruch\newtry\SA_Sandbox\public\corpus\yd1\siman223\seif-001\beur-hagra\en.html,false,missing_or_empty,no,,C:\Users\binya\Documents\Shulchan aruch\newtry\OC_Mobile\oc318-mobile-reader\public\corpus\yd1\siman223\seif-001\beur-hagra\he.html,"<b>וכן מותר כו'. </b>ער""נ שם ד""ה ירושלמי במס' ביכורים כו':"
yd1,beur-hagra,siman223,seif-001,C:\Users\binya\Documents\Shulchan aruch\newtry\OC_Mobile\oc318-mobile-reader\public\corpus\yd1\siman223\seif-001\beur-hagra\en.html,corpus_en_html,shulchan-yd-temp corpus mirror,C:\Users\binya\Documents\shulchan-yd-temp\newtry\OC_Mobile\oc318-mobile-reader\public\corpus\yd1\siman223\seif-001\beur-hagra\en.html,false,missing_or_empty,no,,C:\Users\binya\Documents\Shulchan aruch\newtry\OC_Mobile\oc318-mobile-reader\public\corpus\yd1\siman223\seif-001\beur-hagra\he.html,"<b>וכן מותר כו'. </b>ער""נ שם ד""ה ירושלמי במס' ביכורים כו':"
yd1,beur-hagra,siman223,seif-001,C:\Users\binya\Documents\Shulchan aruch\newtry\OC_Mobile\oc318-mobile-reader\public\corpus\yd1\siman223\seif-001\beur-hagra\en.html,source_txt_block,current YD_001 source output,C:\Users\binya\Documents\Shulchan aruch\newtry\YD_001\output\siman_223\beur-hagra\part-001.txt,true,missing_or_empty,no,,C:\Users\binya\Documents\Shulchan aruch\newtry\OC_Mobile\oc318-mobile-reader\public\corpus\yd1\siman223\seif-001\beur-hagra\he.html,"<b>וכן מותר כו'. </b>ער""נ שם ד""ה ירושלמי במס' ביכורים כו':"
yd1,beur-hagra,siman223,seif-001,C:\Users\binya\Documents\Shulchan aruch\newtry\OC_Mobile\oc318-mobile-reader\public\corpus\yd1\siman223\seif-001\beur-hagra\en.html,source_txt_block,temp YD_001 source output,C:\Users\binya\Documents\shulchan-yd-temp\newtry\YD_001\output\siman_223\beur-hagra\part-001.txt,true,missing_or_empty,no,,C:\Users\binya\Documents\Shulchan aruch\newtry\OC_Mobile\oc318-mobile-reader\public\corpus\yd1\siman223\seif-001\beur-hagra\he.html,"<b>וכן מותר כו'. </b>ער""נ שם ד""ה ירושלמי במס' ביכורים כו':"
yd1,beur-hagra,siman297,seif-006,C:\Users\binya\Documents\Shulchan aruch\newtry\OC_Mobile\oc318-mobile-reader\public\corpus\yd1\siman297\seif-006\beur-hagra\en.html,corpus_en_html,SA_Sandbox corpus mirror,C:\Users\binya\Documents\Shulchan aruch\newtry\SA_Sandbox\public\corpus\yd1\siman297\seif-006\beur-hagra\en.html,false,missing_or_empty,no,,C:\Users\binya\Documents\Shulchan aruch\newtry\OC_Mobile\oc318-mobile-reader\public\corpus\yd1\siman297\seif-006\beur-hagra\he.html,<b>לפיכך כו'. </b>ירושלמי שם שלשת רביעין פשתן אוסרין בסאה היאך עבידא אתר דזרע רובע דחטין זרע תלתא רובע דכיתן:
yd1,beur-hagra,siman297,seif-006,C:\Users\binya\Documents\Shulchan aruch\newtry\OC_Mobile\oc318-mobile-reader\public\corpus\yd1\siman297\seif-006\beur-hagra\en.html,corpus_en_html,shulchan-yd-temp corpus mirror,C:\Users\binya\Documents\shulchan-yd-temp\newtry\OC_Mobile\oc318-mobile-reader\public\corpus\yd1\siman297\seif-006\beur-hagra\en.html,false,missing_or_empty,no,,C:\Users\binya\Documents\Shulchan aruch\newtry\OC_Mobile\oc318-mobile-reader\public\corpus\yd1\siman297\seif-006\beur-hagra\he.html,<b>לפיכך כו'. </b>ירושלמי שם שלשת רביעין פשתן אוסרין בסאה היאך עבידא אתר דזרע רובע דחטין זרע תלתא רובע דכיתן:
yd1,beur-hagra,siman297,seif-006,C:\Users\binya\Documents\Shulchan aruch\newtry\OC_Mobile\oc318-mobile-reader\public\corpus\yd1\siman297\seif-006\beur-hagra\en.html,source_txt_block,current YD_001 source output,C:\Users\binya\Documents\Shulchan aruch\newtry\YD_001\output\siman_297\beur-hagra\part-001.txt,true,missing_or_empty,no,,C:\Users\binya\Documents\Shulchan aruch\newtry\OC_Mobile\oc318-mobile-reader\public\corpus\yd1\siman297\seif-006\beur-hagra\he.html,<b>לפיכך כו'. </b>ירושלמי שם שלשת רביעין פשתן אוסרין בסאה היאך עבידא אתר דזרע רובע דחטין זרע תלתא רובע דכיתן:
yd1,beur-hagra,siman297,seif-006,C:\Users\binya\Documents\Shulchan aruch\newtry\OC_Mobile\oc318-mobile-reader\public\corpus\yd1\siman297\seif-006\beur-hagra\en.html,source_txt_block,temp YD_001 source output,C:\Users\binya\Documents\shulchan-yd-temp\newtry\YD_001\output\siman_297\beur-hagra\part-001.txt,true,missing_or_empty,no,,C:\Users\binya\Documents\Shulchan aruch\newtry\OC_Mobile\oc318-mobile-reader\public\corpus\yd1\siman297\seif-006\beur-hagra\he.html,<b>לפיכך כו'. </b>ירושלמי שם שלשת רביעין פשתן אוסרין בסאה היאך עבידא אתר דזרע רובע דחטין זרע תלתא רובע דכיתן:
yd1,beur-hagra,siman308,seif-002,C:\Users\binya\Documents\Shulchan aruch\newtry\OC_Mobile\oc318-mobile-reader\public\corpus\yd1\siman308\seif-002\beur-hagra\en.html,corpus_en_html,SA_Sandbox corpus mirror,C:\Users\binya\Documents\Shulchan aruch\newtry\SA_Sandbox\public\corpus\yd1\siman308\seif-002\beur-hagra\en.html,false,missing_or_empty,no,,C:\Users\binya\Documents\Shulchan aruch\newtry\OC_Mobile\oc318-mobile-reader\public\corpus\yd1\siman308\seif-002\beur-hagra\he.html,"<b>והוא שעיקרו כו'. </b>רמב""ם ופסק כר""ל והרא""ש מסתפק שם ופסק כדברי שניהם לחומרא וכ""פ הטור:"
yd1,beur-hagra,siman308,seif-002,C:\Users\binya\Documents\Shulchan aruch\newtry\OC_Mobile\oc318-mobile-reader\public\corpus\yd1\siman308\seif-002\beur-hagra\en.html,corpus_en_html,shulchan-yd-temp corpus mirror,C:\Users\binya\Documents\shulchan-yd-temp\newtry\OC_Mobile\oc318-mobile-reader\public\corpus\yd1\siman308\seif-002\beur-hagra\en.html,false,missing_or_empty,no,,C:\Users\binya\Documents\Shulchan aruch\newtry\OC_Mobile\oc318-mobile-reader\public\corpus\yd1\siman308\seif-002\beur-hagra\he.html,"<b>והוא שעיקרו כו'. </b>רמב""ם ופסק כר""ל והרא""ש מסתפק שם ופסק כדברי שניהם לחומרא וכ""פ הטור:"
yd1,beur-hagra,siman308,seif-002,C:\Users\binya\Documents\Shulchan aruch\newtry\OC_Mobile\oc318-mobile-reader\public\corpus\yd1\siman308\seif-002\beur-hagra\en.html,source_txt_block,current YD_001 source output,C:\Users\binya\Documents\Shulchan aruch\newtry\YD_001\output\siman_308\beur-hagra\part-001.txt,false,missing_or_empty,no,,C:\Users\binya\Documents\Shulchan aruch\newtry\OC_Mobile\oc318-mobile-reader\public\corpus\yd1\siman308\seif-002\beur-hagra\he.html,"<b>והוא שעיקרו כו'. </b>רמב""ם ופסק כר""ל והרא""ש מסתפק שם ופסק כדברי שניהם לחומרא וכ""פ הטור:"
yd1,beur-hagra,siman308,seif-002,C:\Users\binya\Documents\Shulchan aruch\newtry\OC_Mobile\oc318-mobile-reader\public\corpus\yd1\siman308\seif-002\beur-hagra\en.html,source_txt_block,temp YD_001 source output,C:\Users\binya\Documents\shulchan-yd-temp\newtry\YD_001\output\siman_308\beur-hagra\part-001.txt,true,missing_or_empty,no,,C:\Users\binya\Documents\Shulchan aruch\newtry\OC_Mobile\oc318-mobile-reader\public\corpus\yd1\siman308\seif-002\beur-hagra\he.html,"<b>והוא שעיקרו כו'. </b>רמב""ם ופסק כר""ל והרא""ש מסתפק שם ופסק כדברי שניהם לחומרא וכ""פ הטור:"
yd1,beur-hagra,siman326,seif-002,C:\Users\binya\Documents\Shulchan aruch\newtry\OC_Mobile\oc318-mobile-reader\public\corpus\yd1\siman326\seif-002\beur-hagra\en.html,corpus_en_html,SA_Sandbox corpus mirror,C:\Users\binya\Documents\Shulchan aruch\newtry\SA_Sandbox\public\corpus\yd1\siman326\seif-002\beur-hagra\en.html,false,missing_or_empty,no,,C:\Users\binya\Documents\Shulchan aruch\newtry\OC_Mobile\oc318-mobile-reader\public\corpus\yd1\siman326\seif-002\beur-hagra\he.html,"<b>שאם לא כו'. </b>ירושלמי שם והביאו הר""ש במתני' שם ירושלמי הממרח כריו כו' וז""ש אבל כו' וט""ס שם וצ""ל מתיב ר""ל לר' יוחנן וכ""ה בסה""ת וש""פ וגירסת הר""ש שמא ימצא לקוחות כו' ור""ל ויקנה הכל ביחד וכ""כ הרא""ש אבל גירסת הרמב""ם שמא לא ימצא כו' ויעשה עיסה ועבפי' שם וכ""כ בחיבורו וכ""כ בסה""ת וז""ש כאן שאם לא כו':"
yd1,beur-hagra,siman326,seif-002,C:\Users\binya\Documents\Shulchan aruch\newtry\OC_Mobile\oc318-mobile-reader\public\corpus\yd1\siman326\seif-002\beur-hagra\en.html,corpus_en_html,shulchan-yd-temp corpus mirror,C:\Users\binya\Documents\shulchan-yd-temp\newtry\OC_Mobile\oc318-mobile-reader\public\corpus\yd1\siman326\seif-002\beur-hagra\en.html,false,missing_or_empty,no,,C:\Users\binya\Documents\Shulchan aruch\newtry\OC_Mobile\oc318-mobile-reader\public\corpus\yd1\siman326\seif-002\beur-hagra\he.html,"<b>שאם לא כו'. </b>ירושלמי שם והביאו הר""ש במתני' שם ירושלמי הממרח כריו כו' וז""ש אבל כו' וט""ס שם וצ""ל מתיב ר""ל לר' יוחנן וכ""ה בסה""ת וש""פ וגירסת הר""ש שמא ימצא לקוחות כו' ור""ל ויקנה הכל ביחד וכ""כ הרא""ש אבל גירסת הרמב""ם שמא לא ימצא כו' ויעשה עיסה ועבפי' שם וכ""כ בחיבורו וכ""כ בסה""ת וז""ש כאן שאם לא כו':"
yd1,beur-hagra,siman326,seif-002,C:\Users\binya\Documents\Shulchan aruch\newtry\OC_Mobile\oc318-mobile-reader\public\corpus\yd1\siman326\seif-002\beur-hagra\en.html,source_txt_block,current YD_001 source output,C:\Users\binya\Documents\Shulchan aruch\newtry\YD_001\output\siman_326\beur-hagra\part-001.txt,false,missing_or_empty,no,,C:\Users\binya\Documents\Shulchan aruch\newtry\OC_Mobile\oc318-mobile-reader\public\corpus\yd1\siman326\seif-002\beur-hagra\he.html,"<b>שאם לא כו'. </b>ירושלמי שם והביאו הר""ש במתני' שם ירושלמי הממרח כריו כו' וז""ש אבל כו' וט""ס שם וצ""ל מתיב ר""ל לר' יוחנן וכ""ה בסה""ת וש""פ וגירסת הר""ש שמא ימצא לקוחות כו' ור""ל ויקנה הכל ביחד וכ""כ הרא""ש אבל גירסת הרמב""ם שמא לא ימצא כו' ויעשה עיסה ועבפי' שם וכ""כ בחיבורו וכ""כ בסה""ת וז""ש כאן שאם לא כו':"
yd1,beur-hagra,siman326,seif-002,C:\Users\binya\Documents\Shulchan aruch\newtry\OC_Mobile\oc318-mobile-reader\public\corpus\yd1\siman326\seif-002\beur-hagra\en.html,source_txt_block,temp YD_001 source output,C:\Users\binya\Documents\shulchan-yd-temp\newtry\YD_001\output\siman_326\beur-hagra\part-001.txt,true,missing_or_empty,no,,C:\Users\binya\Documents\Shulchan aruch\newtry\OC_Mobile\oc318-mobile-reader\public\corpus\yd1\siman326\seif-002\beur-hagra\he.html,"<b>שאם לא כו'. </b>ירושלמי שם והביאו הר""ש במתני' שם ירושלמי הממרח כריו כו' וז""ש אבל כו' וט""ס שם וצ""ל מתיב ר""ל לר' יוחנן וכ""ה בסה""ת וש""פ וגירסת הר""ש שמא ימצא לקוחות כו' ור""ל ויקנה הכל ביחד וכ""כ הרא""ש אבל גירסת הרמב""ם שמא לא ימצא כו' ויעשה עיסה ועבפי' שם וכ""כ בחיבורו וכ""כ בסה""ת וז""ש כאן שאם לא כו':"
yd1,beur-hagra,siman327,seif-003,C:\Users\binya\Documents\Shulchan aruch\newtry\OC_Mobile\oc318-mobile-reader\public\corpus\yd1\siman327\seif-003\beur-hagra\en.html,corpus_en_html,SA_Sandbox corpus mirror,C:\Users\binya\Documents\Shulchan aruch\newtry\SA_Sandbox\public\corpus\yd1\siman327\seif-003\beur-hagra\en.html,false,missing_or_empty,no,,C:\Users\binya\Documents\Shulchan aruch\newtry\OC_Mobile\oc318-mobile-reader\public\corpus\yd1\siman327\seif-003\beur-hagra\he.html,"<b>האידנא כו'. </b>ער""ש שם ירושלמי בפ' אלו עוברין כו' תפתר בעיסה כו' בדין היה כו' וכ' הרשב""א וסה""ת לפיכך האידנא כו':"
yd1,beur-hagra,siman327,seif-003,C:\Users\binya\Documents\Shulchan aruch\newtry\OC_Mobile\oc318-mobile-reader\public\corpus\yd1\siman327\seif-003\beur-hagra\en.html,corpus_en_html,shulchan-yd-temp corpus mirror,C:\Users\binya\Documents\shulchan-yd-temp\newtry\OC_Mobile\oc318-mobile-reader\public\corpus\yd1\siman327\seif-003\beur-hagra\en.html,false,missing_or_empty,no,,C:\Users\binya\Documents\Shulchan aruch\newtry\OC_Mobile\oc318-mobile-reader\public\corpus\yd1\siman327\seif-003\beur-hagra\he.html,"<b>האידנא כו'. </b>ער""ש שם ירושלמי בפ' אלו עוברין כו' תפתר בעיסה כו' בדין היה כו' וכ' הרשב""א וסה""ת לפיכך האידנא כו':"
yd1,beur-hagra,siman327,seif-003,C:\Users\binya\Documents\Shulchan aruch\newtry\OC_Mobile\oc318-mobile-reader\public\corpus\yd1\siman327\seif-003\beur-hagra\en.html,source_txt_block,current YD_001 source output,C:\Users\binya\Documents\Shulchan aruch\newtry\YD_001\output\siman_327\beur-hagra\part-001.txt,false,missing_or_empty,no,,C:\Users\binya\Documents\Shulchan aruch\newtry\OC_Mobile\oc318-mobile-reader\public\corpus\yd1\siman327\seif-003\beur-hagra\he.html,"<b>האידנא כו'. </b>ער""ש שם ירושלמי בפ' אלו עוברין כו' תפתר בעיסה כו' בדין היה כו' וכ' הרשב""א וסה""ת לפיכך האידנא כו':"
yd1,beur-hagra,siman327,seif-003,C:\Users\binya\Documents\Shulchan aruch\newtry\OC_Mobile\oc318-mobile-reader\public\corpus\yd1\siman327\seif-003\beur-hagra\en.html,source_txt_block,temp YD_001 source output,C:\Users\binya\Documents\shulchan-yd-temp\newtry\YD_001\output\siman_327\beur-hagra\part-001.txt,true,missing_or_empty,no,,C:\Users\binya\Documents\Shulchan aruch\newtry\OC_Mobile\oc318-mobile-reader\public\corpus\yd1\siman327\seif-003\beur-hagra\he.html,"<b>האידנא כו'. </b>ער""ש שם ירושלמי בפ' אלו עוברין כו' תפתר בעיסה כו' בדין היה כו' וכ' הרשב""א וסה""ת לפיכך האידנא כו':"
yd1,beur-hagra,siman340,seif-021,C:\Users\binya\Documents\Shulchan aruch\newtry\OC_Mobile\oc318-mobile-reader\public\corpus\yd1\siman340\seif-021\beur-hagra\en.html,corpus_en_html,SA_Sandbox corpus mirror,C:\Users\binya\Documents\Shulchan aruch\newtry\SA_Sandbox\public\corpus\yd1\siman340\seif-021\beur-hagra\en.html,false,missing_or_empty,no,,C:\Users\binya\Documents\Shulchan aruch\newtry\OC_Mobile\oc318-mobile-reader\public\corpus\yd1\siman340\seif-021\beur-hagra\he.html,"<b>נתמלא מכאן כו'. </b>ירושלמי שלמו אלו ואלו נעשה כפוחח פי' ואינו קורע. תה""א:"
yd1,beur-hagra,siman340,seif-021,C:\Users\binya\Documents\Shulchan aruch\newtry\OC_Mobile\oc318-mobile-reader\public\corpus\yd1\siman340\seif-021\beur-hagra\en.html,corpus_en_html,shulchan-yd-temp corpus mirror,C:\Users\binya\Documents\shulchan-yd-temp\newtry\OC_Mobile\oc318-mobile-reader\public\corpus\yd1\siman340\seif-021\beur-hagra\en.html,false,missing_or_empty,no,,C:\Users\binya\Documents\Shulchan aruch\newtry\OC_Mobile\oc318-mobile-reader\public\corpus\yd1\siman340\seif-021\beur-hagra\he.html,"<b>נתמלא מכאן כו'. </b>ירושלמי שלמו אלו ואלו נעשה כפוחח פי' ואינו קורע. תה""א:"
yd1,beur-hagra,siman340,seif-021,C:\Users\binya\Documents\Shulchan aruch\newtry\OC_Mobile\oc318-mobile-reader\public\corpus\yd1\siman340\seif-021\beur-hagra\en.html,source_txt_block,current YD_001 source output,C:\Users\binya\Documents\Shulchan aruch\newtry\YD_001\output\siman_340\beur-hagra\part-001.txt,false,missing_or_empty,no,,C:\Users\binya\Documents\Shulchan aruch\newtry\OC_Mobile\oc318-mobile-reader\public\corpus\yd1\siman340\seif-021\beur-hagra\he.html,"<b>נתמלא מכאן כו'. </b>ירושלמי שלמו אלו ואלו נעשה כפוחח פי' ואינו קורע. תה""א:"
yd1,beur-hagra,siman340,seif-021,C:\Users\binya\Documents\Shulchan aruch\newtry\OC_Mobile\oc318-mobile-reader\public\corpus\yd1\siman340\seif-021\beur-hagra\en.html,source_txt_block,temp YD_001 source output,C:\Users\binya\Documents\shulchan-yd-temp\newtry\YD_001\output\siman_340\beur-hagra\part-001.txt,true,missing_or_empty,no,,C:\Users\binya\Documents\Shulchan aruch\newtry\OC_Mobile\oc318-mobile-reader\public\corpus\yd1\siman340\seif-021\beur-hagra\he.html,"<b>נתמלא מכאן כו'. </b>ירושלמי שלמו אלו ואלו נעשה כפוחח פי' ואינו קורע. תה""א:"
yd1,beur-hagra,siman379,seif-004,C:\Users\binya\Documents\Shulchan aruch\newtry\OC_Mobile\oc318-mobile-reader\public\corpus\yd1\siman379\seif-004\beur-hagra\en.html,corpus_en_html,SA_Sandbox corpus mirror,C:\Users\binya\Documents\Shulchan aruch\newtry\SA_Sandbox\public\corpus\yd1\siman379\seif-004\beur-hagra\en.html,false,missing_or_empty,no,,C:\Users\binya\Documents\Shulchan aruch\newtry\OC_Mobile\oc318-mobile-reader\public\corpus\yd1\siman379\seif-004\beur-hagra\he.html,"<b>בשבת כו'. </b>עתוס' כ' ב' סד""ה קורע כו':"
yd1,beur-hagra,siman379,seif-004,C:\Users\binya\Documents\Shulchan aruch\newtry\OC_Mobile\oc318-mobile-reader\public\corpus\yd1\siman379\seif-004\beur-hagra\en.html,corpus_en_html,shulchan-yd-temp corpus mirror,C:\Users\binya\Documents\shulchan-yd-temp\newtry\OC_Mobile\oc318-mobile-reader\public\corpus\yd1\siman379\seif-004\beur-hagra\en.html,false,missing_or_empty,no,,C:\Users\binya\Documents\Shulchan aruch\newtry\OC_Mobile\oc318-mobile-reader\public\corpus\yd1\siman379\seif-004\beur-hagra\he.html,"<b>בשבת כו'. </b>עתוס' כ' ב' סד""ה קורע כו':"
yd1,beur-hagra,siman379,seif-004,C:\Users\binya\Documents\Shulchan aruch\newtry\OC_Mobile\oc318-mobile-reader\public\corpus\yd1\siman379\seif-004\beur-hagra\en.html,source_txt_block,current YD_001 source output,C:\Users\binya\Documents\Shulchan aruch\newtry\YD_001\output\siman_379\beur-hagra\part-001.txt,false,missing_or_empty,no,,C:\Users\binya\Documents\Shulchan aruch\newtry\OC_Mobile\oc318-mobile-reader\public\corpus\yd1\siman379\seif-004\beur-hagra\he.html,"<b>בשבת כו'. </b>עתוס' כ' ב' סד""ה קורע כו':"
yd1,beur-hagra,siman379,seif-004,C:\Users\binya\Documents\Shulchan aruch\newtry\OC_Mobile\oc318-mobile-reader\public\corpus\yd1\siman379\seif-004\beur-hagra\en.html,source_txt_block,temp YD_001 source output,C:\Users\binya\Documents\shulchan-yd-temp\newtry\YD_001\output\siman_379\beur-hagra\part-001.txt,true,missing_or_empty,no,,C:\Users\binya\Documents\Shulchan aruch\newtry\OC_Mobile\oc318-mobile-reader\public\corpus\yd1\siman379\seif-004\beur-hagra\he.html,"<b>בשבת כו'. </b>עתוס' כ' ב' סד""ה קורע כו':"
oc1,mishnah-berurah,siman32,seif-015,C:\Users\binya\Documents\Shulchan aruch\newtry\OC_Mobile\oc318-mobile-reader\public\corpus\oc1\siman32\seif-015\mishnah-berurah\en.html,corpus_en_html,SA_Sandbox corpus mirror,C:\Users\binya\Documents\Shulchan aruch\newtry\SA_Sandbox\public\corpus\oc1\siman32\seif-015\mishnah-berurah\en.html,false,missing_or_empty,no,,C:\Users\binya\Documents\Shulchan aruch\newtry\OC_Mobile\oc318-mobile-reader\public\corpus\oc1\siman32\seif-015\mishnah-berurah\he.html,"(לד) לאחר שנכתב וכו' - נקדים ב' הקדמות ואח""כ נבאר בעזה""י. א' כל אות צריך שיהא עליו צורתו הראוי לאותו אות וא""ל פסול ובזה אין חילוק אם לא נכתב כהלכתו או אם אח""כ נתקלקל. ב' כל אות שאין גויל מוקף לה מארבע רוחותיה פסולה ובדין זה יש שני פרטים. א' דוקא אם לא היה מוקף גויל קודם כתיבה אבל אם לאחר כתיבה נעשה נקב או קרע סמוך לאות מבחוץ ועי""ז אינו מוקף גויל כשר וכמו שיתבאר בסעיף ט""ז בשו""ע. ב' דעת רוב הפוסקים דאין צריך להיות מוקף גויל רק מבחוץ להאותיות ולא בתוכן חוץ מהירושלמי שמחמיר בזה. ועתה נבוא לבאר השו""ע אם לאחר שנכתב ניקב וכו' הטעם דבפנים אין צריך להקפת גויל ולפ""ז אפילו אם הנקב קודם כתיבה כשר והאי דנקט אם לאחר שנכתב ניקב משום דלכתחלה אין לכתוב אפילו אם הנקב באמצע חללו ואין ממלא את תוכו אבל באמת אם עבר וכתב אפילו אם היה הנקב קודם שנכתב כשר וא""צ שום תקון: | (לה) בתוך הה""א - וה""ה שאר אותיות שיש להן ג' דפנות ויש חלל בתוכו אבל ך' פשוטה וכ""ש וי""ו וכדומה לאו תוך מיקרי: | (לו) כל החלל - ואפילו נגע הנקיבה באות גופא כל שנשאר שריטה דקה מבחוץ כשר דאין שיעור לעובי האותיות: | (לז) שגם בפנים וכו' - וא""כ דינו כמבחוץ אם היה הנקב בתוכו קודם כתיבה פסול ועיין בט""ז ובפמ""ג בשם הלבוש שיש להחמיר כהירושלמי. ודע דלהירושלמי צריך הקפת גויל בכל הצדדים מבפנים כמו מבחוץ ע""כ אם ניקב בתוכו קודם הכתיבה אצל האות ועי""ז איננו מוקף גויל יש לגרור מעט מבפנים מעובי הקו של האות ויהיה מוקף גויל ועיין בביאור הלכה סוף ד""ה אבל בירושלמי וכו': | (לח) ניקב - וה""ה אם נמחק קצת מהדיו ולא ניקב. ודוקא בה""א פליג הרא""ש ומכשיר אם נשאר כל שהוא בין למעלה מהנקב ובין למטה דסבר דאין שיעור להנקודה התלויה בה ואפילו אם כתב מתחלה רגל קצר כזה כשר להרא""ש אבל בשאר אותיות כמו חי""ת וכדומה גם הרא""ש מודה דהרגל השמאלי דינו כמו רגל ימיני: | (לט) מצריכין כמלא וכו' - ומיירי בענין שאין בו חסרון משום הקפת גויל כגון שניקב לאחר הכתיבה כדבסמוך סט""ז בסופו דאל""ה פסול אפי' אם נשתייר יותר מכמלא אות קטנה גם להרא""ש: | (מ) והכי הלכתא - מדבריו אלו משמע דלא להחמיר בלבד פסק כדעת ש""פ אלא דפשיטא ליה דהלכה כוותיהו וא""כ צריך להזהיר מאד להסופרים שנכשלין בזה. ובתפילין ומזוזות דבעינן כסדרן לכאורה לא מהני שום תיקון אפילו התינוק קוראו לאות כיון שאנו רואין שאין לו צורת אות דבלא זה לא מיקרי ה' לפי דעת אלו הפוסקים וכדלקמן בסכ""ה ע""ש. ומ""מ נראה דיש להקל ע""י תיקון ודומיא שהקיל הפמ""ג בכף פשוטה שעשאו מרובע ע""י תיקון עי""ש: | (מא) ניקב - וה""ה אם נפסק האות בלא נקב או נמחק קצה האות ומיירי השו""ע בארכו וה""ה אם נפסק קצת מעביו בין ע""י נקיבה או ע""י מחיקה אם נשאר שריטה דקה שחור כמו וי""ו או יו""ד דקה כשר דאין שיעור לעובי האותיות אלא דבניקב בין בעביו בין בארכו בעינן שניקב לאחר הכתיבה וכדלקמן בסט""ז [ממ""א ודה""ח]: | (מב) הימיני - של ה""א. כתב הפמ""ג נראה לי דה""ה לשאר אותיות כגון ד' ל' פ' פשוטה צ' פשוטה קו""ף רי""ש או תי""ו או חי""ת [לכאורה בחי""ת בין רגלה הימיני או השמאלי] אם נשאר מהירך הימיני כיו""ד די בכך עכ""ל ועיין לקמן בסימן ל""ו בדיני צורת האותיות באות ל' ופ' פשוטה וצ' פשוטה וקו""ף ובאות תי""ו: | (מג) אם נשתייר - היינו מהנקב לצד מעלה ולא מצרפינן ליה מה שלמטה מהנקב אפילו אם תינוק דלא חכים ולא טיפש קראה לאות כיון דאנו רואין שלא נשאר צורת האות כתיקונו וכמו שנתבאר בסמוך בשם הט""ז אבל אם נשתייר מהנקב ולמעלה [או מההפסק ולמעלה אם נפסק האות באמצע] כשיעור אות קטנה כשר ואין צריך להראותו לתינוק וה""ה אם כתב לכתחלה רגל קטנה קצרה כזה דכשר ועיין ביד אפרים ובביאור הלכה: | (מד) מלא או""ק - היינו יו""ד ובקוץ התחתון שלו לפי מה דפסק לקמן בסי' ל""ו בב""י דלא מיקרי יו""ד בלא קוץ התחתון:"
oc1,mishnah-berurah,siman32,seif-015,C:\Users\binya\Documents\Shulchan aruch\newtry\OC_Mobile\oc318-mobile-reader\public\corpus\oc1\siman32\seif-015\mishnah-berurah\en.html,corpus_en_html,shulchan-yd-temp corpus mirror,C:\Users\binya\Documents\shulchan-yd-temp\newtry\OC_Mobile\oc318-mobile-reader\public\corpus\oc1\siman32\seif-015\mishnah-berurah\en.html,true,possibly_clean,yes,"(34) After it was written, etc. — We precede with two introductions and then explain, with God's help. First: every letter must have the proper shape for that letter; lacking it, it is invalid, whether it was not written",C:\Users\binya\Documents\Shulchan aruch\newtry\OC_Mobile\oc318-mobile-reader\public\corpus\oc1\siman32\seif-015\mishnah-berurah\he.html,"(לד) לאחר שנכתב וכו' - נקדים ב' הקדמות ואח""כ נבאר בעזה""י. א' כל אות צריך שיהא עליו צורתו הראוי לאותו אות וא""ל פסול ובזה אין חילוק אם לא נכתב כהלכתו או אם אח""כ נתקלקל. ב' כל אות שאין גויל מוקף לה מארבע רוחותיה פסולה ובדין זה יש שני פרטים. א' דוקא אם לא היה מוקף גויל קודם כתיבה אבל אם לאחר כתיבה נעשה נקב או קרע סמוך לאות מבחוץ ועי""ז אינו מוקף גויל כשר וכמו שיתבאר בסעיף ט""ז בשו""ע. ב' דעת רוב הפוסקים דאין צריך להיות מוקף גויל רק מבחוץ להאותיות ולא בתוכן חוץ מהירושלמי שמחמיר בזה. ועתה נבוא לבאר השו""ע אם לאחר שנכתב ניקב וכו' הטעם דבפנים אין צריך להקפת גויל ולפ""ז אפילו אם הנקב קודם כתיבה כשר והאי דנקט אם לאחר שנכתב ניקב משום דלכתחלה אין לכתוב אפילו אם הנקב באמצע חללו ואין ממלא את תוכו אבל באמת אם עבר וכתב אפילו אם היה הנקב קודם שנכתב כשר וא""צ שום תקון: | (לה) בתוך הה""א - וה""ה שאר אותיות שיש להן ג' דפנות ויש חלל בתוכו אבל ך' פשוטה וכ""ש וי""ו וכדומה לאו תוך מיקרי: | (לו) כל החלל - ואפילו נגע הנקיבה באות גופא כל שנשאר שריטה דקה מבחוץ כשר דאין שיעור לעובי האותיות: | (לז) שגם בפנים וכו' - וא""כ דינו כמבחוץ אם היה הנקב בתוכו קודם כתיבה פסול ועיין בט""ז ובפמ""ג בשם הלבוש שיש להחמיר כהירושלמי. ודע דלהירושלמי צריך הקפת גויל בכל הצדדים מבפנים כמו מבחוץ ע""כ אם ניקב בתוכו קודם הכתיבה אצל האות ועי""ז איננו מוקף גויל יש לגרור מעט מבפנים מעובי הקו של האות ויהיה מוקף גויל ועיין בביאור הלכה סוף ד""ה אבל בירושלמי וכו': | (לח) ניקב - וה""ה אם נמחק קצת מהדיו ולא ניקב. ודוקא בה""א פליג הרא""ש ומכשיר אם נשאר כל שהוא בין למעלה מהנקב ובין למטה דסבר דאין שיעור להנקודה התלויה בה ואפילו אם כתב מתחלה רגל קצר כזה כשר להרא""ש אבל בשאר אותיות כמו חי""ת וכדומה גם הרא""ש מודה דהרגל השמאלי דינו כמו רגל ימיני: | (לט) מצריכין כמלא וכו' - ומיירי בענין שאין בו חסרון משום הקפת גויל כגון שניקב לאחר הכתיבה כדבסמוך סט""ז בסופו דאל""ה פסול אפי' אם נשתייר יותר מכמלא אות קטנה גם להרא""ש: | (מ) והכי הלכתא - מדבריו אלו משמע דלא להחמיר בלבד פסק כדעת ש""פ אלא דפשיטא ליה דהלכה כוותיהו וא""כ צריך להזהיר מאד להסופרים שנכשלין בזה. ובתפילין ומזוזות דבעינן כסדרן לכאורה לא מהני שום תיקון אפילו התינוק קוראו לאות כיון שאנו רואין שאין לו צורת אות דבלא זה לא מיקרי ה' לפי דעת אלו הפוסקים וכדלקמן בסכ""ה ע""ש. ומ""מ נראה דיש להקל ע""י תיקון ודומיא שהקיל הפמ""ג בכף פשוטה שעשאו מרובע ע""י תיקון עי""ש: | (מא) ניקב - וה""ה אם נפסק האות בלא נקב או נמחק קצה האות ומיירי השו""ע בארכו וה""ה אם נפסק קצת מעביו בין ע""י נקיבה או ע""י מחיקה אם נשאר שריטה דקה שחור כמו וי""ו או יו""ד דקה כשר דאין שיעור לעובי האותיות אלא דבניקב בין בעביו בין בארכו בעינן שניקב לאחר הכתיבה וכדלקמן בסט""ז [ממ""א ודה""ח]: | (מב) הימיני - של ה""א. כתב הפמ""ג נראה לי דה""ה לשאר אותיות כגון ד' ל' פ' פשוטה צ' פשוטה קו""ף רי""ש או תי""ו או חי""ת [לכאורה בחי""ת בין רגלה הימיני או השמאלי] אם נשאר מהירך הימיני כיו""ד די בכך עכ""ל ועיין לקמן בסימן ל""ו בדיני צורת האותיות באות ל' ופ' פשוטה וצ' פשוטה וקו""ף ובאות תי""ו: | (מג) אם נשתייר - היינו מהנקב לצד מעלה ולא מצרפינן ליה מה שלמטה מהנקב אפילו אם תינוק דלא חכים ולא טיפש קראה לאות כיון דאנו רואין שלא נשאר צורת האות כתיקונו וכמו שנתבאר בסמוך בשם הט""ז אבל אם נשתייר מהנקב ולמעלה [או מההפסק ולמעלה אם נפסק האות באמצע] כשיעור אות קטנה כשר ואין צריך להראותו לתינוק וה""ה אם כתב לכתחלה רגל קטנה קצרה כזה דכשר ועיין ביד אפרים ובביאור הלכה: | (מד) מלא או""ק - היינו יו""ד ובקוץ התחתון שלו לפי מה דפסק לקמן בסי' ל""ו בב""י דלא מיקרי יו""ד בלא קוץ התחתון:"
oc1,mishnah-berurah,siman32,seif-015,C:\Users\binya\Documents\Shulchan aruch\newtry\OC_Mobile\oc318-mobile-reader\public\corpus\oc1\siman32\seif-015\mishnah-berurah\en.html,source_txt_block,current OC_001 source output,C:\Users\binya\Documents\Shulchan aruch\newtry\OC_001\output\siman_032\mishnah-berurah\part-001.txt,true,possibly_clean,yes,"(Ld) After it is written, etc. - we will start with introductions and then we will explain in Aza'i. A. Every letter must have the proper form for that letter, and it is invalid, and there is no difference in this if it ",C:\Users\binya\Documents\Shulchan aruch\newtry\OC_Mobile\oc318-mobile-reader\public\corpus\oc1\siman32\seif-015\mishnah-berurah\he.html,"(לד) לאחר שנכתב וכו' - נקדים ב' הקדמות ואח""כ נבאר בעזה""י. א' כל אות צריך שיהא עליו צורתו הראוי לאותו אות וא""ל פסול ובזה אין חילוק אם לא נכתב כהלכתו או אם אח""כ נתקלקל. ב' כל אות שאין גויל מוקף לה מארבע רוחותיה פסולה ובדין זה יש שני פרטים. א' דוקא אם לא היה מוקף גויל קודם כתיבה אבל אם לאחר כתיבה נעשה נקב או קרע סמוך לאות מבחוץ ועי""ז אינו מוקף גויל כשר וכמו שיתבאר בסעיף ט""ז בשו""ע. ב' דעת רוב הפוסקים דאין צריך להיות מוקף גויל רק מבחוץ להאותיות ולא בתוכן חוץ מהירושלמי שמחמיר בזה. ועתה נבוא לבאר השו""ע אם לאחר שנכתב ניקב וכו' הטעם דבפנים אין צריך להקפת גויל ולפ""ז אפילו אם הנקב קודם כתיבה כשר והאי דנקט אם לאחר שנכתב ניקב משום דלכתחלה אין לכתוב אפילו אם הנקב באמצע חללו ואין ממלא את תוכו אבל באמת אם עבר וכתב אפילו אם היה הנקב קודם שנכתב כשר וא""צ שום תקון: | (לה) בתוך הה""א - וה""ה שאר אותיות שיש להן ג' דפנות ויש חלל בתוכו אבל ך' פשוטה וכ""ש וי""ו וכדומה לאו תוך מיקרי: | (לו) כל החלל - ואפילו נגע הנקיבה באות גופא כל שנשאר שריטה דקה מבחוץ כשר דאין שיעור לעובי האותיות: | (לז) שגם בפנים וכו' - וא""כ דינו כמבחוץ אם היה הנקב בתוכו קודם כתיבה פסול ועיין בט""ז ובפמ""ג בשם הלבוש שיש להחמיר כהירושלמי. ודע דלהירושלמי צריך הקפת גויל בכל הצדדים מבפנים כמו מבחוץ ע""כ אם ניקב בתוכו קודם הכתיבה אצל האות ועי""ז איננו מוקף גויל יש לגרור מעט מבפנים מעובי הקו של האות ויהיה מוקף גויל ועיין בביאור הלכה סוף ד""ה אבל בירושלמי וכו': | (לח) ניקב - וה""ה אם נמחק קצת מהדיו ולא ניקב. ודוקא בה""א פליג הרא""ש ומכשיר אם נשאר כל שהוא בין למעלה מהנקב ובין למטה דסבר דאין שיעור להנקודה התלויה בה ואפילו אם כתב מתחלה רגל קצר כזה כשר להרא""ש אבל בשאר אותיות כמו חי""ת וכדומה גם הרא""ש מודה דהרגל השמאלי דינו כמו רגל ימיני: | (לט) מצריכין כמלא וכו' - ומיירי בענין שאין בו חסרון משום הקפת גויל כגון שניקב לאחר הכתיבה כדבסמוך סט""ז בסופו דאל""ה פסול אפי' אם נשתייר יותר מכמלא אות קטנה גם להרא""ש: | (מ) והכי הלכתא - מדבריו אלו משמע דלא להחמיר בלבד פסק כדעת ש""פ אלא דפשיטא ליה דהלכה כוותיהו וא""כ צריך להזהיר מאד להסופרים שנכשלין בזה. ובתפילין ומזוזות דבעינן כסדרן לכאורה לא מהני שום תיקון אפילו התינוק קוראו לאות כיון שאנו רואין שאין לו צורת אות דבלא זה לא מיקרי ה' לפי דעת אלו הפוסקים וכדלקמן בסכ""ה ע""ש. ומ""מ נראה דיש להקל ע""י תיקון ודומיא שהקיל הפמ""ג בכף פשוטה שעשאו מרובע ע""י תיקון עי""ש: | (מא) ניקב - וה""ה אם נפסק האות בלא נקב או נמחק קצה האות ומיירי השו""ע בארכו וה""ה אם נפסק קצת מעביו בין ע""י נקיבה או ע""י מחיקה אם נשאר שריטה דקה שחור כמו וי""ו או יו""ד דקה כשר דאין שיעור לעובי האותיות אלא דבניקב בין בעביו בין בארכו בעינן שניקב לאחר הכתיבה וכדלקמן בסט""ז [ממ""א ודה""ח]: | (מב) הימיני - של ה""א. כתב הפמ""ג נראה לי דה""ה לשאר אותיות כגון ד' ל' פ' פשוטה צ' פשוטה קו""ף רי""ש או תי""ו או חי""ת [לכאורה בחי""ת בין רגלה הימיני או השמאלי] אם נשאר מהירך הימיני כיו""ד די בכך עכ""ל ועיין לקמן בסימן ל""ו בדיני צורת האותיות באות ל' ופ' פשוטה וצ' פשוטה וקו""ף ובאות תי""ו: | (מג) אם נשתייר - היינו מהנקב לצד מעלה ולא מצרפינן ליה מה שלמטה מהנקב אפילו אם תינוק דלא חכים ולא טיפש קראה לאות כיון דאנו רואין שלא נשאר צורת האות כתיקונו וכמו שנתבאר בסמוך בשם הט""ז אבל אם נשתייר מהנקב ולמעלה [או מההפסק ולמעלה אם נפסק האות באמצע] כשיעור אות קטנה כשר ואין צריך להראותו לתינוק וה""ה אם כתב לכתחלה רגל קטנה קצרה כזה דכשר ועיין ביד אפרים ובביאור הלכה: | (מד) מלא או""ק - היינו יו""ד ובקוץ התחתון שלו לפי מה דפסק לקמן בסי' ל""ו בב""י דלא מיקרי יו""ד בלא קוץ התחתון:"
oc1,mishnah-berurah,siman32,seif-015,C:\Users\binya\Documents\Shulchan aruch\newtry\OC_Mobile\oc318-mobile-reader\public\corpus\oc1\siman32\seif-015\mishnah-berurah\en.html,source_txt_block,temp OC_001 source output,C:\Users\binya\Documents\shulchan-yd-temp\newtry\OC_001\output\siman_032\mishnah-berurah\part-001.txt,true,possibly_clean,yes,"(Ld) After it is written, etc. - we will start with introductions and then we will explain in Aza'i. A. Every letter must have the proper form for that letter, and it is invalid, and there is no difference in this if it ",C:\Users\binya\Documents\Shulchan aruch\newtry\OC_Mobile\oc318-mobile-reader\public\corpus\oc1\siman32\seif-015\mishnah-berurah\he.html,"(לד) לאחר שנכתב וכו' - נקדים ב' הקדמות ואח""כ נבאר בעזה""י. א' כל אות צריך שיהא עליו צורתו הראוי לאותו אות וא""ל פסול ובזה אין חילוק אם לא נכתב כהלכתו או אם אח""כ נתקלקל. ב' כל אות שאין גויל מוקף לה מארבע רוחותיה פסולה ובדין זה יש שני פרטים. א' דוקא אם לא היה מוקף גויל קודם כתיבה אבל אם לאחר כתיבה נעשה נקב או קרע סמוך לאות מבחוץ ועי""ז אינו מוקף גויל כשר וכמו שיתבאר בסעיף ט""ז בשו""ע. ב' דעת רוב הפוסקים דאין צריך להיות מוקף גויל רק מבחוץ להאותיות ולא בתוכן חוץ מהירושלמי שמחמיר בזה. ועתה נבוא לבאר השו""ע אם לאחר שנכתב ניקב וכו' הטעם דבפנים אין צריך להקפת גויל ולפ""ז אפילו אם הנקב קודם כתיבה כשר והאי דנקט אם לאחר שנכתב ניקב משום דלכתחלה אין לכתוב אפילו אם הנקב באמצע חללו ואין ממלא את תוכו אבל באמת אם עבר וכתב אפילו אם היה הנקב קודם שנכתב כשר וא""צ שום תקון: | (לה) בתוך הה""א - וה""ה שאר אותיות שיש להן ג' דפנות ויש חלל בתוכו אבל ך' פשוטה וכ""ש וי""ו וכדומה לאו תוך מיקרי: | (לו) כל החלל - ואפילו נגע הנקיבה באות גופא כל שנשאר שריטה דקה מבחוץ כשר דאין שיעור לעובי האותיות: | (לז) שגם בפנים וכו' - וא""כ דינו כמבחוץ אם היה הנקב בתוכו קודם כתיבה פסול ועיין בט""ז ובפמ""ג בשם הלבוש שיש להחמיר כהירושלמי. ודע דלהירושלמי צריך הקפת גויל בכל הצדדים מבפנים כמו מבחוץ ע""כ אם ניקב בתוכו קודם הכתיבה אצל האות ועי""ז איננו מוקף גויל יש לגרור מעט מבפנים מעובי הקו של האות ויהיה מוקף גויל ועיין בביאור הלכה סוף ד""ה אבל בירושלמי וכו': | (לח) ניקב - וה""ה אם נמחק קצת מהדיו ולא ניקב. ודוקא בה""א פליג הרא""ש ומכשיר אם נשאר כל שהוא בין למעלה מהנקב ובין למטה דסבר דאין שיעור להנקודה התלויה בה ואפילו אם כתב מתחלה רגל קצר כזה כשר להרא""ש אבל בשאר אותיות כמו חי""ת וכדומה גם הרא""ש מודה דהרגל השמאלי דינו כמו רגל ימיני: | (לט) מצריכין כמלא וכו' - ומיירי בענין שאין בו חסרון משום הקפת גויל כגון שניקב לאחר הכתיבה כדבסמוך סט""ז בסופו דאל""ה פסול אפי' אם נשתייר יותר מכמלא אות קטנה גם להרא""ש: | (מ) והכי הלכתא - מדבריו אלו משמע דלא להחמיר בלבד פסק כדעת ש""פ אלא דפשיטא ליה דהלכה כוותיהו וא""כ צריך להזהיר מאד להסופרים שנכשלין בזה. ובתפילין ומזוזות דבעינן כסדרן לכאורה לא מהני שום תיקון אפילו התינוק קוראו לאות כיון שאנו רואין שאין לו צורת אות דבלא זה לא מיקרי ה' לפי דעת אלו הפוסקים וכדלקמן בסכ""ה ע""ש. ומ""מ נראה דיש להקל ע""י תיקון ודומיא שהקיל הפמ""ג בכף פשוטה שעשאו מרובע ע""י תיקון עי""ש: | (מא) ניקב - וה""ה אם נפסק האות בלא נקב או נמחק קצה האות ומיירי השו""ע בארכו וה""ה אם נפסק קצת מעביו בין ע""י נקיבה או ע""י מחיקה אם נשאר שריטה דקה שחור כמו וי""ו או יו""ד דקה כשר דאין שיעור לעובי האותיות אלא דבניקב בין בעביו בין בארכו בעינן שניקב לאחר הכתיבה וכדלקמן בסט""ז [ממ""א ודה""ח]: | (מב) הימיני - של ה""א. כתב הפמ""ג נראה לי דה""ה לשאר אותיות כגון ד' ל' פ' פשוטה צ' פשוטה קו""ף רי""ש או תי""ו או חי""ת [לכאורה בחי""ת בין רגלה הימיני או השמאלי] אם נשאר מהירך הימיני כיו""ד די בכך עכ""ל ועיין לקמן בסימן ל""ו בדיני צורת האותיות באות ל' ופ' פשוטה וצ' פשוטה וקו""ף ובאות תי""ו: | (מג) אם נשתייר - היינו מהנקב לצד מעלה ולא מצרפינן ליה מה שלמטה מהנקב אפילו אם תינוק דלא חכים ולא טיפש קראה לאות כיון דאנו רואין שלא נשאר צורת האות כתיקונו וכמו שנתבאר בסמוך בשם הט""ז אבל אם נשתייר מהנקב ולמעלה [או מההפסק ולמעלה אם נפסק האות באמצע] כשיעור אות קטנה כשר ואין צריך להראותו לתינוק וה""ה אם כתב לכתחלה רגל קטנה קצרה כזה דכשר ועיין ביד אפרים ובביאור הלכה: | (מד) מלא או""ק - היינו יו""ד ובקוץ התחתון שלו לפי מה דפסק לקמן בסי' ל""ו בב""י דלא מיקרי יו""ד בלא קוץ התחתון:"
oc1,beer-hagolah,siman46,seif-002,C:\Users\binya\Documents\Shulchan aruch\newtry\OC_Mobile\oc318-mobile-reader\public\corpus\oc1\siman46\seif-002\beer-hagolah\en.html,corpus_en_html,SA_Sandbox corpus mirror,C:\Users\binya\Documents\Shulchan aruch\newtry\SA_Sandbox\public\corpus\oc1\siman46\seif-002\beer-hagolah\en.html,false,missing_or_empty,no,,C:\Users\binya\Documents\Shulchan aruch\newtry\OC_Mobile\oc318-mobile-reader\public\corpus\oc1\siman46\seif-002\beer-hagolah\he.html,"טור וב' בשם הרא""ש שם"
oc1,beer-hagolah,siman46,seif-002,C:\Users\binya\Documents\Shulchan aruch\newtry\OC_Mobile\oc318-mobile-reader\public\corpus\oc1\siman46\seif-002\beer-hagolah\en.html,corpus_en_html,shulchan-yd-temp corpus mirror,C:\Users\binya\Documents\shulchan-yd-temp\newtry\OC_Mobile\oc318-mobile-reader\public\corpus\oc1\siman46\seif-002\beer-hagolah\en.html,true,possibly_clean,yes,Tur and Beit Yosef in the name of Rosh there. ,C:\Users\binya\Documents\Shulchan aruch\newtry\OC_Mobile\oc318-mobile-reader\public\corpus\oc1\siman46\seif-002\beer-hagolah\he.html,"טור וב' בשם הרא""ש שם"
oc1,beer-hagolah,siman46,seif-002,C:\Users\binya\Documents\Shulchan aruch\newtry\OC_Mobile\oc318-mobile-reader\public\corpus\oc1\siman46\seif-002\beer-hagolah\en.html,source_txt_block,current OC_001 source output,C:\Users\binya\Documents\Shulchan aruch\newtry\OC_001\output\siman_046\beer-hagolah\part-001.txt,true,possibly_clean,yes,Column 2 in the name of the chief there,C:\Users\binya\Documents\Shulchan aruch\newtry\OC_Mobile\oc318-mobile-reader\public\corpus\oc1\siman46\seif-002\beer-hagolah\he.html,"טור וב' בשם הרא""ש שם"
oc1,beer-hagolah,siman46,seif-002,C:\Users\binya\Documents\Shulchan aruch\newtry\OC_Mobile\oc318-mobile-reader\public\corpus\oc1\siman46\seif-002\beer-hagolah\en.html,source_txt_block,temp OC_001 source output,C:\Users\binya\Documents\shulchan-yd-temp\newtry\OC_001\output\siman_046\beer-hagolah\part-001.txt,true,possibly_clean,yes,Column 2 in the name of the chief there,C:\Users\binya\Documents\Shulchan aruch\newtry\OC_Mobile\oc318-mobile-reader\public\corpus\oc1\siman46\seif-002\beer-hagolah\he.html,"טור וב' בשם הרא""ש שם"
oc1,beer-hagolah,siman66,seif-010,C:\Users\binya\Documents\Shulchan aruch\newtry\OC_Mobile\oc318-mobile-reader\public\corpus\oc1\siman66\seif-010\beer-hagolah\en.html,corpus_en_html,SA_Sandbox corpus mirror,C:\Users\binya\Documents\Shulchan aruch\newtry\SA_Sandbox\public\corpus\oc1\siman66\seif-010\beer-hagolah\en.html,false,missing_or_empty,no,,C:\Users\binya\Documents\Shulchan aruch\newtry\OC_Mobile\oc318-mobile-reader\public\corpus\oc1\siman66\seif-010\beer-hagolah\he.html,"ברכות י""ב | לפירוש הטור:"
oc1,beer-hagolah,siman66,seif-010,C:\Users\binya\Documents\Shulchan aruch\newtry\OC_Mobile\oc318-mobile-reader\public\corpus\oc1\siman66\seif-010\beer-hagolah\en.html,corpus_en_html,shulchan-yd-temp corpus mirror,C:\Users\binya\Documents\shulchan-yd-temp\newtry\OC_Mobile\oc318-mobile-reader\public\corpus\oc1\siman66\seif-010\beer-hagolah\en.html,true,possibly_clean,yes,Berakhot 12.<br> <br> Per the Tur's explanation: ,C:\Users\binya\Documents\Shulchan aruch\newtry\OC_Mobile\oc318-mobile-reader\public\corpus\oc1\siman66\seif-010\beer-hagolah\he.html,"ברכות י""ב | לפירוש הטור:"
oc1,beer-hagolah,siman66,seif-010,C:\Users\binya\Documents\Shulchan aruch\newtry\OC_Mobile\oc318-mobile-reader\public\corpus\oc1\siman66\seif-010\beer-hagolah\en.html,source_txt_block,current OC_001 source output,C:\Users\binya\Documents\Shulchan aruch\newtry\OC_001\output\siman_066\beer-hagolah\part-001.txt,true,possibly_clean,yes,Blessings of the United States,C:\Users\binya\Documents\Shulchan aruch\newtry\OC_Mobile\oc318-mobile-reader\public\corpus\oc1\siman66\seif-010\beer-hagolah\he.html,"ברכות י""ב | לפירוש הטור:"
oc1,beer-hagolah,siman66,seif-010,C:\Users\binya\Documents\Shulchan aruch\newtry\OC_Mobile\oc318-mobile-reader\public\corpus\oc1\siman66\seif-010\beer-hagolah\en.html,source_txt_block,temp OC_001 source output,C:\Users\binya\Documents\shulchan-yd-temp\newtry\OC_001\output\siman_066\beer-hagolah\part-001.txt,true,possibly_clean,yes,Blessings of the United States,C:\Users\binya\Documents\Shulchan aruch\newtry\OC_Mobile\oc318-mobile-reader\public\corpus\oc1\siman66\seif-010\beer-hagolah\he.html,"ברכות י""ב | לפירוש הטור:"
oc1,beer-hagolah,siman70,seif-004,C:\Users\binya\Documents\Shulchan aruch\newtry\OC_Mobile\oc318-mobile-reader\public\corpus\oc1\siman70\seif-004\beer-hagolah\en.html,corpus_en_html,SA_Sandbox corpus mirror,C:\Users\binya\Documents\Shulchan aruch\newtry\SA_Sandbox\public\corpus\oc1\siman70\seif-004\beer-hagolah\en.html,false,missing_or_empty,no,,C:\Users\binya\Documents\Shulchan aruch\newtry\OC_Mobile\oc318-mobile-reader\public\corpus\oc1\siman70\seif-004\beer-hagolah\he.html,"ירושלמי שם ח' ע""ד לפי' ר""מ בפ""ב מה' ק""ש"
oc1,beer-hagolah,siman70,seif-004,C:\Users\binya\Documents\Shulchan aruch\newtry\OC_Mobile\oc318-mobile-reader\public\corpus\oc1\siman70\seif-004\beer-hagolah\en.html,corpus_en_html,shulchan-yd-temp corpus mirror,C:\Users\binya\Documents\shulchan-yd-temp\newtry\OC_Mobile\oc318-mobile-reader\public\corpus\oc1\siman70\seif-004\beer-hagolah\en.html,true,possibly_clean,yes,"Yerushalmi there chapter 8, 14d, according to Rambam's explanation in chapter 2 of Hilchos Keriat Shema. ",C:\Users\binya\Documents\Shulchan aruch\newtry\OC_Mobile\oc318-mobile-reader\public\corpus\oc1\siman70\seif-004\beer-hagolah\he.html,"ירושלמי שם ח' ע""ד לפי' ר""מ בפ""ב מה' ק""ש"
oc1,beer-hagolah,siman70,seif-004,C:\Users\binya\Documents\Shulchan aruch\newtry\OC_Mobile\oc318-mobile-reader\public\corpus\oc1\siman70\seif-004\beer-hagolah\en.html,source_txt_block,current OC_001 source output,C:\Users\binya\Documents\Shulchan aruch\newtry\OC_001\output\siman_070\beer-hagolah\part-001.txt,true,possibly_clean,yes,There is a Jerusalemite in the Bible,C:\Users\binya\Documents\Shulchan aruch\newtry\OC_Mobile\oc318-mobile-reader\public\corpus\oc1\siman70\seif-004\beer-hagolah\he.html,"ירושלמי שם ח' ע""ד לפי' ר""מ בפ""ב מה' ק""ש"
oc1,beer-hagolah,siman70,seif-004,C:\Users\binya\Documents\Shulchan aruch\newtry\OC_Mobile\oc318-mobile-reader\public\corpus\oc1\siman70\seif-004\beer-hagolah\en.html,source_txt_block,temp OC_001 source output,C:\Users\binya\Documents\shulchan-yd-temp\newtry\OC_001\output\siman_070\beer-hagolah\part-001.txt,true,possibly_clean,yes,There is a Jerusalemite in the Bible,C:\Users\binya\Documents\Shulchan aruch\newtry\OC_Mobile\oc318-mobile-reader\public\corpus\oc1\siman70\seif-004\beer-hagolah\he.html,"ירושלמי שם ח' ע""ד לפי' ר""מ בפ""ב מה' ק""ש"
oc1,beer-hagolah,siman90,seif-013,C:\Users\binya\Documents\Shulchan aruch\newtry\OC_Mobile\oc318-mobile-reader\public\corpus\oc1\siman90\seif-013\beer-hagolah\en.html,corpus_en_html,SA_Sandbox corpus mirror,C:\Users\binya\Documents\Shulchan aruch\newtry\SA_Sandbox\public\corpus\oc1\siman90\seif-013\beer-hagolah\en.html,false,missing_or_empty,no,,C:\Users\binya\Documents\Shulchan aruch\newtry\OC_Mobile\oc318-mobile-reader\public\corpus\oc1\siman90\seif-013\beer-hagolah\he.html,"שם ס""ב | ירושלמי שם ספ""ה ורבי יונה"
oc1,beer-hagolah,siman90,seif-013,C:\Users\binya\Documents\Shulchan aruch\newtry\OC_Mobile\oc318-mobile-reader\public\corpus\oc1\siman90\seif-013\beer-hagolah\en.html,corpus_en_html,shulchan-yd-temp corpus mirror,C:\Users\binya\Documents\shulchan-yd-temp\newtry\OC_Mobile\oc318-mobile-reader\public\corpus\oc1\siman90\seif-013\beer-hagolah\en.html,true,possibly_clean,yes,"There, folio 62<br> <br> Yerushalmi there end of chapter 5, and Rabbeinu Yonah ",C:\Users\binya\Documents\Shulchan aruch\newtry\OC_Mobile\oc318-mobile-reader\public\corpus\oc1\siman90\seif-013\beer-hagolah\he.html,"שם ס""ב | ירושלמי שם ספ""ה ורבי יונה"
oc1,beer-hagolah,siman90,seif-013,C:\Users\binya\Documents\Shulchan aruch\newtry\OC_Mobile\oc318-mobile-reader\public\corpus\oc1\siman90\seif-013\beer-hagolah\en.html,source_txt_block,current OC_001 source output,C:\Users\binya\Documents\Shulchan aruch\newtry\OC_001\output\siman_090\beer-hagolah\part-001.txt,true,short_citation_or_too_short,yes,Named S,C:\Users\binya\Documents\Shulchan aruch\newtry\OC_Mobile\oc318-mobile-reader\public\corpus\oc1\siman90\seif-013\beer-hagolah\he.html,"שם ס""ב | ירושלמי שם ספ""ה ורבי יונה"
oc1,beer-hagolah,siman90,seif-013,C:\Users\binya\Documents\Shulchan aruch\newtry\OC_Mobile\oc318-mobile-reader\public\corpus\oc1\siman90\seif-013\beer-hagolah\en.html,source_txt_block,temp OC_001 source output,C:\Users\binya\Documents\shulchan-yd-temp\newtry\OC_001\output\siman_090\beer-hagolah\part-001.txt,true,short_citation_or_too_short,yes,Named S,C:\Users\binya\Documents\Shulchan aruch\newtry\OC_Mobile\oc318-mobile-reader\public\corpus\oc1\siman90\seif-013\beer-hagolah\he.html,"שם ס""ב | ירושלמי שם ספ""ה ורבי יונה"
oc1,beer-hagolah,siman154,seif-008,C:\Users\binya\Documents\Shulchan aruch\newtry\OC_Mobile\oc318-mobile-reader\public\corpus\oc1\siman154\seif-008\beer-hagolah\en.html,corpus_en_html,SA_Sandbox corpus mirror,C:\Users\binya\Documents\Shulchan aruch\newtry\SA_Sandbox\public\corpus\oc1\siman154\seif-008\beer-hagolah\en.html,false,missing_or_empty,no,,C:\Users\binya\Documents\Shulchan aruch\newtry\OC_Mobile\oc318-mobile-reader\public\corpus\oc1\siman154\seif-008\beer-hagolah\he.html,"ירושלמי שם הביאו הרא""ש שם"
oc1,beer-hagolah,siman154,seif-008,C:\Users\binya\Documents\Shulchan aruch\newtry\OC_Mobile\oc318-mobile-reader\public\corpus\oc1\siman154\seif-008\beer-hagolah\en.html,corpus_en_html,shulchan-yd-temp corpus mirror,C:\Users\binya\Documents\shulchan-yd-temp\newtry\OC_Mobile\oc318-mobile-reader\public\corpus\oc1\siman154\seif-008\beer-hagolah\en.html,true,possibly_clean,yes,There was a Jerusalemite there ,C:\Users\binya\Documents\Shulchan aruch\newtry\OC_Mobile\oc318-mobile-reader\public\corpus\oc1\siman154\seif-008\beer-hagolah\he.html,"ירושלמי שם הביאו הרא""ש שם"
oc1,beer-hagolah,siman154,seif-008,C:\Users\binya\Documents\Shulchan aruch\newtry\OC_Mobile\oc318-mobile-reader\public\corpus\oc1\siman154\seif-008\beer-hagolah\en.html,source_txt_block,current OC_001 source output,C:\Users\binya\Documents\Shulchan aruch\newtry\OC_001\output\siman_154\beer-hagolah\part-001.txt,true,placeholder,no,English translation pending — replace after editing this block (keep Hebrew above intact).,C:\Users\binya\Documents\Shulchan aruch\newtry\OC_Mobile\oc318-mobile-reader\public\corpus\oc1\siman154\seif-008\beer-hagolah\he.html,"ירושלמי שם הביאו הרא""ש שם"
oc1,beer-hagolah,siman154,seif-008,C:\Users\binya\Documents\Shulchan aruch\newtry\OC_Mobile\oc318-mobile-reader\public\corpus\oc1\siman154\seif-008\beer-hagolah\en.html,source_txt_block,temp OC_001 source output,C:\Users\binya\Documents\shulchan-yd-temp\newtry\OC_001\output\siman_154\beer-hagolah\part-001.txt,true,placeholder,no,English translation pending — replace after editing this block (keep Hebrew above intact).,C:\Users\binya\Documents\Shulchan aruch\newtry\OC_Mobile\oc318-mobile-reader\public\corpus\oc1\siman154\seif-008\beer-hagolah\he.html,"ירושלמי שם הביאו הרא""ש שם"
oc1,beer-hagolah,siman232,seif-003,C:\Users\binya\Documents\Shulchan aruch\newtry\OC_Mobile\oc318-mobile-reader\public\corpus\oc1\siman232\seif-003\beer-hagolah\en.html,corpus_en_html,SA_Sandbox corpus mirror,C:\Users\binya\Documents\Shulchan aruch\newtry\SA_Sandbox\public\corpus\oc1\siman232\seif-003\beer-hagolah\en.html,false,missing_or_empty,no,,C:\Users\binya\Documents\Shulchan aruch\newtry\OC_Mobile\oc318-mobile-reader\public\corpus\oc1\siman232\seif-003\beer-hagolah\he.html,ברכות כח | טור:
oc1,beer-hagolah,siman232,seif-003,C:\Users\binya\Documents\Shulchan aruch\newtry\OC_Mobile\oc318-mobile-reader\public\corpus\oc1\siman232\seif-003\beer-hagolah\en.html,corpus_en_html,shulchan-yd-temp corpus mirror,C:\Users\binya\Documents\shulchan-yd-temp\newtry\OC_Mobile\oc318-mobile-reader\public\corpus\oc1\siman232\seif-003\beer-hagolah\en.html,true,possibly_clean,yes,Berachos 28.<br> <br> (2) column: ,C:\Users\binya\Documents\Shulchan aruch\newtry\OC_Mobile\oc318-mobile-reader\public\corpus\oc1\siman232\seif-003\beer-hagolah\he.html,ברכות כח | טור:
oc1,beer-hagolah,siman232,seif-003,C:\Users\binya\Documents\Shulchan aruch\newtry\OC_Mobile\oc318-mobile-reader\public\corpus\oc1\siman232\seif-003\beer-hagolah\en.html,source_txt_block,current OC_001 source output,C:\Users\binya\Documents\Shulchan aruch\newtry\OC_001\output\siman_232\beer-hagolah\part-001.txt,true,placeholder,no,English translation pending — replace after editing this block (keep Hebrew above intact).,C:\Users\binya\Documents\Shulchan aruch\newtry\OC_Mobile\oc318-mobile-reader\public\corpus\oc1\siman232\seif-003\beer-hagolah\he.html,ברכות כח | טור:
oc1,beer-hagolah,siman232,seif-003,C:\Users\binya\Documents\Shulchan aruch\newtry\OC_Mobile\oc318-mobile-reader\public\corpus\oc1\siman232\seif-003\beer-hagolah\en.html,source_txt_block,temp OC_001 source output,C:\Users\binya\Documents\shulchan-yd-temp\newtry\OC_001\output\siman_232\beer-hagolah\part-001.txt,true,placeholder,no,English translation pending — replace after editing this block (keep Hebrew above intact).,C:\Users\binya\Documents\Shulchan aruch\newtry\OC_Mobile\oc318-mobile-reader\public\corpus\oc1\siman232\seif-003\beer-hagolah\he.html,ברכות כח | טור:
oc1,beer-hagolah,siman255,seif-003,C:\Users\binya\Documents\Shulchan aruch\newtry\OC_Mobile\oc318-mobile-reader\public\corpus\oc1\siman255\seif-003\beer-hagolah\en.html,corpus_en_html,SA_Sandbox corpus mirror,C:\Users\binya\Documents\Shulchan aruch\newtry\SA_Sandbox\public\corpus\oc1\siman255\seif-003\beer-hagolah\en.html,false,missing_or_empty,no,,C:\Users\binya\Documents\Shulchan aruch\newtry\OC_Mobile\oc318-mobile-reader\public\corpus\oc1\siman255\seif-003\beer-hagolah\he.html,"שם | לגירסת הרי""ף שם ורמב""ם פרק ג' מה""ש | לגירסת הרא""ש שם והטור:"
oc1,beer-hagolah,siman255,seif-003,C:\Users\binya\Documents\Shulchan aruch\newtry\OC_Mobile\oc318-mobile-reader\public\corpus\oc1\siman255\seif-003\beer-hagolah\en.html,corpus_en_html,shulchan-yd-temp corpus mirror,C:\Users\binya\Documents\shulchan-yd-temp\newtry\OC_Mobile\oc318-mobile-reader\public\corpus\oc1\siman255\seif-003\beer-hagolah\en.html,true,possibly_clean,yes,(א) There<br> <br> (2) For the version of the RIF there and Rambam chapter 3 of the Sh<br> <br> (ג) There is a fire there and the column: ,C:\Users\binya\Documents\Shulchan aruch\newtry\OC_Mobile\oc318-mobile-reader\public\corpus\oc1\siman255\seif-003\beer-hagolah\he.html,"שם | לגירסת הרי""ף שם ורמב""ם פרק ג' מה""ש | לגירסת הרא""ש שם והטור:"
oc1,beer-hagolah,siman255,seif-003,C:\Users\binya\Documents\Shulchan aruch\newtry\OC_Mobile\oc318-mobile-reader\public\corpus\oc1\siman255\seif-003\beer-hagolah\en.html,source_txt_block,current OC_001 source output,C:\Users\binya\Documents\Shulchan aruch\newtry\OC_001\output\siman_255\beer-hagolah\part-001.txt,true,placeholder,no,English translation pending — replace after editing this block (keep Hebrew above intact).,C:\Users\binya\Documents\Shulchan aruch\newtry\OC_Mobile\oc318-mobile-reader\public\corpus\oc1\siman255\seif-003\beer-hagolah\he.html,"שם | לגירסת הרי""ף שם ורמב""ם פרק ג' מה""ש | לגירסת הרא""ש שם והטור:"
oc1,beer-hagolah,siman255,seif-003,C:\Users\binya\Documents\Shulchan aruch\newtry\OC_Mobile\oc318-mobile-reader\public\corpus\oc1\siman255\seif-003\beer-hagolah\en.html,source_txt_block,temp OC_001 source output,C:\Users\binya\Documents\shulchan-yd-temp\newtry\OC_001\output\siman_255\beer-hagolah\part-001.txt,true,placeholder,no,English translation pending — replace after editing this block (keep Hebrew above intact).,C:\Users\binya\Documents\Shulchan aruch\newtry\OC_Mobile\oc318-mobile-reader\public\corpus\oc1\siman255\seif-003\beer-hagolah\he.html,"שם | לגירסת הרי""ף שם ורמב""ם פרק ג' מה""ש | לגירסת הרא""ש שם והטור:"
oc1,beer-hagolah,siman618,seif-005,C:\Users\binya\Documents\Shulchan aruch\newtry\OC_Mobile\oc318-mobile-reader\public\corpus\oc1\siman618\seif-005\beer-hagolah\en.html,corpus_en_html,SA_Sandbox corpus mirror,C:\Users\binya\Documents\Shulchan aruch\newtry\SA_Sandbox\public\corpus\oc1\siman618\seif-005\beer-hagolah\en.html,false,missing_or_empty,no,,C:\Users\binya\Documents\Shulchan aruch\newtry\OC_Mobile\oc318-mobile-reader\public\corpus\oc1\siman618\seif-005\beer-hagolah\he.html,"ירושלמי בשם רבי יוחנן וכתבו הרא""ש והר""ן וה""ה | שם בשם רמב""ן"
oc1,beer-hagolah,siman618,seif-005,C:\Users\binya\Documents\Shulchan aruch\newtry\OC_Mobile\oc318-mobile-reader\public\corpus\oc1\siman618\seif-005\beer-hagolah\en.html,corpus_en_html,shulchan-yd-temp corpus mirror,C:\Users\binya\Documents\shulchan-yd-temp\newtry\OC_Mobile\oc318-mobile-reader\public\corpus\oc1\siman618\seif-005\beer-hagolah\en.html,true,possibly_clean,yes,(1) A Jerusalemite by the name of Rabbi Yochanan and written by the Rash and the Haran and the H.E<br> <br> (ב) Named by Rembrandt ,C:\Users\binya\Documents\Shulchan aruch\newtry\OC_Mobile\oc318-mobile-reader\public\corpus\oc1\siman618\seif-005\beer-hagolah\he.html,"ירושלמי בשם רבי יוחנן וכתבו הרא""ש והר""ן וה""ה | שם בשם רמב""ן"
oc1,beer-hagolah,siman618,seif-005,C:\Users\binya\Documents\Shulchan aruch\newtry\OC_Mobile\oc318-mobile-reader\public\corpus\oc1\siman618\seif-005\beer-hagolah\en.html,source_txt_block,current OC_001 source output,C:\Users\binya\Documents\Shulchan aruch\newtry\OC_001\output\siman_618\beer-hagolah\part-001.txt,true,placeholder,no,English translation pending — replace after editing this block (keep Hebrew above intact).,C:\Users\binya\Documents\Shulchan aruch\newtry\OC_Mobile\oc318-mobile-reader\public\corpus\oc1\siman618\seif-005\beer-hagolah\he.html,"ירושלמי בשם רבי יוחנן וכתבו הרא""ש והר""ן וה""ה | שם בשם רמב""ן"
oc1,beer-hagolah,siman618,seif-005,C:\Users\binya\Documents\Shulchan aruch\newtry\OC_Mobile\oc318-mobile-reader\public\corpus\oc1\siman618\seif-005\beer-hagolah\en.html,source_txt_block,temp OC_001 source output,C:\Users\binya\Documents\shulchan-yd-temp\newtry\OC_001\output\siman_618\beer-hagolah\part-001.txt,true,placeholder,no,English translation pending — replace after editing this block (keep Hebrew above intact).,C:\Users\binya\Documents\Shulchan aruch\newtry\OC_Mobile\oc318-mobile-reader\public\corpus\oc1\siman618\seif-005\beer-hagolah\he.html,"ירושלמי בשם רבי יוחנן וכתבו הרא""ש והר""ן וה""ה | שם בשם רמב""ן"
oc1,beer-hagolah,siman636,seif-001,C:\Users\binya\Documents\Shulchan aruch\newtry\OC_Mobile\oc318-mobile-reader\public\corpus\oc1\siman636\seif-001\beer-hagolah\en.html,corpus_en_html,SA_Sandbox corpus mirror,C:\Users\binya\Documents\Shulchan aruch\newtry\SA_Sandbox\public\corpus\oc1\siman636\seif-001\beer-hagolah\en.html,false,missing_or_empty,no,,C:\Users\binya\Documents\Shulchan aruch\newtry\OC_Mobile\oc318-mobile-reader\public\corpus\oc1\siman636\seif-001\beer-hagolah\he.html,"משנה סוכה ט' וכב""ה | רא""ש שם בשם הירושלמי | כדאמרי חבריו שם | כר' יוסי שם | שם במשנה ואפי' לב""ה ונפקא מינה שא""צ לחדש בה דבר תוספות"
oc1,beer-hagolah,siman636,seif-001,C:\Users\binya\Documents\Shulchan aruch\newtry\OC_Mobile\oc318-mobile-reader\public\corpus\oc1\siman636\seif-001\beer-hagolah\en.html,corpus_en_html,shulchan-yd-temp corpus mirror,C:\Users\binya\Documents\shulchan-yd-temp\newtry\OC_Mobile\oc318-mobile-reader\public\corpus\oc1\siman636\seif-001\beer-hagolah\en.html,true,possibly_clean,yes,"(א) Mishna Sukkah 9th and 25th<br> <br> (ב) Chief there, in the name of Jerusalem<br> <br> (ג) Like his friends there<br> <br> (ד) Kr. Yossi there<br> <br> (ה) there, in the Mishnah and Afi' to the Gemara and Nefka appoi",C:\Users\binya\Documents\Shulchan aruch\newtry\OC_Mobile\oc318-mobile-reader\public\corpus\oc1\siman636\seif-001\beer-hagolah\he.html,"משנה סוכה ט' וכב""ה | רא""ש שם בשם הירושלמי | כדאמרי חבריו שם | כר' יוסי שם | שם במשנה ואפי' לב""ה ונפקא מינה שא""צ לחדש בה דבר תוספות"
oc1,beer-hagolah,siman636,seif-001,C:\Users\binya\Documents\Shulchan aruch\newtry\OC_Mobile\oc318-mobile-reader\public\corpus\oc1\siman636\seif-001\beer-hagolah\en.html,source_txt_block,current OC_001 source output,C:\Users\binya\Documents\Shulchan aruch\newtry\OC_001\output\siman_636\beer-hagolah\part-001.txt,true,placeholder,no,English translation pending — replace after editing this block (keep Hebrew above intact).,C:\Users\binya\Documents\Shulchan aruch\newtry\OC_Mobile\oc318-mobile-reader\public\corpus\oc1\siman636\seif-001\beer-hagolah\he.html,"משנה סוכה ט' וכב""ה | רא""ש שם בשם הירושלמי | כדאמרי חבריו שם | כר' יוסי שם | שם במשנה ואפי' לב""ה ונפקא מינה שא""צ לחדש בה דבר תוספות"
oc1,beer-hagolah,siman636,seif-001,C:\Users\binya\Documents\Shulchan aruch\newtry\OC_Mobile\oc318-mobile-reader\public\corpus\oc1\siman636\seif-001\beer-hagolah\en.html,source_txt_block,temp OC_001 source output,C:\Users\binya\Documents\shulchan-yd-temp\newtry\OC_001\output\siman_636\beer-hagolah\part-001.txt,true,placeholder,no,English translation pending — replace after editing this block (keep Hebrew above intact).,C:\Users\binya\Documents\Shulchan aruch\newtry\OC_Mobile\oc318-mobile-reader\public\corpus\oc1\siman636\seif-001\beer-hagolah\he.html,"משנה סוכה ט' וכב""ה | רא""ש שם בשם הירושלמי | כדאמרי חבריו שם | כר' יוסי שם | שם במשנה ואפי' לב""ה ונפקא מינה שא""צ לחדש בה דבר תוספות"
yd1,beer-hagolah,siman138,seif-002,C:\Users\binya\Documents\Shulchan aruch\newtry\OC_Mobile\oc318-mobile-reader\public\corpus\yd1\siman138\seif-002\beer-hagolah\en.html,corpus_en_html,SA_Sandbox corpus mirror,C:\Users\binya\Documents\Shulchan aruch\newtry\SA_Sandbox\public\corpus\yd1\siman138\seif-002\beer-hagolah\en.html,false,missing_or_empty,no,,C:\Users\binya\Documents\Shulchan aruch\newtry\OC_Mobile\oc318-mobile-reader\public\corpus\yd1\siman138\seif-002\beer-hagolah\he.html,טור:
yd1,beer-hagolah,siman138,seif-002,C:\Users\binya\Documents\Shulchan aruch\newtry\OC_Mobile\oc318-mobile-reader\public\corpus\yd1\siman138\seif-002\beer-hagolah\en.html,corpus_en_html,shulchan-yd-temp corpus mirror,C:\Users\binya\Documents\shulchan-yd-temp\newtry\OC_Mobile\oc318-mobile-reader\public\corpus\yd1\siman138\seif-002\beer-hagolah\en.html,false,missing_or_empty,no,,C:\Users\binya\Documents\Shulchan aruch\newtry\OC_Mobile\oc318-mobile-reader\public\corpus\yd1\siman138\seif-002\beer-hagolah\he.html,טור:
yd1,beer-hagolah,siman138,seif-002,C:\Users\binya\Documents\Shulchan aruch\newtry\OC_Mobile\oc318-mobile-reader\public\corpus\yd1\siman138\seif-002\beer-hagolah\en.html,source_txt_block,current YD_001 source output,C:\Users\binya\Documents\Shulchan aruch\newtry\YD_001\output\siman_138\beer-hagolah\part-001.txt,true,missing_or_empty,no,,C:\Users\binya\Documents\Shulchan aruch\newtry\OC_Mobile\oc318-mobile-reader\public\corpus\yd1\siman138\seif-002\beer-hagolah\he.html,טור:
yd1,beer-hagolah,siman138,seif-002,C:\Users\binya\Documents\Shulchan aruch\newtry\OC_Mobile\oc318-mobile-reader\public\corpus\yd1\siman138\seif-002\beer-hagolah\en.html,source_txt_block,temp YD_001 source output,C:\Users\binya\Documents\shulchan-yd-temp\newtry\YD_001\output\siman_138\beer-hagolah\part-001.txt,true,missing_or_empty,no,,C:\Users\binya\Documents\Shulchan aruch\newtry\OC_Mobile\oc318-mobile-reader\public\corpus\yd1\siman138\seif-002\beer-hagolah\he.html,טור:
yd1,beer-hagolah,siman173,seif-005,C:\Users\binya\Documents\Shulchan aruch\newtry\OC_Mobile\oc318-mobile-reader\public\corpus\yd1\siman173\seif-005\beer-hagolah\en.html,corpus_en_html,SA_Sandbox corpus mirror,C:\Users\binya\Documents\Shulchan aruch\newtry\SA_Sandbox\public\corpus\yd1\siman173\seif-005\beer-hagolah\en.html,false,missing_or_empty,no,,C:\Users\binya\Documents\Shulchan aruch\newtry\OC_Mobile\oc318-mobile-reader\public\corpus\yd1\siman173\seif-005\beer-hagolah\he.html,טור:
yd1,beer-hagolah,siman173,seif-005,C:\Users\binya\Documents\Shulchan aruch\newtry\OC_Mobile\oc318-mobile-reader\public\corpus\yd1\siman173\seif-005\beer-hagolah\en.html,corpus_en_html,shulchan-yd-temp corpus mirror,C:\Users\binya\Documents\shulchan-yd-temp\newtry\OC_Mobile\oc318-mobile-reader\public\corpus\yd1\siman173\seif-005\beer-hagolah\en.html,false,missing_or_empty,no,,C:\Users\binya\Documents\Shulchan aruch\newtry\OC_Mobile\oc318-mobile-reader\public\corpus\yd1\siman173\seif-005\beer-hagolah\he.html,טור:
yd1,beer-hagolah,siman173,seif-005,C:\Users\binya\Documents\Shulchan aruch\newtry\OC_Mobile\oc318-mobile-reader\public\corpus\yd1\siman173\seif-005\beer-hagolah\en.html,source_txt_block,current YD_001 source output,C:\Users\binya\Documents\Shulchan aruch\newtry\YD_001\output\siman_173\beer-hagolah\part-001.txt,true,missing_or_empty,no,,C:\Users\binya\Documents\Shulchan aruch\newtry\OC_Mobile\oc318-mobile-reader\public\corpus\yd1\siman173\seif-005\beer-hagolah\he.html,טור:
yd1,beer-hagolah,siman173,seif-005,C:\Users\binya\Documents\Shulchan aruch\newtry\OC_Mobile\oc318-mobile-reader\public\corpus\yd1\siman173\seif-005\beer-hagolah\en.html,source_txt_block,temp YD_001 source output,C:\Users\binya\Documents\shulchan-yd-temp\newtry\YD_001\output\siman_173\beer-hagolah\part-001.txt,true,missing_or_empty,no,,C:\Users\binya\Documents\Shulchan aruch\newtry\OC_Mobile\oc318-mobile-reader\public\corpus\yd1\siman173\seif-005\beer-hagolah\he.html,טור:
yd1,beer-hagolah,siman173,seif-013,C:\Users\binya\Documents\Shulchan aruch\newtry\OC_Mobile\oc318-mobile-reader\public\corpus\yd1\siman173\seif-013\beer-hagolah\en.html,corpus_en_html,SA_Sandbox corpus mirror,C:\Users\binya\Documents\Shulchan aruch\newtry\SA_Sandbox\public\corpus\yd1\siman173\seif-013\beer-hagolah\en.html,false,missing_or_empty,no,,C:\Users\binya\Documents\Shulchan aruch\newtry\OC_Mobile\oc318-mobile-reader\public\corpus\yd1\siman173\seif-013\beer-hagolah\he.html,טור:
yd1,beer-hagolah,siman173,seif-013,C:\Users\binya\Documents\Shulchan aruch\newtry\OC_Mobile\oc318-mobile-reader\public\corpus\yd1\siman173\seif-013\beer-hagolah\en.html,corpus_en_html,shulchan-yd-temp corpus mirror,C:\Users\binya\Documents\shulchan-yd-temp\newtry\OC_Mobile\oc318-mobile-reader\public\corpus\yd1\siman173\seif-013\beer-hagolah\en.html,false,missing_or_empty,no,,C:\Users\binya\Documents\Shulchan aruch\newtry\OC_Mobile\oc318-mobile-reader\public\corpus\yd1\siman173\seif-013\beer-hagolah\he.html,טור:
yd1,beer-hagolah,siman173,seif-013,C:\Users\binya\Documents\Shulchan aruch\newtry\OC_Mobile\oc318-mobile-reader\public\corpus\yd1\siman173\seif-013\beer-hagolah\en.html,source_txt_block,current YD_001 source output,C:\Users\binya\Documents\Shulchan aruch\newtry\YD_001\output\siman_173\beer-hagolah\part-001.txt,true,missing_or_empty,no,,C:\Users\binya\Documents\Shulchan aruch\newtry\OC_Mobile\oc318-mobile-reader\public\corpus\yd1\siman173\seif-013\beer-hagolah\he.html,טור:
yd1,beer-hagolah,siman173,seif-013,C:\Users\binya\Documents\Shulchan aruch\newtry\OC_Mobile\oc318-mobile-reader\public\corpus\yd1\siman173\seif-013\beer-hagolah\en.html,source_txt_block,temp YD_001 source output,C:\Users\binya\Documents\shulchan-yd-temp\newtry\YD_001\output\siman_173\beer-hagolah\part-001.txt,true,missing_or_empty,no,,C:\Users\binya\Documents\Shulchan aruch\newtry\OC_Mobile\oc318-mobile-reader\public\corpus\yd1\siman173\seif-013\beer-hagolah\he.html,טור:
yd1,beer-hagolah,siman199,seif-002,C:\Users\binya\Documents\Shulchan aruch\newtry\OC_Mobile\oc318-mobile-reader\public\corpus\yd1\siman199\seif-002\beer-hagolah\en.html,corpus_en_html,SA_Sandbox corpus mirror,C:\Users\binya\Documents\Shulchan aruch\newtry\SA_Sandbox\public\corpus\yd1\siman199\seif-002\beer-hagolah\en.html,false,missing_or_empty,no,,C:\Users\binya\Documents\Shulchan aruch\newtry\OC_Mobile\oc318-mobile-reader\public\corpus\yd1\siman199\seif-002\beer-hagolah\he.html,מימרא דאמימר שם: | מימרא דרבא שם: | טור:
yd1,beer-hagolah,siman199,seif-002,C:\Users\binya\Documents\Shulchan aruch\newtry\OC_Mobile\oc318-mobile-reader\public\corpus\yd1\siman199\seif-002\beer-hagolah\en.html,corpus_en_html,shulchan-yd-temp corpus mirror,C:\Users\binya\Documents\shulchan-yd-temp\newtry\OC_Mobile\oc318-mobile-reader\public\corpus\yd1\siman199\seif-002\beer-hagolah\en.html,false,missing_or_empty,no,,C:\Users\binya\Documents\Shulchan aruch\newtry\OC_Mobile\oc318-mobile-reader\public\corpus\yd1\siman199\seif-002\beer-hagolah\he.html,מימרא דאמימר שם: | מימרא דרבא שם: | טור:
yd1,beer-hagolah,siman199,seif-002,C:\Users\binya\Documents\Shulchan aruch\newtry\OC_Mobile\oc318-mobile-reader\public\corpus\yd1\siman199\seif-002\beer-hagolah\en.html,source_txt_block,current YD_001 source output,C:\Users\binya\Documents\Shulchan aruch\newtry\YD_001\output\siman_199\beer-hagolah\part-001.txt,true,missing_or_empty,no,,C:\Users\binya\Documents\Shulchan aruch\newtry\OC_Mobile\oc318-mobile-reader\public\corpus\yd1\siman199\seif-002\beer-hagolah\he.html,מימרא דאמימר שם: | מימרא דרבא שם: | טור:
yd1,beer-hagolah,siman199,seif-002,C:\Users\binya\Documents\Shulchan aruch\newtry\OC_Mobile\oc318-mobile-reader\public\corpus\yd1\siman199\seif-002\beer-hagolah\en.html,source_txt_block,temp YD_001 source output,C:\Users\binya\Documents\shulchan-yd-temp\newtry\YD_001\output\siman_199\beer-hagolah\part-001.txt,true,missing_or_empty,no,,C:\Users\binya\Documents\Shulchan aruch\newtry\OC_Mobile\oc318-mobile-reader\public\corpus\yd1\siman199\seif-002\beer-hagolah\he.html,מימרא דאמימר שם: | מימרא דרבא שם: | טור:
yd1,beer-hagolah,siman257,seif-007,C:\Users\binya\Documents\Shulchan aruch\newtry\OC_Mobile\oc318-mobile-reader\public\corpus\yd1\siman257\seif-007\beer-hagolah\en.html,corpus_en_html,SA_Sandbox corpus mirror,C:\Users\binya\Documents\Shulchan aruch\newtry\SA_Sandbox\public\corpus\yd1\siman257\seif-007\beer-hagolah\en.html,false,missing_or_empty,no,,C:\Users\binya\Documents\Shulchan aruch\newtry\OC_Mobile\oc318-mobile-reader\public\corpus\yd1\siman257\seif-007\beer-hagolah\he.html,טור:
yd1,beer-hagolah,siman257,seif-007,C:\Users\binya\Documents\Shulchan aruch\newtry\OC_Mobile\oc318-mobile-reader\public\corpus\yd1\siman257\seif-007\beer-hagolah\en.html,corpus_en_html,shulchan-yd-temp corpus mirror,C:\Users\binya\Documents\shulchan-yd-temp\newtry\OC_Mobile\oc318-mobile-reader\public\corpus\yd1\siman257\seif-007\beer-hagolah\en.html,false,missing_or_empty,no,,C:\Users\binya\Documents\Shulchan aruch\newtry\OC_Mobile\oc318-mobile-reader\public\corpus\yd1\siman257\seif-007\beer-hagolah\he.html,טור:
yd1,beer-hagolah,siman257,seif-007,C:\Users\binya\Documents\Shulchan aruch\newtry\OC_Mobile\oc318-mobile-reader\public\corpus\yd1\siman257\seif-007\beer-hagolah\en.html,source_txt_block,current YD_001 source output,C:\Users\binya\Documents\Shulchan aruch\newtry\YD_001\output\siman_257\beer-hagolah\part-001.txt,true,missing_or_empty,no,,C:\Users\binya\Documents\Shulchan aruch\newtry\OC_Mobile\oc318-mobile-reader\public\corpus\yd1\siman257\seif-007\beer-hagolah\he.html,טור:
yd1,beer-hagolah,siman257,seif-007,C:\Users\binya\Documents\Shulchan aruch\newtry\OC_Mobile\oc318-mobile-reader\public\corpus\yd1\siman257\seif-007\beer-hagolah\en.html,source_txt_block,temp YD_001 source output,C:\Users\binya\Documents\shulchan-yd-temp\newtry\YD_001\output\siman_257\beer-hagolah\part-001.txt,true,missing_or_empty,no,,C:\Users\binya\Documents\Shulchan aruch\newtry\OC_Mobile\oc318-mobile-reader\public\corpus\yd1\siman257\seif-007\beer-hagolah\he.html,טור:
yd1,beer-hagolah,siman266,seif-001,C:\Users\binya\Documents\Shulchan aruch\newtry\OC_Mobile\oc318-mobile-reader\public\corpus\yd1\siman266\seif-001\beer-hagolah\en.html,corpus_en_html,SA_Sandbox corpus mirror,C:\Users\binya\Documents\Shulchan aruch\newtry\SA_Sandbox\public\corpus\yd1\siman266\seif-001\beer-hagolah\en.html,false,missing_or_empty,no,,C:\Users\binya\Documents\Shulchan aruch\newtry\OC_Mobile\oc318-mobile-reader\public\corpus\yd1\siman266\seif-001\beer-hagolah\he.html,"ברייתא שבת דף קל""ב ע""ב: | טור:"
yd1,beer-hagolah,siman266,seif-001,C:\Users\binya\Documents\Shulchan aruch\newtry\OC_Mobile\oc318-mobile-reader\public\corpus\yd1\siman266\seif-001\beer-hagolah\en.html,corpus_en_html,shulchan-yd-temp corpus mirror,C:\Users\binya\Documents\shulchan-yd-temp\newtry\OC_Mobile\oc318-mobile-reader\public\corpus\yd1\siman266\seif-001\beer-hagolah\en.html,false,missing_or_empty,no,,C:\Users\binya\Documents\Shulchan aruch\newtry\OC_Mobile\oc318-mobile-reader\public\corpus\yd1\siman266\seif-001\beer-hagolah\he.html,"ברייתא שבת דף קל""ב ע""ב: | טור:"
yd1,beer-hagolah,siman266,seif-001,C:\Users\binya\Documents\Shulchan aruch\newtry\OC_Mobile\oc318-mobile-reader\public\corpus\yd1\siman266\seif-001\beer-hagolah\en.html,source_txt_block,current YD_001 source output,C:\Users\binya\Documents\Shulchan aruch\newtry\YD_001\output\siman_266\beer-hagolah\part-001.txt,true,missing_or_empty,no,,C:\Users\binya\Documents\Shulchan aruch\newtry\OC_Mobile\oc318-mobile-reader\public\corpus\yd1\siman266\seif-001\beer-hagolah\he.html,"ברייתא שבת דף קל""ב ע""ב: | טור:"
yd1,beer-hagolah,siman266,seif-001,C:\Users\binya\Documents\Shulchan aruch\newtry\OC_Mobile\oc318-mobile-reader\public\corpus\yd1\siman266\seif-001\beer-hagolah\en.html,source_txt_block,temp YD_001 source output,C:\Users\binya\Documents\shulchan-yd-temp\newtry\YD_001\output\siman_266\beer-hagolah\part-001.txt,true,missing_or_empty,no,,C:\Users\binya\Documents\Shulchan aruch\newtry\OC_Mobile\oc318-mobile-reader\public\corpus\yd1\siman266\seif-001\beer-hagolah\he.html,"ברייתא שבת דף קל""ב ע""ב: | טור:"
yd1,beer-hagolah,siman282,seif-015,C:\Users\binya\Documents\Shulchan aruch\newtry\OC_Mobile\oc318-mobile-reader\public\corpus\yd1\siman282\seif-015\beer-hagolah\en.html,corpus_en_html,SA_Sandbox corpus mirror,C:\Users\binya\Documents\Shulchan aruch\newtry\SA_Sandbox\public\corpus\yd1\siman282\seif-015\beer-hagolah\en.html,false,missing_or_empty,no,,C:\Users\binya\Documents\Shulchan aruch\newtry\OC_Mobile\oc318-mobile-reader\public\corpus\yd1\siman282\seif-015\beer-hagolah\he.html,"ירושל' שם וכתבוהו הרא""ש והמרדכי שם וכ""כ הטור:"
yd1,beer-hagolah,siman282,seif-015,C:\Users\binya\Documents\Shulchan aruch\newtry\OC_Mobile\oc318-mobile-reader\public\corpus\yd1\siman282\seif-015\beer-hagolah\en.html,corpus_en_html,shulchan-yd-temp corpus mirror,C:\Users\binya\Documents\shulchan-yd-temp\newtry\OC_Mobile\oc318-mobile-reader\public\corpus\yd1\siman282\seif-015\beer-hagolah\en.html,false,missing_or_empty,no,,C:\Users\binya\Documents\Shulchan aruch\newtry\OC_Mobile\oc318-mobile-reader\public\corpus\yd1\siman282\seif-015\beer-hagolah\he.html,"ירושל' שם וכתבוהו הרא""ש והמרדכי שם וכ""כ הטור:"
yd1,beer-hagolah,siman282,seif-015,C:\Users\binya\Documents\Shulchan aruch\newtry\OC_Mobile\oc318-mobile-reader\public\corpus\yd1\siman282\seif-015\beer-hagolah\en.html,source_txt_block,current YD_001 source output,C:\Users\binya\Documents\Shulchan aruch\newtry\YD_001\output\siman_282\beer-hagolah\part-001.txt,true,missing_or_empty,no,,C:\Users\binya\Documents\Shulchan aruch\newtry\OC_Mobile\oc318-mobile-reader\public\corpus\yd1\siman282\seif-015\beer-hagolah\he.html,"ירושל' שם וכתבוהו הרא""ש והמרדכי שם וכ""כ הטור:"
yd1,beer-hagolah,siman282,seif-015,C:\Users\binya\Documents\Shulchan aruch\newtry\OC_Mobile\oc318-mobile-reader\public\corpus\yd1\siman282\seif-015\beer-hagolah\en.html,source_txt_block,temp YD_001 source output,C:\Users\binya\Documents\shulchan-yd-temp\newtry\YD_001\output\siman_282\beer-hagolah\part-001.txt,true,missing_or_empty,no,,C:\Users\binya\Documents\Shulchan aruch\newtry\OC_Mobile\oc318-mobile-reader\public\corpus\yd1\siman282\seif-015\beer-hagolah\he.html,"ירושל' שם וכתבוהו הרא""ש והמרדכי שם וכ""כ הטור:"
yd1,beer-hagolah,siman288,seif-012,C:\Users\binya\Documents\Shulchan aruch\newtry\OC_Mobile\oc318-mobile-reader\public\corpus\yd1\siman288\seif-012\beer-hagolah\en.html,corpus_en_html,SA_Sandbox corpus mirror,C:\Users\binya\Documents\Shulchan aruch\newtry\SA_Sandbox\public\corpus\yd1\siman288\seif-012\beer-hagolah\en.html,false,missing_or_empty,no,,C:\Users\binya\Documents\Shulchan aruch\newtry\OC_Mobile\oc318-mobile-reader\public\corpus\yd1\siman288\seif-012\beer-hagolah\he.html,לשון הטור:
yd1,beer-hagolah,siman288,seif-012,C:\Users\binya\Documents\Shulchan aruch\newtry\OC_Mobile\oc318-mobile-reader\public\corpus\yd1\siman288\seif-012\beer-hagolah\en.html,corpus_en_html,shulchan-yd-temp corpus mirror,C:\Users\binya\Documents\shulchan-yd-temp\newtry\OC_Mobile\oc318-mobile-reader\public\corpus\yd1\siman288\seif-012\beer-hagolah\en.html,false,missing_or_empty,no,,C:\Users\binya\Documents\Shulchan aruch\newtry\OC_Mobile\oc318-mobile-reader\public\corpus\yd1\siman288\seif-012\beer-hagolah\he.html,לשון הטור:
yd1,beer-hagolah,siman288,seif-012,C:\Users\binya\Documents\Shulchan aruch\newtry\OC_Mobile\oc318-mobile-reader\public\corpus\yd1\siman288\seif-012\beer-hagolah\en.html,source_txt_block,current YD_001 source output,C:\Users\binya\Documents\Shulchan aruch\newtry\YD_001\output\siman_288\beer-hagolah\part-001.txt,true,missing_or_empty,no,,C:\Users\binya\Documents\Shulchan aruch\newtry\OC_Mobile\oc318-mobile-reader\public\corpus\yd1\siman288\seif-012\beer-hagolah\he.html,לשון הטור:
yd1,beer-hagolah,siman288,seif-012,C:\Users\binya\Documents\Shulchan aruch\newtry\OC_Mobile\oc318-mobile-reader\public\corpus\yd1\siman288\seif-012\beer-hagolah\en.html,source_txt_block,temp YD_001 source output,C:\Users\binya\Documents\shulchan-yd-temp\newtry\YD_001\output\siman_288\beer-hagolah\part-001.txt,true,missing_or_empty,no,,C:\Users\binya\Documents\Shulchan aruch\newtry\OC_Mobile\oc318-mobile-reader\public\corpus\yd1\siman288\seif-012\beer-hagolah\he.html,לשון הטור:
yd1,beer-hagolah,siman289,seif-001,C:\Users\binya\Documents\Shulchan aruch\newtry\OC_Mobile\oc318-mobile-reader\public\corpus\yd1\siman289\seif-001\beer-hagolah\en.html,corpus_en_html,SA_Sandbox corpus mirror,C:\Users\binya\Documents\Shulchan aruch\newtry\SA_Sandbox\public\corpus\yd1\siman289\seif-001\beer-hagolah\en.html,false,missing_or_empty,no,,C:\Users\binya\Documents\Shulchan aruch\newtry\OC_Mobile\oc318-mobile-reader\public\corpus\yd1\siman289\seif-001\beer-hagolah\he.html,לשון הטור:
yd1,beer-hagolah,siman289,seif-001,C:\Users\binya\Documents\Shulchan aruch\newtry\OC_Mobile\oc318-mobile-reader\public\corpus\yd1\siman289\seif-001\beer-hagolah\en.html,corpus_en_html,shulchan-yd-temp corpus mirror,C:\Users\binya\Documents\shulchan-yd-temp\newtry\OC_Mobile\oc318-mobile-reader\public\corpus\yd1\siman289\seif-001\beer-hagolah\en.html,false,missing_or_empty,no,,C:\Users\binya\Documents\Shulchan aruch\newtry\OC_Mobile\oc318-mobile-reader\public\corpus\yd1\siman289\seif-001\beer-hagolah\he.html,לשון הטור:
yd1,beer-hagolah,siman289,seif-001,C:\Users\binya\Documents\Shulchan aruch\newtry\OC_Mobile\oc318-mobile-reader\public\corpus\yd1\siman289\seif-001\beer-hagolah\en.html,source_txt_block,current YD_001 source output,C:\Users\binya\Documents\Shulchan aruch\newtry\YD_001\output\siman_289\beer-hagolah\part-001.txt,true,missing_or_empty,no,,C:\Users\binya\Documents\Shulchan aruch\newtry\OC_Mobile\oc318-mobile-reader\public\corpus\yd1\siman289\seif-001\beer-hagolah\he.html,לשון הטור:
yd1,beer-hagolah,siman289,seif-001,C:\Users\binya\Documents\Shulchan aruch\newtry\OC_Mobile\oc318-mobile-reader\public\corpus\yd1\siman289\seif-001\beer-hagolah\en.html,source_txt_block,temp YD_001 source output,C:\Users\binya\Documents\shulchan-yd-temp\newtry\YD_001\output\siman_289\beer-hagolah\part-001.txt,true,missing_or_empty,no,,C:\Users\binya\Documents\Shulchan aruch\newtry\OC_Mobile\oc318-mobile-reader\public\corpus\yd1\siman289\seif-001\beer-hagolah\he.html,לשון הטור:
yd1,beer-hagolah,siman306,seif-006,C:\Users\binya\Documents\Shulchan aruch\newtry\OC_Mobile\oc318-mobile-reader\public\corpus\yd1\siman306\seif-006\beer-hagolah\en.html,corpus_en_html,SA_Sandbox corpus mirror,C:\Users\binya\Documents\Shulchan aruch\newtry\SA_Sandbox\public\corpus\yd1\siman306\seif-006\beer-hagolah\en.html,false,missing_or_empty,no,,C:\Users\binya\Documents\Shulchan aruch\newtry\OC_Mobile\oc318-mobile-reader\public\corpus\yd1\siman306\seif-006\beer-hagolah\he.html,"הרא""ש בסוף בכורות וטור:"
yd1,beer-hagolah,siman306,seif-006,C:\Users\binya\Documents\Shulchan aruch\newtry\OC_Mobile\oc318-mobile-reader\public\corpus\yd1\siman306\seif-006\beer-hagolah\en.html,corpus_en_html,shulchan-yd-temp corpus mirror,C:\Users\binya\Documents\shulchan-yd-temp\newtry\OC_Mobile\oc318-mobile-reader\public\corpus\yd1\siman306\seif-006\beer-hagolah\en.html,false,missing_or_empty,no,,C:\Users\binya\Documents\Shulchan aruch\newtry\OC_Mobile\oc318-mobile-reader\public\corpus\yd1\siman306\seif-006\beer-hagolah\he.html,"הרא""ש בסוף בכורות וטור:"
yd1,beer-hagolah,siman306,seif-006,C:\Users\binya\Documents\Shulchan aruch\newtry\OC_Mobile\oc318-mobile-reader\public\corpus\yd1\siman306\seif-006\beer-hagolah\en.html,source_txt_block,current YD_001 source output,C:\Users\binya\Documents\Shulchan aruch\newtry\YD_001\output\siman_306\beer-hagolah\part-001.txt,false,missing_or_empty,no,,C:\Users\binya\Documents\Shulchan aruch\newtry\OC_Mobile\oc318-mobile-reader\public\corpus\yd1\siman306\seif-006\beer-hagolah\he.html,"הרא""ש בסוף בכורות וטור:"
yd1,beer-hagolah,siman306,seif-006,C:\Users\binya\Documents\Shulchan aruch\newtry\OC_Mobile\oc318-mobile-reader\public\corpus\yd1\siman306\seif-006\beer-hagolah\en.html,source_txt_block,temp YD_001 source output,C:\Users\binya\Documents\shulchan-yd-temp\newtry\YD_001\output\siman_306\beer-hagolah\part-001.txt,true,missing_or_empty,no,,C:\Users\binya\Documents\Shulchan aruch\newtry\OC_Mobile\oc318-mobile-reader\public\corpus\yd1\siman306\seif-006\beer-hagolah\he.html,"הרא""ש בסוף בכורות וטור:"
yd1,beer-hagolah,siman331,seif-038,C:\Users\binya\Documents\Shulchan aruch\newtry\OC_Mobile\oc318-mobile-reader\public\corpus\yd1\siman331\seif-038\beer-hagolah\en.html,corpus_en_html,SA_Sandbox corpus mirror,C:\Users\binya\Documents\Shulchan aruch\newtry\SA_Sandbox\public\corpus\yd1\siman331\seif-038\beer-hagolah\en.html,false,missing_or_empty,no,,C:\Users\binya\Documents\Shulchan aruch\newtry\OC_Mobile\oc318-mobile-reader\public\corpus\yd1\siman331\seif-038\beer-hagolah\he.html,"כצ""ל וכן הוא בטור:"
yd1,beer-hagolah,siman331,seif-038,C:\Users\binya\Documents\Shulchan aruch\newtry\OC_Mobile\oc318-mobile-reader\public\corpus\yd1\siman331\seif-038\beer-hagolah\en.html,corpus_en_html,shulchan-yd-temp corpus mirror,C:\Users\binya\Documents\shulchan-yd-temp\newtry\OC_Mobile\oc318-mobile-reader\public\corpus\yd1\siman331\seif-038\beer-hagolah\en.html,false,missing_or_empty,no,,C:\Users\binya\Documents\Shulchan aruch\newtry\OC_Mobile\oc318-mobile-reader\public\corpus\yd1\siman331\seif-038\beer-hagolah\he.html,"כצ""ל וכן הוא בטור:"
yd1,beer-hagolah,siman331,seif-038,C:\Users\binya\Documents\Shulchan aruch\newtry\OC_Mobile\oc318-mobile-reader\public\corpus\yd1\siman331\seif-038\beer-hagolah\en.html,source_txt_block,current YD_001 source output,C:\Users\binya\Documents\Shulchan aruch\newtry\YD_001\output\siman_331\beer-hagolah\part-001.txt,false,missing_or_empty,no,,C:\Users\binya\Documents\Shulchan aruch\newtry\OC_Mobile\oc318-mobile-reader\public\corpus\yd1\siman331\seif-038\beer-hagolah\he.html,"כצ""ל וכן הוא בטור:"
yd1,beer-hagolah,siman331,seif-038,C:\Users\binya\Documents\Shulchan aruch\newtry\OC_Mobile\oc318-mobile-reader\public\corpus\yd1\siman331\seif-038\beer-hagolah\en.html,source_txt_block,temp YD_001 source output,C:\Users\binya\Documents\shulchan-yd-temp\newtry\YD_001\output\siman_331\beer-hagolah\part-001.txt,true,missing_or_empty,no,,C:\Users\binya\Documents\Shulchan aruch\newtry\OC_Mobile\oc318-mobile-reader\public\corpus\yd1\siman331\seif-038\beer-hagolah\he.html,"כצ""ל וכן הוא בטור:"
yd1,beer-hagolah,siman334,seif-020,C:\Users\binya\Documents\Shulchan aruch\newtry\OC_Mobile\oc318-mobile-reader\public\corpus\yd1\siman334\seif-020\beer-hagolah\en.html,corpus_en_html,SA_Sandbox corpus mirror,C:\Users\binya\Documents\Shulchan aruch\newtry\SA_Sandbox\public\corpus\yd1\siman334\seif-020\beer-hagolah\en.html,false,missing_or_empty,no,,C:\Users\binya\Documents\Shulchan aruch\newtry\OC_Mobile\oc318-mobile-reader\public\corpus\yd1\siman334\seif-020\beer-hagolah\he.html,לשון הטור:
yd1,beer-hagolah,siman334,seif-020,C:\Users\binya\Documents\Shulchan aruch\newtry\OC_Mobile\oc318-mobile-reader\public\corpus\yd1\siman334\seif-020\beer-hagolah\en.html,corpus_en_html,shulchan-yd-temp corpus mirror,C:\Users\binya\Documents\shulchan-yd-temp\newtry\OC_Mobile\oc318-mobile-reader\public\corpus\yd1\siman334\seif-020\beer-hagolah\en.html,false,missing_or_empty,no,,C:\Users\binya\Documents\Shulchan aruch\newtry\OC_Mobile\oc318-mobile-reader\public\corpus\yd1\siman334\seif-020\beer-hagolah\he.html,לשון הטור:
yd1,beer-hagolah,siman334,seif-020,C:\Users\binya\Documents\Shulchan aruch\newtry\OC_Mobile\oc318-mobile-reader\public\corpus\yd1\siman334\seif-020\beer-hagolah\en.html,source_txt_block,current YD_001 source output,C:\Users\binya\Documents\Shulchan aruch\newtry\YD_001\output\siman_334\beer-hagolah\part-001.txt,false,missing_or_empty,no,,C:\Users\binya\Documents\Shulchan aruch\newtry\OC_Mobile\oc318-mobile-reader\public\corpus\yd1\siman334\seif-020\beer-hagolah\he.html,לשון הטור:
yd1,beer-hagolah,siman334,seif-020,C:\Users\binya\Documents\Shulchan aruch\newtry\OC_Mobile\oc318-mobile-reader\public\corpus\yd1\siman334\seif-020\beer-hagolah\en.html,source_txt_block,temp YD_001 source output,C:\Users\binya\Documents\shulchan-yd-temp\newtry\YD_001\output\siman_334\beer-hagolah\part-001.txt,true,missing_or_empty,no,,C:\Users\binya\Documents\Shulchan aruch\newtry\OC_Mobile\oc318-mobile-reader\public\corpus\yd1\siman334\seif-020\beer-hagolah\he.html,לשון הטור:
yd1,beer-hagolah,siman335,seif-006,C:\Users\binya\Documents\Shulchan aruch\newtry\OC_Mobile\oc318-mobile-reader\public\corpus\yd1\siman335\seif-006\beer-hagolah\en.html,corpus_en_html,SA_Sandbox corpus mirror,C:\Users\binya\Documents\Shulchan aruch\newtry\SA_Sandbox\public\corpus\yd1\siman335\seif-006\beer-hagolah\en.html,false,missing_or_empty,no,,C:\Users\binya\Documents\Shulchan aruch\newtry\OC_Mobile\oc318-mobile-reader\public\corpus\yd1\siman335\seif-006\beer-hagolah\he.html,"בברייתא שבת דף י""ב ע""ב:"
yd1,beer-hagolah,siman335,seif-006,C:\Users\binya\Documents\Shulchan aruch\newtry\OC_Mobile\oc318-mobile-reader\public\corpus\yd1\siman335\seif-006\beer-hagolah\en.html,corpus_en_html,shulchan-yd-temp corpus mirror,C:\Users\binya\Documents\shulchan-yd-temp\newtry\OC_Mobile\oc318-mobile-reader\public\corpus\yd1\siman335\seif-006\beer-hagolah\en.html,false,missing_or_empty,no,,C:\Users\binya\Documents\Shulchan aruch\newtry\OC_Mobile\oc318-mobile-reader\public\corpus\yd1\siman335\seif-006\beer-hagolah\he.html,"בברייתא שבת דף י""ב ע""ב:"
yd1,beer-hagolah,siman335,seif-006,C:\Users\binya\Documents\Shulchan aruch\newtry\OC_Mobile\oc318-mobile-reader\public\corpus\yd1\siman335\seif-006\beer-hagolah\en.html,source_txt_block,current YD_001 source output,C:\Users\binya\Documents\Shulchan aruch\newtry\YD_001\output\siman_335\beer-hagolah\part-001.txt,false,missing_or_empty,no,,C:\Users\binya\Documents\Shulchan aruch\newtry\OC_Mobile\oc318-mobile-reader\public\corpus\yd1\siman335\seif-006\beer-hagolah\he.html,"בברייתא שבת דף י""ב ע""ב:"
yd1,beer-hagolah,siman335,seif-006,C:\Users\binya\Documents\Shulchan aruch\newtry\OC_Mobile\oc318-mobile-reader\public\corpus\yd1\siman335\seif-006\beer-hagolah\en.html,source_txt_block,temp YD_001 source output,C:\Users\binya\Documents\shulchan-yd-temp\newtry\YD_001\output\siman_335\beer-hagolah\part-001.txt,true,missing_or_empty,no,,C:\Users\binya\Documents\Shulchan aruch\newtry\OC_Mobile\oc318-mobile-reader\public\corpus\yd1\siman335\seif-006\beer-hagolah\he.html,"בברייתא שבת דף י""ב ע""ב:"
yd1,beer-hagolah,siman338,seif-001,C:\Users\binya\Documents\Shulchan aruch\newtry\OC_Mobile\oc318-mobile-reader\public\corpus\yd1\siman338\seif-001\beer-hagolah\en.html,corpus_en_html,SA_Sandbox corpus mirror,C:\Users\binya\Documents\Shulchan aruch\newtry\SA_Sandbox\public\corpus\yd1\siman338\seif-001\beer-hagolah\en.html,false,missing_or_empty,no,,C:\Users\binya\Documents\Shulchan aruch\newtry\OC_Mobile\oc318-mobile-reader\public\corpus\yd1\siman338\seif-001\beer-hagolah\he.html,"ברייתא שבת דף ל""ב ע""א: | רמב""ן בסת""ה ממסכת שמחות: | משנה סנהדרין דף מ""ג ע""ב: | שם במשנה: | שם במסכת שמחות:"
yd1,beer-hagolah,siman338,seif-001,C:\Users\binya\Documents\Shulchan aruch\newtry\OC_Mobile\oc318-mobile-reader\public\corpus\yd1\siman338\seif-001\beer-hagolah\en.html,corpus_en_html,shulchan-yd-temp corpus mirror,C:\Users\binya\Documents\shulchan-yd-temp\newtry\OC_Mobile\oc318-mobile-reader\public\corpus\yd1\siman338\seif-001\beer-hagolah\en.html,false,missing_or_empty,no,,C:\Users\binya\Documents\Shulchan aruch\newtry\OC_Mobile\oc318-mobile-reader\public\corpus\yd1\siman338\seif-001\beer-hagolah\he.html,"ברייתא שבת דף ל""ב ע""א: | רמב""ן בסת""ה ממסכת שמחות: | משנה סנהדרין דף מ""ג ע""ב: | שם במשנה: | שם במסכת שמחות:"
yd1,beer-hagolah,siman338,seif-001,C:\Users\binya\Documents\Shulchan aruch\newtry\OC_Mobile\oc318-mobile-reader\public\corpus\yd1\siman338\seif-001\beer-hagolah\en.html,source_txt_block,current YD_001 source output,C:\Users\binya\Documents\Shulchan aruch\newtry\YD_001\output\siman_338\beer-hagolah\part-001.txt,false,missing_or_empty,no,,C:\Users\binya\Documents\Shulchan aruch\newtry\OC_Mobile\oc318-mobile-reader\public\corpus\yd1\siman338\seif-001\beer-hagolah\he.html,"ברייתא שבת דף ל""ב ע""א: | רמב""ן בסת""ה ממסכת שמחות: | משנה סנהדרין דף מ""ג ע""ב: | שם במשנה: | שם במסכת שמחות:"
yd1,beer-hagolah,siman338,seif-001,C:\Users\binya\Documents\Shulchan aruch\newtry\OC_Mobile\oc318-mobile-reader\public\corpus\yd1\siman338\seif-001\beer-hagolah\en.html,source_txt_block,temp YD_001 source output,C:\Users\binya\Documents\shulchan-yd-temp\newtry\YD_001\output\siman_338\beer-hagolah\part-001.txt,true,missing_or_empty,no,,C:\Users\binya\Documents\Shulchan aruch\newtry\OC_Mobile\oc318-mobile-reader\public\corpus\yd1\siman338\seif-001\beer-hagolah\he.html,"ברייתא שבת דף ל""ב ע""א: | רמב""ן בסת""ה ממסכת שמחות: | משנה סנהדרין דף מ""ג ע""ב: | שם במשנה: | שם במסכת שמחות:"
yd1,beer-hagolah,siman339,seif-002,C:\Users\binya\Documents\Shulchan aruch\newtry\OC_Mobile\oc318-mobile-reader\public\corpus\yd1\siman339\seif-002\beer-hagolah\en.html,corpus_en_html,SA_Sandbox corpus mirror,C:\Users\binya\Documents\Shulchan aruch\newtry\SA_Sandbox\public\corpus\yd1\siman339\seif-002\beer-hagolah\en.html,false,missing_or_empty,no,,C:\Users\binya\Documents\Shulchan aruch\newtry\OC_Mobile\oc318-mobile-reader\public\corpus\yd1\siman339\seif-002\beer-hagolah\he.html,"משנה שבת דף קנ""א ע""ב:"
yd1,beer-hagolah,siman339,seif-002,C:\Users\binya\Documents\Shulchan aruch\newtry\OC_Mobile\oc318-mobile-reader\public\corpus\yd1\siman339\seif-002\beer-hagolah\en.html,corpus_en_html,shulchan-yd-temp corpus mirror,C:\Users\binya\Documents\shulchan-yd-temp\newtry\OC_Mobile\oc318-mobile-reader\public\corpus\yd1\siman339\seif-002\beer-hagolah\en.html,false,missing_or_empty,no,,C:\Users\binya\Documents\Shulchan aruch\newtry\OC_Mobile\oc318-mobile-reader\public\corpus\yd1\siman339\seif-002\beer-hagolah\he.html,"משנה שבת דף קנ""א ע""ב:"
yd1,beer-hagolah,siman339,seif-002,C:\Users\binya\Documents\Shulchan aruch\newtry\OC_Mobile\oc318-mobile-reader\public\corpus\yd1\siman339\seif-002\beer-hagolah\en.html,source_txt_block,current YD_001 source output,C:\Users\binya\Documents\Shulchan aruch\newtry\YD_001\output\siman_339\beer-hagolah\part-001.txt,false,missing_or_empty,no,,C:\Users\binya\Documents\Shulchan aruch\newtry\OC_Mobile\oc318-mobile-reader\public\corpus\yd1\siman339\seif-002\beer-hagolah\he.html,"משנה שבת דף קנ""א ע""ב:"
yd1,beer-hagolah,siman339,seif-002,C:\Users\binya\Documents\Shulchan aruch\newtry\OC_Mobile\oc318-mobile-reader\public\corpus\yd1\siman339\seif-002\beer-hagolah\en.html,source_txt_block,temp YD_001 source output,C:\Users\binya\Documents\shulchan-yd-temp\newtry\YD_001\output\siman_339\beer-hagolah\part-001.txt,true,missing_or_empty,no,,C:\Users\binya\Documents\Shulchan aruch\newtry\OC_Mobile\oc318-mobile-reader\public\corpus\yd1\siman339\seif-002\beer-hagolah\he.html,"משנה שבת דף קנ""א ע""ב:"
yd1,beer-hagolah,siman340,seif-020,C:\Users\binya\Documents\Shulchan aruch\newtry\OC_Mobile\oc318-mobile-reader\public\corpus\yd1\siman340\seif-020\beer-hagolah\en.html,corpus_en_html,SA_Sandbox corpus mirror,C:\Users\binya\Documents\Shulchan aruch\newtry\SA_Sandbox\public\corpus\yd1\siman340\seif-020\beer-hagolah\en.html,false,missing_or_empty,no,,C:\Users\binya\Documents\Shulchan aruch\newtry\OC_Mobile\oc318-mobile-reader\public\corpus\yd1\siman340\seif-020\beer-hagolah\he.html,"רמב""ם בפ""ט וכדין קריעה שעל אביו והביאו הטור:"
yd1,beer-hagolah,siman340,seif-020,C:\Users\binya\Documents\Shulchan aruch\newtry\OC_Mobile\oc318-mobile-reader\public\corpus\yd1\siman340\seif-020\beer-hagolah\en.html,corpus_en_html,shulchan-yd-temp corpus mirror,C:\Users\binya\Documents\shulchan-yd-temp\newtry\OC_Mobile\oc318-mobile-reader\public\corpus\yd1\siman340\seif-020\beer-hagolah\en.html,false,missing_or_empty,no,,C:\Users\binya\Documents\Shulchan aruch\newtry\OC_Mobile\oc318-mobile-reader\public\corpus\yd1\siman340\seif-020\beer-hagolah\he.html,"רמב""ם בפ""ט וכדין קריעה שעל אביו והביאו הטור:"
yd1,beer-hagolah,siman340,seif-020,C:\Users\binya\Documents\Shulchan aruch\newtry\OC_Mobile\oc318-mobile-reader\public\corpus\yd1\siman340\seif-020\beer-hagolah\en.html,source_txt_block,current YD_001 source output,C:\Users\binya\Documents\Shulchan aruch\newtry\YD_001\output\siman_340\beer-hagolah\part-001.txt,false,missing_or_empty,no,,C:\Users\binya\Documents\Shulchan aruch\newtry\OC_Mobile\oc318-mobile-reader\public\corpus\yd1\siman340\seif-020\beer-hagolah\he.html,"רמב""ם בפ""ט וכדין קריעה שעל אביו והביאו הטור:"
yd1,beer-hagolah,siman340,seif-020,C:\Users\binya\Documents\Shulchan aruch\newtry\OC_Mobile\oc318-mobile-reader\public\corpus\yd1\siman340\seif-020\beer-hagolah\en.html,source_txt_block,temp YD_001 source output,C:\Users\binya\Documents\shulchan-yd-temp\newtry\YD_001\output\siman_340\beer-hagolah\part-001.txt,true,missing_or_empty,no,,C:\Users\binya\Documents\Shulchan aruch\newtry\OC_Mobile\oc318-mobile-reader\public\corpus\yd1\siman340\seif-020\beer-hagolah\he.html,"רמב""ם בפ""ט וכדין קריעה שעל אביו והביאו הטור:"
yd1,beer-hagolah,siman344,seif-001,C:\Users\binya\Documents\Shulchan aruch\newtry\OC_Mobile\oc318-mobile-reader\public\corpus\yd1\siman344\seif-001\beer-hagolah\en.html,corpus_en_html,SA_Sandbox corpus mirror,C:\Users\binya\Documents\Shulchan aruch\newtry\SA_Sandbox\public\corpus\yd1\siman344\seif-001\beer-hagolah\en.html,false,missing_or_empty,no,,C:\Users\binya\Documents\Shulchan aruch\newtry\OC_Mobile\oc318-mobile-reader\public\corpus\yd1\siman344\seif-001\beer-hagolah\he.html,"ברייתא שבת דף ק""ה ע""ב:"
yd1,beer-hagolah,siman344,seif-001,C:\Users\binya\Documents\Shulchan aruch\newtry\OC_Mobile\oc318-mobile-reader\public\corpus\yd1\siman344\seif-001\beer-hagolah\en.html,corpus_en_html,shulchan-yd-temp corpus mirror,C:\Users\binya\Documents\shulchan-yd-temp\newtry\OC_Mobile\oc318-mobile-reader\public\corpus\yd1\siman344\seif-001\beer-hagolah\en.html,false,missing_or_empty,no,,C:\Users\binya\Documents\Shulchan aruch\newtry\OC_Mobile\oc318-mobile-reader\public\corpus\yd1\siman344\seif-001\beer-hagolah\he.html,"ברייתא שבת דף ק""ה ע""ב:"
yd1,beer-hagolah,siman344,seif-001,C:\Users\binya\Documents\Shulchan aruch\newtry\OC_Mobile\oc318-mobile-reader\public\corpus\yd1\siman344\seif-001\beer-hagolah\en.html,source_txt_block,current YD_001 source output,C:\Users\binya\Documents\Shulchan aruch\newtry\YD_001\output\siman_344\beer-hagolah\part-001.txt,false,missing_or_empty,no,,C:\Users\binya\Documents\Shulchan aruch\newtry\OC_Mobile\oc318-mobile-reader\public\corpus\yd1\siman344\seif-001\beer-hagolah\he.html,"ברייתא שבת דף ק""ה ע""ב:"
yd1,beer-hagolah,siman344,seif-001,C:\Users\binya\Documents\Shulchan aruch\newtry\OC_Mobile\oc318-mobile-reader\public\corpus\yd1\siman344\seif-001\beer-hagolah\en.html,source_txt_block,temp YD_001 source output,C:\Users\binya\Documents\shulchan-yd-temp\newtry\YD_001\output\siman_344\beer-hagolah\part-001.txt,true,missing_or_empty,no,,C:\Users\binya\Documents\Shulchan aruch\newtry\OC_Mobile\oc318-mobile-reader\public\corpus\yd1\siman344\seif-001\beer-hagolah\he.html,"ברייתא שבת דף ק""ה ע""ב:"
yd1,beer-hagolah,siman363,seif-005,C:\Users\binya\Documents\Shulchan aruch\newtry\OC_Mobile\oc318-mobile-reader\public\corpus\yd1\siman363\seif-005\beer-hagolah\en.html,corpus_en_html,SA_Sandbox corpus mirror,C:\Users\binya\Documents\Shulchan aruch\newtry\SA_Sandbox\public\corpus\yd1\siman363\seif-005\beer-hagolah\en.html,false,missing_or_empty,no,,C:\Users\binya\Documents\Shulchan aruch\newtry\OC_Mobile\oc318-mobile-reader\public\corpus\yd1\siman363\seif-005\beer-hagolah\he.html,"ברייתא הביאו הטור וסת""ה:"
yd1,beer-hagolah,siman363,seif-005,C:\Users\binya\Documents\Shulchan aruch\newtry\OC_Mobile\oc318-mobile-reader\public\corpus\yd1\siman363\seif-005\beer-hagolah\en.html,corpus_en_html,shulchan-yd-temp corpus mirror,C:\Users\binya\Documents\shulchan-yd-temp\newtry\OC_Mobile\oc318-mobile-reader\public\corpus\yd1\siman363\seif-005\beer-hagolah\en.html,false,missing_or_empty,no,,C:\Users\binya\Documents\Shulchan aruch\newtry\OC_Mobile\oc318-mobile-reader\public\corpus\yd1\siman363\seif-005\beer-hagolah\he.html,"ברייתא הביאו הטור וסת""ה:"
yd1,beer-hagolah,siman363,seif-005,C:\Users\binya\Documents\Shulchan aruch\newtry\OC_Mobile\oc318-mobile-reader\public\corpus\yd1\siman363\seif-005\beer-hagolah\en.html,source_txt_block,current YD_001 source output,C:\Users\binya\Documents\Shulchan aruch\newtry\YD_001\output\siman_363\beer-hagolah\part-001.txt,false,missing_or_empty,no,,C:\Users\binya\Documents\Shulchan aruch\newtry\OC_Mobile\oc318-mobile-reader\public\corpus\yd1\siman363\seif-005\beer-hagolah\he.html,"ברייתא הביאו הטור וסת""ה:"
yd1,beer-hagolah,siman363,seif-005,C:\Users\binya\Documents\Shulchan aruch\newtry\OC_Mobile\oc318-mobile-reader\public\corpus\yd1\siman363\seif-005\beer-hagolah\en.html,source_txt_block,temp YD_001 source output,C:\Users\binya\Documents\shulchan-yd-temp\newtry\YD_001\output\siman_363\beer-hagolah\part-001.txt,true,missing_or_empty,no,,C:\Users\binya\Documents\Shulchan aruch\newtry\OC_Mobile\oc318-mobile-reader\public\corpus\yd1\siman363\seif-005\beer-hagolah\he.html,"ברייתא הביאו הטור וסת""ה:"
yd1,beer-hagolah,siman380,seif-025,C:\Users\binya\Documents\Shulchan aruch\newtry\OC_Mobile\oc318-mobile-reader\public\corpus\yd1\siman380\seif-025\beer-hagolah\en.html,corpus_en_html,SA_Sandbox corpus mirror,C:\Users\binya\Documents\Shulchan aruch\newtry\SA_Sandbox\public\corpus\yd1\siman380\seif-025\beer-hagolah\en.html,false,missing_or_empty,no,,C:\Users\binya\Documents\Shulchan aruch\newtry\OC_Mobile\oc318-mobile-reader\public\corpus\yd1\siman380\seif-025\beer-hagolah\he.html,"ירושלמי סוף מ""ק הביאו הרא""ש שם בפסקיו שפירשו כן והביאו הטור:"
yd1,beer-hagolah,siman380,seif-025,C:\Users\binya\Documents\Shulchan aruch\newtry\OC_Mobile\oc318-mobile-reader\public\corpus\yd1\siman380\seif-025\beer-hagolah\en.html,corpus_en_html,shulchan-yd-temp corpus mirror,C:\Users\binya\Documents\shulchan-yd-temp\newtry\OC_Mobile\oc318-mobile-reader\public\corpus\yd1\siman380\seif-025\beer-hagolah\en.html,false,missing_or_empty,no,,C:\Users\binya\Documents\Shulchan aruch\newtry\OC_Mobile\oc318-mobile-reader\public\corpus\yd1\siman380\seif-025\beer-hagolah\he.html,"ירושלמי סוף מ""ק הביאו הרא""ש שם בפסקיו שפירשו כן והביאו הטור:"
yd1,beer-hagolah,siman380,seif-025,C:\Users\binya\Documents\Shulchan aruch\newtry\OC_Mobile\oc318-mobile-reader\public\corpus\yd1\siman380\seif-025\beer-hagolah\en.html,source_txt_block,current YD_001 source output,C:\Users\binya\Documents\Shulchan aruch\newtry\YD_001\output\siman_380\beer-hagolah\part-001.txt,false,missing_or_empty,no,,C:\Users\binya\Documents\Shulchan aruch\newtry\OC_Mobile\oc318-mobile-reader\public\corpus\yd1\siman380\seif-025\beer-hagolah\he.html,"ירושלמי סוף מ""ק הביאו הרא""ש שם בפסקיו שפירשו כן והביאו הטור:"
yd1,beer-hagolah,siman380,seif-025,C:\Users\binya\Documents\Shulchan aruch\newtry\OC_Mobile\oc318-mobile-reader\public\corpus\yd1\siman380\seif-025\beer-hagolah\en.html,source_txt_block,temp YD_001 source output,C:\Users\binya\Documents\shulchan-yd-temp\newtry\YD_001\output\siman_380\beer-hagolah\part-001.txt,true,missing_or_empty,no,,C:\Users\binya\Documents\Shulchan aruch\newtry\OC_Mobile\oc318-mobile-reader\public\corpus\yd1\siman380\seif-025\beer-hagolah\he.html,"ירושלמי סוף מ""ק הביאו הרא""ש שם בפסקיו שפירשו כן והביאו הטור:"
yd1,beer-hagolah,siman383,seif-001,C:\Users\binya\Documents\Shulchan aruch\newtry\OC_Mobile\oc318-mobile-reader\public\corpus\yd1\siman383\seif-001\beer-hagolah\en.html,corpus_en_html,SA_Sandbox corpus mirror,C:\Users\binya\Documents\Shulchan aruch\newtry\SA_Sandbox\public\corpus\yd1\siman383\seif-001\beer-hagolah\en.html,false,missing_or_empty,no,,C:\Users\binya\Documents\Shulchan aruch\newtry\OC_Mobile\oc318-mobile-reader\public\corpus\yd1\siman383\seif-001\beer-hagolah\he.html,"מ""ק דף ט""ו ע""ב ומייתי לה מדכתיב וינחם דוד את בת שבע אשתו ויבא אליה מכלל דמעיקרא אסור: | טור בשם הראב""ד בספר בעלי הנפש מברייתא כתובות דף ג' ע""ב: | רבינו ירוחם: | שם בשם הראב""ד משמעתא דכתובות שם: | כן הוא בטור:"
yd1,beer-hagolah,siman383,seif-001,C:\Users\binya\Documents\Shulchan aruch\newtry\OC_Mobile\oc318-mobile-reader\public\corpus\yd1\siman383\seif-001\beer-hagolah\en.html,corpus_en_html,shulchan-yd-temp corpus mirror,C:\Users\binya\Documents\shulchan-yd-temp\newtry\OC_Mobile\oc318-mobile-reader\public\corpus\yd1\siman383\seif-001\beer-hagolah\en.html,false,missing_or_empty,no,,C:\Users\binya\Documents\Shulchan aruch\newtry\OC_Mobile\oc318-mobile-reader\public\corpus\yd1\siman383\seif-001\beer-hagolah\he.html,"מ""ק דף ט""ו ע""ב ומייתי לה מדכתיב וינחם דוד את בת שבע אשתו ויבא אליה מכלל דמעיקרא אסור: | טור בשם הראב""ד בספר בעלי הנפש מברייתא כתובות דף ג' ע""ב: | רבינו ירוחם: | שם בשם הראב""ד משמעתא דכתובות שם: | כן הוא בטור:"
yd1,beer-hagolah,siman383,seif-001,C:\Users\binya\Documents\Shulchan aruch\newtry\OC_Mobile\oc318-mobile-reader\public\corpus\yd1\siman383\seif-001\beer-hagolah\en.html,source_txt_block,current YD_001 source output,C:\Users\binya\Documents\Shulchan aruch\newtry\YD_001\output\siman_383\beer-hagolah\part-001.txt,false,missing_or_empty,no,,C:\Users\binya\Documents\Shulchan aruch\newtry\OC_Mobile\oc318-mobile-reader\public\corpus\yd1\siman383\seif-001\beer-hagolah\he.html,"מ""ק דף ט""ו ע""ב ומייתי לה מדכתיב וינחם דוד את בת שבע אשתו ויבא אליה מכלל דמעיקרא אסור: | טור בשם הראב""ד בספר בעלי הנפש מברייתא כתובות דף ג' ע""ב: | רבינו ירוחם: | שם בשם הראב""ד משמעתא דכתובות שם: | כן הוא בטור:"
yd1,beer-hagolah,siman383,seif-001,C:\Users\binya\Documents\Shulchan aruch\newtry\OC_Mobile\oc318-mobile-reader\public\corpus\yd1\siman383\seif-001\beer-hagolah\en.html,source_txt_block,temp YD_001 source output,C:\Users\binya\Documents\shulchan-yd-temp\newtry\YD_001\output\siman_383\beer-hagolah\part-001.txt,true,missing_or_empty,no,,C:\Users\binya\Documents\Shulchan aruch\newtry\OC_Mobile\oc318-mobile-reader\public\corpus\yd1\siman383\seif-001\beer-hagolah\he.html,"מ""ק דף ט""ו ע""ב ומייתי לה מדכתיב וינחם דוד את בת שבע אשתו ויבא אליה מכלל דמעיקרא אסור: | טור בשם הראב""ד בספר בעלי הנפש מברייתא כתובות דף ג' ע""ב: | רבינו ירוחם: | שם בשם הראב""ד משמעתא דכתובות שם: | כן הוא בטור:"
oc1,levushei-serad,siman59,seif-005,C:\Users\binya\Documents\Shulchan aruch\newtry\OC_Mobile\oc318-mobile-reader\public\corpus\oc1\siman59\seif-005\levushei-serad\en.html,corpus_en_html,SA_Sandbox corpus mirror,C:\Users\binya\Documents\Shulchan aruch\newtry\SA_Sandbox\public\corpus\oc1\siman59\seif-005\levushei-serad\en.html,false,missing_or_empty,no,,C:\Users\binya\Documents\Shulchan aruch\newtry\OC_Mobile\oc318-mobile-reader\public\corpus\oc1\siman59\seif-005\levushei-serad\he.html,"<small>ש""ע סעיף ה'</small> ממקום שפסק אע""ג דבשאר ברכות אם טעה בה צריך השני להתחיל מראש הברכה שטעה הראשון שאני הכא שהקדושה חשובה כסוף ברכה כ""כ הטור:"
oc1,levushei-serad,siman59,seif-005,C:\Users\binya\Documents\Shulchan aruch\newtry\OC_Mobile\oc318-mobile-reader\public\corpus\oc1\siman59\seif-005\levushei-serad\en.html,corpus_en_html,shulchan-yd-temp corpus mirror,C:\Users\binya\Documents\shulchan-yd-temp\newtry\OC_Mobile\oc318-mobile-reader\public\corpus\oc1\siman59\seif-005\levushei-serad\en.html,true,possibly_clean,yes,"<small>Shulchan Aruch seif 5</small> From the place he stopped — even though in other blessings if one erred in them the second must begin from the head of the blessing that the first erred; I am different here, for Kedu",C:\Users\binya\Documents\Shulchan aruch\newtry\OC_Mobile\oc318-mobile-reader\public\corpus\oc1\siman59\seif-005\levushei-serad\he.html,"<small>ש""ע סעיף ה'</small> ממקום שפסק אע""ג דבשאר ברכות אם טעה בה צריך השני להתחיל מראש הברכה שטעה הראשון שאני הכא שהקדושה חשובה כסוף ברכה כ""כ הטור:"
oc1,levushei-serad,siman59,seif-005,C:\Users\binya\Documents\Shulchan aruch\newtry\OC_Mobile\oc318-mobile-reader\public\corpus\oc1\siman59\seif-005\levushei-serad\en.html,source_txt_block,current OC_001 source output,C:\Users\binya\Documents\Shulchan aruch\newtry\OC_001\output\siman_059\levushei-serad\part-001.txt,true,likely_garbage,no,“The Lord’s judgment from a place where the Lord’s judgment is made clear if the other is wrong to begin with the blessing that is the first mistake that I am entitled to the Holy One as an end of the Bar So much as the ,C:\Users\binya\Documents\Shulchan aruch\newtry\OC_Mobile\oc318-mobile-reader\public\corpus\oc1\siman59\seif-005\levushei-serad\he.html,"<small>ש""ע סעיף ה'</small> ממקום שפסק אע""ג דבשאר ברכות אם טעה בה צריך השני להתחיל מראש הברכה שטעה הראשון שאני הכא שהקדושה חשובה כסוף ברכה כ""כ הטור:"
oc1,levushei-serad,siman59,seif-005,C:\Users\binya\Documents\Shulchan aruch\newtry\OC_Mobile\oc318-mobile-reader\public\corpus\oc1\siman59\seif-005\levushei-serad\en.html,source_txt_block,temp OC_001 source output,C:\Users\binya\Documents\shulchan-yd-temp\newtry\OC_001\output\siman_059\levushei-serad\part-001.txt,true,likely_garbage,no,“The Lord’s judgment from a place where the Lord’s judgment is made clear if the other is wrong to begin with the blessing that is the first mistake that I am entitled to the Holy One as an end of the Bar So much as the ,C:\Users\binya\Documents\Shulchan aruch\newtry\OC_Mobile\oc318-mobile-reader\public\corpus\oc1\siman59\seif-005\levushei-serad\he.html,"<small>ש""ע סעיף ה'</small> ממקום שפסק אע""ג דבשאר ברכות אם טעה בה צריך השני להתחיל מראש הברכה שטעה הראשון שאני הכא שהקדושה חשובה כסוף ברכה כ""כ הטור:"
oc1,levushei-serad,siman285,seif-001,C:\Users\binya\Documents\Shulchan aruch\newtry\OC_Mobile\oc318-mobile-reader\public\corpus\oc1\siman285\seif-001\levushei-serad\en.html,corpus_en_html,SA_Sandbox corpus mirror,C:\Users\binya\Documents\Shulchan aruch\newtry\SA_Sandbox\public\corpus\oc1\siman285\seif-001\levushei-serad\en.html,false,missing_or_empty,no,,C:\Users\binya\Documents\Shulchan aruch\newtry\OC_Mobile\oc318-mobile-reader\public\corpus\oc1\siman285\seif-001\levushei-serad\he.html,"<small>ט""ז סק""א</small> תרגו' ירושלמי וכיון שיש עכ""פ תרגום ירושלמי צריך לחזו' אחר תרגום ההוא ולקרותו משא""כ ראובן ושמעון:"
oc1,levushei-serad,siman285,seif-001,C:\Users\binya\Documents\Shulchan aruch\newtry\OC_Mobile\oc318-mobile-reader\public\corpus\oc1\siman285\seif-001\levushei-serad\en.html,corpus_en_html,shulchan-yd-temp corpus mirror,C:\Users\binya\Documents\shulchan-yd-temp\newtry\OC_Mobile\oc318-mobile-reader\public\corpus\oc1\siman285\seif-001\levushei-serad\en.html,true,possibly_clean,yes,"A Jerusalemite Gemara and a Jerusalem translation must be followed by this translation, and it is written: ",C:\Users\binya\Documents\Shulchan aruch\newtry\OC_Mobile\oc318-mobile-reader\public\corpus\oc1\siman285\seif-001\levushei-serad\he.html,"<small>ט""ז סק""א</small> תרגו' ירושלמי וכיון שיש עכ""פ תרגום ירושלמי צריך לחזו' אחר תרגום ההוא ולקרותו משא""כ ראובן ושמעון:"
oc1,levushei-serad,siman285,seif-001,C:\Users\binya\Documents\Shulchan aruch\newtry\OC_Mobile\oc318-mobile-reader\public\corpus\oc1\siman285\seif-001\levushei-serad\en.html,source_txt_block,current OC_001 source output,C:\Users\binya\Documents\Shulchan aruch\newtry\OC_001\output\siman_285\levushei-serad\part-001.txt,true,placeholder,no,English translation pending — replace after editing this block (keep Hebrew above intact).,C:\Users\binya\Documents\Shulchan aruch\newtry\OC_Mobile\oc318-mobile-reader\public\corpus\oc1\siman285\seif-001\levushei-serad\he.html,"<small>ט""ז סק""א</small> תרגו' ירושלמי וכיון שיש עכ""פ תרגום ירושלמי צריך לחזו' אחר תרגום ההוא ולקרותו משא""כ ראובן ושמעון:"
oc1,levushei-serad,siman285,seif-001,C:\Users\binya\Documents\Shulchan aruch\newtry\OC_Mobile\oc318-mobile-reader\public\corpus\oc1\siman285\seif-001\levushei-serad\en.html,source_txt_block,temp OC_001 source output,C:\Users\binya\Documents\shulchan-yd-temp\newtry\OC_001\output\siman_285\levushei-serad\part-001.txt,true,placeholder,no,English translation pending — replace after editing this block (keep Hebrew above intact).,C:\Users\binya\Documents\Shulchan aruch\newtry\OC_Mobile\oc318-mobile-reader\public\corpus\oc1\siman285\seif-001\levushei-serad\he.html,"<small>ט""ז סק""א</small> תרגו' ירושלמי וכיון שיש עכ""פ תרגום ירושלמי צריך לחזו' אחר תרגום ההוא ולקרותו משא""כ ראובן ושמעון:"
oc1,levushei-serad,siman607,seif-001,C:\Users\binya\Documents\Shulchan aruch\newtry\OC_Mobile\oc318-mobile-reader\public\corpus\oc1\siman607\seif-001\levushei-serad\en.html,corpus_en_html,SA_Sandbox corpus mirror,C:\Users\binya\Documents\Shulchan aruch\newtry\SA_Sandbox\public\corpus\oc1\siman607\seif-001\levushei-serad\en.html,false,missing_or_empty,no,,C:\Users\binya\Documents\Shulchan aruch\newtry\OC_Mobile\oc318-mobile-reader\public\corpus\oc1\siman607\seif-001\levushei-serad\he.html,"<small>הגה ס""א</small> ויחיד אומרו וכו'. כלומר ביחיד אין חילוק בין עיה""כ ליה""כ דבשניהם אומרו אחר שגמ' תפלתו אבל בש""ץ יש חילוק דביה""כ אומרו תוך התפלה כך ביאר הב""י דברי הטור:"
oc1,levushei-serad,siman607,seif-001,C:\Users\binya\Documents\Shulchan aruch\newtry\OC_Mobile\oc318-mobile-reader\public\corpus\oc1\siman607\seif-001\levushei-serad\en.html,corpus_en_html,shulchan-yd-temp corpus mirror,C:\Users\binya\Documents\shulchan-yd-temp\newtry\OC_Mobile\oc318-mobile-reader\public\corpus\oc1\siman607\seif-001\levushei-serad\en.html,true,possibly_clean,yes,"The phrase SA and the singular say it, etc. That is, in the singular there is no division between the Ayachak and the Yachak Dashvani, they say after the Gm's prayer, but in the Shetz there is a division of the Ayachak, ",C:\Users\binya\Documents\Shulchan aruch\newtry\OC_Mobile\oc318-mobile-reader\public\corpus\oc1\siman607\seif-001\levushei-serad\he.html,"<small>הגה ס""א</small> ויחיד אומרו וכו'. כלומר ביחיד אין חילוק בין עיה""כ ליה""כ דבשניהם אומרו אחר שגמ' תפלתו אבל בש""ץ יש חילוק דביה""כ אומרו תוך התפלה כך ביאר הב""י דברי הטור:"
oc1,levushei-serad,siman607,seif-001,C:\Users\binya\Documents\Shulchan aruch\newtry\OC_Mobile\oc318-mobile-reader\public\corpus\oc1\siman607\seif-001\levushei-serad\en.html,source_txt_block,current OC_001 source output,C:\Users\binya\Documents\Shulchan aruch\newtry\OC_001\output\siman_607\levushei-serad\part-001.txt,true,placeholder,no,English translation pending — replace after editing this block (keep Hebrew above intact).,C:\Users\binya\Documents\Shulchan aruch\newtry\OC_Mobile\oc318-mobile-reader\public\corpus\oc1\siman607\seif-001\levushei-serad\he.html,"<small>הגה ס""א</small> ויחיד אומרו וכו'. כלומר ביחיד אין חילוק בין עיה""כ ליה""כ דבשניהם אומרו אחר שגמ' תפלתו אבל בש""ץ יש חילוק דביה""כ אומרו תוך התפלה כך ביאר הב""י דברי הטור:"
oc1,levushei-serad,siman607,seif-001,C:\Users\binya\Documents\Shulchan aruch\newtry\OC_Mobile\oc318-mobile-reader\public\corpus\oc1\siman607\seif-001\levushei-serad\en.html,source_txt_block,temp OC_001 source output,C:\Users\binya\Documents\shulchan-yd-temp\newtry\OC_001\output\siman_607\levushei-serad\part-001.txt,true,placeholder,no,English translation pending — replace after editing this block (keep Hebrew above intact).,C:\Users\binya\Documents\Shulchan aruch\newtry\OC_Mobile\oc318-mobile-reader\public\corpus\oc1\siman607\seif-001\levushei-serad\he.html,"<small>הגה ס""א</small> ויחיד אומרו וכו'. כלומר ביחיד אין חילוק בין עיה""כ ליה""כ דבשניהם אומרו אחר שגמ' תפלתו אבל בש""ץ יש חילוק דביה""כ אומרו תוך התפלה כך ביאר הב""י דברי הטור:"
oc1,levushei-serad,siman690,seif-014,C:\Users\binya\Documents\Shulchan aruch\newtry\OC_Mobile\oc318-mobile-reader\public\corpus\oc1\siman690\seif-014\levushei-serad\en.html,corpus_en_html,SA_Sandbox corpus mirror,C:\Users\binya\Documents\Shulchan aruch\newtry\SA_Sandbox\public\corpus\oc1\siman690\seif-014\levushei-serad\en.html,false,missing_or_empty,no,,C:\Users\binya\Documents\Shulchan aruch\newtry\OC_Mobile\oc318-mobile-reader\public\corpus\oc1\siman690\seif-014\levushei-serad\he.html,"<small>סקכ""ד</small> מסתפק בקטנים וכו' פי' מה דנרשם המראה מקום מהג""א ליתא דהג""א לא מיירי רק בקטנים אבל נשים הוא פלוגתא בטור:"
oc1,levushei-serad,siman690,seif-014,C:\Users\binya\Documents\Shulchan aruch\newtry\OC_Mobile\oc318-mobile-reader\public\corpus\oc1\siman690\seif-014\levushei-serad\en.html,corpus_en_html,shulchan-yd-temp corpus mirror,C:\Users\binya\Documents\shulchan-yd-temp\newtry\OC_Mobile\oc318-mobile-reader\public\corpus\oc1\siman690\seif-014\levushei-serad\en.html,true,possibly_clean,yes,"SKKAD is satisfied with the little ones, etc. according to what is written, which shows a place from the GA Lita DHAGA does not shoot only at the little ones but women, he is a follower in the column: ",C:\Users\binya\Documents\Shulchan aruch\newtry\OC_Mobile\oc318-mobile-reader\public\corpus\oc1\siman690\seif-014\levushei-serad\he.html,"<small>סקכ""ד</small> מסתפק בקטנים וכו' פי' מה דנרשם המראה מקום מהג""א ליתא דהג""א לא מיירי רק בקטנים אבל נשים הוא פלוגתא בטור:"
oc1,levushei-serad,siman690,seif-014,C:\Users\binya\Documents\Shulchan aruch\newtry\OC_Mobile\oc318-mobile-reader\public\corpus\oc1\siman690\seif-014\levushei-serad\en.html,source_txt_block,current OC_001 source output,C:\Users\binya\Documents\Shulchan aruch\newtry\OC_001\output\siman_690\levushei-serad\part-001.txt,true,placeholder,no,English translation pending — replace after editing this block (keep Hebrew above intact).,C:\Users\binya\Documents\Shulchan aruch\newtry\OC_Mobile\oc318-mobile-reader\public\corpus\oc1\siman690\seif-014\levushei-serad\he.html,"<small>סקכ""ד</small> מסתפק בקטנים וכו' פי' מה דנרשם המראה מקום מהג""א ליתא דהג""א לא מיירי רק בקטנים אבל נשים הוא פלוגתא בטור:"
oc1,levushei-serad,siman690,seif-014,C:\Users\binya\Documents\Shulchan aruch\newtry\OC_Mobile\oc318-mobile-reader\public\corpus\oc1\siman690\seif-014\levushei-serad\en.html,source_txt_block,temp OC_001 source output,C:\Users\binya\Documents\shulchan-yd-temp\newtry\OC_001\output\siman_690\levushei-serad\part-001.txt,true,placeholder,no,English translation pending — replace after editing this block (keep Hebrew above intact).,C:\Users\binya\Documents\Shulchan aruch\newtry\OC_Mobile\oc318-mobile-reader\public\corpus\oc1\siman690\seif-014\levushei-serad\he.html,"<small>סקכ""ד</small> מסתפק בקטנים וכו' פי' מה דנרשם המראה מקום מהג""א ליתא דהג""א לא מיירי רק בקטנים אבל נשים הוא פלוגתא בטור:"
oc1,baer-heitev,siman107,seif-002,C:\Users\binya\Documents\Shulchan aruch\newtry\OC_Mobile\oc318-mobile-reader\public\corpus\oc1\siman107\seif-002\baer-heitev\en.html,corpus_en_html,SA_Sandbox corpus mirror,C:\Users\binya\Documents\Shulchan aruch\newtry\SA_Sandbox\public\corpus\oc1\siman107\seif-002\baer-heitev\en.html,false,missing_or_empty,no,,C:\Users\binya\Documents\Shulchan aruch\newtry\OC_Mobile\oc318-mobile-reader\public\corpus\oc1\siman107\seif-002\baer-heitev\he.html,"<b>מהאמצעיות. </b> אבל בג""ר ובג' אחרונות אין מוסיפין ואין פוחתין. ב""י בשם הרמב""ם: | <b>אצלו. </b> דאלת""ה מי הוא שלא יכול לחדש דבר באחת מכל הברכות או לרפואה או לפרנסה או לתלמודו. טור:"
oc1,baer-heitev,siman107,seif-002,C:\Users\binya\Documents\Shulchan aruch\newtry\OC_Mobile\oc318-mobile-reader\public\corpus\oc1\siman107\seif-002\baer-heitev\en.html,corpus_en_html,shulchan-yd-temp corpus mirror,C:\Users\binya\Documents\shulchan-yd-temp\newtry\OC_Mobile\oc318-mobile-reader\public\corpus\oc1\siman107\seif-002\baer-heitev\en.html,true,possibly_clean,yes,"From the middle ones. But in the first three and the last three one does not add and does not subtract (Beit Yosef in the name of the Rambam).<br> <br> With him. For if so, who is there who cannot innovate something in o",C:\Users\binya\Documents\Shulchan aruch\newtry\OC_Mobile\oc318-mobile-reader\public\corpus\oc1\siman107\seif-002\baer-heitev\he.html,"<b>מהאמצעיות. </b> אבל בג""ר ובג' אחרונות אין מוסיפין ואין פוחתין. ב""י בשם הרמב""ם: | <b>אצלו. </b> דאלת""ה מי הוא שלא יכול לחדש דבר באחת מכל הברכות או לרפואה או לפרנסה או לתלמודו. טור:"
oc1,baer-heitev,siman107,seif-002,C:\Users\binya\Documents\Shulchan aruch\newtry\OC_Mobile\oc318-mobile-reader\public\corpus\oc1\siman107\seif-002\baer-heitev\en.html,source_txt_block,current OC_001 source output,C:\Users\binya\Documents\Shulchan aruch\newtry\OC_001\output\siman_107\baer-heitev\part-001.txt,true,possibly_clean,yes,(א) from the means. But in Ger and Bej Achronoth there is no Musifin and no Pohtin. Bii in the name of Rambam:,C:\Users\binya\Documents\Shulchan aruch\newtry\OC_Mobile\oc318-mobile-reader\public\corpus\oc1\siman107\seif-002\baer-heitev\he.html,"<b>מהאמצעיות. </b> אבל בג""ר ובג' אחרונות אין מוסיפין ואין פוחתין. ב""י בשם הרמב""ם: | <b>אצלו. </b> דאלת""ה מי הוא שלא יכול לחדש דבר באחת מכל הברכות או לרפואה או לפרנסה או לתלמודו. טור:"
oc1,baer-heitev,siman107,seif-002,C:\Users\binya\Documents\Shulchan aruch\newtry\OC_Mobile\oc318-mobile-reader\public\corpus\oc1\siman107\seif-002\baer-heitev\en.html,source_txt_block,temp OC_001 source output,C:\Users\binya\Documents\shulchan-yd-temp\newtry\OC_001\output\siman_107\baer-heitev\part-001.txt,true,possibly_clean,yes,"From the means. But in the last G-d, there is no garage and no pogrom. In the name of the Rambam:",C:\Users\binya\Documents\Shulchan aruch\newtry\OC_Mobile\oc318-mobile-reader\public\corpus\oc1\siman107\seif-002\baer-heitev\he.html,"<b>מהאמצעיות. </b> אבל בג""ר ובג' אחרונות אין מוסיפין ואין פוחתין. ב""י בשם הרמב""ם: | <b>אצלו. </b> דאלת""ה מי הוא שלא יכול לחדש דבר באחת מכל הברכות או לרפואה או לפרנסה או לתלמודו. טור:"
oc1,baer-heitev,siman128,seif-014,C:\Users\binya\Documents\Shulchan aruch\newtry\OC_Mobile\oc318-mobile-reader\public\corpus\oc1\siman128\seif-014\baer-heitev\en.html,corpus_en_html,SA_Sandbox corpus mirror,C:\Users\binya\Documents\Shulchan aruch\newtry\SA_Sandbox\public\corpus\oc1\siman128\seif-014\baer-heitev\en.html,false,missing_or_empty,no,,C:\Users\binya\Documents\Shulchan aruch\newtry\OC_Mobile\oc318-mobile-reader\public\corpus\oc1\siman128\seif-014\baer-heitev\he.html,"<b>אלא</b> <b>בלה""ק. </b> אפי' בדיעבד לא יצא כנה""ג וכ""כ פר""ח עי""ש עי' יד אהרן ובכנה""ג ובפר""ח ובע""ת: | <b>ובעמידה. </b> והצבור רשאים לישב רק שיהיו פניהם נגד הכהנים מ""א. כהן זקן ושבע ימים ומכח חולשת זקנתו אינו יכול לעמוד כשנושא כפיו אם יכול לתמוך מה טוב ואם לאו ישא כפיו מיושב דאין לבטל מנשיאות כפים דעובר בג' עשין שבות יעקב ח""ב סי' א' וע""ש והיד אהרן חולק עליו דמעומד הוי לעיכובא ומוטב שיעבור ג' עשין ע""ש וכן דעת הכנה""ג: | <b>ובקול</b> <b>רם. </b> במעולה שבקולות לא קול גדול ולא קטן אלא בינוני. טור:"
oc1,baer-heitev,siman128,seif-014,C:\Users\binya\Documents\Shulchan aruch\newtry\OC_Mobile\oc318-mobile-reader\public\corpus\oc1\siman128\seif-014\baer-heitev\en.html,corpus_en_html,shulchan-yd-temp corpus mirror,C:\Users\binya\Documents\shulchan-yd-temp\newtry\OC_Mobile\oc318-mobile-reader\public\corpus\oc1\siman128\seif-014\baer-heitev\en.html,true,possibly_clean,yes,Except in the LK. Efi' in hindsight did not come out as 13 and 12 Parach Aish by Yad Aharon and in 13 and Parach and in A't:<br> <br> and standing. And the tzabur are allowed to sit only with their faces facing the pries,C:\Users\binya\Documents\Shulchan aruch\newtry\OC_Mobile\oc318-mobile-reader\public\corpus\oc1\siman128\seif-014\baer-heitev\he.html,"<b>אלא</b> <b>בלה""ק. </b> אפי' בדיעבד לא יצא כנה""ג וכ""כ פר""ח עי""ש עי' יד אהרן ובכנה""ג ובפר""ח ובע""ת: | <b>ובעמידה. </b> והצבור רשאים לישב רק שיהיו פניהם נגד הכהנים מ""א. כהן זקן ושבע ימים ומכח חולשת זקנתו אינו יכול לעמוד כשנושא כפיו אם יכול לתמוך מה טוב ואם לאו ישא כפיו מיושב דאין לבטל מנשיאות כפים דעובר בג' עשין שבות יעקב ח""ב סי' א' וע""ש והיד אהרן חולק עליו דמעומד הוי לעיכובא ומוטב שיעבור ג' עשין ע""ש וכן דעת הכנה""ג: | <b>ובקול</b> <b>רם. </b> במעולה שבקולות לא קול גדול ולא קטן אלא בינוני. טור:"
oc1,baer-heitev,siman128,seif-014,C:\Users\binya\Documents\Shulchan aruch\newtry\OC_Mobile\oc318-mobile-reader\public\corpus\oc1\siman128\seif-014\baer-heitev\en.html,source_txt_block,current OC_001 source output,C:\Users\binya\Documents\Shulchan aruch\newtry\OC_001\output\siman_128\baer-heitev\part-001.txt,true,possibly_clean,yes,Except in the LK. Efi' in hindsight did not come out as 13 and 12 Parach Aish by Yad Aharon and in 13 and Parach and in A't:,C:\Users\binya\Documents\Shulchan aruch\newtry\OC_Mobile\oc318-mobile-reader\public\corpus\oc1\siman128\seif-014\baer-heitev\he.html,"<b>אלא</b> <b>בלה""ק. </b> אפי' בדיעבד לא יצא כנה""ג וכ""כ פר""ח עי""ש עי' יד אהרן ובכנה""ג ובפר""ח ובע""ת: | <b>ובעמידה. </b> והצבור רשאים לישב רק שיהיו פניהם נגד הכהנים מ""א. כהן זקן ושבע ימים ומכח חולשת זקנתו אינו יכול לעמוד כשנושא כפיו אם יכול לתמוך מה טוב ואם לאו ישא כפיו מיושב דאין לבטל מנשיאות כפים דעובר בג' עשין שבות יעקב ח""ב סי' א' וע""ש והיד אהרן חולק עליו דמעומד הוי לעיכובא ומוטב שיעבור ג' עשין ע""ש וכן דעת הכנה""ג: | <b>ובקול</b> <b>רם. </b> במעולה שבקולות לא קול גדול ולא קטן אלא בינוני. טור:"
oc1,baer-heitev,siman128,seif-014,C:\Users\binya\Documents\Shulchan aruch\newtry\OC_Mobile\oc318-mobile-reader\public\corpus\oc1\siman128\seif-014\baer-heitev\en.html,source_txt_block,temp OC_001 source output,C:\Users\binya\Documents\shulchan-yd-temp\newtry\OC_001\output\siman_128\baer-heitev\part-001.txt,true,possibly_clean,yes,Except in the LK. Efi' in hindsight did not come out as 13 and 12 Parach Aish by Yad Aharon and in 13 and Parach and in A't:,C:\Users\binya\Documents\Shulchan aruch\newtry\OC_Mobile\oc318-mobile-reader\public\corpus\oc1\siman128\seif-014\baer-heitev\he.html,"<b>אלא</b> <b>בלה""ק. </b> אפי' בדיעבד לא יצא כנה""ג וכ""כ פר""ח עי""ש עי' יד אהרן ובכנה""ג ובפר""ח ובע""ת: | <b>ובעמידה. </b> והצבור רשאים לישב רק שיהיו פניהם נגד הכהנים מ""א. כהן זקן ושבע ימים ומכח חולשת זקנתו אינו יכול לעמוד כשנושא כפיו אם יכול לתמוך מה טוב ואם לאו ישא כפיו מיושב דאין לבטל מנשיאות כפים דעובר בג' עשין שבות יעקב ח""ב סי' א' וע""ש והיד אהרן חולק עליו דמעומד הוי לעיכובא ומוטב שיעבור ג' עשין ע""ש וכן דעת הכנה""ג: | <b>ובקול</b> <b>רם. </b> במעולה שבקולות לא קול גדול ולא קטן אלא בינוני. טור:"
oc1,baer-heitev,siman223,seif-005,C:\Users\binya\Documents\Shulchan aruch\newtry\OC_Mobile\oc318-mobile-reader\public\corpus\oc1\siman223\seif-005\baer-heitev\en.html,corpus_en_html,SA_Sandbox corpus mirror,C:\Users\binya\Documents\Shulchan aruch\newtry\SA_Sandbox\public\corpus\oc1\siman223\seif-005\baer-heitev\en.html,false,missing_or_empty,no,,C:\Users\binya\Documents\Shulchan aruch\newtry\OC_Mobile\oc318-mobile-reader\public\corpus\oc1\siman223\seif-005\baer-heitev\he.html,"<b>ובני ביתו. </b> אבל אם קנה כלים לו וכלים לבני ביתו מברך על שלו שהחיינו ועל של ב""ב מברך הטוב והמטיב ב""ח ונ""ל דר""ל לבניו אבל לעבדו ולשפתתו ה""ל כאלו מכרן להם דשכיר הוא בא בשכרו. מ""א: | <b>ולנותן. </b> בתשו' פרח שושן כלל א' סי' י""ב כ' דהתוס' והרי""ף והרמב""ם לא ס""ל כהירושלמי הזה ובודאי אלו היה רואה הב""י כל הני רבוותא לא היה פוסק כהירושלמי ומש""ה העלה שם במקומות שנוהגים שעושים הלבשה לנערים יתומים שמברכין היתומים מלביש ערומים ושהחיינו ולא הטוב והמטיב ע""ש וכ""כ בשכנה""ג ומהר""ש אלגזי פסק דהיתומים יברכו מלביש ערומים ושהחיינו והטוב והמטיב ע""ש בתשו' שנדפסו בסוף ספר שמע שלמה ולכ""ע לא יברך הטוב רק המקבל ולא הנותן. שם בפרח שושן ועיין מ""א וט""ז ובס' בני חייא וביד אהרן:"
oc1,baer-heitev,siman223,seif-005,C:\Users\binya\Documents\Shulchan aruch\newtry\OC_Mobile\oc318-mobile-reader\public\corpus\oc1\siman223\seif-005\baer-heitev\en.html,corpus_en_html,shulchan-yd-temp corpus mirror,C:\Users\binya\Documents\shulchan-yd-temp\newtry\OC_Mobile\oc318-mobile-reader\public\corpus\oc1\siman223\seif-005\baer-heitev\en.html,true,possibly_clean,yes,"(א) and his house. But if he has bought tools for him and his children, he is blessed with his life and the heart of there blesses his sons and his sons, but to his children In his own words, “This is what he has sold to",C:\Users\binya\Documents\Shulchan aruch\newtry\OC_Mobile\oc318-mobile-reader\public\corpus\oc1\siman223\seif-005\baer-heitev\he.html,"<b>ובני ביתו. </b> אבל אם קנה כלים לו וכלים לבני ביתו מברך על שלו שהחיינו ועל של ב""ב מברך הטוב והמטיב ב""ח ונ""ל דר""ל לבניו אבל לעבדו ולשפתתו ה""ל כאלו מכרן להם דשכיר הוא בא בשכרו. מ""א: | <b>ולנותן. </b> בתשו' פרח שושן כלל א' סי' י""ב כ' דהתוס' והרי""ף והרמב""ם לא ס""ל כהירושלמי הזה ובודאי אלו היה רואה הב""י כל הני רבוותא לא היה פוסק כהירושלמי ומש""ה העלה שם במקומות שנוהגים שעושים הלבשה לנערים יתומים שמברכין היתומים מלביש ערומים ושהחיינו ולא הטוב והמטיב ע""ש וכ""כ בשכנה""ג ומהר""ש אלגזי פסק דהיתומים יברכו מלביש ערומים ושהחיינו והטוב והמטיב ע""ש בתשו' שנדפסו בסוף ספר שמע שלמה ולכ""ע לא יברך הטוב רק המקבל ולא הנותן. שם בפרח שושן ועיין מ""א וט""ז ובס' בני חייא וביד אהרן:"
oc1,baer-heitev,siman223,seif-005,C:\Users\binya\Documents\Shulchan aruch\newtry\OC_Mobile\oc318-mobile-reader\public\corpus\oc1\siman223\seif-005\baer-heitev\en.html,source_txt_block,current OC_001 source output,C:\Users\binya\Documents\Shulchan aruch\newtry\OC_001\output\siman_223\baer-heitev\part-001.txt,true,placeholder,no,English translation pending — replace after editing this block (keep Hebrew above intact).,C:\Users\binya\Documents\Shulchan aruch\newtry\OC_Mobile\oc318-mobile-reader\public\corpus\oc1\siman223\seif-005\baer-heitev\he.html,"<b>ובני ביתו. </b> אבל אם קנה כלים לו וכלים לבני ביתו מברך על שלו שהחיינו ועל של ב""ב מברך הטוב והמטיב ב""ח ונ""ל דר""ל לבניו אבל לעבדו ולשפתתו ה""ל כאלו מכרן להם דשכיר הוא בא בשכרו. מ""א: | <b>ולנותן. </b> בתשו' פרח שושן כלל א' סי' י""ב כ' דהתוס' והרי""ף והרמב""ם לא ס""ל כהירושלמי הזה ובודאי אלו היה רואה הב""י כל הני רבוותא לא היה פוסק כהירושלמי ומש""ה העלה שם במקומות שנוהגים שעושים הלבשה לנערים יתומים שמברכין היתומים מלביש ערומים ושהחיינו ולא הטוב והמטיב ע""ש וכ""כ בשכנה""ג ומהר""ש אלגזי פסק דהיתומים יברכו מלביש ערומים ושהחיינו והטוב והמטיב ע""ש בתשו' שנדפסו בסוף ספר שמע שלמה ולכ""ע לא יברך הטוב רק המקבל ולא הנותן. שם בפרח שושן ועיין מ""א וט""ז ובס' בני חייא וביד אהרן:"
oc1,baer-heitev,siman223,seif-005,C:\Users\binya\Documents\Shulchan aruch\newtry\OC_Mobile\oc318-mobile-reader\public\corpus\oc1\siman223\seif-005\baer-heitev\en.html,source_txt_block,temp OC_001 source output,C:\Users\binya\Documents\shulchan-yd-temp\newtry\OC_001\output\siman_223\baer-heitev\part-001.txt,true,placeholder,no,English translation pending — replace after editing this block (keep Hebrew above intact).,C:\Users\binya\Documents\Shulchan aruch\newtry\OC_Mobile\oc318-mobile-reader\public\corpus\oc1\siman223\seif-005\baer-heitev\he.html,"<b>ובני ביתו. </b> אבל אם קנה כלים לו וכלים לבני ביתו מברך על שלו שהחיינו ועל של ב""ב מברך הטוב והמטיב ב""ח ונ""ל דר""ל לבניו אבל לעבדו ולשפתתו ה""ל כאלו מכרן להם דשכיר הוא בא בשכרו. מ""א: | <b>ולנותן. </b> בתשו' פרח שושן כלל א' סי' י""ב כ' דהתוס' והרי""ף והרמב""ם לא ס""ל כהירושלמי הזה ובודאי אלו היה רואה הב""י כל הני רבוותא לא היה פוסק כהירושלמי ומש""ה העלה שם במקומות שנוהגים שעושים הלבשה לנערים יתומים שמברכין היתומים מלביש ערומים ושהחיינו ולא הטוב והמטיב ע""ש וכ""כ בשכנה""ג ומהר""ש אלגזי פסק דהיתומים יברכו מלביש ערומים ושהחיינו והטוב והמטיב ע""ש בתשו' שנדפסו בסוף ספר שמע שלמה ולכ""ע לא יברך הטוב רק המקבל ולא הנותן. שם בפרח שושן ועיין מ""א וט""ז ובס' בני חייא וביד אהרן:"
oc1,baer-heitev,siman264,seif-007,C:\Users\binya\Documents\Shulchan aruch\newtry\OC_Mobile\oc318-mobile-reader\public\corpus\oc1\siman264\seif-007\baer-heitev\en.html,corpus_en_html,SA_Sandbox corpus mirror,C:\Users\binya\Documents\Shulchan aruch\newtry\SA_Sandbox\public\corpus\oc1\siman264\seif-007\baer-heitev\en.html,false,missing_or_empty,no,,C:\Users\binya\Documents\Shulchan aruch\newtry\OC_Mobile\oc318-mobile-reader\public\corpus\oc1\siman264\seif-007\baer-heitev\he.html,<b>זפת. </b> ואם כרך שמן פסול ופתילה פסולה יחד אסור. טור:
oc1,baer-heitev,siman264,seif-007,C:\Users\binya\Documents\Shulchan aruch\newtry\OC_Mobile\oc318-mobile-reader\public\corpus\oc1\siman264\seif-007\baer-heitev\en.html,corpus_en_html,shulchan-yd-temp corpus mirror,C:\Users\binya\Documents\shulchan-yd-temp\newtry\OC_Mobile\oc318-mobile-reader\public\corpus\oc1\siman264\seif-007\baer-heitev\en.html,true,possibly_clean,yes,The fun. And if the volume of oil is flawed and the diaspora is not allowed together. column: ,C:\Users\binya\Documents\Shulchan aruch\newtry\OC_Mobile\oc318-mobile-reader\public\corpus\oc1\siman264\seif-007\baer-heitev\he.html,<b>זפת. </b> ואם כרך שמן פסול ופתילה פסולה יחד אסור. טור:
oc1,baer-heitev,siman264,seif-007,C:\Users\binya\Documents\Shulchan aruch\newtry\OC_Mobile\oc318-mobile-reader\public\corpus\oc1\siman264\seif-007\baer-heitev\en.html,source_txt_block,current OC_001 source output,C:\Users\binya\Documents\Shulchan aruch\newtry\OC_001\output\siman_264\baer-heitev\part-001.txt,true,placeholder,no,English translation pending — replace after editing this block (keep Hebrew above intact).,C:\Users\binya\Documents\Shulchan aruch\newtry\OC_Mobile\oc318-mobile-reader\public\corpus\oc1\siman264\seif-007\baer-heitev\he.html,<b>זפת. </b> ואם כרך שמן פסול ופתילה פסולה יחד אסור. טור:
oc1,baer-heitev,siman264,seif-007,C:\Users\binya\Documents\Shulchan aruch\newtry\OC_Mobile\oc318-mobile-reader\public\corpus\oc1\siman264\seif-007\baer-heitev\en.html,source_txt_block,temp OC_001 source output,C:\Users\binya\Documents\shulchan-yd-temp\newtry\OC_001\output\siman_264\baer-heitev\part-001.txt,true,placeholder,no,English translation pending — replace after editing this block (keep Hebrew above intact).,C:\Users\binya\Documents\Shulchan aruch\newtry\OC_Mobile\oc318-mobile-reader\public\corpus\oc1\siman264\seif-007\baer-heitev\he.html,<b>זפת. </b> ואם כרך שמן פסול ופתילה פסולה יחד אסור. טור:
oc1,baer-heitev,siman398,seif-004,C:\Users\binya\Documents\Shulchan aruch\newtry\OC_Mobile\oc318-mobile-reader\public\corpus\oc1\siman398\seif-004\baer-heitev\en.html,corpus_en_html,SA_Sandbox corpus mirror,C:\Users\binya\Documents\Shulchan aruch\newtry\SA_Sandbox\public\corpus\oc1\siman398\seif-004\baer-heitev\en.html,false,missing_or_empty,no,,C:\Users\binya\Documents\Shulchan aruch\newtry\OC_Mobile\oc318-mobile-reader\public\corpus\oc1\siman398\seif-004\baer-heitev\he.html,<b>שנתקצר. </b> או שלא נשאר מן הקשת עד שם ב' אלפים. טור:
oc1,baer-heitev,siman398,seif-004,C:\Users\binya\Documents\Shulchan aruch\newtry\OC_Mobile\oc318-mobile-reader\public\corpus\oc1\siman398\seif-004\baer-heitev\en.html,corpus_en_html,shulchan-yd-temp corpus mirror,C:\Users\binya\Documents\shulchan-yd-temp\newtry\OC_Mobile\oc318-mobile-reader\public\corpus\oc1\siman398\seif-004\baer-heitev\en.html,true,possibly_clean,yes,short year. Or not from the rainbow until there are thousands. column: ,C:\Users\binya\Documents\Shulchan aruch\newtry\OC_Mobile\oc318-mobile-reader\public\corpus\oc1\siman398\seif-004\baer-heitev\he.html,<b>שנתקצר. </b> או שלא נשאר מן הקשת עד שם ב' אלפים. טור:
oc1,baer-heitev,siman398,seif-004,C:\Users\binya\Documents\Shulchan aruch\newtry\OC_Mobile\oc318-mobile-reader\public\corpus\oc1\siman398\seif-004\baer-heitev\en.html,source_txt_block,current OC_001 source output,C:\Users\binya\Documents\Shulchan aruch\newtry\OC_001\output\siman_398\baer-heitev\part-001.txt,true,placeholder,no,English translation pending — replace after editing this block (keep Hebrew above intact).,C:\Users\binya\Documents\Shulchan aruch\newtry\OC_Mobile\oc318-mobile-reader\public\corpus\oc1\siman398\seif-004\baer-heitev\he.html,<b>שנתקצר. </b> או שלא נשאר מן הקשת עד שם ב' אלפים. טור:
oc1,baer-heitev,siman398,seif-004,C:\Users\binya\Documents\Shulchan aruch\newtry\OC_Mobile\oc318-mobile-reader\public\corpus\oc1\siman398\seif-004\baer-heitev\en.html,source_txt_block,temp OC_001 source output,C:\Users\binya\Documents\shulchan-yd-temp\newtry\OC_001\output\siman_398\baer-heitev\part-001.txt,true,placeholder,no,English translation pending — replace after editing this block (keep Hebrew above intact).,C:\Users\binya\Documents\Shulchan aruch\newtry\OC_Mobile\oc318-mobile-reader\public\corpus\oc1\siman398\seif-004\baer-heitev\he.html,<b>שנתקצר. </b> או שלא נשאר מן הקשת עד שם ב' אלפים. טור:
oc1,baer-heitev,siman490,seif-007,C:\Users\binya\Documents\Shulchan aruch\newtry\OC_Mobile\oc318-mobile-reader\public\corpus\oc1\siman490\seif-007\baer-heitev\en.html,corpus_en_html,SA_Sandbox corpus mirror,C:\Users\binya\Documents\Shulchan aruch\newtry\SA_Sandbox\public\corpus\oc1\siman490\seif-007\baer-heitev\en.html,false,missing_or_empty,no,,C:\Users\binya\Documents\Shulchan aruch\newtry\OC_Mobile\oc318-mobile-reader\public\corpus\oc1\siman490\seif-007\baer-heitev\he.html,"<b>היתה. </b> כי תחיית המתים יהא בניסן וגוג ומגוג בתשרי ע""כ מפטירין בניסן העצמות היבשות. ובתשרי בוא גוג. טור:"
oc1,baer-heitev,siman490,seif-007,C:\Users\binya\Documents\Shulchan aruch\newtry\OC_Mobile\oc318-mobile-reader\public\corpus\oc1\siman490\seif-007\baer-heitev\en.html,corpus_en_html,shulchan-yd-temp corpus mirror,C:\Users\binya\Documents\shulchan-yd-temp\newtry\OC_Mobile\oc318-mobile-reader\public\corpus\oc1\siman490\seif-007\baer-heitev\en.html,true,possibly_clean,yes,was. For the resurrection of the dead shall be in the Son of San and Goth and so shall be humiliated in the bones of the land. And then come Gog. column: ,C:\Users\binya\Documents\Shulchan aruch\newtry\OC_Mobile\oc318-mobile-reader\public\corpus\oc1\siman490\seif-007\baer-heitev\he.html,"<b>היתה. </b> כי תחיית המתים יהא בניסן וגוג ומגוג בתשרי ע""כ מפטירין בניסן העצמות היבשות. ובתשרי בוא גוג. טור:"
oc1,baer-heitev,siman490,seif-007,C:\Users\binya\Documents\Shulchan aruch\newtry\OC_Mobile\oc318-mobile-reader\public\corpus\oc1\siman490\seif-007\baer-heitev\en.html,source_txt_block,current OC_001 source output,C:\Users\binya\Documents\Shulchan aruch\newtry\OC_001\output\siman_490\baer-heitev\part-001.txt,true,placeholder,no,English translation pending — replace after editing this block (keep Hebrew above intact).,C:\Users\binya\Documents\Shulchan aruch\newtry\OC_Mobile\oc318-mobile-reader\public\corpus\oc1\siman490\seif-007\baer-heitev\he.html,"<b>היתה. </b> כי תחיית המתים יהא בניסן וגוג ומגוג בתשרי ע""כ מפטירין בניסן העצמות היבשות. ובתשרי בוא גוג. טור:"
oc1,baer-heitev,siman490,seif-007,C:\Users\binya\Documents\Shulchan aruch\newtry\OC_Mobile\oc318-mobile-reader\public\corpus\oc1\siman490\seif-007\baer-heitev\en.html,source_txt_block,temp OC_001 source output,C:\Users\binya\Documents\shulchan-yd-temp\newtry\OC_001\output\siman_490\baer-heitev\part-001.txt,true,placeholder,no,English translation pending — replace after editing this block (keep Hebrew above intact).,C:\Users\binya\Documents\Shulchan aruch\newtry\OC_Mobile\oc318-mobile-reader\public\corpus\oc1\siman490\seif-007\baer-heitev\he.html,"<b>היתה. </b> כי תחיית המתים יהא בניסן וגוג ומגוג בתשרי ע""כ מפטירין בניסן העצמות היבשות. ובתשרי בוא גוג. טור:"
oc1,baer-heitev,siman499,seif-001,C:\Users\binya\Documents\Shulchan aruch\newtry\OC_Mobile\oc318-mobile-reader\public\corpus\oc1\siman499\seif-001\baer-heitev\en.html,corpus_en_html,SA_Sandbox corpus mirror,C:\Users\binya\Documents\Shulchan aruch\newtry\SA_Sandbox\public\corpus\oc1\siman499\seif-001\baer-heitev\en.html,false,missing_or_empty,no,,C:\Users\binya\Documents\Shulchan aruch\newtry\OC_Mobile\oc318-mobile-reader\public\corpus\oc1\siman499\seif-001\baer-heitev\he.html,<b>מרגל. </b> וכן שלא להפשיט העור שלם לעשות נאד. טור:
oc1,baer-heitev,siman499,seif-001,C:\Users\binya\Documents\Shulchan aruch\newtry\OC_Mobile\oc318-mobile-reader\public\corpus\oc1\siman499\seif-001\baer-heitev\en.html,corpus_en_html,shulchan-yd-temp corpus mirror,C:\Users\binya\Documents\shulchan-yd-temp\newtry\OC_Mobile\oc318-mobile-reader\public\corpus\oc1\siman499\seif-001\baer-heitev\en.html,true,possibly_clean,yes,Spy. And so don’t make the skin whole to make a vase. column: ,C:\Users\binya\Documents\Shulchan aruch\newtry\OC_Mobile\oc318-mobile-reader\public\corpus\oc1\siman499\seif-001\baer-heitev\he.html,<b>מרגל. </b> וכן שלא להפשיט העור שלם לעשות נאד. טור:
oc1,baer-heitev,siman499,seif-001,C:\Users\binya\Documents\Shulchan aruch\newtry\OC_Mobile\oc318-mobile-reader\public\corpus\oc1\siman499\seif-001\baer-heitev\en.html,source_txt_block,current OC_001 source output,C:\Users\binya\Documents\Shulchan aruch\newtry\OC_001\output\siman_499\baer-heitev\part-001.txt,true,placeholder,no,English translation pending — replace after editing this block (keep Hebrew above intact).,C:\Users\binya\Documents\Shulchan aruch\newtry\OC_Mobile\oc318-mobile-reader\public\corpus\oc1\siman499\seif-001\baer-heitev\he.html,<b>מרגל. </b> וכן שלא להפשיט העור שלם לעשות נאד. טור:
oc1,baer-heitev,siman499,seif-001,C:\Users\binya\Documents\Shulchan aruch\newtry\OC_Mobile\oc318-mobile-reader\public\corpus\oc1\siman499\seif-001\baer-heitev\en.html,source_txt_block,temp OC_001 source output,C:\Users\binya\Documents\shulchan-yd-temp\newtry\OC_001\output\siman_499\baer-heitev\part-001.txt,true,placeholder,no,English translation pending — replace after editing this block (keep Hebrew above intact).,C:\Users\binya\Documents\Shulchan aruch\newtry\OC_Mobile\oc318-mobile-reader\public\corpus\oc1\siman499\seif-001\baer-heitev\he.html,<b>מרגל. </b> וכן שלא להפשיט העור שלם לעשות נאד. טור:
yd1,baer-heitev,siman129,seif-010,C:\Users\binya\Documents\Shulchan aruch\newtry\OC_Mobile\oc318-mobile-reader\public\corpus\yd1\siman129\seif-010\baer-heitev\en.html,corpus_en_html,SA_Sandbox corpus mirror,C:\Users\binya\Documents\Shulchan aruch\newtry\SA_Sandbox\public\corpus\yd1\siman129\seif-010\baer-heitev\en.html,false,missing_or_empty,no,,C:\Users\binya\Documents\Shulchan aruch\newtry\OC_Mobile\oc318-mobile-reader\public\corpus\yd1\siman129\seif-010\baer-heitev\he.html,"<b>נחבא. </b> ואפילו אין נתפס עליו כגנב. כ""כ הטור:"
yd1,baer-heitev,siman129,seif-010,C:\Users\binya\Documents\Shulchan aruch\newtry\OC_Mobile\oc318-mobile-reader\public\corpus\yd1\siman129\seif-010\baer-heitev\en.html,corpus_en_html,shulchan-yd-temp corpus mirror,C:\Users\binya\Documents\shulchan-yd-temp\newtry\OC_Mobile\oc318-mobile-reader\public\corpus\yd1\siman129\seif-010\baer-heitev\en.html,false,missing_or_empty,no,,C:\Users\binya\Documents\Shulchan aruch\newtry\OC_Mobile\oc318-mobile-reader\public\corpus\yd1\siman129\seif-010\baer-heitev\he.html,"<b>נחבא. </b> ואפילו אין נתפס עליו כגנב. כ""כ הטור:"
yd1,baer-heitev,siman129,seif-010,C:\Users\binya\Documents\Shulchan aruch\newtry\OC_Mobile\oc318-mobile-reader\public\corpus\yd1\siman129\seif-010\baer-heitev\en.html,source_txt_block,current YD_001 source output,C:\Users\binya\Documents\Shulchan aruch\newtry\YD_001\output\siman_129\baer-heitev\part-001.txt,true,missing_or_empty,no,,C:\Users\binya\Documents\Shulchan aruch\newtry\OC_Mobile\oc318-mobile-reader\public\corpus\yd1\siman129\seif-010\baer-heitev\he.html,"<b>נחבא. </b> ואפילו אין נתפס עליו כגנב. כ""כ הטור:"
yd1,baer-heitev,siman129,seif-010,C:\Users\binya\Documents\Shulchan aruch\newtry\OC_Mobile\oc318-mobile-reader\public\corpus\yd1\siman129\seif-010\baer-heitev\en.html,source_txt_block,temp YD_001 source output,C:\Users\binya\Documents\shulchan-yd-temp\newtry\YD_001\output\siman_129\baer-heitev\part-001.txt,true,missing_or_empty,no,,C:\Users\binya\Documents\Shulchan aruch\newtry\OC_Mobile\oc318-mobile-reader\public\corpus\yd1\siman129\seif-010\baer-heitev\he.html,"<b>נחבא. </b> ואפילו אין נתפס עליו כגנב. כ""כ הטור:"
yd1,baer-heitev,siman174,seif-005,C:\Users\binya\Documents\Shulchan aruch\newtry\OC_Mobile\oc318-mobile-reader\public\corpus\yd1\siman174\seif-005\baer-heitev\en.html,corpus_en_html,SA_Sandbox corpus mirror,C:\Users\binya\Documents\Shulchan aruch\newtry\SA_Sandbox\public\corpus\yd1\siman174\seif-005\baer-heitev\en.html,false,missing_or_empty,no,,C:\Users\binya\Documents\Shulchan aruch\newtry\OC_Mobile\oc318-mobile-reader\public\corpus\yd1\siman174\seif-005\baer-heitev\he.html,<b>שניהם. </b> מוכר לא יאכלם שמא ישלים הלוקח המעות ונמצא שקנה השדה למפרע והרי שאכל המוכר הפירות בשביל המעות שנשאר לו ביד הלוקח ולוקח לא יאכלם שמא לא ישלים המעות ולא יצאה השדה מרשות המוכר ונמצא שאוכלם בשביל המעות שהיה לו ביד המוכר. טור:
yd1,baer-heitev,siman174,seif-005,C:\Users\binya\Documents\Shulchan aruch\newtry\OC_Mobile\oc318-mobile-reader\public\corpus\yd1\siman174\seif-005\baer-heitev\en.html,corpus_en_html,shulchan-yd-temp corpus mirror,C:\Users\binya\Documents\shulchan-yd-temp\newtry\OC_Mobile\oc318-mobile-reader\public\corpus\yd1\siman174\seif-005\baer-heitev\en.html,false,missing_or_empty,no,,C:\Users\binya\Documents\Shulchan aruch\newtry\OC_Mobile\oc318-mobile-reader\public\corpus\yd1\siman174\seif-005\baer-heitev\he.html,<b>שניהם. </b> מוכר לא יאכלם שמא ישלים הלוקח המעות ונמצא שקנה השדה למפרע והרי שאכל המוכר הפירות בשביל המעות שנשאר לו ביד הלוקח ולוקח לא יאכלם שמא לא ישלים המעות ולא יצאה השדה מרשות המוכר ונמצא שאוכלם בשביל המעות שהיה לו ביד המוכר. טור:
yd1,baer-heitev,siman174,seif-005,C:\Users\binya\Documents\Shulchan aruch\newtry\OC_Mobile\oc318-mobile-reader\public\corpus\yd1\siman174\seif-005\baer-heitev\en.html,source_txt_block,current YD_001 source output,C:\Users\binya\Documents\Shulchan aruch\newtry\YD_001\output\siman_174\baer-heitev\part-001.txt,true,missing_or_empty,no,,C:\Users\binya\Documents\Shulchan aruch\newtry\OC_Mobile\oc318-mobile-reader\public\corpus\yd1\siman174\seif-005\baer-heitev\he.html,<b>שניהם. </b> מוכר לא יאכלם שמא ישלים הלוקח המעות ונמצא שקנה השדה למפרע והרי שאכל המוכר הפירות בשביל המעות שנשאר לו ביד הלוקח ולוקח לא יאכלם שמא לא ישלים המעות ולא יצאה השדה מרשות המוכר ונמצא שאוכלם בשביל המעות שהיה לו ביד המוכר. טור:
yd1,baer-heitev,siman174,seif-005,C:\Users\binya\Documents\Shulchan aruch\newtry\OC_Mobile\oc318-mobile-reader\public\corpus\yd1\siman174\seif-005\baer-heitev\en.html,source_txt_block,temp YD_001 source output,C:\Users\binya\Documents\shulchan-yd-temp\newtry\YD_001\output\siman_174\baer-heitev\part-001.txt,true,missing_or_empty,no,,C:\Users\binya\Documents\Shulchan aruch\newtry\OC_Mobile\oc318-mobile-reader\public\corpus\yd1\siman174\seif-005\baer-heitev\he.html,<b>שניהם. </b> מוכר לא יאכלם שמא ישלים הלוקח המעות ונמצא שקנה השדה למפרע והרי שאכל המוכר הפירות בשביל המעות שנשאר לו ביד הלוקח ולוקח לא יאכלם שמא לא ישלים המעות ולא יצאה השדה מרשות המוכר ונמצא שאוכלם בשביל המעות שהיה לו ביד המוכר. טור:
yd1,baer-heitev,siman175,seif-004,C:\Users\binya\Documents\Shulchan aruch\newtry\OC_Mobile\oc318-mobile-reader\public\corpus\yd1\siman175\seif-004\baer-heitev\en.html,corpus_en_html,SA_Sandbox corpus mirror,C:\Users\binya\Documents\Shulchan aruch\newtry\SA_Sandbox\public\corpus\yd1\siman175\seif-004\baer-heitev\en.html,false,missing_or_empty,no,,C:\Users\binya\Documents\Shulchan aruch\newtry\OC_Mobile\oc318-mobile-reader\public\corpus\yd1\siman175\seif-004\baer-heitev\he.html,"<b>השיעור. </b> ולא סגי כאן אם יש לו מעט מאותו מין דדוקא בהלואת סאה בסאה הקילו בזה כמ""ש בסי' קע""ג ס""ו דלא כדעת רמ""א שם עכ""ל הט""ז: | <b>אחת</b> <b>או ב'. </b> אפילו אין בידו לגמרו אלא בידי שמים ומחוסר ג' אסור אפילו בידו לגמרו. טור:"
yd1,baer-heitev,siman175,seif-004,C:\Users\binya\Documents\Shulchan aruch\newtry\OC_Mobile\oc318-mobile-reader\public\corpus\yd1\siman175\seif-004\baer-heitev\en.html,corpus_en_html,shulchan-yd-temp corpus mirror,C:\Users\binya\Documents\shulchan-yd-temp\newtry\OC_Mobile\oc318-mobile-reader\public\corpus\yd1\siman175\seif-004\baer-heitev\en.html,false,missing_or_empty,no,,C:\Users\binya\Documents\Shulchan aruch\newtry\OC_Mobile\oc318-mobile-reader\public\corpus\yd1\siman175\seif-004\baer-heitev\he.html,"<b>השיעור. </b> ולא סגי כאן אם יש לו מעט מאותו מין דדוקא בהלואת סאה בסאה הקילו בזה כמ""ש בסי' קע""ג ס""ו דלא כדעת רמ""א שם עכ""ל הט""ז: | <b>אחת</b> <b>או ב'. </b> אפילו אין בידו לגמרו אלא בידי שמים ומחוסר ג' אסור אפילו בידו לגמרו. טור:"
yd1,baer-heitev,siman175,seif-004,C:\Users\binya\Documents\Shulchan aruch\newtry\OC_Mobile\oc318-mobile-reader\public\corpus\yd1\siman175\seif-004\baer-heitev\en.html,source_txt_block,current YD_001 source output,C:\Users\binya\Documents\Shulchan aruch\newtry\YD_001\output\siman_175\baer-heitev\part-001.txt,true,missing_or_empty,no,,C:\Users\binya\Documents\Shulchan aruch\newtry\OC_Mobile\oc318-mobile-reader\public\corpus\yd1\siman175\seif-004\baer-heitev\he.html,"<b>השיעור. </b> ולא סגי כאן אם יש לו מעט מאותו מין דדוקא בהלואת סאה בסאה הקילו בזה כמ""ש בסי' קע""ג ס""ו דלא כדעת רמ""א שם עכ""ל הט""ז: | <b>אחת</b> <b>או ב'. </b> אפילו אין בידו לגמרו אלא בידי שמים ומחוסר ג' אסור אפילו בידו לגמרו. טור:"
yd1,baer-heitev,siman175,seif-004,C:\Users\binya\Documents\Shulchan aruch\newtry\OC_Mobile\oc318-mobile-reader\public\corpus\yd1\siman175\seif-004\baer-heitev\en.html,source_txt_block,temp YD_001 source output,C:\Users\binya\Documents\shulchan-yd-temp\newtry\YD_001\output\siman_175\baer-heitev\part-001.txt,true,missing_or_empty,no,,C:\Users\binya\Documents\Shulchan aruch\newtry\OC_Mobile\oc318-mobile-reader\public\corpus\yd1\siman175\seif-004\baer-heitev\he.html,"<b>השיעור. </b> ולא סגי כאן אם יש לו מעט מאותו מין דדוקא בהלואת סאה בסאה הקילו בזה כמ""ש בסי' קע""ג ס""ו דלא כדעת רמ""א שם עכ""ל הט""ז: | <b>אחת</b> <b>או ב'. </b> אפילו אין בידו לגמרו אלא בידי שמים ומחוסר ג' אסור אפילו בידו לגמרו. טור:"
yd1,baer-heitev,siman176,seif-003,C:\Users\binya\Documents\Shulchan aruch\newtry\OC_Mobile\oc318-mobile-reader\public\corpus\yd1\siman176\seif-003\baer-heitev\en.html,corpus_en_html,SA_Sandbox corpus mirror,C:\Users\binya\Documents\Shulchan aruch\newtry\SA_Sandbox\public\corpus\yd1\siman176\seif-003\baer-heitev\en.html,false,missing_or_empty,no,,C:\Users\binya\Documents\Shulchan aruch\newtry\OC_Mobile\oc318-mobile-reader\public\corpus\yd1\siman176\seif-003\baer-heitev\he.html,"<b>כאלו. </b> וכן יוכל להתנות שאם ישבר באונס ישלם לו דמיו אע""פ שמן הדין שוכר פטור מאונסים אפ""ה שרי ליטול שכר כיון דאינו מתחייב בדמיו אא""כ ישבר וכ""ז שהוא בעין הוא מחזירו כמו שהוא ועד שעת שבירה הוא ברשות בעלים לזולא וגם הוא נפחת וכו'. טור:"
yd1,baer-heitev,siman176,seif-003,C:\Users\binya\Documents\Shulchan aruch\newtry\OC_Mobile\oc318-mobile-reader\public\corpus\yd1\siman176\seif-003\baer-heitev\en.html,corpus_en_html,shulchan-yd-temp corpus mirror,C:\Users\binya\Documents\shulchan-yd-temp\newtry\OC_Mobile\oc318-mobile-reader\public\corpus\yd1\siman176\seif-003\baer-heitev\en.html,false,missing_or_empty,no,,C:\Users\binya\Documents\Shulchan aruch\newtry\OC_Mobile\oc318-mobile-reader\public\corpus\yd1\siman176\seif-003\baer-heitev\he.html,"<b>כאלו. </b> וכן יוכל להתנות שאם ישבר באונס ישלם לו דמיו אע""פ שמן הדין שוכר פטור מאונסים אפ""ה שרי ליטול שכר כיון דאינו מתחייב בדמיו אא""כ ישבר וכ""ז שהוא בעין הוא מחזירו כמו שהוא ועד שעת שבירה הוא ברשות בעלים לזולא וגם הוא נפחת וכו'. טור:"
yd1,baer-heitev,siman176,seif-003,C:\Users\binya\Documents\Shulchan aruch\newtry\OC_Mobile\oc318-mobile-reader\public\corpus\yd1\siman176\seif-003\baer-heitev\en.html,source_txt_block,current YD_001 source output,C:\Users\binya\Documents\Shulchan aruch\newtry\YD_001\output\siman_176\baer-heitev\part-001.txt,true,missing_or_empty,no,,C:\Users\binya\Documents\Shulchan aruch\newtry\OC_Mobile\oc318-mobile-reader\public\corpus\yd1\siman176\seif-003\baer-heitev\he.html,"<b>כאלו. </b> וכן יוכל להתנות שאם ישבר באונס ישלם לו דמיו אע""פ שמן הדין שוכר פטור מאונסים אפ""ה שרי ליטול שכר כיון דאינו מתחייב בדמיו אא""כ ישבר וכ""ז שהוא בעין הוא מחזירו כמו שהוא ועד שעת שבירה הוא ברשות בעלים לזולא וגם הוא נפחת וכו'. טור:"
yd1,baer-heitev,siman176,seif-003,C:\Users\binya\Documents\Shulchan aruch\newtry\OC_Mobile\oc318-mobile-reader\public\corpus\yd1\siman176\seif-003\baer-heitev\en.html,source_txt_block,temp YD_001 source output,C:\Users\binya\Documents\shulchan-yd-temp\newtry\YD_001\output\siman_176\baer-heitev\part-001.txt,true,missing_or_empty,no,,C:\Users\binya\Documents\Shulchan aruch\newtry\OC_Mobile\oc318-mobile-reader\public\corpus\yd1\siman176\seif-003\baer-heitev\he.html,"<b>כאלו. </b> וכן יוכל להתנות שאם ישבר באונס ישלם לו דמיו אע""פ שמן הדין שוכר פטור מאונסים אפ""ה שרי ליטול שכר כיון דאינו מתחייב בדמיו אא""כ ישבר וכ""ז שהוא בעין הוא מחזירו כמו שהוא ועד שעת שבירה הוא ברשות בעלים לזולא וגם הוא נפחת וכו'. טור:"
yd1,baer-heitev,siman179,seif-016,C:\Users\binya\Documents\Shulchan aruch\newtry\OC_Mobile\oc318-mobile-reader\public\corpus\yd1\siman179\seif-016\baer-heitev\en.html,corpus_en_html,SA_Sandbox corpus mirror,C:\Users\binya\Documents\Shulchan aruch\newtry\SA_Sandbox\public\corpus\yd1\siman179\seif-016\baer-heitev\en.html,false,missing_or_empty,no,,C:\Users\binya\Documents\Shulchan aruch\newtry\OC_Mobile\oc318-mobile-reader\public\corpus\yd1\siman179\seif-016\baer-heitev\he.html,<b>הגניבה. </b> מפני שאינו עושה מעשה. טור:
yd1,baer-heitev,siman179,seif-016,C:\Users\binya\Documents\Shulchan aruch\newtry\OC_Mobile\oc318-mobile-reader\public\corpus\yd1\siman179\seif-016\baer-heitev\en.html,corpus_en_html,shulchan-yd-temp corpus mirror,C:\Users\binya\Documents\shulchan-yd-temp\newtry\OC_Mobile\oc318-mobile-reader\public\corpus\yd1\siman179\seif-016\baer-heitev\en.html,false,missing_or_empty,no,,C:\Users\binya\Documents\Shulchan aruch\newtry\OC_Mobile\oc318-mobile-reader\public\corpus\yd1\siman179\seif-016\baer-heitev\he.html,<b>הגניבה. </b> מפני שאינו עושה מעשה. טור:
yd1,baer-heitev,siman179,seif-016,C:\Users\binya\Documents\Shulchan aruch\newtry\OC_Mobile\oc318-mobile-reader\public\corpus\yd1\siman179\seif-016\baer-heitev\en.html,source_txt_block,current YD_001 source output,C:\Users\binya\Documents\Shulchan aruch\newtry\YD_001\output\siman_179\baer-heitev\part-001.txt,true,missing_or_empty,no,,C:\Users\binya\Documents\Shulchan aruch\newtry\OC_Mobile\oc318-mobile-reader\public\corpus\yd1\siman179\seif-016\baer-heitev\he.html,<b>הגניבה. </b> מפני שאינו עושה מעשה. טור:
yd1,baer-heitev,siman179,seif-016,C:\Users\binya\Documents\Shulchan aruch\newtry\OC_Mobile\oc318-mobile-reader\public\corpus\yd1\siman179\seif-016\baer-heitev\en.html,source_txt_block,temp YD_001 source output,C:\Users\binya\Documents\shulchan-yd-temp\newtry\YD_001\output\siman_179\baer-heitev\part-001.txt,true,missing_or_empty,no,,C:\Users\binya\Documents\Shulchan aruch\newtry\OC_Mobile\oc318-mobile-reader\public\corpus\yd1\siman179\seif-016\baer-heitev\he.html,<b>הגניבה. </b> מפני שאינו עושה מעשה. טור:
yd1,baer-heitev,siman180,seif-007,C:\Users\binya\Documents\Shulchan aruch\newtry\OC_Mobile\oc318-mobile-reader\public\corpus\yd1\siman180\seif-007\baer-heitev\en.html,corpus_en_html,SA_Sandbox corpus mirror,C:\Users\binya\Documents\Shulchan aruch\newtry\SA_Sandbox\public\corpus\yd1\siman180\seif-007\baer-heitev\en.html,false,missing_or_empty,no,,C:\Users\binya\Documents\Shulchan aruch\newtry\OC_Mobile\oc318-mobile-reader\public\corpus\yd1\siman180\seif-007\baer-heitev\he.html,"<b>שאוסר. </b> בעושה כן על המת אבל אם עושה כן בשביל התורה כלומר אדם גדול שמת ומצטער על התורה מותר. הרא""ש והטור:"
yd1,baer-heitev,siman180,seif-007,C:\Users\binya\Documents\Shulchan aruch\newtry\OC_Mobile\oc318-mobile-reader\public\corpus\yd1\siman180\seif-007\baer-heitev\en.html,corpus_en_html,shulchan-yd-temp corpus mirror,C:\Users\binya\Documents\shulchan-yd-temp\newtry\OC_Mobile\oc318-mobile-reader\public\corpus\yd1\siman180\seif-007\baer-heitev\en.html,false,missing_or_empty,no,,C:\Users\binya\Documents\Shulchan aruch\newtry\OC_Mobile\oc318-mobile-reader\public\corpus\yd1\siman180\seif-007\baer-heitev\he.html,"<b>שאוסר. </b> בעושה כן על המת אבל אם עושה כן בשביל התורה כלומר אדם גדול שמת ומצטער על התורה מותר. הרא""ש והטור:"
yd1,baer-heitev,siman180,seif-007,C:\Users\binya\Documents\Shulchan aruch\newtry\OC_Mobile\oc318-mobile-reader\public\corpus\yd1\siman180\seif-007\baer-heitev\en.html,source_txt_block,current YD_001 source output,C:\Users\binya\Documents\Shulchan aruch\newtry\YD_001\output\siman_180\baer-heitev\part-001.txt,true,missing_or_empty,no,,C:\Users\binya\Documents\Shulchan aruch\newtry\OC_Mobile\oc318-mobile-reader\public\corpus\yd1\siman180\seif-007\baer-heitev\he.html,"<b>שאוסר. </b> בעושה כן על המת אבל אם עושה כן בשביל התורה כלומר אדם גדול שמת ומצטער על התורה מותר. הרא""ש והטור:"
yd1,baer-heitev,siman180,seif-007,C:\Users\binya\Documents\Shulchan aruch\newtry\OC_Mobile\oc318-mobile-reader\public\corpus\yd1\siman180\seif-007\baer-heitev\en.html,source_txt_block,temp YD_001 source output,C:\Users\binya\Documents\shulchan-yd-temp\newtry\YD_001\output\siman_180\baer-heitev\part-001.txt,true,missing_or_empty,no,,C:\Users\binya\Documents\Shulchan aruch\newtry\OC_Mobile\oc318-mobile-reader\public\corpus\yd1\siman180\seif-007\baer-heitev\he.html,"<b>שאוסר. </b> בעושה כן על המת אבל אם עושה כן בשביל התורה כלומר אדם גדול שמת ומצטער על התורה מותר. הרא""ש והטור:"
yd1,baer-heitev,siman181,seif-001,C:\Users\binya\Documents\Shulchan aruch\newtry\OC_Mobile\oc318-mobile-reader\public\corpus\yd1\siman181\seif-001\baer-heitev\en.html,corpus_en_html,SA_Sandbox corpus mirror,C:\Users\binya\Documents\Shulchan aruch\newtry\SA_Sandbox\public\corpus\yd1\siman181\seif-001\baer-heitev\en.html,false,missing_or_empty,no,,C:\Users\binya\Documents\Shulchan aruch\newtry\OC_Mobile\oc318-mobile-reader\public\corpus\yd1\siman181\seif-001\baer-heitev\he.html,"<b>ללחי. </b> אצל האוזן וזה אסור אפילו למי שהוא קרוב למלכות ט""ז לדעת הטור:"
yd1,baer-heitev,siman181,seif-001,C:\Users\binya\Documents\Shulchan aruch\newtry\OC_Mobile\oc318-mobile-reader\public\corpus\yd1\siman181\seif-001\baer-heitev\en.html,corpus_en_html,shulchan-yd-temp corpus mirror,C:\Users\binya\Documents\shulchan-yd-temp\newtry\OC_Mobile\oc318-mobile-reader\public\corpus\yd1\siman181\seif-001\baer-heitev\en.html,false,missing_or_empty,no,,C:\Users\binya\Documents\Shulchan aruch\newtry\OC_Mobile\oc318-mobile-reader\public\corpus\yd1\siman181\seif-001\baer-heitev\he.html,"<b>ללחי. </b> אצל האוזן וזה אסור אפילו למי שהוא קרוב למלכות ט""ז לדעת הטור:"
yd1,baer-heitev,siman181,seif-001,C:\Users\binya\Documents\Shulchan aruch\newtry\OC_Mobile\oc318-mobile-reader\public\corpus\yd1\siman181\seif-001\baer-heitev\en.html,source_txt_block,current YD_001 source output,C:\Users\binya\Documents\Shulchan aruch\newtry\YD_001\output\siman_181\baer-heitev\part-001.txt,true,missing_or_empty,no,,C:\Users\binya\Documents\Shulchan aruch\newtry\OC_Mobile\oc318-mobile-reader\public\corpus\yd1\siman181\seif-001\baer-heitev\he.html,"<b>ללחי. </b> אצל האוזן וזה אסור אפילו למי שהוא קרוב למלכות ט""ז לדעת הטור:"
yd1,baer-heitev,siman181,seif-001,C:\Users\binya\Documents\Shulchan aruch\newtry\OC_Mobile\oc318-mobile-reader\public\corpus\yd1\siman181\seif-001\baer-heitev\en.html,source_txt_block,temp YD_001 source output,C:\Users\binya\Documents\shulchan-yd-temp\newtry\YD_001\output\siman_181\baer-heitev\part-001.txt,true,missing_or_empty,no,,C:\Users\binya\Documents\Shulchan aruch\newtry\OC_Mobile\oc318-mobile-reader\public\corpus\yd1\siman181\seif-001\baer-heitev\he.html,"<b>ללחי. </b> אצל האוזן וזה אסור אפילו למי שהוא קרוב למלכות ט""ז לדעת הטור:"
yd1,baer-heitev,siman198,seif-016,C:\Users\binya\Documents\Shulchan aruch\newtry\OC_Mobile\oc318-mobile-reader\public\corpus\yd1\siman198\seif-016\baer-heitev\en.html,corpus_en_html,SA_Sandbox corpus mirror,C:\Users\binya\Documents\Shulchan aruch\newtry\SA_Sandbox\public\corpus\yd1\siman198\seif-016\baer-heitev\en.html,false,missing_or_empty,no,,C:\Users\binya\Documents\Shulchan aruch\newtry\OC_Mobile\oc318-mobile-reader\public\corpus\yd1\siman198\seif-016\baer-heitev\he.html,<b>מלמולין. </b> פי' כשאדם מגבל טיט או לש עיסה ומשפשף ידיו זו בזו נופל מהן כמו חוטין אם נופלים על בשרה חוצצים. טור:
yd1,baer-heitev,siman198,seif-016,C:\Users\binya\Documents\Shulchan aruch\newtry\OC_Mobile\oc318-mobile-reader\public\corpus\yd1\siman198\seif-016\baer-heitev\en.html,corpus_en_html,shulchan-yd-temp corpus mirror,C:\Users\binya\Documents\shulchan-yd-temp\newtry\OC_Mobile\oc318-mobile-reader\public\corpus\yd1\siman198\seif-016\baer-heitev\en.html,false,missing_or_empty,no,,C:\Users\binya\Documents\Shulchan aruch\newtry\OC_Mobile\oc318-mobile-reader\public\corpus\yd1\siman198\seif-016\baer-heitev\he.html,<b>מלמולין. </b> פי' כשאדם מגבל טיט או לש עיסה ומשפשף ידיו זו בזו נופל מהן כמו חוטין אם נופלים על בשרה חוצצים. טור:
yd1,baer-heitev,siman198,seif-016,C:\Users\binya\Documents\Shulchan aruch\newtry\OC_Mobile\oc318-mobile-reader\public\corpus\yd1\siman198\seif-016\baer-heitev\en.html,source_txt_block,current YD_001 source output,C:\Users\binya\Documents\Shulchan aruch\newtry\YD_001\output\siman_198\baer-heitev\part-001.txt,true,missing_or_empty,no,,C:\Users\binya\Documents\Shulchan aruch\newtry\OC_Mobile\oc318-mobile-reader\public\corpus\yd1\siman198\seif-016\baer-heitev\he.html,<b>מלמולין. </b> פי' כשאדם מגבל טיט או לש עיסה ומשפשף ידיו זו בזו נופל מהן כמו חוטין אם נופלים על בשרה חוצצים. טור:
yd1,baer-heitev,siman198,seif-016,C:\Users\binya\Documents\Shulchan aruch\newtry\OC_Mobile\oc318-mobile-reader\public\corpus\yd1\siman198\seif-016\baer-heitev\en.html,source_txt_block,temp YD_001 source output,C:\Users\binya\Documents\shulchan-yd-temp\newtry\YD_001\output\siman_198\baer-heitev\part-001.txt,true,missing_or_empty,no,,C:\Users\binya\Documents\Shulchan aruch\newtry\OC_Mobile\oc318-mobile-reader\public\corpus\yd1\siman198\seif-016\baer-heitev\he.html,<b>מלמולין. </b> פי' כשאדם מגבל טיט או לש עיסה ומשפשף ידיו זו בזו נופל מהן כמו חוטין אם נופלים על בשרה חוצצים. טור:
yd1,baer-heitev,siman199,seif-006,C:\Users\binya\Documents\Shulchan aruch\newtry\OC_Mobile\oc318-mobile-reader\public\corpus\yd1\siman199\seif-006\baer-heitev\en.html,corpus_en_html,SA_Sandbox corpus mirror,C:\Users\binya\Documents\Shulchan aruch\newtry\SA_Sandbox\public\corpus\yd1\siman199\seif-006\baer-heitev\en.html,false,missing_or_empty,no,,C:\Users\binya\Documents\Shulchan aruch\newtry\OC_Mobile\oc318-mobile-reader\public\corpus\yd1\siman199\seif-006\baer-heitev\he.html,"<b>תזהר. </b> זה קאי אכל מקום שהחפיפה מרוחקת מהטבילה יום או יומים. ש""ך: | <b>תעיין. </b> כ' הש""ך דלכ""ע צריכה לעיין ולבדוק בשעת חפיפה ובשעת טבילה ולזהר בין החפיפה לטבילה מליגע בדברים החוצצים הראוים לידבק אם אפשר וכמ""ש הרב והכי נהוג: | <b>ותדיח. </b> אבל לא כל הגוף וה""ה בשבת מותרת לרחוץ בחמין שהוחמו מע""ש פניה ידיה ורגליה או שאר אברים כל שאינה רוחצת כל גופה וכמ""ש בא""ח ר""ס שכ""ו ובתשו' מ""ב סימן ה' כתב וכמדומה לי שלא נהגו הנשים לרחוץ ולא ללבוש לבנים בשבת וי""ט <small>(ואפשר משום שאין אשה יודעת לחלק בין חמין שהוחמו מע""ש או מעי""ט או הוחמו בשבת וי""ט גם אינה יודעת ליזהר מדין סחיטה)</small> עכ""ל וטעם מנהגן שאין לובשין לבנים בשבת משום שאז היו צריכין לטבול במ""ש והיו מרחיקין הטבילה מהחפיפה והא ראיה שבי""ט לובשין לבנים ובשבת הוא שנהגו שלא ללבוש ולענין לבישת לבנים בט""ב עיין בא""ח סי' תקנ""א ס""ג בהג""ה ולענין אבילות ע""ל סימן שפ""א ס""ה בהג""ה עכ""ל הש""ך:"
yd1,baer-heitev,siman199,seif-006,C:\Users\binya\Documents\Shulchan aruch\newtry\OC_Mobile\oc318-mobile-reader\public\corpus\yd1\siman199\seif-006\baer-heitev\en.html,corpus_en_html,shulchan-yd-temp corpus mirror,C:\Users\binya\Documents\shulchan-yd-temp\newtry\OC_Mobile\oc318-mobile-reader\public\corpus\yd1\siman199\seif-006\baer-heitev\en.html,false,missing_or_empty,no,,C:\Users\binya\Documents\Shulchan aruch\newtry\OC_Mobile\oc318-mobile-reader\public\corpus\yd1\siman199\seif-006\baer-heitev\he.html,"<b>תזהר. </b> זה קאי אכל מקום שהחפיפה מרוחקת מהטבילה יום או יומים. ש""ך: | <b>תעיין. </b> כ' הש""ך דלכ""ע צריכה לעיין ולבדוק בשעת חפיפה ובשעת טבילה ולזהר בין החפיפה לטבילה מליגע בדברים החוצצים הראוים לידבק אם אפשר וכמ""ש הרב והכי נהוג: | <b>ותדיח. </b> אבל לא כל הגוף וה""ה בשבת מותרת לרחוץ בחמין שהוחמו מע""ש פניה ידיה ורגליה או שאר אברים כל שאינה רוחצת כל גופה וכמ""ש בא""ח ר""ס שכ""ו ובתשו' מ""ב סימן ה' כתב וכמדומה לי שלא נהגו הנשים לרחוץ ולא ללבוש לבנים בשבת וי""ט <small>(ואפשר משום שאין אשה יודעת לחלק בין חמין שהוחמו מע""ש או מעי""ט או הוחמו בשבת וי""ט גם אינה יודעת ליזהר מדין סחיטה)</small> עכ""ל וטעם מנהגן שאין לובשין לבנים בשבת משום שאז היו צריכין לטבול במ""ש והיו מרחיקין הטבילה מהחפיפה והא ראיה שבי""ט לובשין לבנים ובשבת הוא שנהגו שלא ללבוש ולענין לבישת לבנים בט""ב עיין בא""ח סי' תקנ""א ס""ג בהג""ה ולענין אבילות ע""ל סימן שפ""א ס""ה בהג""ה עכ""ל הש""ך:"
yd1,baer-heitev,siman199,seif-006,C:\Users\binya\Documents\Shulchan aruch\newtry\OC_Mobile\oc318-mobile-reader\public\corpus\yd1\siman199\seif-006\baer-heitev\en.html,source_txt_block,current YD_001 source output,C:\Users\binya\Documents\Shulchan aruch\newtry\YD_001\output\siman_199\baer-heitev\part-001.txt,true,missing_or_empty,no,,C:\Users\binya\Documents\Shulchan aruch\newtry\OC_Mobile\oc318-mobile-reader\public\corpus\yd1\siman199\seif-006\baer-heitev\he.html,"<b>תזהר. </b> זה קאי אכל מקום שהחפיפה מרוחקת מהטבילה יום או יומים. ש""ך: | <b>תעיין. </b> כ' הש""ך דלכ""ע צריכה לעיין ולבדוק בשעת חפיפה ובשעת טבילה ולזהר בין החפיפה לטבילה מליגע בדברים החוצצים הראוים לידבק אם אפשר וכמ""ש הרב והכי נהוג: | <b>ותדיח. </b> אבל לא כל הגוף וה""ה בשבת מותרת לרחוץ בחמין שהוחמו מע""ש פניה ידיה ורגליה או שאר אברים כל שאינה רוחצת כל גופה וכמ""ש בא""ח ר""ס שכ""ו ובתשו' מ""ב סימן ה' כתב וכמדומה לי שלא נהגו הנשים לרחוץ ולא ללבוש לבנים בשבת וי""ט <small>(ואפשר משום שאין אשה יודעת לחלק בין חמין שהוחמו מע""ש או מעי""ט או הוחמו בשבת וי""ט גם אינה יודעת ליזהר מדין סחיטה)</small> עכ""ל וטעם מנהגן שאין לובשין לבנים בשבת משום שאז היו צריכין לטבול במ""ש והיו מרחיקין הטבילה מהחפיפה והא ראיה שבי""ט לובשין לבנים ובשבת הוא שנהגו שלא ללבוש ולענין לבישת לבנים בט""ב עיין בא""ח סי' תקנ""א ס""ג בהג""ה ולענין אבילות ע""ל סימן שפ""א ס""ה בהג""ה עכ""ל הש""ך:"
yd1,baer-heitev,siman199,seif-006,C:\Users\binya\Documents\Shulchan aruch\newtry\OC_Mobile\oc318-mobile-reader\public\corpus\yd1\siman199\seif-006\baer-heitev\en.html,source_txt_block,temp YD_001 source output,C:\Users\binya\Documents\shulchan-yd-temp\newtry\YD_001\output\siman_199\baer-heitev\part-001.txt,true,missing_or_empty,no,,C:\Users\binya\Documents\Shulchan aruch\newtry\OC_Mobile\oc318-mobile-reader\public\corpus\yd1\siman199\seif-006\baer-heitev\he.html,"<b>תזהר. </b> זה קאי אכל מקום שהחפיפה מרוחקת מהטבילה יום או יומים. ש""ך: | <b>תעיין. </b> כ' הש""ך דלכ""ע צריכה לעיין ולבדוק בשעת חפיפה ובשעת טבילה ולזהר בין החפיפה לטבילה מליגע בדברים החוצצים הראוים לידבק אם אפשר וכמ""ש הרב והכי נהוג: | <b>ותדיח. </b> אבל לא כל הגוף וה""ה בשבת מותרת לרחוץ בחמין שהוחמו מע""ש פניה ידיה ורגליה או שאר אברים כל שאינה רוחצת כל גופה וכמ""ש בא""ח ר""ס שכ""ו ובתשו' מ""ב סימן ה' כתב וכמדומה לי שלא נהגו הנשים לרחוץ ולא ללבוש לבנים בשבת וי""ט <small>(ואפשר משום שאין אשה יודעת לחלק בין חמין שהוחמו מע""ש או מעי""ט או הוחמו בשבת וי""ט גם אינה יודעת ליזהר מדין סחיטה)</small> עכ""ל וטעם מנהגן שאין לובשין לבנים בשבת משום שאז היו צריכין לטבול במ""ש והיו מרחיקין הטבילה מהחפיפה והא ראיה שבי""ט לובשין לבנים ובשבת הוא שנהגו שלא ללבוש ולענין לבישת לבנים בט""ב עיין בא""ח סי' תקנ""א ס""ג בהג""ה ולענין אבילות ע""ל סימן שפ""א ס""ה בהג""ה עכ""ל הש""ך:"
yd1,baer-heitev,siman242,seif-017,C:\Users\binya\Documents\Shulchan aruch\newtry\OC_Mobile\oc318-mobile-reader\public\corpus\yd1\siman242\seif-017\baer-heitev\en.html,corpus_en_html,SA_Sandbox corpus mirror,C:\Users\binya\Documents\Shulchan aruch\newtry\SA_Sandbox\public\corpus\yd1\siman242\seif-017\baer-heitev\en.html,false,missing_or_empty,no,,C:\Users\binya\Documents\Shulchan aruch\newtry\OC_Mobile\oc318-mobile-reader\public\corpus\yd1\siman242\seif-017\baer-heitev\he.html,<b>באמצע. </b> והם לאחוריו וכל א' מצדד עצמו לצדדין הגדול לצד ימין והקטן לצד שמאל וחוץ לד' אמות הכל מותר. טור:
yd1,baer-heitev,siman242,seif-017,C:\Users\binya\Documents\Shulchan aruch\newtry\OC_Mobile\oc318-mobile-reader\public\corpus\yd1\siman242\seif-017\baer-heitev\en.html,corpus_en_html,shulchan-yd-temp corpus mirror,C:\Users\binya\Documents\shulchan-yd-temp\newtry\OC_Mobile\oc318-mobile-reader\public\corpus\yd1\siman242\seif-017\baer-heitev\en.html,false,missing_or_empty,no,,C:\Users\binya\Documents\Shulchan aruch\newtry\OC_Mobile\oc318-mobile-reader\public\corpus\yd1\siman242\seif-017\baer-heitev\he.html,<b>באמצע. </b> והם לאחוריו וכל א' מצדד עצמו לצדדין הגדול לצד ימין והקטן לצד שמאל וחוץ לד' אמות הכל מותר. טור:
yd1,baer-heitev,siman242,seif-017,C:\Users\binya\Documents\Shulchan aruch\newtry\OC_Mobile\oc318-mobile-reader\public\corpus\yd1\siman242\seif-017\baer-heitev\en.html,source_txt_block,current YD_001 source output,C:\Users\binya\Documents\Shulchan aruch\newtry\YD_001\output\siman_242\baer-heitev\part-001.txt,true,missing_or_empty,no,,C:\Users\binya\Documents\Shulchan aruch\newtry\OC_Mobile\oc318-mobile-reader\public\corpus\yd1\siman242\seif-017\baer-heitev\he.html,<b>באמצע. </b> והם לאחוריו וכל א' מצדד עצמו לצדדין הגדול לצד ימין והקטן לצד שמאל וחוץ לד' אמות הכל מותר. טור:
yd1,baer-heitev,siman242,seif-017,C:\Users\binya\Documents\Shulchan aruch\newtry\OC_Mobile\oc318-mobile-reader\public\corpus\yd1\siman242\seif-017\baer-heitev\en.html,source_txt_block,temp YD_001 source output,C:\Users\binya\Documents\shulchan-yd-temp\newtry\YD_001\output\siman_242\baer-heitev\part-001.txt,true,missing_or_empty,no,,C:\Users\binya\Documents\Shulchan aruch\newtry\OC_Mobile\oc318-mobile-reader\public\corpus\yd1\siman242\seif-017\baer-heitev\he.html,<b>באמצע. </b> והם לאחוריו וכל א' מצדד עצמו לצדדין הגדול לצד ימין והקטן לצד שמאל וחוץ לד' אמות הכל מותר. טור:
yd1,baer-heitev,siman267,seif-053,C:\Users\binya\Documents\Shulchan aruch\newtry\OC_Mobile\oc318-mobile-reader\public\corpus\yd1\siman267\seif-053\baer-heitev\en.html,corpus_en_html,SA_Sandbox corpus mirror,C:\Users\binya\Documents\Shulchan aruch\newtry\SA_Sandbox\public\corpus\yd1\siman267\seif-053\baer-heitev\en.html,false,missing_or_empty,no,,C:\Users\binya\Documents\Shulchan aruch\newtry\OC_Mobile\oc318-mobile-reader\public\corpus\yd1\siman267\seif-053\baer-heitev\he.html,"<b>התנה. </b> פי' שלא תתגרש עד שתגיע לב""ד פלוני כ""כ הטור:"
yd1,baer-heitev,siman267,seif-053,C:\Users\binya\Documents\Shulchan aruch\newtry\OC_Mobile\oc318-mobile-reader\public\corpus\yd1\siman267\seif-053\baer-heitev\en.html,corpus_en_html,shulchan-yd-temp corpus mirror,C:\Users\binya\Documents\shulchan-yd-temp\newtry\OC_Mobile\oc318-mobile-reader\public\corpus\yd1\siman267\seif-053\baer-heitev\en.html,false,missing_or_empty,no,,C:\Users\binya\Documents\Shulchan aruch\newtry\OC_Mobile\oc318-mobile-reader\public\corpus\yd1\siman267\seif-053\baer-heitev\he.html,"<b>התנה. </b> פי' שלא תתגרש עד שתגיע לב""ד פלוני כ""כ הטור:"
yd1,baer-heitev,siman267,seif-053,C:\Users\binya\Documents\Shulchan aruch\newtry\OC_Mobile\oc318-mobile-reader\public\corpus\yd1\siman267\seif-053\baer-heitev\en.html,source_txt_block,current YD_001 source output,C:\Users\binya\Documents\Shulchan aruch\newtry\YD_001\output\siman_267\baer-heitev\part-001.txt,true,missing_or_empty,no,,C:\Users\binya\Documents\Shulchan aruch\newtry\OC_Mobile\oc318-mobile-reader\public\corpus\yd1\siman267\seif-053\baer-heitev\he.html,"<b>התנה. </b> פי' שלא תתגרש עד שתגיע לב""ד פלוני כ""כ הטור:"
yd1,baer-heitev,siman267,seif-053,C:\Users\binya\Documents\Shulchan aruch\newtry\OC_Mobile\oc318-mobile-reader\public\corpus\yd1\siman267\seif-053\baer-heitev\en.html,source_txt_block,temp YD_001 source output,C:\Users\binya\Documents\shulchan-yd-temp\newtry\YD_001\output\siman_267\baer-heitev\part-001.txt,true,missing_or_empty,no,,C:\Users\binya\Documents\Shulchan aruch\newtry\OC_Mobile\oc318-mobile-reader\public\corpus\yd1\siman267\seif-053\baer-heitev\he.html,"<b>התנה. </b> פי' שלא תתגרש עד שתגיע לב""ד פלוני כ""כ הטור:"
yd1,baer-heitev,siman300,seif-002,C:\Users\binya\Documents\Shulchan aruch\newtry\OC_Mobile\oc318-mobile-reader\public\corpus\yd1\siman300\seif-002\baer-heitev\en.html,corpus_en_html,SA_Sandbox corpus mirror,C:\Users\binya\Documents\Shulchan aruch\newtry\SA_Sandbox\public\corpus\yd1\siman300\seif-002\baer-heitev\en.html,false,missing_or_empty,no,,C:\Users\binya\Documents\Shulchan aruch\newtry\OC_Mobile\oc318-mobile-reader\public\corpus\yd1\siman300\seif-002\baer-heitev\he.html,"<b>וקשר. </b> תתכגון שמעביר המחט פעם אחד ואינו מעביר כל החוט ומעביר המחט פעם שני ונמצא שני ראשי החוטין ביחד וקושר שני ראשי החוטין. הרא""ש וטור:"
yd1,baer-heitev,siman300,seif-002,C:\Users\binya\Documents\Shulchan aruch\newtry\OC_Mobile\oc318-mobile-reader\public\corpus\yd1\siman300\seif-002\baer-heitev\en.html,corpus_en_html,shulchan-yd-temp corpus mirror,C:\Users\binya\Documents\shulchan-yd-temp\newtry\OC_Mobile\oc318-mobile-reader\public\corpus\yd1\siman300\seif-002\baer-heitev\en.html,false,missing_or_empty,no,,C:\Users\binya\Documents\Shulchan aruch\newtry\OC_Mobile\oc318-mobile-reader\public\corpus\yd1\siman300\seif-002\baer-heitev\he.html,"<b>וקשר. </b> תתכגון שמעביר המחט פעם אחד ואינו מעביר כל החוט ומעביר המחט פעם שני ונמצא שני ראשי החוטין ביחד וקושר שני ראשי החוטין. הרא""ש וטור:"
yd1,baer-heitev,siman300,seif-002,C:\Users\binya\Documents\Shulchan aruch\newtry\OC_Mobile\oc318-mobile-reader\public\corpus\yd1\siman300\seif-002\baer-heitev\en.html,source_txt_block,current YD_001 source output,C:\Users\binya\Documents\Shulchan aruch\newtry\YD_001\output\siman_300\baer-heitev\part-001.txt,false,missing_or_empty,no,,C:\Users\binya\Documents\Shulchan aruch\newtry\OC_Mobile\oc318-mobile-reader\public\corpus\yd1\siman300\seif-002\baer-heitev\he.html,"<b>וקשר. </b> תתכגון שמעביר המחט פעם אחד ואינו מעביר כל החוט ומעביר המחט פעם שני ונמצא שני ראשי החוטין ביחד וקושר שני ראשי החוטין. הרא""ש וטור:"
yd1,baer-heitev,siman300,seif-002,C:\Users\binya\Documents\Shulchan aruch\newtry\OC_Mobile\oc318-mobile-reader\public\corpus\yd1\siman300\seif-002\baer-heitev\en.html,source_txt_block,temp YD_001 source output,C:\Users\binya\Documents\shulchan-yd-temp\newtry\YD_001\output\siman_300\baer-heitev\part-001.txt,true,missing_or_empty,no,,C:\Users\binya\Documents\Shulchan aruch\newtry\OC_Mobile\oc318-mobile-reader\public\corpus\yd1\siman300\seif-002\baer-heitev\he.html,"<b>וקשר. </b> תתכגון שמעביר המחט פעם אחד ואינו מעביר כל החוט ומעביר המחט פעם שני ונמצא שני ראשי החוטין ביחד וקושר שני ראשי החוטין. הרא""ש וטור:"
yd1,baer-heitev,siman331,seif-116,C:\Users\binya\Documents\Shulchan aruch\newtry\OC_Mobile\oc318-mobile-reader\public\corpus\yd1\siman331\seif-116\baer-heitev\en.html,corpus_en_html,SA_Sandbox corpus mirror,C:\Users\binya\Documents\Shulchan aruch\newtry\SA_Sandbox\public\corpus\yd1\siman331\seif-116\baer-heitev\en.html,false,missing_or_empty,no,,C:\Users\binya\Documents\Shulchan aruch\newtry\OC_Mobile\oc318-mobile-reader\public\corpus\yd1\siman331\seif-116\baer-heitev\he.html,"<b>מדליקין. </b> בחול ואצ""ל בשבת: | <b>מותר. </b> שהרי יעשר מהם לכשיגדלו: | <b>כזורע. </b> שהרי מפקיעין מידי מעשר מכל וכל:"
yd1,baer-heitev,siman331,seif-116,C:\Users\binya\Documents\Shulchan aruch\newtry\OC_Mobile\oc318-mobile-reader\public\corpus\yd1\siman331\seif-116\baer-heitev\en.html,corpus_en_html,shulchan-yd-temp corpus mirror,C:\Users\binya\Documents\shulchan-yd-temp\newtry\OC_Mobile\oc318-mobile-reader\public\corpus\yd1\siman331\seif-116\baer-heitev\en.html,false,missing_or_empty,no,,C:\Users\binya\Documents\Shulchan aruch\newtry\OC_Mobile\oc318-mobile-reader\public\corpus\yd1\siman331\seif-116\baer-heitev\he.html,"<b>מדליקין. </b> בחול ואצ""ל בשבת: | <b>מותר. </b> שהרי יעשר מהם לכשיגדלו: | <b>כזורע. </b> שהרי מפקיעין מידי מעשר מכל וכל:"
yd1,baer-heitev,siman331,seif-116,C:\Users\binya\Documents\Shulchan aruch\newtry\OC_Mobile\oc318-mobile-reader\public\corpus\yd1\siman331\seif-116\baer-heitev\en.html,source_txt_block,current YD_001 source output,C:\Users\binya\Documents\Shulchan aruch\newtry\YD_001\output\siman_331\baer-heitev\part-001.txt,false,missing_or_empty,no,,C:\Users\binya\Documents\Shulchan aruch\newtry\OC_Mobile\oc318-mobile-reader\public\corpus\yd1\siman331\seif-116\baer-heitev\he.html,"<b>מדליקין. </b> בחול ואצ""ל בשבת: | <b>מותר. </b> שהרי יעשר מהם לכשיגדלו: | <b>כזורע. </b> שהרי מפקיעין מידי מעשר מכל וכל:"
yd1,baer-heitev,siman331,seif-116,C:\Users\binya\Documents\Shulchan aruch\newtry\OC_Mobile\oc318-mobile-reader\public\corpus\yd1\siman331\seif-116\baer-heitev\en.html,source_txt_block,temp YD_001 source output,C:\Users\binya\Documents\shulchan-yd-temp\newtry\YD_001\output\siman_331\baer-heitev\part-001.txt,true,missing_or_empty,no,,C:\Users\binya\Documents\Shulchan aruch\newtry\OC_Mobile\oc318-mobile-reader\public\corpus\yd1\siman331\seif-116\baer-heitev\he.html,"<b>מדליקין. </b> בחול ואצ""ל בשבת: | <b>מותר. </b> שהרי יעשר מהם לכשיגדלו: | <b>כזורע. </b> שהרי מפקיעין מידי מעשר מכל וכל:"
yd1,baer-heitev,siman374,seif-006,C:\Users\binya\Documents\Shulchan aruch\newtry\OC_Mobile\oc318-mobile-reader\public\corpus\yd1\siman374\seif-006\baer-heitev\en.html,corpus_en_html,SA_Sandbox corpus mirror,C:\Users\binya\Documents\Shulchan aruch\newtry\SA_Sandbox\public\corpus\yd1\siman374\seif-006\baer-heitev\en.html,false,missing_or_empty,no,,C:\Users\binya\Documents\Shulchan aruch\newtry\OC_Mobile\oc318-mobile-reader\public\corpus\yd1\siman374\seif-006\baer-heitev\he.html,"<b>המתמיהים. </b> כתב הש""ך ואע""ג דמי שרוצה להחמיר ולהתאבל על מי שאינו צריך הרשות בידו וכמ""ש הרב בסוף הג""ה היינו דוקא כשמתאבל לגמרי כדין אבילות אבל כשאינו מתאבל אלא לפניו הוי כלועג לאבל עכ""ל <small>(ולי נראה הא דאמר אין מוחין בידו היינו מי שעושה זה מצד עצמו שיודע שאינו חייב בדבר אלא שעושים מקצת אבילות לכבוד המת מצד שהיה אוהבו או קרובו או מצד מע""ט שהיה בו או משארי טעמים שזו היתר גמור כמו שמביא בד""מ תשובת הרא""ש כלל כ""ז סי' ט' וז""ל וששאלתם אם הרשות בידם ללבוש שחורים על חמיו שנפטר או על אוהבו י""ב חודש. על חמיו פשיטא דרשות בידו כו' ועל אוהבו נמי אם רוצה להצטער עליו בלבישת שחורים או בשביל כבודו הרשות בידו. וכן מצינו בדוד שקבל הבראה על אבנר עכ""ל. ומ""ש שאינו אלא מן המתמיהים היינו מי שרוצה לעשות זה מצד החיוב לנהוג אבלות כמו האבלים ורוצה לדחוק עצמו בקורבה כמו האבלים ממש וזה נקרא כמו לועג לאבל. ובאה""ע סי' קמ""ה ס""ט בהג""ה אשה שנתגרשה על תנאי ומת הבעל אינה צריכה להתאבל עליו אבל אין איסור אם רצונה להחמיר על עצמה לבכות עליו ולצאת אחר מטתו עכ""ל ופי' בה""י דלא חיישינן שמא יוציאו לעז על הגט ויאמרו שאינו גט אעפ""כ אין איסור בדבר הרי שאומר בלשון שרצונה להחמיר באיזה דבר שמותר)</small>: | <b>לעדות. </b> עי' בח""מ סי' ל""ג איזהו פסולין לעדות ומ""מ נראה דדוקא פסולי עדות מחמת קורבה דשאר אבל לא מחמת קורבה דקדושין כדלקמן בסעיף שאח""ז עכ""ל הש""ך: | <b>הראשון. </b> וכתב הב""ח דכ""ש דאסור לילך לסעודת מצוה כגון ברית מילה עד מוצאי שבת וכתב בתשובת מ""ב דיש מקומות שנוהגים רק פסולי עדות למת מראין קצת אבילות ויש מקומות שאפילו שלישי ברביעי מראין אבילות והיכא דנהוג נהוג והיכא דלא נהוג נראה דאין להראות אבילות רק הפסולים לעדות. ומ""מ נראה דאין כל הקרובים שוים לזה אלא קרוב קרוב קודם. ואותם קרובים שמן הדין היו חייבים להתאבל ממש אע""ג דהאידנא לא נהיגין הכי מ""מ צריכין להראות אבילות ביום המיתה או ביום השמועה אם הוא תוך ל' יום עד מוצאי שבת הראשון ואין להחליף מבגדי חול לבגדי שבת גם אין לרחוץ בחמין ולא לחוף הראש רק בצונן או במים פושרין ואין לאכול חוץ מביתו לא בסעודת מצוה ולא בסעודת מריעות אבל כתונת לבן אין למנוע לכבוד שבת גם אין לשנות את מקומן בבהכ""נ ובמו""ש מותר בכל דבר בין אם הוא מופלג או סמוך ואותן הקרובים שמן הדין אין מתאבלין אין להחמיר בכל אלו ודי להם בבגד העליון של חול ושלא לאכול חוץ לבית ע""כ ומ""ש להתיר לקרובים שאין מתאבלים מן הדין ברחיצת חמין וכו' אין נראה כן מדברי הרב דהא אוסר ברחיצה לפסולי עדות דהיינו שני בשני אע""פ שמן הדין אין מתאבלין. גם מ""ש להחמיר באותן שמתאבלין מן הדין שלא להחליף כלל מבגדי חול אין נראה כן אלא משנים רק קצת מבגדיהם. ומ""מ נראה דהולכים בדברים אלו אחר המנהג עכ""ל הש""ך:"
yd1,baer-heitev,siman374,seif-006,C:\Users\binya\Documents\Shulchan aruch\newtry\OC_Mobile\oc318-mobile-reader\public\corpus\yd1\siman374\seif-006\baer-heitev\en.html,corpus_en_html,shulchan-yd-temp corpus mirror,C:\Users\binya\Documents\shulchan-yd-temp\newtry\OC_Mobile\oc318-mobile-reader\public\corpus\yd1\siman374\seif-006\baer-heitev\en.html,false,missing_or_empty,no,,C:\Users\binya\Documents\Shulchan aruch\newtry\OC_Mobile\oc318-mobile-reader\public\corpus\yd1\siman374\seif-006\baer-heitev\he.html,"<b>המתמיהים. </b> כתב הש""ך ואע""ג דמי שרוצה להחמיר ולהתאבל על מי שאינו צריך הרשות בידו וכמ""ש הרב בסוף הג""ה היינו דוקא כשמתאבל לגמרי כדין אבילות אבל כשאינו מתאבל אלא לפניו הוי כלועג לאבל עכ""ל <small>(ולי נראה הא דאמר אין מוחין בידו היינו מי שעושה זה מצד עצמו שיודע שאינו חייב בדבר אלא שעושים מקצת אבילות לכבוד המת מצד שהיה אוהבו או קרובו או מצד מע""ט שהיה בו או משארי טעמים שזו היתר גמור כמו שמביא בד""מ תשובת הרא""ש כלל כ""ז סי' ט' וז""ל וששאלתם אם הרשות בידם ללבוש שחורים על חמיו שנפטר או על אוהבו י""ב חודש. על חמיו פשיטא דרשות בידו כו' ועל אוהבו נמי אם רוצה להצטער עליו בלבישת שחורים או בשביל כבודו הרשות בידו. וכן מצינו בדוד שקבל הבראה על אבנר עכ""ל. ומ""ש שאינו אלא מן המתמיהים היינו מי שרוצה לעשות זה מצד החיוב לנהוג אבלות כמו האבלים ורוצה לדחוק עצמו בקורבה כמו האבלים ממש וזה נקרא כמו לועג לאבל. ובאה""ע סי' קמ""ה ס""ט בהג""ה אשה שנתגרשה על תנאי ומת הבעל אינה צריכה להתאבל עליו אבל אין איסור אם רצונה להחמיר על עצמה לבכות עליו ולצאת אחר מטתו עכ""ל ופי' בה""י דלא חיישינן שמא יוציאו לעז על הגט ויאמרו שאינו גט אעפ""כ אין איסור בדבר הרי שאומר בלשון שרצונה להחמיר באיזה דבר שמותר)</small>: | <b>לעדות. </b> עי' בח""מ סי' ל""ג איזהו פסולין לעדות ומ""מ נראה דדוקא פסולי עדות מחמת קורבה דשאר אבל לא מחמת קורבה דקדושין כדלקמן בסעיף שאח""ז עכ""ל הש""ך: | <b>הראשון. </b> וכתב הב""ח דכ""ש דאסור לילך לסעודת מצוה כגון ברית מילה עד מוצאי שבת וכתב בתשובת מ""ב דיש מקומות שנוהגים רק פסולי עדות למת מראין קצת אבילות ויש מקומות שאפילו שלישי ברביעי מראין אבילות והיכא דנהוג נהוג והיכא דלא נהוג נראה דאין להראות אבילות רק הפסולים לעדות. ומ""מ נראה דאין כל הקרובים שוים לזה אלא קרוב קרוב קודם. ואותם קרובים שמן הדין היו חייבים להתאבל ממש אע""ג דהאידנא לא נהיגין הכי מ""מ צריכין להראות אבילות ביום המיתה או ביום השמועה אם הוא תוך ל' יום עד מוצאי שבת הראשון ואין להחליף מבגדי חול לבגדי שבת גם אין לרחוץ בחמין ולא לחוף הראש רק בצונן או במים פושרין ואין לאכול חוץ מביתו לא בסעודת מצוה ולא בסעודת מריעות אבל כתונת לבן אין למנוע לכבוד שבת גם אין לשנות את מקומן בבהכ""נ ובמו""ש מותר בכל דבר בין אם הוא מופלג או סמוך ואותן הקרובים שמן הדין אין מתאבלין אין להחמיר בכל אלו ודי להם בבגד העליון של חול ושלא לאכול חוץ לבית ע""כ ומ""ש להתיר לקרובים שאין מתאבלים מן הדין ברחיצת חמין וכו' אין נראה כן מדברי הרב דהא אוסר ברחיצה לפסולי עדות דהיינו שני בשני אע""פ שמן הדין אין מתאבלין. גם מ""ש להחמיר באותן שמתאבלין מן הדין שלא להחליף כלל מבגדי חול אין נראה כן אלא משנים רק קצת מבגדיהם. ומ""מ נראה דהולכים בדברים אלו אחר המנהג עכ""ל הש""ך:"
yd1,baer-heitev,siman374,seif-006,C:\Users\binya\Documents\Shulchan aruch\newtry\OC_Mobile\oc318-mobile-reader\public\corpus\yd1\siman374\seif-006\baer-heitev\en.html,source_txt_block,current YD_001 source output,C:\Users\binya\Documents\Shulchan aruch\newtry\YD_001\output\siman_374\baer-heitev\part-001.txt,false,missing_or_empty,no,,C:\Users\binya\Documents\Shulchan aruch\newtry\OC_Mobile\oc318-mobile-reader\public\corpus\yd1\siman374\seif-006\baer-heitev\he.html,"<b>המתמיהים. </b> כתב הש""ך ואע""ג דמי שרוצה להחמיר ולהתאבל על מי שאינו צריך הרשות בידו וכמ""ש הרב בסוף הג""ה היינו דוקא כשמתאבל לגמרי כדין אבילות אבל כשאינו מתאבל אלא לפניו הוי כלועג לאבל עכ""ל <small>(ולי נראה הא דאמר אין מוחין בידו היינו מי שעושה זה מצד עצמו שיודע שאינו חייב בדבר אלא שעושים מקצת אבילות לכבוד המת מצד שהיה אוהבו או קרובו או מצד מע""ט שהיה בו או משארי טעמים שזו היתר גמור כמו שמביא בד""מ תשובת הרא""ש כלל כ""ז סי' ט' וז""ל וששאלתם אם הרשות בידם ללבוש שחורים על חמיו שנפטר או על אוהבו י""ב חודש. על חמיו פשיטא דרשות בידו כו' ועל אוהבו נמי אם רוצה להצטער עליו בלבישת שחורים או בשביל כבודו הרשות בידו. וכן מצינו בדוד שקבל הבראה על אבנר עכ""ל. ומ""ש שאינו אלא מן המתמיהים היינו מי שרוצה לעשות זה מצד החיוב לנהוג אבלות כמו האבלים ורוצה לדחוק עצמו בקורבה כמו האבלים ממש וזה נקרא כמו לועג לאבל. ובאה""ע סי' קמ""ה ס""ט בהג""ה אשה שנתגרשה על תנאי ומת הבעל אינה צריכה להתאבל עליו אבל אין איסור אם רצונה להחמיר על עצמה לבכות עליו ולצאת אחר מטתו עכ""ל ופי' בה""י דלא חיישינן שמא יוציאו לעז על הגט ויאמרו שאינו גט אעפ""כ אין איסור בדבר הרי שאומר בלשון שרצונה להחמיר באיזה דבר שמותר)</small>: | <b>לעדות. </b> עי' בח""מ סי' ל""ג איזהו פסולין לעדות ומ""מ נראה דדוקא פסולי עדות מחמת קורבה דשאר אבל לא מחמת קורבה דקדושין כדלקמן בסעיף שאח""ז עכ""ל הש""ך: | <b>הראשון. </b> וכתב הב""ח דכ""ש דאסור לילך לסעודת מצוה כגון ברית מילה עד מוצאי שבת וכתב בתשובת מ""ב דיש מקומות שנוהגים רק פסולי עדות למת מראין קצת אבילות ויש מקומות שאפילו שלישי ברביעי מראין אבילות והיכא דנהוג נהוג והיכא דלא נהוג נראה דאין להראות אבילות רק הפסולים לעדות. ומ""מ נראה דאין כל הקרובים שוים לזה אלא קרוב קרוב קודם. ואותם קרובים שמן הדין היו חייבים להתאבל ממש אע""ג דהאידנא לא נהיגין הכי מ""מ צריכין להראות אבילות ביום המיתה או ביום השמועה אם הוא תוך ל' יום עד מוצאי שבת הראשון ואין להחליף מבגדי חול לבגדי שבת גם אין לרחוץ בחמין ולא לחוף הראש רק בצונן או במים פושרין ואין לאכול חוץ מביתו לא בסעודת מצוה ולא בסעודת מריעות אבל כתונת לבן אין למנוע לכבוד שבת גם אין לשנות את מקומן בבהכ""נ ובמו""ש מותר בכל דבר בין אם הוא מופלג או סמוך ואותן הקרובים שמן הדין אין מתאבלין אין להחמיר בכל אלו ודי להם בבגד העליון של חול ושלא לאכול חוץ לבית ע""כ ומ""ש להתיר לקרובים שאין מתאבלים מן הדין ברחיצת חמין וכו' אין נראה כן מדברי הרב דהא אוסר ברחיצה לפסולי עדות דהיינו שני בשני אע""פ שמן הדין אין מתאבלין. גם מ""ש להחמיר באותן שמתאבלין מן הדין שלא להחליף כלל מבגדי חול אין נראה כן אלא משנים רק קצת מבגדיהם. ומ""מ נראה דהולכים בדברים אלו אחר המנהג עכ""ל הש""ך:"
yd1,baer-heitev,siman374,seif-006,C:\Users\binya\Documents\Shulchan aruch\newtry\OC_Mobile\oc318-mobile-reader\public\corpus\yd1\siman374\seif-006\baer-heitev\en.html,source_txt_block,temp YD_001 source output,C:\Users\binya\Documents\shulchan-yd-temp\newtry\YD_001\output\siman_374\baer-heitev\part-001.txt,true,missing_or_empty,no,,C:\Users\binya\Documents\Shulchan aruch\newtry\OC_Mobile\oc318-mobile-reader\public\corpus\yd1\siman374\seif-006\baer-heitev\he.html,"<b>המתמיהים. </b> כתב הש""ך ואע""ג דמי שרוצה להחמיר ולהתאבל על מי שאינו צריך הרשות בידו וכמ""ש הרב בסוף הג""ה היינו דוקא כשמתאבל לגמרי כדין אבילות אבל כשאינו מתאבל אלא לפניו הוי כלועג לאבל עכ""ל <small>(ולי נראה הא דאמר אין מוחין בידו היינו מי שעושה זה מצד עצמו שיודע שאינו חייב בדבר אלא שעושים מקצת אבילות לכבוד המת מצד שהיה אוהבו או קרובו או מצד מע""ט שהיה בו או משארי טעמים שזו היתר גמור כמו שמביא בד""מ תשובת הרא""ש כלל כ""ז סי' ט' וז""ל וששאלתם אם הרשות בידם ללבוש שחורים על חמיו שנפטר או על אוהבו י""ב חודש. על חמיו פשיטא דרשות בידו כו' ועל אוהבו נמי אם רוצה להצטער עליו בלבישת שחורים או בשביל כבודו הרשות בידו. וכן מצינו בדוד שקבל הבראה על אבנר עכ""ל. ומ""ש שאינו אלא מן המתמיהים היינו מי שרוצה לעשות זה מצד החיוב לנהוג אבלות כמו האבלים ורוצה לדחוק עצמו בקורבה כמו האבלים ממש וזה נקרא כמו לועג לאבל. ובאה""ע סי' קמ""ה ס""ט בהג""ה אשה שנתגרשה על תנאי ומת הבעל אינה צריכה להתאבל עליו אבל אין איסור אם רצונה להחמיר על עצמה לבכות עליו ולצאת אחר מטתו עכ""ל ופי' בה""י דלא חיישינן שמא יוציאו לעז על הגט ויאמרו שאינו גט אעפ""כ אין איסור בדבר הרי שאומר בלשון שרצונה להחמיר באיזה דבר שמותר)</small>: | <b>לעדות. </b> עי' בח""מ סי' ל""ג איזהו פסולין לעדות ומ""מ נראה דדוקא פסולי עדות מחמת קורבה דשאר אבל לא מחמת קורבה דקדושין כדלקמן בסעיף שאח""ז עכ""ל הש""ך: | <b>הראשון. </b> וכתב הב""ח דכ""ש דאסור לילך לסעודת מצוה כגון ברית מילה עד מוצאי שבת וכתב בתשובת מ""ב דיש מקומות שנוהגים רק פסולי עדות למת מראין קצת אבילות ויש מקומות שאפילו שלישי ברביעי מראין אבילות והיכא דנהוג נהוג והיכא דלא נהוג נראה דאין להראות אבילות רק הפסולים לעדות. ומ""מ נראה דאין כל הקרובים שוים לזה אלא קרוב קרוב קודם. ואותם קרובים שמן הדין היו חייבים להתאבל ממש אע""ג דהאידנא לא נהיגין הכי מ""מ צריכין להראות אבילות ביום המיתה או ביום השמועה אם הוא תוך ל' יום עד מוצאי שבת הראשון ואין להחליף מבגדי חול לבגדי שבת גם אין לרחוץ בחמין ולא לחוף הראש רק בצונן או במים פושרין ואין לאכול חוץ מביתו לא בסעודת מצוה ולא בסעודת מריעות אבל כתונת לבן אין למנוע לכבוד שבת גם אין לשנות את מקומן בבהכ""נ ובמו""ש מותר בכל דבר בין אם הוא מופלג או סמוך ואותן הקרובים שמן הדין אין מתאבלין אין להחמיר בכל אלו ודי להם בבגד העליון של חול ושלא לאכול חוץ לבית ע""כ ומ""ש להתיר לקרובים שאין מתאבלים מן הדין ברחיצת חמין וכו' אין נראה כן מדברי הרב דהא אוסר ברחיצה לפסולי עדות דהיינו שני בשני אע""פ שמן הדין אין מתאבלין. גם מ""ש להחמיר באותן שמתאבלין מן הדין שלא להחליף כלל מבגדי חול אין נראה כן אלא משנים רק קצת מבגדיהם. ומ""מ נראה דהולכים בדברים אלו אחר המנהג עכ""ל הש""ך:"
yd1,baer-heitev,siman380,seif-007,C:\Users\binya\Documents\Shulchan aruch\newtry\OC_Mobile\oc318-mobile-reader\public\corpus\yd1\siman380\seif-007\baer-heitev\en.html,corpus_en_html,SA_Sandbox corpus mirror,C:\Users\binya\Documents\Shulchan aruch\newtry\SA_Sandbox\public\corpus\yd1\siman380\seif-007\baer-heitev\en.html,false,missing_or_empty,no,,C:\Users\binya\Documents\Shulchan aruch\newtry\OC_Mobile\oc318-mobile-reader\public\corpus\yd1\siman380\seif-007\baer-heitev\he.html,<b>האבד. </b> שאם לא ילוה להם ילכו לאחרים וילוו להם וירגילום לבא אצלם ואיכא פסידא. טור:
yd1,baer-heitev,siman380,seif-007,C:\Users\binya\Documents\Shulchan aruch\newtry\OC_Mobile\oc318-mobile-reader\public\corpus\yd1\siman380\seif-007\baer-heitev\en.html,corpus_en_html,shulchan-yd-temp corpus mirror,C:\Users\binya\Documents\shulchan-yd-temp\newtry\OC_Mobile\oc318-mobile-reader\public\corpus\yd1\siman380\seif-007\baer-heitev\en.html,false,missing_or_empty,no,,C:\Users\binya\Documents\Shulchan aruch\newtry\OC_Mobile\oc318-mobile-reader\public\corpus\yd1\siman380\seif-007\baer-heitev\he.html,<b>האבד. </b> שאם לא ילוה להם ילכו לאחרים וילוו להם וירגילום לבא אצלם ואיכא פסידא. טור:
yd1,baer-heitev,siman380,seif-007,C:\Users\binya\Documents\Shulchan aruch\newtry\OC_Mobile\oc318-mobile-reader\public\corpus\yd1\siman380\seif-007\baer-heitev\en.html,source_txt_block,current YD_001 source output,C:\Users\binya\Documents\Shulchan aruch\newtry\YD_001\output\siman_380\baer-heitev\part-001.txt,false,missing_or_empty,no,,C:\Users\binya\Documents\Shulchan aruch\newtry\OC_Mobile\oc318-mobile-reader\public\corpus\yd1\siman380\seif-007\baer-heitev\he.html,<b>האבד. </b> שאם לא ילוה להם ילכו לאחרים וילוו להם וירגילום לבא אצלם ואיכא פסידא. טור:
yd1,baer-heitev,siman380,seif-007,C:\Users\binya\Documents\Shulchan aruch\newtry\OC_Mobile\oc318-mobile-reader\public\corpus\yd1\siman380\seif-007\baer-heitev\en.html,source_txt_block,temp YD_001 source output,C:\Users\binya\Documents\shulchan-yd-temp\newtry\YD_001\output\siman_380\baer-heitev\part-001.txt,true,missing_or_empty,no,,C:\Users\binya\Documents\Shulchan aruch\newtry\OC_Mobile\oc318-mobile-reader\public\corpus\yd1\siman380\seif-007\baer-heitev\he.html,<b>האבד. </b> שאם לא ילוה להם ילכו לאחרים וילוו להם וירגילום לבא אצלם ואיכא פסידא. טור:
oc1,kaf-hachayyim,siman128,seif-021,C:\Users\binya\Documents\Shulchan aruch\newtry\OC_Mobile\oc318-mobile-reader\public\corpus\oc1\siman128\seif-021\kaf-hachayyim\en.html,corpus_en_html,SA_Sandbox corpus mirror,C:\Users\binya\Documents\Shulchan aruch\newtry\SA_Sandbox\public\corpus\oc1\siman128\seif-021\kaf-hachayyim\en.html,false,missing_or_empty,no,,C:\Users\binya\Documents\Shulchan aruch\newtry\OC_Mobile\oc318-mobile-reader\public\corpus\oc1\siman128\seif-021\kaf-hachayyim\he.html,"<b>כא) כתב  </b>הרב זרע אברהם א""ח סי' י""ב דכהן ירושלמי יכיל לברך ב""כ בתפלת המוספין ביו""ט ב' לבני חו""ל אם אין להם כהן אע""ג דלדידיה לאו שעת עבודה היא כיון דעבודה לגבי דידיה לאו כלום הוא דהא חול גמור הוא לגבי אפ""ה כיון שלפי הדין בידו לברך את ישראל בכל שעה שירצה יכול לברך לבני חו""ל מידי דהוה המברך לצבור כמה פעמים, וכן דעת מהר""ר בן חביב שהובאו דבריו באורך בס' גו""ר כלל א' סי' י""ג ומסיק דאם יש עמהן כהן מחו""ל לא יעלו עמו כהנים של ירושלים ואם אין להם כהן יעלה כהן ירושלמי אבל מהר""א הלוי ז""ל שם סי' י""ד האריך בזה ומסיק וכתב כללא דהאי מילתא דלא אשכחנא ראיה מכרעת לברר האי ספיקא ומי יערב אל לבו לעשות מעשה וליכנס בספק ברכות וכדי להפיס דעת העליונה הואיל ונפק מפומייהו דרבנן תקיפי ארעא דא""י ראוי שיברכו ב""כ אך לא בברכת אקב""ו יעו""ש, והב""ד הש""ץ דקמ""ו ע""ב וע""ג עיקרי הד""ט סי' ה' אות ז'. ועוד עיין להרב המגיה שם בש""ץ דף רל""ה ע""ד ודף רל""ו ע""א שכתב דאם יכול להשמט הרי טוב וא""ל אם יש כהנים אחרים עולה עמהם ומברך אקב""ו בלי שם ומלכות ואם אין שם אלא הוא עולה ומברך כדרכו כס' מהר""ם בן חביב ומהרא""י ז""ל יעו""ש אבל לי נראה דכהן ירושלמי שיצא לחו""ל ע""מ לחזור ומתפללים מוסף ביו""ט ב' או שמתפלל בירושלים עצמה עם בני חי""ל הבאים לזייארה אם יש כהנים עמו מבני חו""ל יכול לעלות עמהם ולברך אקב""ו בלא שם ומלכות דכיון דיש עמו אחרים אינה נראית ברכתו אבל אם לא יש עמו אחרים יש לו להשמט דוקא ולצאת לחוץ קודם לרצה כדי לצאת מספק:"
oc1,kaf-hachayyim,siman128,seif-021,C:\Users\binya\Documents\Shulchan aruch\newtry\OC_Mobile\oc318-mobile-reader\public\corpus\oc1\siman128\seif-021\kaf-hachayyim\en.html,corpus_en_html,shulchan-yd-temp corpus mirror,C:\Users\binya\Documents\shulchan-yd-temp\newtry\OC_Mobile\oc318-mobile-reader\public\corpus\oc1\siman128\seif-021\kaf-hachayyim\en.html,false,missing_or_empty,no,,C:\Users\binya\Documents\Shulchan aruch\newtry\OC_Mobile\oc318-mobile-reader\public\corpus\oc1\siman128\seif-021\kaf-hachayyim\he.html,"<b>כא) כתב  </b>הרב זרע אברהם א""ח סי' י""ב דכהן ירושלמי יכיל לברך ב""כ בתפלת המוספין ביו""ט ב' לבני חו""ל אם אין להם כהן אע""ג דלדידיה לאו שעת עבודה היא כיון דעבודה לגבי דידיה לאו כלום הוא דהא חול גמור הוא לגבי אפ""ה כיון שלפי הדין בידו לברך את ישראל בכל שעה שירצה יכול לברך לבני חו""ל מידי דהוה המברך לצבור כמה פעמים, וכן דעת מהר""ר בן חביב שהובאו דבריו באורך בס' גו""ר כלל א' סי' י""ג ומסיק דאם יש עמהן כהן מחו""ל לא יעלו עמו כהנים של ירושלים ואם אין להם כהן יעלה כהן ירושלמי אבל מהר""א הלוי ז""ל שם סי' י""ד האריך בזה ומסיק וכתב כללא דהאי מילתא דלא אשכחנא ראיה מכרעת לברר האי ספיקא ומי יערב אל לבו לעשות מעשה וליכנס בספק ברכות וכדי להפיס דעת העליונה הואיל ונפק מפומייהו דרבנן תקיפי ארעא דא""י ראוי שיברכו ב""כ אך לא בברכת אקב""ו יעו""ש, והב""ד הש""ץ דקמ""ו ע""ב וע""ג עיקרי הד""ט סי' ה' אות ז'. ועוד עיין להרב המגיה שם בש""ץ דף רל""ה ע""ד ודף רל""ו ע""א שכתב דאם יכול להשמט הרי טוב וא""ל אם יש כהנים אחרים עולה עמהם ומברך אקב""ו בלי שם ומלכות ואם אין שם אלא הוא עולה ומברך כדרכו כס' מהר""ם בן חביב ומהרא""י ז""ל יעו""ש אבל לי נראה דכהן ירושלמי שיצא לחו""ל ע""מ לחזור ומתפללים מוסף ביו""ט ב' או שמתפלל בירושלים עצמה עם בני חי""ל הבאים לזייארה אם יש כהנים עמו מבני חו""ל יכול לעלות עמהם ולברך אקב""ו בלא שם ומלכות דכיון דיש עמו אחרים אינה נראית ברכתו אבל אם לא יש עמו אחרים יש לו להשמט דוקא ולצאת לחוץ קודם לרצה כדי לצאת מספק:"
oc1,kaf-hachayyim,siman128,seif-021,C:\Users\binya\Documents\Shulchan aruch\newtry\OC_Mobile\oc318-mobile-reader\public\corpus\oc1\siman128\seif-021\kaf-hachayyim\en.html,source_txt_block,current OC_001 source output,C:\Users\binya\Documents\Shulchan aruch\newtry\OC_001\output\siman_128\kaf-hachayyim\part-001.txt,true,possibly_clean,yes,11) The writing of Rabbi Zera Avraham AH C. 12 Dacohen Yerushalmi yichil to bless BK in the prayer of the Muspin in Yot 2 for the children of the diaspora if they do not have a priest AAG Daldidiya no a working hour is a,C:\Users\binya\Documents\Shulchan aruch\newtry\OC_Mobile\oc318-mobile-reader\public\corpus\oc1\siman128\seif-021\kaf-hachayyim\he.html,"<b>כא) כתב  </b>הרב זרע אברהם א""ח סי' י""ב דכהן ירושלמי יכיל לברך ב""כ בתפלת המוספין ביו""ט ב' לבני חו""ל אם אין להם כהן אע""ג דלדידיה לאו שעת עבודה היא כיון דעבודה לגבי דידיה לאו כלום הוא דהא חול גמור הוא לגבי אפ""ה כיון שלפי הדין בידו לברך את ישראל בכל שעה שירצה יכול לברך לבני חו""ל מידי דהוה המברך לצבור כמה פעמים, וכן דעת מהר""ר בן חביב שהובאו דבריו באורך בס' גו""ר כלל א' סי' י""ג ומסיק דאם יש עמהן כהן מחו""ל לא יעלו עמו כהנים של ירושלים ואם אין להם כהן יעלה כהן ירושלמי אבל מהר""א הלוי ז""ל שם סי' י""ד האריך בזה ומסיק וכתב כללא דהאי מילתא דלא אשכחנא ראיה מכרעת לברר האי ספיקא ומי יערב אל לבו לעשות מעשה וליכנס בספק ברכות וכדי להפיס דעת העליונה הואיל ונפק מפומייהו דרבנן תקיפי ארעא דא""י ראוי שיברכו ב""כ אך לא בברכת אקב""ו יעו""ש, והב""ד הש""ץ דקמ""ו ע""ב וע""ג עיקרי הד""ט סי' ה' אות ז'. ועוד עיין להרב המגיה שם בש""ץ דף רל""ה ע""ד ודף רל""ו ע""א שכתב דאם יכול להשמט הרי טוב וא""ל אם יש כהנים אחרים עולה עמהם ומברך אקב""ו בלי שם ומלכות ואם אין שם אלא הוא עולה ומברך כדרכו כס' מהר""ם בן חביב ומהרא""י ז""ל יעו""ש אבל לי נראה דכהן ירושלמי שיצא לחו""ל ע""מ לחזור ומתפללים מוסף ביו""ט ב' או שמתפלל בירושלים עצמה עם בני חי""ל הבאים לזייארה אם יש כהנים עמו מבני חו""ל יכול לעלות עמהם ולברך אקב""ו בלא שם ומלכות דכיון דיש עמו אחרים אינה נראית ברכתו אבל אם לא יש עמו אחרים יש לו להשמט דוקא ולצאת לחוץ קודם לרצה כדי לצאת מספק:"
oc1,kaf-hachayyim,siman128,seif-021,C:\Users\binya\Documents\Shulchan aruch\newtry\OC_Mobile\oc318-mobile-reader\public\corpus\oc1\siman128\seif-021\kaf-hachayyim\en.html,source_txt_block,temp OC_001 source output,C:\Users\binya\Documents\shulchan-yd-temp\newtry\OC_001\output\siman_128\kaf-hachayyim\part-001.txt,true,possibly_clean,yes,11) The writing of Rabbi Zera Avraham AH C. 12 Dacohen Yerushalmi yichil to bless BK in the prayer of the Muspin in Yot 2 for the children of the diaspora if they do not have a priest AAG Daldidiya no a working hour is a,C:\Users\binya\Documents\Shulchan aruch\newtry\OC_Mobile\oc318-mobile-reader\public\corpus\oc1\siman128\seif-021\kaf-hachayyim\he.html,"<b>כא) כתב  </b>הרב זרע אברהם א""ח סי' י""ב דכהן ירושלמי יכיל לברך ב""כ בתפלת המוספין ביו""ט ב' לבני חו""ל אם אין להם כהן אע""ג דלדידיה לאו שעת עבודה היא כיון דעבודה לגבי דידיה לאו כלום הוא דהא חול גמור הוא לגבי אפ""ה כיון שלפי הדין בידו לברך את ישראל בכל שעה שירצה יכול לברך לבני חו""ל מידי דהוה המברך לצבור כמה פעמים, וכן דעת מהר""ר בן חביב שהובאו דבריו באורך בס' גו""ר כלל א' סי' י""ג ומסיק דאם יש עמהן כהן מחו""ל לא יעלו עמו כהנים של ירושלים ואם אין להם כהן יעלה כהן ירושלמי אבל מהר""א הלוי ז""ל שם סי' י""ד האריך בזה ומסיק וכתב כללא דהאי מילתא דלא אשכחנא ראיה מכרעת לברר האי ספיקא ומי יערב אל לבו לעשות מעשה וליכנס בספק ברכות וכדי להפיס דעת העליונה הואיל ונפק מפומייהו דרבנן תקיפי ארעא דא""י ראוי שיברכו ב""כ אך לא בברכת אקב""ו יעו""ש, והב""ד הש""ץ דקמ""ו ע""ב וע""ג עיקרי הד""ט סי' ה' אות ז'. ועוד עיין להרב המגיה שם בש""ץ דף רל""ה ע""ד ודף רל""ו ע""א שכתב דאם יכול להשמט הרי טוב וא""ל אם יש כהנים אחרים עולה עמהם ומברך אקב""ו בלי שם ומלכות ואם אין שם אלא הוא עולה ומברך כדרכו כס' מהר""ם בן חביב ומהרא""י ז""ל יעו""ש אבל לי נראה דכהן ירושלמי שיצא לחו""ל ע""מ לחזור ומתפללים מוסף ביו""ט ב' או שמתפלל בירושלים עצמה עם בני חי""ל הבאים לזייארה אם יש כהנים עמו מבני חו""ל יכול לעלות עמהם ולברך אקב""ו בלא שם ומלכות דכיון דיש עמו אחרים אינה נראית ברכתו אבל אם לא יש עמו אחרים יש לו להשמט דוקא ולצאת לחוץ קודם לרצה כדי לצאת מספק:"
oc1,magen-avraham,siman275,seif-012,C:\Users\binya\Documents\Shulchan aruch\newtry\OC_Mobile\oc318-mobile-reader\public\corpus\oc1\siman275\seif-012\magen-avraham\en.html,corpus_en_html,SA_Sandbox corpus mirror,C:\Users\binya\Documents\Shulchan aruch\newtry\SA_Sandbox\public\corpus\oc1\siman275\seif-012\magen-avraham\en.html,false,missing_or_empty,no,,C:\Users\binya\Documents\Shulchan aruch\newtry\OC_Mobile\oc318-mobile-reader\public\corpus\oc1\siman275\seif-012\magen-avraham\he.html,"<b>מפני שאינו מכירן</b>. מלשון הזה משמע שהוא בודק איזה כלים יניח על השלחן, אבל הר""ן כ' שבודקן אם הם נקיים וצ""ל דשמש קבוע מפני שהוא בקי בהם יודע איזה כלי יש בו סדק או אינו נקי כל כך: | <b>ויש מתירין כו'</b>. היינו משום דמאיס ג""כ: | <b>שא""צ עיון וכו'</b>. ואף על גב דאפי' להבחין בין בגדיו לבגדי אשתו אסור הכא התירו משום נקיות [ר""ן], ירושלמי אבל מסתכל הוא מה שבכוס ומה שבקערה ואינו חושש י""א מפני שהוא לשעה וליכא למיחש שיטה וי""א מפני הנקיות ומפני הסכנה [ראב""ן של""ח] ולטעם השני איתא בירוש' דמותר לקנב חוזרין פי' ללקוט ירק כמ""ש סי' תרי""א וחוזרין הוא ל' חזרת ודלא כמ""ש המפרש שם בירוש': | <b>שמא יסתפק</b>. היינו משום שהוא מקרב ידיו לנר ביותר מה שאין כן בשאר תשמישים [בית יוסף] עסי' רס""ב ס""ב:"
oc1,magen-avraham,siman275,seif-012,C:\Users\binya\Documents\Shulchan aruch\newtry\OC_Mobile\oc318-mobile-reader\public\corpus\oc1\siman275\seif-012\magen-avraham\en.html,corpus_en_html,shulchan-yd-temp corpus mirror,C:\Users\binya\Documents\shulchan-yd-temp\newtry\OC_Mobile\oc318-mobile-reader\public\corpus\oc1\siman275\seif-012\magen-avraham\en.html,true,possibly_clean,yes,"(א) Because he does not know. This language means that he checks which tools will be stored on the sender, but the R. is a checker if they are clean and the congregation is fixed because they are clean He knows what kind",C:\Users\binya\Documents\Shulchan aruch\newtry\OC_Mobile\oc318-mobile-reader\public\corpus\oc1\siman275\seif-012\magen-avraham\he.html,"<b>מפני שאינו מכירן</b>. מלשון הזה משמע שהוא בודק איזה כלים יניח על השלחן, אבל הר""ן כ' שבודקן אם הם נקיים וצ""ל דשמש קבוע מפני שהוא בקי בהם יודע איזה כלי יש בו סדק או אינו נקי כל כך: | <b>ויש מתירין כו'</b>. היינו משום דמאיס ג""כ: | <b>שא""צ עיון וכו'</b>. ואף על גב דאפי' להבחין בין בגדיו לבגדי אשתו אסור הכא התירו משום נקיות [ר""ן], ירושלמי אבל מסתכל הוא מה שבכוס ומה שבקערה ואינו חושש י""א מפני שהוא לשעה וליכא למיחש שיטה וי""א מפני הנקיות ומפני הסכנה [ראב""ן של""ח] ולטעם השני איתא בירוש' דמותר לקנב חוזרין פי' ללקוט ירק כמ""ש סי' תרי""א וחוזרין הוא ל' חזרת ודלא כמ""ש המפרש שם בירוש': | <b>שמא יסתפק</b>. היינו משום שהוא מקרב ידיו לנר ביותר מה שאין כן בשאר תשמישים [בית יוסף] עסי' רס""ב ס""ב:"
oc1,magen-avraham,siman275,seif-012,C:\Users\binya\Documents\Shulchan aruch\newtry\OC_Mobile\oc318-mobile-reader\public\corpus\oc1\siman275\seif-012\magen-avraham\en.html,source_txt_block,current OC_001 source output,C:\Users\binya\Documents\Shulchan aruch\newtry\OC_001\output\siman_275\magen-avraham\part-001.txt,true,placeholder,no,English translation pending — replace after editing this block (keep Hebrew above intact).,C:\Users\binya\Documents\Shulchan aruch\newtry\OC_Mobile\oc318-mobile-reader\public\corpus\oc1\siman275\seif-012\magen-avraham\he.html,"<b>מפני שאינו מכירן</b>. מלשון הזה משמע שהוא בודק איזה כלים יניח על השלחן, אבל הר""ן כ' שבודקן אם הם נקיים וצ""ל דשמש קבוע מפני שהוא בקי בהם יודע איזה כלי יש בו סדק או אינו נקי כל כך: | <b>ויש מתירין כו'</b>. היינו משום דמאיס ג""כ: | <b>שא""צ עיון וכו'</b>. ואף על גב דאפי' להבחין בין בגדיו לבגדי אשתו אסור הכא התירו משום נקיות [ר""ן], ירושלמי אבל מסתכל הוא מה שבכוס ומה שבקערה ואינו חושש י""א מפני שהוא לשעה וליכא למיחש שיטה וי""א מפני הנקיות ומפני הסכנה [ראב""ן של""ח] ולטעם השני איתא בירוש' דמותר לקנב חוזרין פי' ללקוט ירק כמ""ש סי' תרי""א וחוזרין הוא ל' חזרת ודלא כמ""ש המפרש שם בירוש': | <b>שמא יסתפק</b>. היינו משום שהוא מקרב ידיו לנר ביותר מה שאין כן בשאר תשמישים [בית יוסף] עסי' רס""ב ס""ב:"
oc1,magen-avraham,siman275,seif-012,C:\Users\binya\Documents\Shulchan aruch\newtry\OC_Mobile\oc318-mobile-reader\public\corpus\oc1\siman275\seif-012\magen-avraham\en.html,source_txt_block,temp OC_001 source output,C:\Users\binya\Documents\shulchan-yd-temp\newtry\OC_001\output\siman_275\magen-avraham\part-001.txt,true,placeholder,no,English translation pending — replace after editing this block (keep Hebrew above intact).,C:\Users\binya\Documents\Shulchan aruch\newtry\OC_Mobile\oc318-mobile-reader\public\corpus\oc1\siman275\seif-012\magen-avraham\he.html,"<b>מפני שאינו מכירן</b>. מלשון הזה משמע שהוא בודק איזה כלים יניח על השלחן, אבל הר""ן כ' שבודקן אם הם נקיים וצ""ל דשמש קבוע מפני שהוא בקי בהם יודע איזה כלי יש בו סדק או אינו נקי כל כך: | <b>ויש מתירין כו'</b>. היינו משום דמאיס ג""כ: | <b>שא""צ עיון וכו'</b>. ואף על גב דאפי' להבחין בין בגדיו לבגדי אשתו אסור הכא התירו משום נקיות [ר""ן], ירושלמי אבל מסתכל הוא מה שבכוס ומה שבקערה ואינו חושש י""א מפני שהוא לשעה וליכא למיחש שיטה וי""א מפני הנקיות ומפני הסכנה [ראב""ן של""ח] ולטעם השני איתא בירוש' דמותר לקנב חוזרין פי' ללקוט ירק כמ""ש סי' תרי""א וחוזרין הוא ל' חזרת ודלא כמ""ש המפרש שם בירוש': | <b>שמא יסתפק</b>. היינו משום שהוא מקרב ידיו לנר ביותר מה שאין כן בשאר תשמישים [בית יוסף] עסי' רס""ב ס""ב:"
oc1,magen-avraham,siman398,seif-004,C:\Users\binya\Documents\Shulchan aruch\newtry\OC_Mobile\oc318-mobile-reader\public\corpus\oc1\siman398\seif-004\magen-avraham\en.html,corpus_en_html,SA_Sandbox corpus mirror,C:\Users\binya\Documents\Shulchan aruch\newtry\SA_Sandbox\public\corpus\oc1\siman398\seif-004\magen-avraham\en.html,false,missing_or_empty,no,,C:\Users\binya\Documents\Shulchan aruch\newtry\OC_Mobile\oc318-mobile-reader\public\corpus\oc1\siman398\seif-004\magen-avraham\he.html,"<b>מן הקשת</b>. וכתב הרב המאירי אותם ששבתו בקשת הולכין כל ריבועו של קשת ועגולו עד ראשי הקשת ומשם ואילך אלפים אמה ע""כ אבל דרך היתר אסורי' לבוא (רדב""ז ח""א ק""ז) והכי איתא בגמ' דאי בעי הדר ואתי דרך בתים: | <b>מן המקום</b>. שנתקצר או שלא נשאר מן הקשת עד שם ב' אלפים (טור): | <b>מן היתר</b>. עמ""ש ס""ח דדוקא לחיצונה אבל לא לאמצעי' וצ""ע למה סתם הטור:"
oc1,magen-avraham,siman398,seif-004,C:\Users\binya\Documents\Shulchan aruch\newtry\OC_Mobile\oc318-mobile-reader\public\corpus\oc1\siman398\seif-004\magen-avraham\en.html,corpus_en_html,shulchan-yd-temp corpus mirror,C:\Users\binya\Documents\shulchan-yd-temp\newtry\OC_Mobile\oc318-mobile-reader\public\corpus\oc1\siman398\seif-004\magen-avraham\en.html,true,possibly_clean,yes,"(א) From the rainbow. And he wrote that his daughter had a proper request for all the squares of the arch and his skull to the heads of the rainbow, and from there thousands of her mother, on the other hand, was not allo",C:\Users\binya\Documents\Shulchan aruch\newtry\OC_Mobile\oc318-mobile-reader\public\corpus\oc1\siman398\seif-004\magen-avraham\he.html,"<b>מן הקשת</b>. וכתב הרב המאירי אותם ששבתו בקשת הולכין כל ריבועו של קשת ועגולו עד ראשי הקשת ומשם ואילך אלפים אמה ע""כ אבל דרך היתר אסורי' לבוא (רדב""ז ח""א ק""ז) והכי איתא בגמ' דאי בעי הדר ואתי דרך בתים: | <b>מן המקום</b>. שנתקצר או שלא נשאר מן הקשת עד שם ב' אלפים (טור): | <b>מן היתר</b>. עמ""ש ס""ח דדוקא לחיצונה אבל לא לאמצעי' וצ""ע למה סתם הטור:"
oc1,magen-avraham,siman398,seif-004,C:\Users\binya\Documents\Shulchan aruch\newtry\OC_Mobile\oc318-mobile-reader\public\corpus\oc1\siman398\seif-004\magen-avraham\en.html,source_txt_block,current OC_001 source output,C:\Users\binya\Documents\Shulchan aruch\newtry\OC_001\output\siman_398\magen-avraham\part-001.txt,true,placeholder,no,English translation pending — replace after editing this block (keep Hebrew above intact).,C:\Users\binya\Documents\Shulchan aruch\newtry\OC_Mobile\oc318-mobile-reader\public\corpus\oc1\siman398\seif-004\magen-avraham\he.html,"<b>מן הקשת</b>. וכתב הרב המאירי אותם ששבתו בקשת הולכין כל ריבועו של קשת ועגולו עד ראשי הקשת ומשם ואילך אלפים אמה ע""כ אבל דרך היתר אסורי' לבוא (רדב""ז ח""א ק""ז) והכי איתא בגמ' דאי בעי הדר ואתי דרך בתים: | <b>מן המקום</b>. שנתקצר או שלא נשאר מן הקשת עד שם ב' אלפים (טור): | <b>מן היתר</b>. עמ""ש ס""ח דדוקא לחיצונה אבל לא לאמצעי' וצ""ע למה סתם הטור:"
oc1,magen-avraham,siman398,seif-004,C:\Users\binya\Documents\Shulchan aruch\newtry\OC_Mobile\oc318-mobile-reader\public\corpus\oc1\siman398\seif-004\magen-avraham\en.html,source_txt_block,temp OC_001 source output,C:\Users\binya\Documents\shulchan-yd-temp\newtry\OC_001\output\siman_398\magen-avraham\part-001.txt,true,placeholder,no,English translation pending — replace after editing this block (keep Hebrew above intact).,C:\Users\binya\Documents\Shulchan aruch\newtry\OC_Mobile\oc318-mobile-reader\public\corpus\oc1\siman398\seif-004\magen-avraham\he.html,"<b>מן הקשת</b>. וכתב הרב המאירי אותם ששבתו בקשת הולכין כל ריבועו של קשת ועגולו עד ראשי הקשת ומשם ואילך אלפים אמה ע""כ אבל דרך היתר אסורי' לבוא (רדב""ז ח""א ק""ז) והכי איתא בגמ' דאי בעי הדר ואתי דרך בתים: | <b>מן המקום</b>. שנתקצר או שלא נשאר מן הקשת עד שם ב' אלפים (טור): | <b>מן היתר</b>. עמ""ש ס""ח דדוקא לחיצונה אבל לא לאמצעי' וצ""ע למה סתם הטור:"
oc1,magen-avraham,siman646,seif-002,C:\Users\binya\Documents\Shulchan aruch\newtry\OC_Mobile\oc318-mobile-reader\public\corpus\oc1\siman646\seif-002\magen-avraham\en.html,corpus_en_html,SA_Sandbox corpus mirror,C:\Users\binya\Documents\Shulchan aruch\newtry\SA_Sandbox\public\corpus\oc1\siman646\seif-002\magen-avraham\en.html,false,missing_or_empty,no,,C:\Users\binya\Documents\Shulchan aruch\newtry\OC_Mobile\oc318-mobile-reader\public\corpus\oc1\siman646\seif-002\magen-avraham\he.html,"פסולי דעבות פסול בכל ז' [ת""ד רכ""ו]: <b>ירוקות כשר</b>. דמינא דהדס הוא: | <b>א' א' לאכילה</b>. ובמיימוני דפוס מהר""מ הא דכ' או שלקטן א' א' לאכילה פי' דאחר שא""צ לזה ההדס מותר ללקטן לכתחלה לאכילה ואף על גב שמתקן ההדס ממילא הוי דבר שאין מתכוין  אבל מי שצריך להדס אף על פי שמלקטן לאכילה הוי פסיק רישי' ואסור וכ""ה בגמ' וכ""כ הרב""י  ואף להפוסקים בססי' ש""ך דלא כהערוך ע""ש בב""י מ""מ לצורך מצוה שרי באחר (תוס'): | <b>ואילך כשר</b>. משום דבידו לתקן: | <b>בכל ענין</b>. ובבד""ה כת' ולא משמע לי הכי אלא כל שלא מיעטן לעולם פסול עכ""ל וכנ""ל דהא""ח ס""ל כהירושלמי שמביא בסי' תרמ""ח דחזזית באתרוג כשר בשאר הימים אבל אנן קי""ל דפסול בכל הימים כמ""ש רמ""א בעצמו בסי' תרמ""ט ס""ד דמנומר פסול בכל ז' א""כ ג""ז פסול דהא איתא בגמרא בהדיא דענוים ה""ל כמנומר ואפשר דס""ל דלמסקנא אין הטעם משום מנומר אלא כשהוא בב' וג' מקומות אבל כשהוא במקום א' אין הטעם משום הדר אבל האמת יורה דרכו דגם במקום א' הטעם משום הדר דאל""כ מאיזה טעם יפסול ודברי רמ""א צ""ע לכן אין להקל:"
oc1,magen-avraham,siman646,seif-002,C:\Users\binya\Documents\Shulchan aruch\newtry\OC_Mobile\oc318-mobile-reader\public\corpus\oc1\siman646\seif-002\magen-avraham\en.html,corpus_en_html,shulchan-yd-temp corpus mirror,C:\Users\binya\Documents\shulchan-yd-temp\newtry\OC_Mobile\oc318-mobile-reader\public\corpus\oc1\siman646\seif-002\magen-avraham\en.html,true,possibly_clean,yes,(1) Psuli Devaot Psoul in all 7 [Tad 14 Racho6]: Kosher greens. Damina Dehadas is:<br> <br> (2) A. A. for eating. And in the letters of a letter from the Haram Ha Dach' or to shorten A' A' for eating P' after that the my,C:\Users\binya\Documents\Shulchan aruch\newtry\OC_Mobile\oc318-mobile-reader\public\corpus\oc1\siman646\seif-002\magen-avraham\he.html,"פסולי דעבות פסול בכל ז' [ת""ד רכ""ו]: <b>ירוקות כשר</b>. דמינא דהדס הוא: | <b>א' א' לאכילה</b>. ובמיימוני דפוס מהר""מ הא דכ' או שלקטן א' א' לאכילה פי' דאחר שא""צ לזה ההדס מותר ללקטן לכתחלה לאכילה ואף על גב שמתקן ההדס ממילא הוי דבר שאין מתכוין  אבל מי שצריך להדס אף על פי שמלקטן לאכילה הוי פסיק רישי' ואסור וכ""ה בגמ' וכ""כ הרב""י  ואף להפוסקים בססי' ש""ך דלא כהערוך ע""ש בב""י מ""מ לצורך מצוה שרי באחר (תוס'): | <b>ואילך כשר</b>. משום דבידו לתקן: | <b>בכל ענין</b>. ובבד""ה כת' ולא משמע לי הכי אלא כל שלא מיעטן לעולם פסול עכ""ל וכנ""ל דהא""ח ס""ל כהירושלמי שמביא בסי' תרמ""ח דחזזית באתרוג כשר בשאר הימים אבל אנן קי""ל דפסול בכל הימים כמ""ש רמ""א בעצמו בסי' תרמ""ט ס""ד דמנומר פסול בכל ז' א""כ ג""ז פסול דהא איתא בגמרא בהדיא דענוים ה""ל כמנומר ואפשר דס""ל דלמסקנא אין הטעם משום מנומר אלא כשהוא בב' וג' מקומות אבל כשהוא במקום א' אין הטעם משום הדר אבל האמת יורה דרכו דגם במקום א' הטעם משום הדר דאל""כ מאיזה טעם יפסול ודברי רמ""א צ""ע לכן אין להקל:"
oc1,magen-avraham,siman646,seif-002,C:\Users\binya\Documents\Shulchan aruch\newtry\OC_Mobile\oc318-mobile-reader\public\corpus\oc1\siman646\seif-002\magen-avraham\en.html,source_txt_block,current OC_001 source output,C:\Users\binya\Documents\Shulchan aruch\newtry\OC_001\output\siman_646\magen-avraham\part-001.txt,true,placeholder,no,English translation pending — replace after editing this block (keep Hebrew above intact).,C:\Users\binya\Documents\Shulchan aruch\newtry\OC_Mobile\oc318-mobile-reader\public\corpus\oc1\siman646\seif-002\magen-avraham\he.html,"פסולי דעבות פסול בכל ז' [ת""ד רכ""ו]: <b>ירוקות כשר</b>. דמינא דהדס הוא: | <b>א' א' לאכילה</b>. ובמיימוני דפוס מהר""מ הא דכ' או שלקטן א' א' לאכילה פי' דאחר שא""צ לזה ההדס מותר ללקטן לכתחלה לאכילה ואף על גב שמתקן ההדס ממילא הוי דבר שאין מתכוין  אבל מי שצריך להדס אף על פי שמלקטן לאכילה הוי פסיק רישי' ואסור וכ""ה בגמ' וכ""כ הרב""י  ואף להפוסקים בססי' ש""ך דלא כהערוך ע""ש בב""י מ""מ לצורך מצוה שרי באחר (תוס'): | <b>ואילך כשר</b>. משום דבידו לתקן: | <b>בכל ענין</b>. ובבד""ה כת' ולא משמע לי הכי אלא כל שלא מיעטן לעולם פסול עכ""ל וכנ""ל דהא""ח ס""ל כהירושלמי שמביא בסי' תרמ""ח דחזזית באתרוג כשר בשאר הימים אבל אנן קי""ל דפסול בכל הימים כמ""ש רמ""א בעצמו בסי' תרמ""ט ס""ד דמנומר פסול בכל ז' א""כ ג""ז פסול דהא איתא בגמרא בהדיא דענוים ה""ל כמנומר ואפשר דס""ל דלמסקנא אין הטעם משום מנומר אלא כשהוא בב' וג' מקומות אבל כשהוא במקום א' אין הטעם משום הדר אבל האמת יורה דרכו דגם במקום א' הטעם משום הדר דאל""כ מאיזה טעם יפסול ודברי רמ""א צ""ע לכן אין להקל:"
oc1,magen-avraham,siman646,seif-002,C:\Users\binya\Documents\Shulchan aruch\newtry\OC_Mobile\oc318-mobile-reader\public\corpus\oc1\siman646\seif-002\magen-avraham\en.html,source_txt_block,temp OC_001 source output,C:\Users\binya\Documents\shulchan-yd-temp\newtry\OC_001\output\siman_646\magen-avraham\part-001.txt,true,placeholder,no,English translation pending — replace after editing this block (keep Hebrew above intact).,C:\Users\binya\Documents\Shulchan aruch\newtry\OC_Mobile\oc318-mobile-reader\public\corpus\oc1\siman646\seif-002\magen-avraham\he.html,"פסולי דעבות פסול בכל ז' [ת""ד רכ""ו]: <b>ירוקות כשר</b>. דמינא דהדס הוא: | <b>א' א' לאכילה</b>. ובמיימוני דפוס מהר""מ הא דכ' או שלקטן א' א' לאכילה פי' דאחר שא""צ לזה ההדס מותר ללקטן לכתחלה לאכילה ואף על גב שמתקן ההדס ממילא הוי דבר שאין מתכוין  אבל מי שצריך להדס אף על פי שמלקטן לאכילה הוי פסיק רישי' ואסור וכ""ה בגמ' וכ""כ הרב""י  ואף להפוסקים בססי' ש""ך דלא כהערוך ע""ש בב""י מ""מ לצורך מצוה שרי באחר (תוס'): | <b>ואילך כשר</b>. משום דבידו לתקן: | <b>בכל ענין</b>. ובבד""ה כת' ולא משמע לי הכי אלא כל שלא מיעטן לעולם פסול עכ""ל וכנ""ל דהא""ח ס""ל כהירושלמי שמביא בסי' תרמ""ח דחזזית באתרוג כשר בשאר הימים אבל אנן קי""ל דפסול בכל הימים כמ""ש רמ""א בעצמו בסי' תרמ""ט ס""ד דמנומר פסול בכל ז' א""כ ג""ז פסול דהא איתא בגמרא בהדיא דענוים ה""ל כמנומר ואפשר דס""ל דלמסקנא אין הטעם משום מנומר אלא כשהוא בב' וג' מקומות אבל כשהוא במקום א' אין הטעם משום הדר אבל האמת יורה דרכו דגם במקום א' הטעם משום הדר דאל""כ מאיזה טעם יפסול ודברי רמ""א צ""ע לכן אין להקל:"
oc1,kaf-hachayim,siman286,seif-003,C:\Users\binya\Documents\Shulchan aruch\newtry\OC_Mobile\oc318-mobile-reader\public\corpus\oc1\siman286\seif-003\kaf-hachayim\en.html,corpus_en_html,SA_Sandbox corpus mirror,C:\Users\binya\Documents\Shulchan aruch\newtry\SA_Sandbox\public\corpus\oc1\siman286\seif-003\kaf-hachayim\en.html,false,missing_or_empty,no,,C:\Users\binya\Documents\Shulchan aruch\newtry\OC_Mobile\oc318-mobile-reader\public\corpus\oc1\siman286\seif-003\kaf-hachayim\he.html,<b>ג) שם. מיד אחר תפלת השחר.  </b>שזמנה מתחיל בבקר שהוא כנגד קרבן מוסף שזמנו מיד בבקר וכיון שזמנו בבקר טוב הוא להקדימה מיד אחר תפלת שחרית. טור:
oc1,kaf-hachayim,siman286,seif-003,C:\Users\binya\Documents\Shulchan aruch\newtry\OC_Mobile\oc318-mobile-reader\public\corpus\oc1\siman286\seif-003\kaf-hachayim\en.html,corpus_en_html,shulchan-yd-temp corpus mirror,C:\Users\binya\Documents\shulchan-yd-temp\newtry\OC_Mobile\oc318-mobile-reader\public\corpus\oc1\siman286\seif-003\kaf-hachayim\en.html,true,possibly_clean,yes,c) Name. Immediately after the dawn prayer. Its time begins in the morning which is against an additional sacrifice that is scheduled immediately in the morning and since its time is in a good morning it is to be precede,C:\Users\binya\Documents\Shulchan aruch\newtry\OC_Mobile\oc318-mobile-reader\public\corpus\oc1\siman286\seif-003\kaf-hachayim\he.html,<b>ג) שם. מיד אחר תפלת השחר.  </b>שזמנה מתחיל בבקר שהוא כנגד קרבן מוסף שזמנו מיד בבקר וכיון שזמנו בבקר טוב הוא להקדימה מיד אחר תפלת שחרית. טור:
oc1,kaf-hachayim,siman286,seif-003,C:\Users\binya\Documents\Shulchan aruch\newtry\OC_Mobile\oc318-mobile-reader\public\corpus\oc1\siman286\seif-003\kaf-hachayim\en.html,source_txt_block,current OC_001 source output,C:\Users\binya\Documents\Shulchan aruch\newtry\OC_001\output\siman_286\kaf-hachayim\part-001.txt,false,missing_or_empty,no,,C:\Users\binya\Documents\Shulchan aruch\newtry\OC_Mobile\oc318-mobile-reader\public\corpus\oc1\siman286\seif-003\kaf-hachayim\he.html,<b>ג) שם. מיד אחר תפלת השחר.  </b>שזמנה מתחיל בבקר שהוא כנגד קרבן מוסף שזמנו מיד בבקר וכיון שזמנו בבקר טוב הוא להקדימה מיד אחר תפלת שחרית. טור:
oc1,kaf-hachayim,siman286,seif-003,C:\Users\binya\Documents\Shulchan aruch\newtry\OC_Mobile\oc318-mobile-reader\public\corpus\oc1\siman286\seif-003\kaf-hachayim\en.html,source_txt_block,temp OC_001 source output,C:\Users\binya\Documents\shulchan-yd-temp\newtry\OC_001\output\siman_286\kaf-hachayim\part-001.txt,false,missing_or_empty,no,,C:\Users\binya\Documents\Shulchan aruch\newtry\OC_Mobile\oc318-mobile-reader\public\corpus\oc1\siman286\seif-003\kaf-hachayim\he.html,<b>ג) שם. מיד אחר תפלת השחר.  </b>שזמנה מתחיל בבקר שהוא כנגד קרבן מוסף שזמנו מיד בבקר וכיון שזמנו בבקר טוב הוא להקדימה מיד אחר תפלת שחרית. טור:
yd1,kaf-hachayim,siman24,seif-009,C:\Users\binya\Documents\Shulchan aruch\newtry\OC_Mobile\oc318-mobile-reader\public\corpus\yd1\siman24\seif-009\kaf-hachayim\en.html,corpus_en_html,SA_Sandbox corpus mirror,C:\Users\binya\Documents\Shulchan aruch\newtry\SA_Sandbox\public\corpus\yd1\siman24\seif-009\kaf-hachayim\en.html,false,missing_or_empty,no,,C:\Users\binya\Documents\Shulchan aruch\newtry\OC_Mobile\oc318-mobile-reader\public\corpus\yd1\siman24\seif-009\kaf-hachayim\he.html,"<b>ט) ומכאן  </b>תוכחת מגולה לאיזה שוחטים המראים לבני אדם אימון ידיהם שבמהירות וקלות גדול מעבירים הסכין על צואר העוף בהולכה לבד או בהובאה ועל הרוב בחתיכה קטנה מן הסכין שוחטין הסימנים ולכתחלה עושין כן להראות כחם וגבורתם באומנות וזה ברור שהיא שחי' פסולה לא מבעיא לכתחלה דאין להם לעשות כן דהא בעינן עכ""פ שיעבירו כל הסכין על הסי' שבשיעור זה קים להו לרז""ל דהוי כאלו הוליך והביא אבל אם ישחוט בחתיכה קטנה מן הסכין וכ""כ במהירות א""א שינצלו מחשש דרסה ובודאי הגמור שלא עשו דבד זה אלא מחסרון יראתם מהשם ב""ה ורוצים להראות גבורתם לפני שוחטים אחרים ואפשר דאף בדיעבד חיישינן לזו השחי' וכל האוכל שחי' זו מלבד שאוכל ספק דרסה עוד יש שמחזיק ביד עוברי עבירה בראותם כי מעשיהם חביבים לבני אדם מוסיפים והולכים ומתפארים בעצמם וחושבים שעושים כהוגן וע""כ גדול עונם מנשוא. כסף אחר פ""ב מה' שחיטה ה""ט. וז""ל הרב מכתב אליהו כי יודע בעצמי בימי בחרותי נהגתי כן וסבור הייתי אין למעלה ממנה ומיום שנבחרתי בק""ק זלקאווה ונסיתי לפני הרב ולפני היושבים לפניו לשחוט עופות לפניהם ושחטתי בהולכה לבד וגערו בי חלילה לעשות כזו פעם אחרת רק בהולכה ובהובאה כמשמעות הש""ע עכ""ל והב""ד העשרון או' ח' וכתב והעובר על דבריהם נוח לו שלא נברא. זב""צ או' ח' וע""כ יש ליזהר שלא לעשות הסכין של עופות כ""כ חד כדי שלא יבא לשחוט בהולכה לבד."
yd1,kaf-hachayim,siman24,seif-009,C:\Users\binya\Documents\Shulchan aruch\newtry\OC_Mobile\oc318-mobile-reader\public\corpus\yd1\siman24\seif-009\kaf-hachayim\en.html,corpus_en_html,shulchan-yd-temp corpus mirror,C:\Users\binya\Documents\shulchan-yd-temp\newtry\OC_Mobile\oc318-mobile-reader\public\corpus\yd1\siman24\seif-009\kaf-hachayim\en.html,false,missing_or_empty,no,,C:\Users\binya\Documents\Shulchan aruch\newtry\OC_Mobile\oc318-mobile-reader\public\corpus\yd1\siman24\seif-009\kaf-hachayim\he.html,"<b>ט) ומכאן  </b>תוכחת מגולה לאיזה שוחטים המראים לבני אדם אימון ידיהם שבמהירות וקלות גדול מעבירים הסכין על צואר העוף בהולכה לבד או בהובאה ועל הרוב בחתיכה קטנה מן הסכין שוחטין הסימנים ולכתחלה עושין כן להראות כחם וגבורתם באומנות וזה ברור שהיא שחי' פסולה לא מבעיא לכתחלה דאין להם לעשות כן דהא בעינן עכ""פ שיעבירו כל הסכין על הסי' שבשיעור זה קים להו לרז""ל דהוי כאלו הוליך והביא אבל אם ישחוט בחתיכה קטנה מן הסכין וכ""כ במהירות א""א שינצלו מחשש דרסה ובודאי הגמור שלא עשו דבד זה אלא מחסרון יראתם מהשם ב""ה ורוצים להראות גבורתם לפני שוחטים אחרים ואפשר דאף בדיעבד חיישינן לזו השחי' וכל האוכל שחי' זו מלבד שאוכל ספק דרסה עוד יש שמחזיק ביד עוברי עבירה בראותם כי מעשיהם חביבים לבני אדם מוסיפים והולכים ומתפארים בעצמם וחושבים שעושים כהוגן וע""כ גדול עונם מנשוא. כסף אחר פ""ב מה' שחיטה ה""ט. וז""ל הרב מכתב אליהו כי יודע בעצמי בימי בחרותי נהגתי כן וסבור הייתי אין למעלה ממנה ומיום שנבחרתי בק""ק זלקאווה ונסיתי לפני הרב ולפני היושבים לפניו לשחוט עופות לפניהם ושחטתי בהולכה לבד וגערו בי חלילה לעשות כזו פעם אחרת רק בהולכה ובהובאה כמשמעות הש""ע עכ""ל והב""ד העשרון או' ח' וכתב והעובר על דבריהם נוח לו שלא נברא. זב""צ או' ח' וע""כ יש ליזהר שלא לעשות הסכין של עופות כ""כ חד כדי שלא יבא לשחוט בהולכה לבד."
yd1,kaf-hachayim,siman24,seif-009,C:\Users\binya\Documents\Shulchan aruch\newtry\OC_Mobile\oc318-mobile-reader\public\corpus\yd1\siman24\seif-009\kaf-hachayim\en.html,source_txt_block,current YD_001 source output,C:\Users\binya\Documents\Shulchan aruch\newtry\YD_001\output\siman_024\kaf-hachayim\part-001.txt,false,missing_or_empty,no,,C:\Users\binya\Documents\Shulchan aruch\newtry\OC_Mobile\oc318-mobile-reader\public\corpus\yd1\siman24\seif-009\kaf-hachayim\he.html,"<b>ט) ומכאן  </b>תוכחת מגולה לאיזה שוחטים המראים לבני אדם אימון ידיהם שבמהירות וקלות גדול מעבירים הסכין על צואר העוף בהולכה לבד או בהובאה ועל הרוב בחתיכה קטנה מן הסכין שוחטין הסימנים ולכתחלה עושין כן להראות כחם וגבורתם באומנות וזה ברור שהיא שחי' פסולה לא מבעיא לכתחלה דאין להם לעשות כן דהא בעינן עכ""פ שיעבירו כל הסכין על הסי' שבשיעור זה קים להו לרז""ל דהוי כאלו הוליך והביא אבל אם ישחוט בחתיכה קטנה מן הסכין וכ""כ במהירות א""א שינצלו מחשש דרסה ובודאי הגמור שלא עשו דבד זה אלא מחסרון יראתם מהשם ב""ה ורוצים להראות גבורתם לפני שוחטים אחרים ואפשר דאף בדיעבד חיישינן לזו השחי' וכל האוכל שחי' זו מלבד שאוכל ספק דרסה עוד יש שמחזיק ביד עוברי עבירה בראותם כי מעשיהם חביבים לבני אדם מוסיפים והולכים ומתפארים בעצמם וחושבים שעושים כהוגן וע""כ גדול עונם מנשוא. כסף אחר פ""ב מה' שחיטה ה""ט. וז""ל הרב מכתב אליהו כי יודע בעצמי בימי בחרותי נהגתי כן וסבור הייתי אין למעלה ממנה ומיום שנבחרתי בק""ק זלקאווה ונסיתי לפני הרב ולפני היושבים לפניו לשחוט עופות לפניהם ושחטתי בהולכה לבד וגערו בי חלילה לעשות כזו פעם אחרת רק בהולכה ובהובאה כמשמעות הש""ע עכ""ל והב""ד העשרון או' ח' וכתב והעובר על דבריהם נוח לו שלא נברא. זב""צ או' ח' וע""כ יש ליזהר שלא לעשות הסכין של עופות כ""כ חד כדי שלא יבא לשחוט בהולכה לבד."
yd1,kaf-hachayim,siman24,seif-009,C:\Users\binya\Documents\Shulchan aruch\newtry\OC_Mobile\oc318-mobile-reader\public\corpus\yd1\siman24\seif-009\kaf-hachayim\en.html,source_txt_block,temp YD_001 source output,C:\Users\binya\Documents\shulchan-yd-temp\newtry\YD_001\output\siman_024\kaf-hachayim\part-001.txt,true,missing_or_empty,no,,C:\Users\binya\Documents\Shulchan aruch\newtry\OC_Mobile\oc318-mobile-reader\public\corpus\yd1\siman24\seif-009\kaf-hachayim\he.html,"<b>ט) ומכאן  </b>תוכחת מגולה לאיזה שוחטים המראים לבני אדם אימון ידיהם שבמהירות וקלות גדול מעבירים הסכין על צואר העוף בהולכה לבד או בהובאה ועל הרוב בחתיכה קטנה מן הסכין שוחטין הסימנים ולכתחלה עושין כן להראות כחם וגבורתם באומנות וזה ברור שהיא שחי' פסולה לא מבעיא לכתחלה דאין להם לעשות כן דהא בעינן עכ""פ שיעבירו כל הסכין על הסי' שבשיעור זה קים להו לרז""ל דהוי כאלו הוליך והביא אבל אם ישחוט בחתיכה קטנה מן הסכין וכ""כ במהירות א""א שינצלו מחשש דרסה ובודאי הגמור שלא עשו דבד זה אלא מחסרון יראתם מהשם ב""ה ורוצים להראות גבורתם לפני שוחטים אחרים ואפשר דאף בדיעבד חיישינן לזו השחי' וכל האוכל שחי' זו מלבד שאוכל ספק דרסה עוד יש שמחזיק ביד עוברי עבירה בראותם כי מעשיהם חביבים לבני אדם מוסיפים והולכים ומתפארים בעצמם וחושבים שעושים כהוגן וע""כ גדול עונם מנשוא. כסף אחר פ""ב מה' שחיטה ה""ט. וז""ל הרב מכתב אליהו כי יודע בעצמי בימי בחרותי נהגתי כן וסבור הייתי אין למעלה ממנה ומיום שנבחרתי בק""ק זלקאווה ונסיתי לפני הרב ולפני היושבים לפניו לשחוט עופות לפניהם ושחטתי בהולכה לבד וגערו בי חלילה לעשות כזו פעם אחרת רק בהולכה ובהובאה כמשמעות הש""ע עכ""ל והב""ד העשרון או' ח' וכתב והעובר על דבריהם נוח לו שלא נברא. זב""צ או' ח' וע""כ יש ליזהר שלא לעשות הסכין של עופות כ""כ חד כדי שלא יבא לשחוט בהולכה לבד."
oc1,chokhmat-shlomo,siman441,seif-001,C:\Users\binya\Documents\Shulchan aruch\newtry\OC_Mobile\oc318-mobile-reader\public\corpus\oc1\siman441\seif-001\chokhmat-shlomo\en.html,corpus_en_html,SA_Sandbox corpus mirror,C:\Users\binya\Documents\Shulchan aruch\newtry\SA_Sandbox\public\corpus\oc1\siman441\seif-001\chokhmat-shlomo\en.html,false,missing_or_empty,no,,C:\Users\binya\Documents\Shulchan aruch\newtry\OC_Mobile\oc318-mobile-reader\public\corpus\oc1\siman441\seif-001\chokhmat-shlomo\he.html,"<b>סעיף א'  </b>עכו""ם שהלוה ישראל על חמצו וכו'. נ""ב עיין מ""ש בזה בתשובה לק""ק נאדווארנע מה דהקשה לו ע""ד הרמב""ם דבעינן הגיע זמנו קודם הפסח קנה מקומה כהשמטות להלכות נדרים סי' רכ""א דרך אגב ע""ש בחיבורי עודנו בכ""י ודוק ועיין במג""א סק""ב מה שהביא דעת הראב""ד דאין אסמכתא לעכו""ם ועיין בחיבורי לחו""מ מהדורא ד' סי' מ""ז מ""ש ראייה לזה מגיטין דף מג ע""ב ע""ש ודוק וע' במג""א סק""ג מ""ש דחייב לעשר דדמי לאנס המלך וכו' ועיין בחיבורי על חו""מ סי' דמ""ג ובסימני הש""ע הוא בסי' שפ""ו מ""ש דלא דמי בלל זה לזה ע""ש. ובחיבורי להלכות פסח הארכתי בזה ביותר ע""ש בעזה""י ודוק. והנה גרסינן כירושלמי בפ""ב דפסחים הלכה ב' תמן תנינן עבד שעשאו רבו אפותיקי וכו' היתב ר' חגי קומי ר' יוסי מתניתא פליגא על רב ישראל שהלוה לעכו""ם על חמצו לאחר הפסח מותר בהנאה וכו' ועיין בק""ע בשירי קרבן שהקשה אדמותיב מברייתא לסייע ממתניתין דתנן ישראל שהלוה לנכרי על חמצו לאחר הפסח אסור בהנאה ע""ש שנדק דמיירי במעכשיו והוא דוחק דכל כהאי גוונא הוה ליה לפרושי. אך היותר נראה דיש לו' דהמשנה מיירי דאחר הפסח דעתיה לשקועי ביד המלוה לכך לחומרא אמרינן ברירה והוברר דגם בפסח ברשות ישראל הוי קיימא ולכך אסור ולהיפוך בנכרי שהלוה לישראל ודעתיה אח""כ לשקועיה לכך מותר בהנאה. אבל הברייתא מיירי דאין דעתו לשקוע לכך מותר בהנאה אבל הברייתא דעבד שעשאו רבו אפותיקו מיירי בפירוש דאין דעתו לשקועי כיון דאמ' דשניהם יכולין לשחררר מוכח ראין דעתו לשקועי לכך שפיר פריך מהך מתניתא דמיירי נמי באין דעתו לאשקועי ואתי שפיר בעזה""י ודו""ק:"
oc1,chokhmat-shlomo,siman441,seif-001,C:\Users\binya\Documents\Shulchan aruch\newtry\OC_Mobile\oc318-mobile-reader\public\corpus\oc1\siman441\seif-001\chokhmat-shlomo\en.html,corpus_en_html,shulchan-yd-temp corpus mirror,C:\Users\binya\Documents\shulchan-yd-temp\newtry\OC_Mobile\oc318-mobile-reader\public\corpus\oc1\siman441\seif-001\chokhmat-shlomo\en.html,true,likely_garbage,no,"Section 1 of the ACM, that Israel owed him for his leave, etc. P.S. See MS. This in response to KK Nadvarne, what was difficult for him, according to Rabbi Rambam, according to him, his time had come before Passover, he ",C:\Users\binya\Documents\Shulchan aruch\newtry\OC_Mobile\oc318-mobile-reader\public\corpus\oc1\siman441\seif-001\chokhmat-shlomo\he.html,"<b>סעיף א'  </b>עכו""ם שהלוה ישראל על חמצו וכו'. נ""ב עיין מ""ש בזה בתשובה לק""ק נאדווארנע מה דהקשה לו ע""ד הרמב""ם דבעינן הגיע זמנו קודם הפסח קנה מקומה כהשמטות להלכות נדרים סי' רכ""א דרך אגב ע""ש בחיבורי עודנו בכ""י ודוק ועיין במג""א סק""ב מה שהביא דעת הראב""ד דאין אסמכתא לעכו""ם ועיין בחיבורי לחו""מ מהדורא ד' סי' מ""ז מ""ש ראייה לזה מגיטין דף מג ע""ב ע""ש ודוק וע' במג""א סק""ג מ""ש דחייב לעשר דדמי לאנס המלך וכו' ועיין בחיבורי על חו""מ סי' דמ""ג ובסימני הש""ע הוא בסי' שפ""ו מ""ש דלא דמי בלל זה לזה ע""ש. ובחיבורי להלכות פסח הארכתי בזה ביותר ע""ש בעזה""י ודוק. והנה גרסינן כירושלמי בפ""ב דפסחים הלכה ב' תמן תנינן עבד שעשאו רבו אפותיקי וכו' היתב ר' חגי קומי ר' יוסי מתניתא פליגא על רב ישראל שהלוה לעכו""ם על חמצו לאחר הפסח מותר בהנאה וכו' ועיין בק""ע בשירי קרבן שהקשה אדמותיב מברייתא לסייע ממתניתין דתנן ישראל שהלוה לנכרי על חמצו לאחר הפסח אסור בהנאה ע""ש שנדק דמיירי במעכשיו והוא דוחק דכל כהאי גוונא הוה ליה לפרושי. אך היותר נראה דיש לו' דהמשנה מיירי דאחר הפסח דעתיה לשקועי ביד המלוה לכך לחומרא אמרינן ברירה והוברר דגם בפסח ברשות ישראל הוי קיימא ולכך אסור ולהיפוך בנכרי שהלוה לישראל ודעתיה אח""כ לשקועיה לכך מותר בהנאה. אבל הברייתא מיירי דאין דעתו לשקוע לכך מותר בהנאה אבל הברייתא דעבד שעשאו רבו אפותיקו מיירי בפירוש דאין דעתו לשקועי כיון דאמ' דשניהם יכולין לשחררר מוכח ראין דעתו לשקועי לכך שפיר פריך מהך מתניתא דמיירי נמי באין דעתו לאשקועי ואתי שפיר בעזה""י ודו""ק:"
oc1,chokhmat-shlomo,siman441,seif-001,C:\Users\binya\Documents\Shulchan aruch\newtry\OC_Mobile\oc318-mobile-reader\public\corpus\oc1\siman441\seif-001\chokhmat-shlomo\en.html,source_txt_block,current OC_001 source output,C:\Users\binya\Documents\Shulchan aruch\newtry\OC_001\output\siman_441\chokhmat-shlomo\part-001.txt,true,placeholder,no,English translation pending — replace after editing this block (keep Hebrew above intact).,C:\Users\binya\Documents\Shulchan aruch\newtry\OC_Mobile\oc318-mobile-reader\public\corpus\oc1\siman441\seif-001\chokhmat-shlomo\he.html,"<b>סעיף א'  </b>עכו""ם שהלוה ישראל על חמצו וכו'. נ""ב עיין מ""ש בזה בתשובה לק""ק נאדווארנע מה דהקשה לו ע""ד הרמב""ם דבעינן הגיע זמנו קודם הפסח קנה מקומה כהשמטות להלכות נדרים סי' רכ""א דרך אגב ע""ש בחיבורי עודנו בכ""י ודוק ועיין במג""א סק""ב מה שהביא דעת הראב""ד דאין אסמכתא לעכו""ם ועיין בחיבורי לחו""מ מהדורא ד' סי' מ""ז מ""ש ראייה לזה מגיטין דף מג ע""ב ע""ש ודוק וע' במג""א סק""ג מ""ש דחייב לעשר דדמי לאנס המלך וכו' ועיין בחיבורי על חו""מ סי' דמ""ג ובסימני הש""ע הוא בסי' שפ""ו מ""ש דלא דמי בלל זה לזה ע""ש. ובחיבורי להלכות פסח הארכתי בזה ביותר ע""ש בעזה""י ודוק. והנה גרסינן כירושלמי בפ""ב דפסחים הלכה ב' תמן תנינן עבד שעשאו רבו אפותיקי וכו' היתב ר' חגי קומי ר' יוסי מתניתא פליגא על רב ישראל שהלוה לעכו""ם על חמצו לאחר הפסח מותר בהנאה וכו' ועיין בק""ע בשירי קרבן שהקשה אדמותיב מברייתא לסייע ממתניתין דתנן ישראל שהלוה לנכרי על חמצו לאחר הפסח אסור בהנאה ע""ש שנדק דמיירי במעכשיו והוא דוחק דכל כהאי גוונא הוה ליה לפרושי. אך היותר נראה דיש לו' דהמשנה מיירי דאחר הפסח דעתיה לשקועי ביד המלוה לכך לחומרא אמרינן ברירה והוברר דגם בפסח ברשות ישראל הוי קיימא ולכך אסור ולהיפוך בנכרי שהלוה לישראל ודעתיה אח""כ לשקועיה לכך מותר בהנאה. אבל הברייתא מיירי דאין דעתו לשקוע לכך מותר בהנאה אבל הברייתא דעבד שעשאו רבו אפותיקו מיירי בפירוש דאין דעתו לשקועי כיון דאמ' דשניהם יכולין לשחררר מוכח ראין דעתו לשקועי לכך שפיר פריך מהך מתניתא דמיירי נמי באין דעתו לאשקועי ואתי שפיר בעזה""י ודו""ק:"
oc1,chokhmat-shlomo,siman441,seif-001,C:\Users\binya\Documents\Shulchan aruch\newtry\OC_Mobile\oc318-mobile-reader\public\corpus\oc1\siman441\seif-001\chokhmat-shlomo\en.html,source_txt_block,temp OC_001 source output,C:\Users\binya\Documents\shulchan-yd-temp\newtry\OC_001\output\siman_441\chokhmat-shlomo\part-001.txt,true,placeholder,no,English translation pending — replace after editing this block (keep Hebrew above intact).,C:\Users\binya\Documents\Shulchan aruch\newtry\OC_Mobile\oc318-mobile-reader\public\corpus\oc1\siman441\seif-001\chokhmat-shlomo\he.html,"<b>סעיף א'  </b>עכו""ם שהלוה ישראל על חמצו וכו'. נ""ב עיין מ""ש בזה בתשובה לק""ק נאדווארנע מה דהקשה לו ע""ד הרמב""ם דבעינן הגיע זמנו קודם הפסח קנה מקומה כהשמטות להלכות נדרים סי' רכ""א דרך אגב ע""ש בחיבורי עודנו בכ""י ודוק ועיין במג""א סק""ב מה שהביא דעת הראב""ד דאין אסמכתא לעכו""ם ועיין בחיבורי לחו""מ מהדורא ד' סי' מ""ז מ""ש ראייה לזה מגיטין דף מג ע""ב ע""ש ודוק וע' במג""א סק""ג מ""ש דחייב לעשר דדמי לאנס המלך וכו' ועיין בחיבורי על חו""מ סי' דמ""ג ובסימני הש""ע הוא בסי' שפ""ו מ""ש דלא דמי בלל זה לזה ע""ש. ובחיבורי להלכות פסח הארכתי בזה ביותר ע""ש בעזה""י ודוק. והנה גרסינן כירושלמי בפ""ב דפסחים הלכה ב' תמן תנינן עבד שעשאו רבו אפותיקי וכו' היתב ר' חגי קומי ר' יוסי מתניתא פליגא על רב ישראל שהלוה לעכו""ם על חמצו לאחר הפסח מותר בהנאה וכו' ועיין בק""ע בשירי קרבן שהקשה אדמותיב מברייתא לסייע ממתניתין דתנן ישראל שהלוה לנכרי על חמצו לאחר הפסח אסור בהנאה ע""ש שנדק דמיירי במעכשיו והוא דוחק דכל כהאי גוונא הוה ליה לפרושי. אך היותר נראה דיש לו' דהמשנה מיירי דאחר הפסח דעתיה לשקועי ביד המלוה לכך לחומרא אמרינן ברירה והוברר דגם בפסח ברשות ישראל הוי קיימא ולכך אסור ולהיפוך בנכרי שהלוה לישראל ודעתיה אח""כ לשקועיה לכך מותר בהנאה. אבל הברייתא מיירי דאין דעתו לשקוע לכך מותר בהנאה אבל הברייתא דעבד שעשאו רבו אפותיקו מיירי בפירוש דאין דעתו לשקועי כיון דאמ' דשניהם יכולין לשחררר מוכח ראין דעתו לשקועי לכך שפיר פריך מהך מתניתא דמיירי נמי באין דעתו לאשקועי ואתי שפיר בעזה""י ודו""ק:"
oc1,chokhmat-shlomo,siman612,seif-001,C:\Users\binya\Documents\Shulchan aruch\newtry\OC_Mobile\oc318-mobile-reader\public\corpus\oc1\siman612\seif-001\chokhmat-shlomo\en.html,corpus_en_html,SA_Sandbox corpus mirror,C:\Users\binya\Documents\Shulchan aruch\newtry\SA_Sandbox\public\corpus\oc1\siman612\seif-001\chokhmat-shlomo\en.html,false,missing_or_empty,no,,C:\Users\binya\Documents\Shulchan aruch\newtry\OC_Mobile\oc318-mobile-reader\public\corpus\oc1\siman612\seif-001\chokhmat-shlomo\he.html,"<b>סעיף א'  </b>האוכל ביוה""כ ככותבת הגסה חייב וכו' נ""ב הנה בש""ס דיומא פ""ח איבעיא להו דכותבת הגסה היא וגרעינתה או היא בלא גרעניתה וכו' ק""ל מ""ט לא פשט ממשנה דכלים פי""ז דחשיב שם אלו דהוי במדה גסה ככותבת ביוה""כ כמוהו וכגרעניתה וקשה בשלמא אם הוי הכוונה כמוה וכגרעניתה יחד א""ש דתני התם וכגרעניתה דהוי גם זה בכלל הרבותא דמדה גסה דבעינן כמוה וגם גרעניתה אבל אי הכוונה כמוה או כגרעניתה אין לו מקום שם דאדרבא שם קמ""ל מה דהוי לקולא במדה גסה ומה דהוה כגרעניתה לבד הוי החומרא ומה ענינו למתני שם דאין לו מקום רק בפרק יוה""כ ובע""כ דהוי כמוה וכגרעניתה וצע""ג ודוק. והנה אמרינן בש""ס דאכל ושתה אינו חייב אלא אחת דשתייה בכלל אכילה והנה נלפענ""ד ללמוד דין חדש מן הירושלמי פ""ח דיומא בה""ג וז""ל על המשנה אכל ושתה אינו חייב אלא אחת וקאמר בירושלמי למה דשתיה בכלל אכילה ואין אכילה בכלל שתיה עכ""ל. והנה יש לדייק בהסיום אין אכילה בכלל שתיה הוי למותר דזה אין לו שייכות לכאן והרי אין נ""מ בזה כאן רק לענין שביעה ומה שייך זה לכאן ולכך נראה דהוי קשה להירושלמי למה נקט במשנה אכל ושתה אינו חייב הו""ל למתני להיפוך שתה ואכל אינו חייב אלא אחת דהוי רבותא טפי לזה מפרש כך דבאמת אם שתה תחלה ואח""כ אכל אין אכילה בכלל שתיה דאין דרך לשתות ואח""כ לאכול לכך חייב ב' רק באכל תחלה ואח""כ שתה דזה הוי דרך אכילה וכמ""ש בתורה ואכלת ושבעת ואחז""ל ושבעת זו שתיה לכך בזה חייב אחת וז""ש כאן למה שתיה בכלל אכילה לכך נגרר אחר האכילה והוי חדא אבל אין אכילה בכלל שתייה ואם שתה ואח""כ אכל חייב ב' וזה חידוש דין ולדעתי הוא דבר שמסתבר ומוכרח בעזה""י ודוק:"
oc1,chokhmat-shlomo,siman612,seif-001,C:\Users\binya\Documents\Shulchan aruch\newtry\OC_Mobile\oc318-mobile-reader\public\corpus\oc1\siman612\seif-001\chokhmat-shlomo\en.html,corpus_en_html,shulchan-yd-temp corpus mirror,C:\Users\binya\Documents\shulchan-yd-temp\newtry\OC_Mobile\oc318-mobile-reader\public\corpus\oc1\siman612\seif-001\chokhmat-shlomo\en.html,true,possibly_clean,yes,"Section A. The food in the Yohak as it is written in the rough must, etc. P.S. Here in the Shas Dumas P.H. Ibaia for him the written in the rough is with its grain or without its grain, etc. K.L. 10. 11.14 And as a grain",C:\Users\binya\Documents\Shulchan aruch\newtry\OC_Mobile\oc318-mobile-reader\public\corpus\oc1\siman612\seif-001\chokhmat-shlomo\he.html,"<b>סעיף א'  </b>האוכל ביוה""כ ככותבת הגסה חייב וכו' נ""ב הנה בש""ס דיומא פ""ח איבעיא להו דכותבת הגסה היא וגרעינתה או היא בלא גרעניתה וכו' ק""ל מ""ט לא פשט ממשנה דכלים פי""ז דחשיב שם אלו דהוי במדה גסה ככותבת ביוה""כ כמוהו וכגרעניתה וקשה בשלמא אם הוי הכוונה כמוה וכגרעניתה יחד א""ש דתני התם וכגרעניתה דהוי גם זה בכלל הרבותא דמדה גסה דבעינן כמוה וגם גרעניתה אבל אי הכוונה כמוה או כגרעניתה אין לו מקום שם דאדרבא שם קמ""ל מה דהוי לקולא במדה גסה ומה דהוה כגרעניתה לבד הוי החומרא ומה ענינו למתני שם דאין לו מקום רק בפרק יוה""כ ובע""כ דהוי כמוה וכגרעניתה וצע""ג ודוק. והנה אמרינן בש""ס דאכל ושתה אינו חייב אלא אחת דשתייה בכלל אכילה והנה נלפענ""ד ללמוד דין חדש מן הירושלמי פ""ח דיומא בה""ג וז""ל על המשנה אכל ושתה אינו חייב אלא אחת וקאמר בירושלמי למה דשתיה בכלל אכילה ואין אכילה בכלל שתיה עכ""ל. והנה יש לדייק בהסיום אין אכילה בכלל שתיה הוי למותר דזה אין לו שייכות לכאן והרי אין נ""מ בזה כאן רק לענין שביעה ומה שייך זה לכאן ולכך נראה דהוי קשה להירושלמי למה נקט במשנה אכל ושתה אינו חייב הו""ל למתני להיפוך שתה ואכל אינו חייב אלא אחת דהוי רבותא טפי לזה מפרש כך דבאמת אם שתה תחלה ואח""כ אכל אין אכילה בכלל שתיה דאין דרך לשתות ואח""כ לאכול לכך חייב ב' רק באכל תחלה ואח""כ שתה דזה הוי דרך אכילה וכמ""ש בתורה ואכלת ושבעת ואחז""ל ושבעת זו שתיה לכך בזה חייב אחת וז""ש כאן למה שתיה בכלל אכילה לכך נגרר אחר האכילה והוי חדא אבל אין אכילה בכלל שתייה ואם שתה ואח""כ אכל חייב ב' וזה חידוש דין ולדעתי הוא דבר שמסתבר ומוכרח בעזה""י ודוק:"
oc1,chokhmat-shlomo,siman612,seif-001,C:\Users\binya\Documents\Shulchan aruch\newtry\OC_Mobile\oc318-mobile-reader\public\corpus\oc1\siman612\seif-001\chokhmat-shlomo\en.html,source_txt_block,current OC_001 source output,C:\Users\binya\Documents\Shulchan aruch\newtry\OC_001\output\siman_612\chokhmat-shlomo\part-001.txt,true,placeholder,no,English translation pending — replace after editing this block (keep Hebrew above intact).,C:\Users\binya\Documents\Shulchan aruch\newtry\OC_Mobile\oc318-mobile-reader\public\corpus\oc1\siman612\seif-001\chokhmat-shlomo\he.html,"<b>סעיף א'  </b>האוכל ביוה""כ ככותבת הגסה חייב וכו' נ""ב הנה בש""ס דיומא פ""ח איבעיא להו דכותבת הגסה היא וגרעינתה או היא בלא גרעניתה וכו' ק""ל מ""ט לא פשט ממשנה דכלים פי""ז דחשיב שם אלו דהוי במדה גסה ככותבת ביוה""כ כמוהו וכגרעניתה וקשה בשלמא אם הוי הכוונה כמוה וכגרעניתה יחד א""ש דתני התם וכגרעניתה דהוי גם זה בכלל הרבותא דמדה גסה דבעינן כמוה וגם גרעניתה אבל אי הכוונה כמוה או כגרעניתה אין לו מקום שם דאדרבא שם קמ""ל מה דהוי לקולא במדה גסה ומה דהוה כגרעניתה לבד הוי החומרא ומה ענינו למתני שם דאין לו מקום רק בפרק יוה""כ ובע""כ דהוי כמוה וכגרעניתה וצע""ג ודוק. והנה אמרינן בש""ס דאכל ושתה אינו חייב אלא אחת דשתייה בכלל אכילה והנה נלפענ""ד ללמוד דין חדש מן הירושלמי פ""ח דיומא בה""ג וז""ל על המשנה אכל ושתה אינו חייב אלא אחת וקאמר בירושלמי למה דשתיה בכלל אכילה ואין אכילה בכלל שתיה עכ""ל. והנה יש לדייק בהסיום אין אכילה בכלל שתיה הוי למותר דזה אין לו שייכות לכאן והרי אין נ""מ בזה כאן רק לענין שביעה ומה שייך זה לכאן ולכך נראה דהוי קשה להירושלמי למה נקט במשנה אכל ושתה אינו חייב הו""ל למתני להיפוך שתה ואכל אינו חייב אלא אחת דהוי רבותא טפי לזה מפרש כך דבאמת אם שתה תחלה ואח""כ אכל אין אכילה בכלל שתיה דאין דרך לשתות ואח""כ לאכול לכך חייב ב' רק באכל תחלה ואח""כ שתה דזה הוי דרך אכילה וכמ""ש בתורה ואכלת ושבעת ואחז""ל ושבעת זו שתיה לכך בזה חייב אחת וז""ש כאן למה שתיה בכלל אכילה לכך נגרר אחר האכילה והוי חדא אבל אין אכילה בכלל שתייה ואם שתה ואח""כ אכל חייב ב' וזה חידוש דין ולדעתי הוא דבר שמסתבר ומוכרח בעזה""י ודוק:"
oc1,chokhmat-shlomo,siman612,seif-001,C:\Users\binya\Documents\Shulchan aruch\newtry\OC_Mobile\oc318-mobile-reader\public\corpus\oc1\siman612\seif-001\chokhmat-shlomo\en.html,source_txt_block,temp OC_001 source output,C:\Users\binya\Documents\shulchan-yd-temp\newtry\OC_001\output\siman_612\chokhmat-shlomo\part-001.txt,true,placeholder,no,English translation pending — replace after editing this block (keep Hebrew above intact).,C:\Users\binya\Documents\Shulchan aruch\newtry\OC_Mobile\oc318-mobile-reader\public\corpus\oc1\siman612\seif-001\chokhmat-shlomo\he.html,"<b>סעיף א'  </b>האוכל ביוה""כ ככותבת הגסה חייב וכו' נ""ב הנה בש""ס דיומא פ""ח איבעיא להו דכותבת הגסה היא וגרעינתה או היא בלא גרעניתה וכו' ק""ל מ""ט לא פשט ממשנה דכלים פי""ז דחשיב שם אלו דהוי במדה גסה ככותבת ביוה""כ כמוהו וכגרעניתה וקשה בשלמא אם הוי הכוונה כמוה וכגרעניתה יחד א""ש דתני התם וכגרעניתה דהוי גם זה בכלל הרבותא דמדה גסה דבעינן כמוה וגם גרעניתה אבל אי הכוונה כמוה או כגרעניתה אין לו מקום שם דאדרבא שם קמ""ל מה דהוי לקולא במדה גסה ומה דהוה כגרעניתה לבד הוי החומרא ומה ענינו למתני שם דאין לו מקום רק בפרק יוה""כ ובע""כ דהוי כמוה וכגרעניתה וצע""ג ודוק. והנה אמרינן בש""ס דאכל ושתה אינו חייב אלא אחת דשתייה בכלל אכילה והנה נלפענ""ד ללמוד דין חדש מן הירושלמי פ""ח דיומא בה""ג וז""ל על המשנה אכל ושתה אינו חייב אלא אחת וקאמר בירושלמי למה דשתיה בכלל אכילה ואין אכילה בכלל שתיה עכ""ל. והנה יש לדייק בהסיום אין אכילה בכלל שתיה הוי למותר דזה אין לו שייכות לכאן והרי אין נ""מ בזה כאן רק לענין שביעה ומה שייך זה לכאן ולכך נראה דהוי קשה להירושלמי למה נקט במשנה אכל ושתה אינו חייב הו""ל למתני להיפוך שתה ואכל אינו חייב אלא אחת דהוי רבותא טפי לזה מפרש כך דבאמת אם שתה תחלה ואח""כ אכל אין אכילה בכלל שתיה דאין דרך לשתות ואח""כ לאכול לכך חייב ב' רק באכל תחלה ואח""כ שתה דזה הוי דרך אכילה וכמ""ש בתורה ואכלת ושבעת ואחז""ל ושבעת זו שתיה לכך בזה חייב אחת וז""ש כאן למה שתיה בכלל אכילה לכך נגרר אחר האכילה והוי חדא אבל אין אכילה בכלל שתייה ואם שתה ואח""כ אכל חייב ב' וזה חידוש דין ולדעתי הוא דבר שמסתבר ומוכרח בעזה""י ודוק:"
oc1,dagul-merevavah,siman457,seif-002,C:\Users\binya\Documents\Shulchan aruch\newtry\OC_Mobile\oc318-mobile-reader\public\corpus\oc1\siman457\seif-002\dagul-merevavah\en.html,corpus_en_html,SA_Sandbox corpus mirror,C:\Users\binya\Documents\Shulchan aruch\newtry\SA_Sandbox\public\corpus\oc1\siman457\seif-002\dagul-merevavah\en.html,false,missing_or_empty,no,,C:\Users\binya\Documents\Shulchan aruch\newtry\OC_Mobile\oc318-mobile-reader\public\corpus\oc1\siman457\seif-002\dagul-merevavah\he.html,"גירסא זו תמו' ומעולם לא שמעתי תרתי טבילה וביטול ברוב והגירסא בטור ע' ב""ח:"
oc1,dagul-merevavah,siman457,seif-002,C:\Users\binya\Documents\Shulchan aruch\newtry\OC_Mobile\oc318-mobile-reader\public\corpus\oc1\siman457\seif-002\dagul-merevavah\en.html,corpus_en_html,shulchan-yd-temp corpus mirror,C:\Users\binya\Documents\shulchan-yd-temp\newtry\OC_Mobile\oc318-mobile-reader\public\corpus\oc1\siman457\seif-002\dagul-merevavah\en.html,true,possibly_clean,yes,I have never heard a baptism and annullation in the majority and an exaggeration in the column: ,C:\Users\binya\Documents\Shulchan aruch\newtry\OC_Mobile\oc318-mobile-reader\public\corpus\oc1\siman457\seif-002\dagul-merevavah\he.html,"גירסא זו תמו' ומעולם לא שמעתי תרתי טבילה וביטול ברוב והגירסא בטור ע' ב""ח:"
oc1,dagul-merevavah,siman457,seif-002,C:\Users\binya\Documents\Shulchan aruch\newtry\OC_Mobile\oc318-mobile-reader\public\corpus\oc1\siman457\seif-002\dagul-merevavah\en.html,source_txt_block,current OC_001 source output,C:\Users\binya\Documents\Shulchan aruch\newtry\OC_001\output\siman_457\dagul-merevavah\part-001.txt,true,placeholder,no,English translation pending — replace after editing this block (keep Hebrew above intact).,C:\Users\binya\Documents\Shulchan aruch\newtry\OC_Mobile\oc318-mobile-reader\public\corpus\oc1\siman457\seif-002\dagul-merevavah\he.html,"גירסא זו תמו' ומעולם לא שמעתי תרתי טבילה וביטול ברוב והגירסא בטור ע' ב""ח:"
oc1,dagul-merevavah,siman457,seif-002,C:\Users\binya\Documents\Shulchan aruch\newtry\OC_Mobile\oc318-mobile-reader\public\corpus\oc1\siman457\seif-002\dagul-merevavah\en.html,source_txt_block,temp OC_001 source output,C:\Users\binya\Documents\shulchan-yd-temp\newtry\OC_001\output\siman_457\dagul-merevavah\part-001.txt,true,placeholder,no,English translation pending — replace after editing this block (keep Hebrew above intact).,C:\Users\binya\Documents\Shulchan aruch\newtry\OC_Mobile\oc318-mobile-reader\public\corpus\oc1\siman457\seif-002\dagul-merevavah\he.html,"גירסא זו תמו' ומעולם לא שמעתי תרתי טבילה וביטול ברוב והגירסא בטור ע' ב""ח:"
oc1,ateret-zekenim,siman499,seif-001,C:\Users\binya\Documents\Shulchan aruch\newtry\OC_Mobile\oc318-mobile-reader\public\corpus\oc1\siman499\seif-001\ateret-zekenim\en.html,corpus_en_html,SA_Sandbox corpus mirror,C:\Users\binya\Documents\Shulchan aruch\newtry\SA_Sandbox\public\corpus\oc1\siman499\seif-001\ateret-zekenim\en.html,false,missing_or_empty,no,,C:\Users\binya\Documents\Shulchan aruch\newtry\OC_Mobile\oc318-mobile-reader\public\corpus\oc1\siman499\seif-001\ateret-zekenim\he.html,אין מרגילין כו'. וראוי להחמיר בכל ענין בין שמתחיל ברגל או שמתחיל בראש בכל מקום אסור כן משמע בטור:
oc1,ateret-zekenim,siman499,seif-001,C:\Users\binya\Documents\Shulchan aruch\newtry\OC_Mobile\oc318-mobile-reader\public\corpus\oc1\siman499\seif-001\ateret-zekenim\en.html,corpus_en_html,shulchan-yd-temp corpus mirror,C:\Users\binya\Documents\shulchan-yd-temp\newtry\OC_Mobile\oc318-mobile-reader\public\corpus\oc1\siman499\seif-001\ateret-zekenim\en.html,true,possibly_clean,yes,There is no such exercise. And let’s get worse in any matter between starting in the foot or starting in the head everywhere does not mean the column: ,C:\Users\binya\Documents\Shulchan aruch\newtry\OC_Mobile\oc318-mobile-reader\public\corpus\oc1\siman499\seif-001\ateret-zekenim\he.html,אין מרגילין כו'. וראוי להחמיר בכל ענין בין שמתחיל ברגל או שמתחיל בראש בכל מקום אסור כן משמע בטור:
oc1,ateret-zekenim,siman499,seif-001,C:\Users\binya\Documents\Shulchan aruch\newtry\OC_Mobile\oc318-mobile-reader\public\corpus\oc1\siman499\seif-001\ateret-zekenim\en.html,source_txt_block,current OC_001 source output,C:\Users\binya\Documents\Shulchan aruch\newtry\OC_001\output\siman_499\ateret-zekenim\part-001.txt,true,placeholder,no,English translation pending — replace after editing this block (keep Hebrew above intact).,C:\Users\binya\Documents\Shulchan aruch\newtry\OC_Mobile\oc318-mobile-reader\public\corpus\oc1\siman499\seif-001\ateret-zekenim\he.html,אין מרגילין כו'. וראוי להחמיר בכל ענין בין שמתחיל ברגל או שמתחיל בראש בכל מקום אסור כן משמע בטור:
oc1,ateret-zekenim,siman499,seif-001,C:\Users\binya\Documents\Shulchan aruch\newtry\OC_Mobile\oc318-mobile-reader\public\corpus\oc1\siman499\seif-001\ateret-zekenim\en.html,source_txt_block,temp OC_001 source output,C:\Users\binya\Documents\shulchan-yd-temp\newtry\OC_001\output\siman_499\ateret-zekenim\part-001.txt,true,placeholder,no,English translation pending — replace after editing this block (keep Hebrew above intact).,C:\Users\binya\Documents\Shulchan aruch\newtry\OC_Mobile\oc318-mobile-reader\public\corpus\oc1\siman499\seif-001\ateret-zekenim\he.html,אין מרגילין כו'. וראוי להחמיר בכל ענין בין שמתחיל ברגל או שמתחיל בראש בכל מקום אסור כן משמע בטור:
yd1,nekudot-hakesef,siman103,seif-001,C:\Users\binya\Documents\Shulchan aruch\newtry\OC_Mobile\oc318-mobile-reader\public\corpus\yd1\siman103\seif-001\nekudot-hakesef\en.html,corpus_en_html,SA_Sandbox corpus mirror,C:\Users\binya\Documents\Shulchan aruch\newtry\SA_Sandbox\public\corpus\yd1\siman103\seif-001\nekudot-hakesef\en.html,false,missing_or_empty,no,,C:\Users\binya\Documents\Shulchan aruch\newtry\OC_Mobile\oc318-mobile-reader\public\corpus\yd1\siman103\seif-001\nekudot-hakesef\he.html,"<b>(סימן ק""ג בט""ז ס""ק ו') ותמהני דלמה נקיט רמ""א כו'. </b>יפה כוון רמ""א דע""כ גם כוונת האו""ה כן שהכף בלע מאיסור פגום דאל""כ ליכא אלא שני נ""ט ואנן קי""ל לעיל סי' צ""ה דלא שרי נ""ט בר נ""ט אלא היכא דהוי ג' נ""ט להתירא וכ""כ הא""ו הארוך גופיה דאף בכלים בעינן ג' נ""ט והבאתיו בש""ך סי' צ""ד ס""ק ט""ו ע""ש. גם מה שכתב בלבוש אבל אם ניערו התבשיל הראשון בכף של איסור כו' טעות סופר הוא וצריך להיות בכף של היתר וכוונתו כדעת רמ""א דאל""כ מה לי בזה שתחבו תחלה לקדירה אחרת סוף סוף הכף של איסור הוא וק""ל:"
yd1,nekudot-hakesef,siman103,seif-001,C:\Users\binya\Documents\Shulchan aruch\newtry\OC_Mobile\oc318-mobile-reader\public\corpus\yd1\siman103\seif-001\nekudot-hakesef\en.html,corpus_en_html,shulchan-yd-temp corpus mirror,C:\Users\binya\Documents\shulchan-yd-temp\newtry\OC_Mobile\oc318-mobile-reader\public\corpus\yd1\siman103\seif-001\nekudot-hakesef\en.html,false,missing_or_empty,no,,C:\Users\binya\Documents\Shulchan aruch\newtry\OC_Mobile\oc318-mobile-reader\public\corpus\yd1\siman103\seif-001\nekudot-hakesef\he.html,"<b>(סימן ק""ג בט""ז ס""ק ו') ותמהני דלמה נקיט רמ""א כו'. </b>יפה כוון רמ""א דע""כ גם כוונת האו""ה כן שהכף בלע מאיסור פגום דאל""כ ליכא אלא שני נ""ט ואנן קי""ל לעיל סי' צ""ה דלא שרי נ""ט בר נ""ט אלא היכא דהוי ג' נ""ט להתירא וכ""כ הא""ו הארוך גופיה דאף בכלים בעינן ג' נ""ט והבאתיו בש""ך סי' צ""ד ס""ק ט""ו ע""ש. גם מה שכתב בלבוש אבל אם ניערו התבשיל הראשון בכף של איסור כו' טעות סופר הוא וצריך להיות בכף של היתר וכוונתו כדעת רמ""א דאל""כ מה לי בזה שתחבו תחלה לקדירה אחרת סוף סוף הכף של איסור הוא וק""ל:"
yd1,nekudot-hakesef,siman103,seif-001,C:\Users\binya\Documents\Shulchan aruch\newtry\OC_Mobile\oc318-mobile-reader\public\corpus\yd1\siman103\seif-001\nekudot-hakesef\en.html,source_txt_block,current YD_001 source output,C:\Users\binya\Documents\Shulchan aruch\newtry\YD_001\output\siman_103\nekudot-hakesef\part-001.txt,false,missing_or_empty,no,,C:\Users\binya\Documents\Shulchan aruch\newtry\OC_Mobile\oc318-mobile-reader\public\corpus\yd1\siman103\seif-001\nekudot-hakesef\he.html,"<b>(סימן ק""ג בט""ז ס""ק ו') ותמהני דלמה נקיט רמ""א כו'. </b>יפה כוון רמ""א דע""כ גם כוונת האו""ה כן שהכף בלע מאיסור פגום דאל""כ ליכא אלא שני נ""ט ואנן קי""ל לעיל סי' צ""ה דלא שרי נ""ט בר נ""ט אלא היכא דהוי ג' נ""ט להתירא וכ""כ הא""ו הארוך גופיה דאף בכלים בעינן ג' נ""ט והבאתיו בש""ך סי' צ""ד ס""ק ט""ו ע""ש. גם מה שכתב בלבוש אבל אם ניערו התבשיל הראשון בכף של איסור כו' טעות סופר הוא וצריך להיות בכף של היתר וכוונתו כדעת רמ""א דאל""כ מה לי בזה שתחבו תחלה לקדירה אחרת סוף סוף הכף של איסור הוא וק""ל:"
yd1,nekudot-hakesef,siman103,seif-001,C:\Users\binya\Documents\Shulchan aruch\newtry\OC_Mobile\oc318-mobile-reader\public\corpus\yd1\siman103\seif-001\nekudot-hakesef\en.html,source_txt_block,temp YD_001 source output,C:\Users\binya\Documents\shulchan-yd-temp\newtry\YD_001\output\siman_103\nekudot-hakesef\part-001.txt,true,missing_or_empty,no,,C:\Users\binya\Documents\Shulchan aruch\newtry\OC_Mobile\oc318-mobile-reader\public\corpus\yd1\siman103\seif-001\nekudot-hakesef\he.html,"<b>(סימן ק""ג בט""ז ס""ק ו') ותמהני דלמה נקיט רמ""א כו'. </b>יפה כוון רמ""א דע""כ גם כוונת האו""ה כן שהכף בלע מאיסור פגום דאל""כ ליכא אלא שני נ""ט ואנן קי""ל לעיל סי' צ""ה דלא שרי נ""ט בר נ""ט אלא היכא דהוי ג' נ""ט להתירא וכ""כ הא""ו הארוך גופיה דאף בכלים בעינן ג' נ""ט והבאתיו בש""ך סי' צ""ד ס""ק ט""ו ע""ש. גם מה שכתב בלבוש אבל אם ניערו התבשיל הראשון בכף של איסור כו' טעות סופר הוא וצריך להיות בכף של היתר וכוונתו כדעת רמ""א דאל""כ מה לי בזה שתחבו תחלה לקדירה אחרת סוף סוף הכף של איסור הוא וק""ל:"
yd1,pitchei-teshuva,siman103,seif-002,C:\Users\binya\Documents\Shulchan aruch\newtry\OC_Mobile\oc318-mobile-reader\public\corpus\yd1\siman103\seif-002\pitchei-teshuva\en.html,corpus_en_html,SA_Sandbox corpus mirror,C:\Users\binya\Documents\Shulchan aruch\newtry\SA_Sandbox\public\corpus\yd1\siman103\seif-002\pitchei-teshuva\en.html,false,missing_or_empty,no,,C:\Users\binya\Documents\Shulchan aruch\newtry\OC_Mobile\oc318-mobile-reader\public\corpus\yd1\siman103\seif-002\pitchei-teshuva\he.html,"<b>אע""ג. </b>עיין בתשובת כנסת יחזקאל סימן כ""א ומתוך דבריו נלמד שדעתו דאם בישלו בקדירת איסור תבשיל שהאיסור נותן בה טעם לשבח ואח""כ בישלו בה תבשיל שהאיסור הראשון נ""ט לפגם בה נאסר התבשיל השני דכיון שהתבשיל הראשון נאסר מקודם ונ""נ א""כ עתה שבישל בה התבשיל הב' נתן התבשיל הראשון טעם בתבשיל הב' כיון שתבשיל ראשון אינו פוגם בתבשיל הב' ועיין בתשובת ש""ב גבעת שאול סי' י""ח שהשיג עליו והעלה דתבשיל שני שרי דאין הנאסר חמור מהאוסר ע""ש באורך. גם בשו""ת שלי כ""י השגתי ג""כ על תשובת כנ""י הנ""ל והעליתי ג""כ להתיר וע' עוד בתשובת תשואת חן סימן כ""ג מ""ש בזה:"
yd1,pitchei-teshuva,siman103,seif-002,C:\Users\binya\Documents\Shulchan aruch\newtry\OC_Mobile\oc318-mobile-reader\public\corpus\yd1\siman103\seif-002\pitchei-teshuva\en.html,corpus_en_html,shulchan-yd-temp corpus mirror,C:\Users\binya\Documents\shulchan-yd-temp\newtry\OC_Mobile\oc318-mobile-reader\public\corpus\yd1\siman103\seif-002\pitchei-teshuva\en.html,false,missing_or_empty,no,,C:\Users\binya\Documents\Shulchan aruch\newtry\OC_Mobile\oc318-mobile-reader\public\corpus\yd1\siman103\seif-002\pitchei-teshuva\he.html,"<b>אע""ג. </b>עיין בתשובת כנסת יחזקאל סימן כ""א ומתוך דבריו נלמד שדעתו דאם בישלו בקדירת איסור תבשיל שהאיסור נותן בה טעם לשבח ואח""כ בישלו בה תבשיל שהאיסור הראשון נ""ט לפגם בה נאסר התבשיל השני דכיון שהתבשיל הראשון נאסר מקודם ונ""נ א""כ עתה שבישל בה התבשיל הב' נתן התבשיל הראשון טעם בתבשיל הב' כיון שתבשיל ראשון אינו פוגם בתבשיל הב' ועיין בתשובת ש""ב גבעת שאול סי' י""ח שהשיג עליו והעלה דתבשיל שני שרי דאין הנאסר חמור מהאוסר ע""ש באורך. גם בשו""ת שלי כ""י השגתי ג""כ על תשובת כנ""י הנ""ל והעליתי ג""כ להתיר וע' עוד בתשובת תשואת חן סימן כ""ג מ""ש בזה:"
yd1,pitchei-teshuva,siman103,seif-002,C:\Users\binya\Documents\Shulchan aruch\newtry\OC_Mobile\oc318-mobile-reader\public\corpus\yd1\siman103\seif-002\pitchei-teshuva\en.html,source_txt_block,current YD_001 source output,C:\Users\binya\Documents\Shulchan aruch\newtry\YD_001\output\siman_103\pitchei-teshuva\part-001.txt,false,missing_or_empty,no,,C:\Users\binya\Documents\Shulchan aruch\newtry\OC_Mobile\oc318-mobile-reader\public\corpus\yd1\siman103\seif-002\pitchei-teshuva\he.html,"<b>אע""ג. </b>עיין בתשובת כנסת יחזקאל סימן כ""א ומתוך דבריו נלמד שדעתו דאם בישלו בקדירת איסור תבשיל שהאיסור נותן בה טעם לשבח ואח""כ בישלו בה תבשיל שהאיסור הראשון נ""ט לפגם בה נאסר התבשיל השני דכיון שהתבשיל הראשון נאסר מקודם ונ""נ א""כ עתה שבישל בה התבשיל הב' נתן התבשיל הראשון טעם בתבשיל הב' כיון שתבשיל ראשון אינו פוגם בתבשיל הב' ועיין בתשובת ש""ב גבעת שאול סי' י""ח שהשיג עליו והעלה דתבשיל שני שרי דאין הנאסר חמור מהאוסר ע""ש באורך. גם בשו""ת שלי כ""י השגתי ג""כ על תשובת כנ""י הנ""ל והעליתי ג""כ להתיר וע' עוד בתשובת תשואת חן סימן כ""ג מ""ש בזה:"
yd1,pitchei-teshuva,siman103,seif-002,C:\Users\binya\Documents\Shulchan aruch\newtry\OC_Mobile\oc318-mobile-reader\public\corpus\yd1\siman103\seif-002\pitchei-teshuva\en.html,source_txt_block,temp YD_001 source output,C:\Users\binya\Documents\shulchan-yd-temp\newtry\YD_001\output\siman_103\pitchei-teshuva\part-001.txt,true,missing_or_empty,no,,C:\Users\binya\Documents\Shulchan aruch\newtry\OC_Mobile\oc318-mobile-reader\public\corpus\yd1\siman103\seif-002\pitchei-teshuva\he.html,"<b>אע""ג. </b>עיין בתשובת כנסת יחזקאל סימן כ""א ומתוך דבריו נלמד שדעתו דאם בישלו בקדירת איסור תבשיל שהאיסור נותן בה טעם לשבח ואח""כ בישלו בה תבשיל שהאיסור הראשון נ""ט לפגם בה נאסר התבשיל השני דכיון שהתבשיל הראשון נאסר מקודם ונ""נ א""כ עתה שבישל בה התבשיל הב' נתן התבשיל הראשון טעם בתבשיל הב' כיון שתבשיל ראשון אינו פוגם בתבשיל הב' ועיין בתשובת ש""ב גבעת שאול סי' י""ח שהשיג עליו והעלה דתבשיל שני שרי דאין הנאסר חמור מהאוסר ע""ש באורך. גם בשו""ת שלי כ""י השגתי ג""כ על תשובת כנ""י הנ""ל והעליתי ג""כ להתיר וע' עוד בתשובת תשואת חן סימן כ""ג מ""ש בזה:"
yd1,pitchei-teshuva,siman103,seif-004,C:\Users\binya\Documents\Shulchan aruch\newtry\OC_Mobile\oc318-mobile-reader\public\corpus\yd1\siman103\seif-004\pitchei-teshuva\en.html,corpus_en_html,SA_Sandbox corpus mirror,C:\Users\binya\Documents\Shulchan aruch\newtry\SA_Sandbox\public\corpus\yd1\siman103\seif-004\pitchei-teshuva\en.html,false,missing_or_empty,no,,C:\Users\binya\Documents\Shulchan aruch\newtry\OC_Mobile\oc318-mobile-reader\public\corpus\yd1\siman103\seif-004\pitchei-teshuva\he.html,"<b>[נגד האיסור הראשון. </b>עבה""ט ועיין בס' לבושי שרד סימן מ""ז שכתב דנ""ל דא""צ ס' נגד כל האיסור אלא לפי חשבון דהרי גם במאכל הראשון נשאר מן האיסור כמ""ש הט""ז סימן צ""ב ס""ק כ""ד דהא גם כאן לא נעשה נבלה כיון דפוגם כו'. וכ' עוד אבל אם האיסור נ""ט לשבח במאכל ראשון צריך אח""כ ס' נגד כל הקדירה (עש""ך ר""ס צ""ג) מיהו אם יש בו איזה ספק כגון שנשפך ולא ידעינן אי היה ס' נגד הקדירה וידוע עכ""פ שהיה ס' נגד האיסור אפילו לא נגד כולו אלא לפי חשבון א""נ שהאיסור ההוא היה ספק איסור ולא נודע עד אחר שנפל לתבשיל הראשון ואח""כ בתבשיל השני יש ס' נגד האיסור לפי חשבון שרי ואפשר דבעי דוקא שלא יודע עד שנתבשל תבשיל השני וצריך להתיישב בדבר ע""ש בטעם הדבר]:"
yd1,pitchei-teshuva,siman103,seif-004,C:\Users\binya\Documents\Shulchan aruch\newtry\OC_Mobile\oc318-mobile-reader\public\corpus\yd1\siman103\seif-004\pitchei-teshuva\en.html,corpus_en_html,shulchan-yd-temp corpus mirror,C:\Users\binya\Documents\shulchan-yd-temp\newtry\OC_Mobile\oc318-mobile-reader\public\corpus\yd1\siman103\seif-004\pitchei-teshuva\en.html,false,missing_or_empty,no,,C:\Users\binya\Documents\Shulchan aruch\newtry\OC_Mobile\oc318-mobile-reader\public\corpus\yd1\siman103\seif-004\pitchei-teshuva\he.html,"<b>[נגד האיסור הראשון. </b>עבה""ט ועיין בס' לבושי שרד סימן מ""ז שכתב דנ""ל דא""צ ס' נגד כל האיסור אלא לפי חשבון דהרי גם במאכל הראשון נשאר מן האיסור כמ""ש הט""ז סימן צ""ב ס""ק כ""ד דהא גם כאן לא נעשה נבלה כיון דפוגם כו'. וכ' עוד אבל אם האיסור נ""ט לשבח במאכל ראשון צריך אח""כ ס' נגד כל הקדירה (עש""ך ר""ס צ""ג) מיהו אם יש בו איזה ספק כגון שנשפך ולא ידעינן אי היה ס' נגד הקדירה וידוע עכ""פ שהיה ס' נגד האיסור אפילו לא נגד כולו אלא לפי חשבון א""נ שהאיסור ההוא היה ספק איסור ולא נודע עד אחר שנפל לתבשיל הראשון ואח""כ בתבשיל השני יש ס' נגד האיסור לפי חשבון שרי ואפשר דבעי דוקא שלא יודע עד שנתבשל תבשיל השני וצריך להתיישב בדבר ע""ש בטעם הדבר]:"
yd1,pitchei-teshuva,siman103,seif-004,C:\Users\binya\Documents\Shulchan aruch\newtry\OC_Mobile\oc318-mobile-reader\public\corpus\yd1\siman103\seif-004\pitchei-teshuva\en.html,source_txt_block,current YD_001 source output,C:\Users\binya\Documents\Shulchan aruch\newtry\YD_001\output\siman_103\pitchei-teshuva\part-001.txt,false,missing_or_empty,no,,C:\Users\binya\Documents\Shulchan aruch\newtry\OC_Mobile\oc318-mobile-reader\public\corpus\yd1\siman103\seif-004\pitchei-teshuva\he.html,"<b>[נגד האיסור הראשון. </b>עבה""ט ועיין בס' לבושי שרד סימן מ""ז שכתב דנ""ל דא""צ ס' נגד כל האיסור אלא לפי חשבון דהרי גם במאכל הראשון נשאר מן האיסור כמ""ש הט""ז סימן צ""ב ס""ק כ""ד דהא גם כאן לא נעשה נבלה כיון דפוגם כו'. וכ' עוד אבל אם האיסור נ""ט לשבח במאכל ראשון צריך אח""כ ס' נגד כל הקדירה (עש""ך ר""ס צ""ג) מיהו אם יש בו איזה ספק כגון שנשפך ולא ידעינן אי היה ס' נגד הקדירה וידוע עכ""פ שהיה ס' נגד האיסור אפילו לא נגד כולו אלא לפי חשבון א""נ שהאיסור ההוא היה ספק איסור ולא נודע עד אחר שנפל לתבשיל הראשון ואח""כ בתבשיל השני יש ס' נגד האיסור לפי חשבון שרי ואפשר דבעי דוקא שלא יודע עד שנתבשל תבשיל השני וצריך להתיישב בדבר ע""ש בטעם הדבר]:"
yd1,pitchei-teshuva,siman103,seif-004,C:\Users\binya\Documents\Shulchan aruch\newtry\OC_Mobile\oc318-mobile-reader\public\corpus\yd1\siman103\seif-004\pitchei-teshuva\en.html,source_txt_block,temp YD_001 source output,C:\Users\binya\Documents\shulchan-yd-temp\newtry\YD_001\output\siman_103\pitchei-teshuva\part-001.txt,true,missing_or_empty,no,,C:\Users\binya\Documents\Shulchan aruch\newtry\OC_Mobile\oc318-mobile-reader\public\corpus\yd1\siman103\seif-004\pitchei-teshuva\he.html,"<b>[נגד האיסור הראשון. </b>עבה""ט ועיין בס' לבושי שרד סימן מ""ז שכתב דנ""ל דא""צ ס' נגד כל האיסור אלא לפי חשבון דהרי גם במאכל הראשון נשאר מן האיסור כמ""ש הט""ז סימן צ""ב ס""ק כ""ד דהא גם כאן לא נעשה נבלה כיון דפוגם כו'. וכ' עוד אבל אם האיסור נ""ט לשבח במאכל ראשון צריך אח""כ ס' נגד כל הקדירה (עש""ך ר""ס צ""ג) מיהו אם יש בו איזה ספק כגון שנשפך ולא ידעינן אי היה ס' נגד הקדירה וידוע עכ""פ שהיה ס' נגד האיסור אפילו לא נגד כולו אלא לפי חשבון א""נ שהאיסור ההוא היה ספק איסור ולא נודע עד אחר שנפל לתבשיל הראשון ואח""כ בתבשיל השני יש ס' נגד האיסור לפי חשבון שרי ואפשר דבעי דוקא שלא יודע עד שנתבשל תבשיל השני וצריך להתיישב בדבר ע""ש בטעם הדבר]:"
yd1,pitchei-teshuva,siman331,seif-011,C:\Users\binya\Documents\Shulchan aruch\newtry\OC_Mobile\oc318-mobile-reader\public\corpus\yd1\siman331\seif-011\pitchei-teshuva\en.html,corpus_en_html,SA_Sandbox corpus mirror,C:\Users\binya\Documents\Shulchan aruch\newtry\SA_Sandbox\public\corpus\yd1\siman331\seif-011\pitchei-teshuva\en.html,false,missing_or_empty,no,,C:\Users\binya\Documents\Shulchan aruch\newtry\OC_Mobile\oc318-mobile-reader\public\corpus\yd1\siman331\seif-011\pitchei-teshuva\he.html,"<b>והשבת. </b>עיין בשער המלך פ""ה מהלכות מעשר הלכה כ""ב שכתב דכי היכי דשבת קובע למעשר ה""נ יום טוב די""ט נמי מקרי שבת ותו שהרי טעמא דשבת קובעת למעשר היינו משום דכתיב וקראת לשבת עונג וא""כ מה""ט י""ט נמי דינא הכי שהרי מצוה לענג גם את י""ט והביא עוד ראיות ושוב כתב בשם המאירי ז""ל שכתב די""ט אינה קובעת ע""ש וכן ראיתי בספר צל""ח על ביצה סופ""ד שכתב דדוקא שבת קובעת למעשר אבל לא יום טוב ושכן דעת הפני יהושע בסוף מסכת הנ""ל וכתב הטעם דבי""ט לא מצינו עונג רק שמחה ושמחת בחגך ושמחה זו היינו בשר שלמים דבר שלא שייך בו כלל מעשר ותרומה ע""ש:"
yd1,pitchei-teshuva,siman331,seif-011,C:\Users\binya\Documents\Shulchan aruch\newtry\OC_Mobile\oc318-mobile-reader\public\corpus\yd1\siman331\seif-011\pitchei-teshuva\en.html,corpus_en_html,shulchan-yd-temp corpus mirror,C:\Users\binya\Documents\shulchan-yd-temp\newtry\OC_Mobile\oc318-mobile-reader\public\corpus\yd1\siman331\seif-011\pitchei-teshuva\en.html,false,missing_or_empty,no,,C:\Users\binya\Documents\Shulchan aruch\newtry\OC_Mobile\oc318-mobile-reader\public\corpus\yd1\siman331\seif-011\pitchei-teshuva\he.html,"<b>והשבת. </b>עיין בשער המלך פ""ה מהלכות מעשר הלכה כ""ב שכתב דכי היכי דשבת קובע למעשר ה""נ יום טוב די""ט נמי מקרי שבת ותו שהרי טעמא דשבת קובעת למעשר היינו משום דכתיב וקראת לשבת עונג וא""כ מה""ט י""ט נמי דינא הכי שהרי מצוה לענג גם את י""ט והביא עוד ראיות ושוב כתב בשם המאירי ז""ל שכתב די""ט אינה קובעת ע""ש וכן ראיתי בספר צל""ח על ביצה סופ""ד שכתב דדוקא שבת קובעת למעשר אבל לא יום טוב ושכן דעת הפני יהושע בסוף מסכת הנ""ל וכתב הטעם דבי""ט לא מצינו עונג רק שמחה ושמחת בחגך ושמחה זו היינו בשר שלמים דבר שלא שייך בו כלל מעשר ותרומה ע""ש:"
yd1,pitchei-teshuva,siman331,seif-011,C:\Users\binya\Documents\Shulchan aruch\newtry\OC_Mobile\oc318-mobile-reader\public\corpus\yd1\siman331\seif-011\pitchei-teshuva\en.html,source_txt_block,current YD_001 source output,C:\Users\binya\Documents\Shulchan aruch\newtry\YD_001\output\siman_331\pitchei-teshuva\part-001.txt,false,missing_or_empty,no,,C:\Users\binya\Documents\Shulchan aruch\newtry\OC_Mobile\oc318-mobile-reader\public\corpus\yd1\siman331\seif-011\pitchei-teshuva\he.html,"<b>והשבת. </b>עיין בשער המלך פ""ה מהלכות מעשר הלכה כ""ב שכתב דכי היכי דשבת קובע למעשר ה""נ יום טוב די""ט נמי מקרי שבת ותו שהרי טעמא דשבת קובעת למעשר היינו משום דכתיב וקראת לשבת עונג וא""כ מה""ט י""ט נמי דינא הכי שהרי מצוה לענג גם את י""ט והביא עוד ראיות ושוב כתב בשם המאירי ז""ל שכתב די""ט אינה קובעת ע""ש וכן ראיתי בספר צל""ח על ביצה סופ""ד שכתב דדוקא שבת קובעת למעשר אבל לא יום טוב ושכן דעת הפני יהושע בסוף מסכת הנ""ל וכתב הטעם דבי""ט לא מצינו עונג רק שמחה ושמחת בחגך ושמחה זו היינו בשר שלמים דבר שלא שייך בו כלל מעשר ותרומה ע""ש:"
yd1,pitchei-teshuva,siman331,seif-011,C:\Users\binya\Documents\Shulchan aruch\newtry\OC_Mobile\oc318-mobile-reader\public\corpus\yd1\siman331\seif-011\pitchei-teshuva\en.html,source_txt_block,temp YD_001 source output,C:\Users\binya\Documents\shulchan-yd-temp\newtry\YD_001\output\siman_331\pitchei-teshuva\part-001.txt,true,missing_or_empty,no,,C:\Users\binya\Documents\Shulchan aruch\newtry\OC_Mobile\oc318-mobile-reader\public\corpus\yd1\siman331\seif-011\pitchei-teshuva\he.html,"<b>והשבת. </b>עיין בשער המלך פ""ה מהלכות מעשר הלכה כ""ב שכתב דכי היכי דשבת קובע למעשר ה""נ יום טוב די""ט נמי מקרי שבת ותו שהרי טעמא דשבת קובעת למעשר היינו משום דכתיב וקראת לשבת עונג וא""כ מה""ט י""ט נמי דינא הכי שהרי מצוה לענג גם את י""ט והביא עוד ראיות ושוב כתב בשם המאירי ז""ל שכתב די""ט אינה קובעת ע""ש וכן ראיתי בספר צל""ח על ביצה סופ""ד שכתב דדוקא שבת קובעת למעשר אבל לא יום טוב ושכן דעת הפני יהושע בסוף מסכת הנ""ל וכתב הטעם דבי""ט לא מצינו עונג רק שמחה ושמחת בחגך ושמחה זו היינו בשר שלמים דבר שלא שייך בו כלל מעשר ותרומה ע""ש:"
yd1,pitchei-teshuva,siman335,seif-002,C:\Users\binya\Documents\Shulchan aruch\newtry\OC_Mobile\oc318-mobile-reader\public\corpus\yd1\siman335\seif-002\pitchei-teshuva\en.html,corpus_en_html,SA_Sandbox corpus mirror,C:\Users\binya\Documents\Shulchan aruch\newtry\SA_Sandbox\public\corpus\yd1\siman335\seif-002\pitchei-teshuva\en.html,false,missing_or_empty,no,,C:\Users\binya\Documents\Shulchan aruch\newtry\OC_Mobile\oc318-mobile-reader\public\corpus\yd1\siman335\seif-002\pitchei-teshuva\he.html,"<b>לברך חולים. </b>עיין בה""ט של הרב מהרי""ט ז""ל שכתב בשם מהרי""ל שאין לברך החולה כשהוא במקום אחר. ועיין בשו""ת נחלת שבעה סימן נ""ט שחולק עליו ועשה מעשה לברך חולה בשבת בבהכ""נ אף על פי שהחולה לא היה שם בעיר רק בישוב שהיה רחוק מהלך שעה ויותר והביא ראיה מגיטין דאפילו הניחו זקן או חולה נותן לה בחזקת שהוא קיים וגדול אחד כתב להעמיד דברי מהרי""ל והוא חזר והשיב לו עיי""ש מסי' ט""ז עד סימן פ""א:"
yd1,pitchei-teshuva,siman335,seif-002,C:\Users\binya\Documents\Shulchan aruch\newtry\OC_Mobile\oc318-mobile-reader\public\corpus\yd1\siman335\seif-002\pitchei-teshuva\en.html,corpus_en_html,shulchan-yd-temp corpus mirror,C:\Users\binya\Documents\shulchan-yd-temp\newtry\OC_Mobile\oc318-mobile-reader\public\corpus\yd1\siman335\seif-002\pitchei-teshuva\en.html,false,missing_or_empty,no,,C:\Users\binya\Documents\Shulchan aruch\newtry\OC_Mobile\oc318-mobile-reader\public\corpus\yd1\siman335\seif-002\pitchei-teshuva\he.html,"<b>לברך חולים. </b>עיין בה""ט של הרב מהרי""ט ז""ל שכתב בשם מהרי""ל שאין לברך החולה כשהוא במקום אחר. ועיין בשו""ת נחלת שבעה סימן נ""ט שחולק עליו ועשה מעשה לברך חולה בשבת בבהכ""נ אף על פי שהחולה לא היה שם בעיר רק בישוב שהיה רחוק מהלך שעה ויותר והביא ראיה מגיטין דאפילו הניחו זקן או חולה נותן לה בחזקת שהוא קיים וגדול אחד כתב להעמיד דברי מהרי""ל והוא חזר והשיב לו עיי""ש מסי' ט""ז עד סימן פ""א:"
yd1,pitchei-teshuva,siman335,seif-002,C:\Users\binya\Documents\Shulchan aruch\newtry\OC_Mobile\oc318-mobile-reader\public\corpus\yd1\siman335\seif-002\pitchei-teshuva\en.html,source_txt_block,current YD_001 source output,C:\Users\binya\Documents\Shulchan aruch\newtry\YD_001\output\siman_335\pitchei-teshuva\part-001.txt,false,missing_or_empty,no,,C:\Users\binya\Documents\Shulchan aruch\newtry\OC_Mobile\oc318-mobile-reader\public\corpus\yd1\siman335\seif-002\pitchei-teshuva\he.html,"<b>לברך חולים. </b>עיין בה""ט של הרב מהרי""ט ז""ל שכתב בשם מהרי""ל שאין לברך החולה כשהוא במקום אחר. ועיין בשו""ת נחלת שבעה סימן נ""ט שחולק עליו ועשה מעשה לברך חולה בשבת בבהכ""נ אף על פי שהחולה לא היה שם בעיר רק בישוב שהיה רחוק מהלך שעה ויותר והביא ראיה מגיטין דאפילו הניחו זקן או חולה נותן לה בחזקת שהוא קיים וגדול אחד כתב להעמיד דברי מהרי""ל והוא חזר והשיב לו עיי""ש מסי' ט""ז עד סימן פ""א:"
yd1,pitchei-teshuva,siman335,seif-002,C:\Users\binya\Documents\Shulchan aruch\newtry\OC_Mobile\oc318-mobile-reader\public\corpus\yd1\siman335\seif-002\pitchei-teshuva\en.html,source_txt_block,temp YD_001 source output,C:\Users\binya\Documents\shulchan-yd-temp\newtry\YD_001\output\siman_335\pitchei-teshuva\part-001.txt,true,missing_or_empty,no,,C:\Users\binya\Documents\Shulchan aruch\newtry\OC_Mobile\oc318-mobile-reader\public\corpus\yd1\siman335\seif-002\pitchei-teshuva\he.html,"<b>לברך חולים. </b>עיין בה""ט של הרב מהרי""ט ז""ל שכתב בשם מהרי""ל שאין לברך החולה כשהוא במקום אחר. ועיין בשו""ת נחלת שבעה סימן נ""ט שחולק עליו ועשה מעשה לברך חולה בשבת בבהכ""נ אף על פי שהחולה לא היה שם בעיר רק בישוב שהיה רחוק מהלך שעה ויותר והביא ראיה מגיטין דאפילו הניחו זקן או חולה נותן לה בחזקת שהוא קיים וגדול אחד כתב להעמיד דברי מהרי""ל והוא חזר והשיב לו עיי""ש מסי' ט""ז עד סימן פ""א:"
yd1,pitchei-teshuva,siman399,seif-004,C:\Users\binya\Documents\Shulchan aruch\newtry\OC_Mobile\oc318-mobile-reader\public\corpus\yd1\siman399\seif-004\pitchei-teshuva\en.html,corpus_en_html,SA_Sandbox corpus mirror,C:\Users\binya\Documents\Shulchan aruch\newtry\SA_Sandbox\public\corpus\yd1\siman399\seif-004\pitchei-teshuva\en.html,false,missing_or_empty,no,,C:\Users\binya\Documents\Shulchan aruch\newtry\OC_Mobile\oc318-mobile-reader\public\corpus\yd1\siman399\seif-004\pitchei-teshuva\he.html,"<b>מתחיל למנות שבעה. </b>עי' בשו""ת שיבת ציון סי' נ""ט דמי שקבר מתו ברגל ונוהג שבעה אחר הרגל מחוייבים גם הקרובים להתאבל עמו ולשנות בגדיהם בשבת ראשונה שאחר הרגל דלא כמורה א' שרצה לומר דבכה""ג אין חייבים ע""ש:"
yd1,pitchei-teshuva,siman399,seif-004,C:\Users\binya\Documents\Shulchan aruch\newtry\OC_Mobile\oc318-mobile-reader\public\corpus\yd1\siman399\seif-004\pitchei-teshuva\en.html,corpus_en_html,shulchan-yd-temp corpus mirror,C:\Users\binya\Documents\shulchan-yd-temp\newtry\OC_Mobile\oc318-mobile-reader\public\corpus\yd1\siman399\seif-004\pitchei-teshuva\en.html,false,missing_or_empty,no,,C:\Users\binya\Documents\Shulchan aruch\newtry\OC_Mobile\oc318-mobile-reader\public\corpus\yd1\siman399\seif-004\pitchei-teshuva\he.html,"<b>מתחיל למנות שבעה. </b>עי' בשו""ת שיבת ציון סי' נ""ט דמי שקבר מתו ברגל ונוהג שבעה אחר הרגל מחוייבים גם הקרובים להתאבל עמו ולשנות בגדיהם בשבת ראשונה שאחר הרגל דלא כמורה א' שרצה לומר דבכה""ג אין חייבים ע""ש:"
yd1,pitchei-teshuva,siman399,seif-004,C:\Users\binya\Documents\Shulchan aruch\newtry\OC_Mobile\oc318-mobile-reader\public\corpus\yd1\siman399\seif-004\pitchei-teshuva\en.html,source_txt_block,current YD_001 source output,C:\Users\binya\Documents\Shulchan aruch\newtry\YD_001\output\siman_399\pitchei-teshuva\part-001.txt,false,missing_or_empty,no,,C:\Users\binya\Documents\Shulchan aruch\newtry\OC_Mobile\oc318-mobile-reader\public\corpus\yd1\siman399\seif-004\pitchei-teshuva\he.html,"<b>מתחיל למנות שבעה. </b>עי' בשו""ת שיבת ציון סי' נ""ט דמי שקבר מתו ברגל ונוהג שבעה אחר הרגל מחוייבים גם הקרובים להתאבל עמו ולשנות בגדיהם בשבת ראשונה שאחר הרגל דלא כמורה א' שרצה לומר דבכה""ג אין חייבים ע""ש:"
yd1,pitchei-teshuva,siman399,seif-004,C:\Users\binya\Documents\Shulchan aruch\newtry\OC_Mobile\oc318-mobile-reader\public\corpus\yd1\siman399\seif-004\pitchei-teshuva\en.html,source_txt_block,temp YD_001 source output,C:\Users\binya\Documents\shulchan-yd-temp\newtry\YD_001\output\siman_399\pitchei-teshuva\part-001.txt,true,missing_or_empty,no,,C:\Users\binya\Documents\Shulchan aruch\newtry\OC_Mobile\oc318-mobile-reader\public\corpus\yd1\siman399\seif-004\pitchei-teshuva\he.html,"<b>מתחיל למנות שבעה. </b>עי' בשו""ת שיבת ציון סי' נ""ט דמי שקבר מתו ברגל ונוהג שבעה אחר הרגל מחוייבים גם הקרובים להתאבל עמו ולשנות בגדיהם בשבת ראשונה שאחר הרגל דלא כמורה א' שרצה לומר דבכה""ג אין חייבים ע""ש:"
yd1,siftei-kohen,siman217,seif-014,C:\Users\binya\Documents\Shulchan aruch\newtry\OC_Mobile\oc318-mobile-reader\public\corpus\yd1\siman217\seif-014\siftei-kohen\en.html,corpus_en_html,SA_Sandbox corpus mirror,C:\Users\binya\Documents\Shulchan aruch\newtry\SA_Sandbox\public\corpus\yd1\siman217\seif-014\siftei-kohen\en.html,false,missing_or_empty,no,,C:\Users\binya\Documents\Shulchan aruch\newtry\OC_Mobile\oc318-mobile-reader\public\corpus\yd1\siman217\seif-014\siftei-kohen\he.html,<b>מותר בדבש תמרים. </b>שסתם דבש אינו אלא דבש של דבורים. טור:
yd1,siftei-kohen,siman217,seif-014,C:\Users\binya\Documents\Shulchan aruch\newtry\OC_Mobile\oc318-mobile-reader\public\corpus\yd1\siman217\seif-014\siftei-kohen\en.html,corpus_en_html,shulchan-yd-temp corpus mirror,C:\Users\binya\Documents\shulchan-yd-temp\newtry\OC_Mobile\oc318-mobile-reader\public\corpus\yd1\siman217\seif-014\siftei-kohen\en.html,false,missing_or_empty,no,,C:\Users\binya\Documents\Shulchan aruch\newtry\OC_Mobile\oc318-mobile-reader\public\corpus\yd1\siman217\seif-014\siftei-kohen\he.html,<b>מותר בדבש תמרים. </b>שסתם דבש אינו אלא דבש של דבורים. טור:
yd1,siftei-kohen,siman217,seif-014,C:\Users\binya\Documents\Shulchan aruch\newtry\OC_Mobile\oc318-mobile-reader\public\corpus\yd1\siman217\seif-014\siftei-kohen\en.html,source_txt_block,current YD_001 source output,C:\Users\binya\Documents\Shulchan aruch\newtry\YD_001\output\siman_217\siftei-kohen\part-001.txt,true,missing_or_empty,no,,C:\Users\binya\Documents\Shulchan aruch\newtry\OC_Mobile\oc318-mobile-reader\public\corpus\yd1\siman217\seif-014\siftei-kohen\he.html,<b>מותר בדבש תמרים. </b>שסתם דבש אינו אלא דבש של דבורים. טור:
yd1,siftei-kohen,siman217,seif-014,C:\Users\binya\Documents\Shulchan aruch\newtry\OC_Mobile\oc318-mobile-reader\public\corpus\yd1\siman217\seif-014\siftei-kohen\en.html,source_txt_block,temp YD_001 source output,C:\Users\binya\Documents\shulchan-yd-temp\newtry\YD_001\output\siman_217\siftei-kohen\part-001.txt,true,missing_or_empty,no,,C:\Users\binya\Documents\Shulchan aruch\newtry\OC_Mobile\oc318-mobile-reader\public\corpus\yd1\siman217\seif-014\siftei-kohen\he.html,<b>מותר בדבש תמרים. </b>שסתם דבש אינו אלא דבש של דבורים. טור:
yd1,siftei-kohen,siman217,seif-027,C:\Users\binya\Documents\Shulchan aruch\newtry\OC_Mobile\oc318-mobile-reader\public\corpus\yd1\siman217\seif-027\siftei-kohen\en.html,corpus_en_html,SA_Sandbox corpus mirror,C:\Users\binya\Documents\Shulchan aruch\newtry\SA_Sandbox\public\corpus\yd1\siman217\seif-027\siftei-kohen\en.html,false,missing_or_empty,no,,C:\Users\binya\Documents\Shulchan aruch\newtry\OC_Mobile\oc318-mobile-reader\public\corpus\yd1\siman217\seif-027\siftei-kohen\he.html,<b>מותר בו' ובחמילה. </b>מיני בגדים גסים הם. טור:
yd1,siftei-kohen,siman217,seif-027,C:\Users\binya\Documents\Shulchan aruch\newtry\OC_Mobile\oc318-mobile-reader\public\corpus\yd1\siman217\seif-027\siftei-kohen\en.html,corpus_en_html,shulchan-yd-temp corpus mirror,C:\Users\binya\Documents\shulchan-yd-temp\newtry\OC_Mobile\oc318-mobile-reader\public\corpus\yd1\siman217\seif-027\siftei-kohen\en.html,false,missing_or_empty,no,,C:\Users\binya\Documents\Shulchan aruch\newtry\OC_Mobile\oc318-mobile-reader\public\corpus\yd1\siman217\seif-027\siftei-kohen\he.html,<b>מותר בו' ובחמילה. </b>מיני בגדים גסים הם. טור:
yd1,siftei-kohen,siman217,seif-027,C:\Users\binya\Documents\Shulchan aruch\newtry\OC_Mobile\oc318-mobile-reader\public\corpus\yd1\siman217\seif-027\siftei-kohen\en.html,source_txt_block,current YD_001 source output,C:\Users\binya\Documents\Shulchan aruch\newtry\YD_001\output\siman_217\siftei-kohen\part-001.txt,true,missing_or_empty,no,,C:\Users\binya\Documents\Shulchan aruch\newtry\OC_Mobile\oc318-mobile-reader\public\corpus\yd1\siman217\seif-027\siftei-kohen\he.html,<b>מותר בו' ובחמילה. </b>מיני בגדים גסים הם. טור:
yd1,siftei-kohen,siman217,seif-027,C:\Users\binya\Documents\Shulchan aruch\newtry\OC_Mobile\oc318-mobile-reader\public\corpus\yd1\siman217\seif-027\siftei-kohen\en.html,source_txt_block,temp YD_001 source output,C:\Users\binya\Documents\shulchan-yd-temp\newtry\YD_001\output\siman_217\siftei-kohen\part-001.txt,true,missing_or_empty,no,,C:\Users\binya\Documents\Shulchan aruch\newtry\OC_Mobile\oc318-mobile-reader\public\corpus\yd1\siman217\seif-027\siftei-kohen\he.html,<b>מותר בו' ובחמילה. </b>מיני בגדים גסים הם. טור:
yd1,siftei-kohen,siman234,seif-049,C:\Users\binya\Documents\Shulchan aruch\newtry\OC_Mobile\oc318-mobile-reader\public\corpus\yd1\siman234\seif-049\siftei-kohen\en.html,corpus_en_html,SA_Sandbox corpus mirror,C:\Users\binya\Documents\Shulchan aruch\newtry\SA_Sandbox\public\corpus\yd1\siman234\seif-049\siftei-kohen\en.html,false,missing_or_empty,no,,C:\Users\binya\Documents\Shulchan aruch\newtry\OC_Mobile\oc318-mobile-reader\public\corpus\yd1\siman234\seif-049\siftei-kohen\he.html,"<b>ומתיר לו הקמתו. </b>אפי' לאחר כמה ימים ולא אמרינן דהוי כשתיקה דכיון שאינו יכול להפר הוי כמו שאינו יודע שיכול להפר (דלעיל סעיף כ""א) שאין שתיקתו קיום ומפר אפילו לאחר כמה ימים ומכל מקום צריך שיפר ביום שאלה שהוא לו כיום שמיעה. טור:"
yd1,siftei-kohen,siman234,seif-049,C:\Users\binya\Documents\Shulchan aruch\newtry\OC_Mobile\oc318-mobile-reader\public\corpus\yd1\siman234\seif-049\siftei-kohen\en.html,corpus_en_html,shulchan-yd-temp corpus mirror,C:\Users\binya\Documents\shulchan-yd-temp\newtry\OC_Mobile\oc318-mobile-reader\public\corpus\yd1\siman234\seif-049\siftei-kohen\en.html,false,missing_or_empty,no,,C:\Users\binya\Documents\Shulchan aruch\newtry\OC_Mobile\oc318-mobile-reader\public\corpus\yd1\siman234\seif-049\siftei-kohen\he.html,"<b>ומתיר לו הקמתו. </b>אפי' לאחר כמה ימים ולא אמרינן דהוי כשתיקה דכיון שאינו יכול להפר הוי כמו שאינו יודע שיכול להפר (דלעיל סעיף כ""א) שאין שתיקתו קיום ומפר אפילו לאחר כמה ימים ומכל מקום צריך שיפר ביום שאלה שהוא לו כיום שמיעה. טור:"
yd1,siftei-kohen,siman234,seif-049,C:\Users\binya\Documents\Shulchan aruch\newtry\OC_Mobile\oc318-mobile-reader\public\corpus\yd1\siman234\seif-049\siftei-kohen\en.html,source_txt_block,current YD_001 source output,C:\Users\binya\Documents\Shulchan aruch\newtry\YD_001\output\siman_234\siftei-kohen\part-001.txt,true,missing_or_empty,no,,C:\Users\binya\Documents\Shulchan aruch\newtry\OC_Mobile\oc318-mobile-reader\public\corpus\yd1\siman234\seif-049\siftei-kohen\he.html,"<b>ומתיר לו הקמתו. </b>אפי' לאחר כמה ימים ולא אמרינן דהוי כשתיקה דכיון שאינו יכול להפר הוי כמו שאינו יודע שיכול להפר (דלעיל סעיף כ""א) שאין שתיקתו קיום ומפר אפילו לאחר כמה ימים ומכל מקום צריך שיפר ביום שאלה שהוא לו כיום שמיעה. טור:"
yd1,siftei-kohen,siman234,seif-049,C:\Users\binya\Documents\Shulchan aruch\newtry\OC_Mobile\oc318-mobile-reader\public\corpus\yd1\siman234\seif-049\siftei-kohen\en.html,source_txt_block,temp YD_001 source output,C:\Users\binya\Documents\shulchan-yd-temp\newtry\YD_001\output\siman_234\siftei-kohen\part-001.txt,true,missing_or_empty,no,,C:\Users\binya\Documents\Shulchan aruch\newtry\OC_Mobile\oc318-mobile-reader\public\corpus\yd1\siman234\seif-049\siftei-kohen\he.html,"<b>ומתיר לו הקמתו. </b>אפי' לאחר כמה ימים ולא אמרינן דהוי כשתיקה דכיון שאינו יכול להפר הוי כמו שאינו יודע שיכול להפר (דלעיל סעיף כ""א) שאין שתיקתו קיום ומפר אפילו לאחר כמה ימים ומכל מקום צריך שיפר ביום שאלה שהוא לו כיום שמיעה. טור:"
yd1,siftei-kohen,siman273,seif-001,C:\Users\binya\Documents\Shulchan aruch\newtry\OC_Mobile\oc318-mobile-reader\public\corpus\yd1\siman273\seif-001\siftei-kohen\en.html,corpus_en_html,SA_Sandbox corpus mirror,C:\Users\binya\Documents\Shulchan aruch\newtry\SA_Sandbox\public\corpus\yd1\siman273\seif-001\siftei-kohen\en.html,false,missing_or_empty,no,,C:\Users\binya\Documents\Shulchan aruch\newtry\OC_Mobile\oc318-mobile-reader\public\corpus\yd1\siman273\seif-001\siftei-kohen\he.html,<b>לא ימעט כו'. </b>פירוש שלא יעשה אותיות קטנות בשיטה העליונה ותחתונה כדי שישאר שיעור גליון ולא מפני ריוח שבין פרשה לפרשה כגון פרשה סתומה שצריכה להיות פתוחה באמצע וכתובה משני הצדדין לא ימעט הכתב כדי להתחיל בסוף. טור:
yd1,siftei-kohen,siman273,seif-001,C:\Users\binya\Documents\Shulchan aruch\newtry\OC_Mobile\oc318-mobile-reader\public\corpus\yd1\siman273\seif-001\siftei-kohen\en.html,corpus_en_html,shulchan-yd-temp corpus mirror,C:\Users\binya\Documents\shulchan-yd-temp\newtry\OC_Mobile\oc318-mobile-reader\public\corpus\yd1\siman273\seif-001\siftei-kohen\en.html,false,missing_or_empty,no,,C:\Users\binya\Documents\Shulchan aruch\newtry\OC_Mobile\oc318-mobile-reader\public\corpus\yd1\siman273\seif-001\siftei-kohen\he.html,<b>לא ימעט כו'. </b>פירוש שלא יעשה אותיות קטנות בשיטה העליונה ותחתונה כדי שישאר שיעור גליון ולא מפני ריוח שבין פרשה לפרשה כגון פרשה סתומה שצריכה להיות פתוחה באמצע וכתובה משני הצדדין לא ימעט הכתב כדי להתחיל בסוף. טור:
yd1,siftei-kohen,siman273,seif-001,C:\Users\binya\Documents\Shulchan aruch\newtry\OC_Mobile\oc318-mobile-reader\public\corpus\yd1\siman273\seif-001\siftei-kohen\en.html,source_txt_block,current YD_001 source output,C:\Users\binya\Documents\Shulchan aruch\newtry\YD_001\output\siman_273\siftei-kohen\part-001.txt,false,missing_or_empty,no,,C:\Users\binya\Documents\Shulchan aruch\newtry\OC_Mobile\oc318-mobile-reader\public\corpus\yd1\siman273\seif-001\siftei-kohen\he.html,<b>לא ימעט כו'. </b>פירוש שלא יעשה אותיות קטנות בשיטה העליונה ותחתונה כדי שישאר שיעור גליון ולא מפני ריוח שבין פרשה לפרשה כגון פרשה סתומה שצריכה להיות פתוחה באמצע וכתובה משני הצדדין לא ימעט הכתב כדי להתחיל בסוף. טור:
yd1,siftei-kohen,siman273,seif-001,C:\Users\binya\Documents\Shulchan aruch\newtry\OC_Mobile\oc318-mobile-reader\public\corpus\yd1\siman273\seif-001\siftei-kohen\en.html,source_txt_block,temp YD_001 source output,C:\Users\binya\Documents\shulchan-yd-temp\newtry\YD_001\output\siman_273\siftei-kohen\part-001.txt,true,missing_or_empty,no,,C:\Users\binya\Documents\Shulchan aruch\newtry\OC_Mobile\oc318-mobile-reader\public\corpus\yd1\siman273\seif-001\siftei-kohen\he.html,<b>לא ימעט כו'. </b>פירוש שלא יעשה אותיות קטנות בשיטה העליונה ותחתונה כדי שישאר שיעור גליון ולא מפני ריוח שבין פרשה לפרשה כגון פרשה סתומה שצריכה להיות פתוחה באמצע וכתובה משני הצדדין לא ימעט הכתב כדי להתחיל בסוף. טור:
yd1,siftei-kohen,siman300,seif-002,C:\Users\binya\Documents\Shulchan aruch\newtry\OC_Mobile\oc318-mobile-reader\public\corpus\yd1\siman300\seif-002\siftei-kohen\en.html,corpus_en_html,SA_Sandbox corpus mirror,C:\Users\binya\Documents\Shulchan aruch\newtry\SA_Sandbox\public\corpus\yd1\siman300\seif-002\siftei-kohen\en.html,false,missing_or_empty,no,,C:\Users\binya\Documents\Shulchan aruch\newtry\OC_Mobile\oc318-mobile-reader\public\corpus\yd1\siman300\seif-002\siftei-kohen\he.html,"<b>אלא בשני כו'. </b>כגון שמעביר המחט פעם א' ואינו מעביר כל החוט ומעביר המחט פעם שנית ונמצא שני ראשי החוטין ביחד וקושר שני ראשי החוטין. הרא""ש וטור:"
yd1,siftei-kohen,siman300,seif-002,C:\Users\binya\Documents\Shulchan aruch\newtry\OC_Mobile\oc318-mobile-reader\public\corpus\yd1\siman300\seif-002\siftei-kohen\en.html,corpus_en_html,shulchan-yd-temp corpus mirror,C:\Users\binya\Documents\shulchan-yd-temp\newtry\OC_Mobile\oc318-mobile-reader\public\corpus\yd1\siman300\seif-002\siftei-kohen\en.html,false,missing_or_empty,no,,C:\Users\binya\Documents\Shulchan aruch\newtry\OC_Mobile\oc318-mobile-reader\public\corpus\yd1\siman300\seif-002\siftei-kohen\he.html,"<b>אלא בשני כו'. </b>כגון שמעביר המחט פעם א' ואינו מעביר כל החוט ומעביר המחט פעם שנית ונמצא שני ראשי החוטין ביחד וקושר שני ראשי החוטין. הרא""ש וטור:"
yd1,siftei-kohen,siman300,seif-002,C:\Users\binya\Documents\Shulchan aruch\newtry\OC_Mobile\oc318-mobile-reader\public\corpus\yd1\siman300\seif-002\siftei-kohen\en.html,source_txt_block,current YD_001 source output,C:\Users\binya\Documents\Shulchan aruch\newtry\YD_001\output\siman_300\siftei-kohen\part-001.txt,true,missing_or_empty,no,,C:\Users\binya\Documents\Shulchan aruch\newtry\OC_Mobile\oc318-mobile-reader\public\corpus\yd1\siman300\seif-002\siftei-kohen\he.html,"<b>אלא בשני כו'. </b>כגון שמעביר המחט פעם א' ואינו מעביר כל החוט ומעביר המחט פעם שנית ונמצא שני ראשי החוטין ביחד וקושר שני ראשי החוטין. הרא""ש וטור:"
yd1,siftei-kohen,siman300,seif-002,C:\Users\binya\Documents\Shulchan aruch\newtry\OC_Mobile\oc318-mobile-reader\public\corpus\yd1\siman300\seif-002\siftei-kohen\en.html,source_txt_block,temp YD_001 source output,C:\Users\binya\Documents\shulchan-yd-temp\newtry\YD_001\output\siman_300\siftei-kohen\part-001.txt,true,missing_or_empty,no,,C:\Users\binya\Documents\Shulchan aruch\newtry\OC_Mobile\oc318-mobile-reader\public\corpus\yd1\siman300\seif-002\siftei-kohen\he.html,"<b>אלא בשני כו'. </b>כגון שמעביר המחט פעם א' ואינו מעביר כל החוט ומעביר המחט פעם שנית ונמצא שני ראשי החוטין ביחד וקושר שני ראשי החוטין. הרא""ש וטור:"
yd1,siftei-kohen,siman325,seif-001,C:\Users\binya\Documents\Shulchan aruch\newtry\OC_Mobile\oc318-mobile-reader\public\corpus\yd1\siman325\seif-001\siftei-kohen\en.html,corpus_en_html,SA_Sandbox corpus mirror,C:\Users\binya\Documents\Shulchan aruch\newtry\SA_Sandbox\public\corpus\yd1\siman325\seif-001\siftei-kohen\en.html,false,missing_or_empty,no,,C:\Users\binya\Documents\Shulchan aruch\newtry\OC_Mobile\oc318-mobile-reader\public\corpus\yd1\siman325\seif-001\siftei-kohen\he.html,"<b>מצטרפים כו'. </b>ודוקא שהם של אדם אחד אבל לא של שתי נשים כדבסימן שאח""ז: | <b>על טבלא כו'. </b>זהו בעיא דלא איפשטא וכתב המחבר בסתם שאין מצטרפין כיון דבזמן הזה כל חלה דרבנן וכדלעיל סימן שכ""ג אזלינן לקולא: | <b>ולכן כשמצרפם כו'. </b>אטבלא קאי דכשכל הככר או העיסה למעלה מדופני הכלי הוי דומיא דטבלא דאין מצטרף: | <b>שיהא כל ככר כו'. </b>למעלה מדופני הכלי הא מקצתה בפנים מצטרף דלא הוי דומיא דטבלא וכמ""ש ב""י והב""ח חולק בדבר ע""ש: | <b>ויש מי שאומר כו'. </b>לא ידעתי למה כתבו בשם יש מי שאומר שהרי אין חולק בדבר וגם הטור נקט סתמא האי דינא ומהרי""ל בהלכות פסח כתב דאם אין לו הכלי שמחזיק את כולה יניחנה במפה ויכסה המפה גם כן עליהם ונקרא צירוף הגון:"
yd1,siftei-kohen,siman325,seif-001,C:\Users\binya\Documents\Shulchan aruch\newtry\OC_Mobile\oc318-mobile-reader\public\corpus\yd1\siman325\seif-001\siftei-kohen\en.html,corpus_en_html,shulchan-yd-temp corpus mirror,C:\Users\binya\Documents\shulchan-yd-temp\newtry\OC_Mobile\oc318-mobile-reader\public\corpus\yd1\siman325\seif-001\siftei-kohen\en.html,false,missing_or_empty,no,,C:\Users\binya\Documents\Shulchan aruch\newtry\OC_Mobile\oc318-mobile-reader\public\corpus\yd1\siman325\seif-001\siftei-kohen\he.html,"<b>מצטרפים כו'. </b>ודוקא שהם של אדם אחד אבל לא של שתי נשים כדבסימן שאח""ז: | <b>על טבלא כו'. </b>זהו בעיא דלא איפשטא וכתב המחבר בסתם שאין מצטרפין כיון דבזמן הזה כל חלה דרבנן וכדלעיל סימן שכ""ג אזלינן לקולא: | <b>ולכן כשמצרפם כו'. </b>אטבלא קאי דכשכל הככר או העיסה למעלה מדופני הכלי הוי דומיא דטבלא דאין מצטרף: | <b>שיהא כל ככר כו'. </b>למעלה מדופני הכלי הא מקצתה בפנים מצטרף דלא הוי דומיא דטבלא וכמ""ש ב""י והב""ח חולק בדבר ע""ש: | <b>ויש מי שאומר כו'. </b>לא ידעתי למה כתבו בשם יש מי שאומר שהרי אין חולק בדבר וגם הטור נקט סתמא האי דינא ומהרי""ל בהלכות פסח כתב דאם אין לו הכלי שמחזיק את כולה יניחנה במפה ויכסה המפה גם כן עליהם ונקרא צירוף הגון:"
yd1,siftei-kohen,siman325,seif-001,C:\Users\binya\Documents\Shulchan aruch\newtry\OC_Mobile\oc318-mobile-reader\public\corpus\yd1\siman325\seif-001\siftei-kohen\en.html,source_txt_block,current YD_001 source output,C:\Users\binya\Documents\Shulchan aruch\newtry\YD_001\output\siman_325\siftei-kohen\part-001.txt,true,missing_or_empty,no,,C:\Users\binya\Documents\Shulchan aruch\newtry\OC_Mobile\oc318-mobile-reader\public\corpus\yd1\siman325\seif-001\siftei-kohen\he.html,"<b>מצטרפים כו'. </b>ודוקא שהם של אדם אחד אבל לא של שתי נשים כדבסימן שאח""ז: | <b>על טבלא כו'. </b>זהו בעיא דלא איפשטא וכתב המחבר בסתם שאין מצטרפין כיון דבזמן הזה כל חלה דרבנן וכדלעיל סימן שכ""ג אזלינן לקולא: | <b>ולכן כשמצרפם כו'. </b>אטבלא קאי דכשכל הככר או העיסה למעלה מדופני הכלי הוי דומיא דטבלא דאין מצטרף: | <b>שיהא כל ככר כו'. </b>למעלה מדופני הכלי הא מקצתה בפנים מצטרף דלא הוי דומיא דטבלא וכמ""ש ב""י והב""ח חולק בדבר ע""ש: | <b>ויש מי שאומר כו'. </b>לא ידעתי למה כתבו בשם יש מי שאומר שהרי אין חולק בדבר וגם הטור נקט סתמא האי דינא ומהרי""ל בהלכות פסח כתב דאם אין לו הכלי שמחזיק את כולה יניחנה במפה ויכסה המפה גם כן עליהם ונקרא צירוף הגון:"
yd1,siftei-kohen,siman325,seif-001,C:\Users\binya\Documents\Shulchan aruch\newtry\OC_Mobile\oc318-mobile-reader\public\corpus\yd1\siman325\seif-001\siftei-kohen\en.html,source_txt_block,temp YD_001 source output,C:\Users\binya\Documents\shulchan-yd-temp\newtry\YD_001\output\siman_325\siftei-kohen\part-001.txt,true,missing_or_empty,no,,C:\Users\binya\Documents\Shulchan aruch\newtry\OC_Mobile\oc318-mobile-reader\public\corpus\yd1\siman325\seif-001\siftei-kohen\he.html,"<b>מצטרפים כו'. </b>ודוקא שהם של אדם אחד אבל לא של שתי נשים כדבסימן שאח""ז: | <b>על טבלא כו'. </b>זהו בעיא דלא איפשטא וכתב המחבר בסתם שאין מצטרפין כיון דבזמן הזה כל חלה דרבנן וכדלעיל סימן שכ""ג אזלינן לקולא: | <b>ולכן כשמצרפם כו'. </b>אטבלא קאי דכשכל הככר או העיסה למעלה מדופני הכלי הוי דומיא דטבלא דאין מצטרף: | <b>שיהא כל ככר כו'. </b>למעלה מדופני הכלי הא מקצתה בפנים מצטרף דלא הוי דומיא דטבלא וכמ""ש ב""י והב""ח חולק בדבר ע""ש: | <b>ויש מי שאומר כו'. </b>לא ידעתי למה כתבו בשם יש מי שאומר שהרי אין חולק בדבר וגם הטור נקט סתמא האי דינא ומהרי""ל בהלכות פסח כתב דאם אין לו הכלי שמחזיק את כולה יניחנה במפה ויכסה המפה גם כן עליהם ונקרא צירוף הגון:"
yd1,siftei-kohen,siman331,seif-113,C:\Users\binya\Documents\Shulchan aruch\newtry\OC_Mobile\oc318-mobile-reader\public\corpus\yd1\siman331\seif-113\siftei-kohen\en.html,corpus_en_html,SA_Sandbox corpus mirror,C:\Users\binya\Documents\Shulchan aruch\newtry\SA_Sandbox\public\corpus\yd1\siman331\seif-113\siftei-kohen\en.html,false,missing_or_empty,no,,C:\Users\binya\Documents\Shulchan aruch\newtry\OC_Mobile\oc318-mobile-reader\public\corpus\yd1\siman331\seif-113\siftei-kohen\he.html,<b>לא יאכל מהם. </b>אפי' קודם השבת:
yd1,siftei-kohen,siman331,seif-113,C:\Users\binya\Documents\Shulchan aruch\newtry\OC_Mobile\oc318-mobile-reader\public\corpus\yd1\siman331\seif-113\siftei-kohen\en.html,corpus_en_html,shulchan-yd-temp corpus mirror,C:\Users\binya\Documents\shulchan-yd-temp\newtry\OC_Mobile\oc318-mobile-reader\public\corpus\yd1\siman331\seif-113\siftei-kohen\en.html,false,missing_or_empty,no,,C:\Users\binya\Documents\Shulchan aruch\newtry\OC_Mobile\oc318-mobile-reader\public\corpus\yd1\siman331\seif-113\siftei-kohen\he.html,<b>לא יאכל מהם. </b>אפי' קודם השבת:
yd1,siftei-kohen,siman331,seif-113,C:\Users\binya\Documents\Shulchan aruch\newtry\OC_Mobile\oc318-mobile-reader\public\corpus\yd1\siman331\seif-113\siftei-kohen\en.html,source_txt_block,current YD_001 source output,C:\Users\binya\Documents\Shulchan aruch\newtry\YD_001\output\siman_331\siftei-kohen\part-001.txt,true,missing_or_empty,no,,C:\Users\binya\Documents\Shulchan aruch\newtry\OC_Mobile\oc318-mobile-reader\public\corpus\yd1\siman331\seif-113\siftei-kohen\he.html,<b>לא יאכל מהם. </b>אפי' קודם השבת:
yd1,siftei-kohen,siman331,seif-113,C:\Users\binya\Documents\Shulchan aruch\newtry\OC_Mobile\oc318-mobile-reader\public\corpus\yd1\siman331\seif-113\siftei-kohen\en.html,source_txt_block,temp YD_001 source output,C:\Users\binya\Documents\shulchan-yd-temp\newtry\YD_001\output\siman_331\siftei-kohen\part-001.txt,true,missing_or_empty,no,,C:\Users\binya\Documents\Shulchan aruch\newtry\OC_Mobile\oc318-mobile-reader\public\corpus\yd1\siman331\seif-113\siftei-kohen\he.html,<b>לא יאכל מהם. </b>אפי' קודם השבת:
yd1,siftei-kohen,siman340,seif-029,C:\Users\binya\Documents\Shulchan aruch\newtry\OC_Mobile\oc318-mobile-reader\public\corpus\yd1\siman340\seif-029\siftei-kohen\en.html,corpus_en_html,SA_Sandbox corpus mirror,C:\Users\binya\Documents\Shulchan aruch\newtry\SA_Sandbox\public\corpus\yd1\siman340\seif-029\siftei-kohen\en.html,false,missing_or_empty,no,,C:\Users\binya\Documents\Shulchan aruch\newtry\OC_Mobile\oc318-mobile-reader\public\corpus\yd1\siman340\seif-029\siftei-kohen\he.html,"<b>לא יצא כו'. </b>דל""ד לקרע בשבת שגוף החלוק אינה עבירה אע""פ שהמעשה שעשה הוא עבירה אבל הכא גוף החלוק הוא עבירה:"
yd1,siftei-kohen,siman340,seif-029,C:\Users\binya\Documents\Shulchan aruch\newtry\OC_Mobile\oc318-mobile-reader\public\corpus\yd1\siman340\seif-029\siftei-kohen\en.html,corpus_en_html,shulchan-yd-temp corpus mirror,C:\Users\binya\Documents\shulchan-yd-temp\newtry\OC_Mobile\oc318-mobile-reader\public\corpus\yd1\siman340\seif-029\siftei-kohen\en.html,false,missing_or_empty,no,,C:\Users\binya\Documents\Shulchan aruch\newtry\OC_Mobile\oc318-mobile-reader\public\corpus\yd1\siman340\seif-029\siftei-kohen\he.html,"<b>לא יצא כו'. </b>דל""ד לקרע בשבת שגוף החלוק אינה עבירה אע""פ שהמעשה שעשה הוא עבירה אבל הכא גוף החלוק הוא עבירה:"
yd1,siftei-kohen,siman340,seif-029,C:\Users\binya\Documents\Shulchan aruch\newtry\OC_Mobile\oc318-mobile-reader\public\corpus\yd1\siman340\seif-029\siftei-kohen\en.html,source_txt_block,current YD_001 source output,C:\Users\binya\Documents\Shulchan aruch\newtry\YD_001\output\siman_340\siftei-kohen\part-001.txt,true,missing_or_empty,no,,C:\Users\binya\Documents\Shulchan aruch\newtry\OC_Mobile\oc318-mobile-reader\public\corpus\yd1\siman340\seif-029\siftei-kohen\he.html,"<b>לא יצא כו'. </b>דל""ד לקרע בשבת שגוף החלוק אינה עבירה אע""פ שהמעשה שעשה הוא עבירה אבל הכא גוף החלוק הוא עבירה:"
yd1,siftei-kohen,siman340,seif-029,C:\Users\binya\Documents\Shulchan aruch\newtry\OC_Mobile\oc318-mobile-reader\public\corpus\yd1\siman340\seif-029\siftei-kohen\en.html,source_txt_block,temp YD_001 source output,C:\Users\binya\Documents\shulchan-yd-temp\newtry\YD_001\output\siman_340\siftei-kohen\part-001.txt,true,missing_or_empty,no,,C:\Users\binya\Documents\Shulchan aruch\newtry\OC_Mobile\oc318-mobile-reader\public\corpus\yd1\siman340\seif-029\siftei-kohen\he.html,"<b>לא יצא כו'. </b>דל""ד לקרע בשבת שגוף החלוק אינה עבירה אע""פ שהמעשה שעשה הוא עבירה אבל הכא גוף החלוק הוא עבירה:"
yd1,siftei-kohen,siman344,seif-008,C:\Users\binya\Documents\Shulchan aruch\newtry\OC_Mobile\oc318-mobile-reader\public\corpus\yd1\siman344\seif-008\siftei-kohen\en.html,corpus_en_html,SA_Sandbox corpus mirror,C:\Users\binya\Documents\Shulchan aruch\newtry\SA_Sandbox\public\corpus\yd1\siman344\seif-008\siftei-kohen\en.html,false,missing_or_empty,no,,C:\Users\binya\Documents\Shulchan aruch\newtry\OC_Mobile\oc318-mobile-reader\public\corpus\yd1\siman344\seif-008\siftei-kohen\he.html,<b>אין מתעסקין להספד וללוות. </b>אבל צרכי מטה וקבורה מתעסקין עמהם. טור:
yd1,siftei-kohen,siman344,seif-008,C:\Users\binya\Documents\Shulchan aruch\newtry\OC_Mobile\oc318-mobile-reader\public\corpus\yd1\siman344\seif-008\siftei-kohen\en.html,corpus_en_html,shulchan-yd-temp corpus mirror,C:\Users\binya\Documents\shulchan-yd-temp\newtry\OC_Mobile\oc318-mobile-reader\public\corpus\yd1\siman344\seif-008\siftei-kohen\en.html,false,missing_or_empty,no,,C:\Users\binya\Documents\Shulchan aruch\newtry\OC_Mobile\oc318-mobile-reader\public\corpus\yd1\siman344\seif-008\siftei-kohen\he.html,<b>אין מתעסקין להספד וללוות. </b>אבל צרכי מטה וקבורה מתעסקין עמהם. טור:
yd1,siftei-kohen,siman344,seif-008,C:\Users\binya\Documents\Shulchan aruch\newtry\OC_Mobile\oc318-mobile-reader\public\corpus\yd1\siman344\seif-008\siftei-kohen\en.html,source_txt_block,current YD_001 source output,C:\Users\binya\Documents\Shulchan aruch\newtry\YD_001\output\siman_344\siftei-kohen\part-001.txt,true,missing_or_empty,no,,C:\Users\binya\Documents\Shulchan aruch\newtry\OC_Mobile\oc318-mobile-reader\public\corpus\yd1\siman344\seif-008\siftei-kohen\he.html,<b>אין מתעסקין להספד וללוות. </b>אבל צרכי מטה וקבורה מתעסקין עמהם. טור:
yd1,siftei-kohen,siman344,seif-008,C:\Users\binya\Documents\Shulchan aruch\newtry\OC_Mobile\oc318-mobile-reader\public\corpus\yd1\siman344\seif-008\siftei-kohen\en.html,source_txt_block,temp YD_001 source output,C:\Users\binya\Documents\shulchan-yd-temp\newtry\YD_001\output\siman_344\siftei-kohen\part-001.txt,true,missing_or_empty,no,,C:\Users\binya\Documents\Shulchan aruch\newtry\OC_Mobile\oc318-mobile-reader\public\corpus\yd1\siman344\seif-008\siftei-kohen\he.html,<b>אין מתעסקין להספד וללוות. </b>אבל צרכי מטה וקבורה מתעסקין עמהם. טור:
yd1,siftei-kohen,siman366,seif-003,C:\Users\binya\Documents\Shulchan aruch\newtry\OC_Mobile\oc318-mobile-reader\public\corpus\yd1\siman366\seif-003\siftei-kohen\en.html,corpus_en_html,SA_Sandbox corpus mirror,C:\Users\binya\Documents\Shulchan aruch\newtry\SA_Sandbox\public\corpus\yd1\siman366\seif-003\siftei-kohen\en.html,false,missing_or_empty,no,,C:\Users\binya\Documents\Shulchan aruch\newtry\OC_Mobile\oc318-mobile-reader\public\corpus\yd1\siman366\seif-003\siftei-kohen\he.html,<b>אבל לא יוצאי ירכה. </b>מפני שבניה מתייחסים על שם משפחות אביהם וגנאי לבני משפחתם ליקבר אצלם. טור:
yd1,siftei-kohen,siman366,seif-003,C:\Users\binya\Documents\Shulchan aruch\newtry\OC_Mobile\oc318-mobile-reader\public\corpus\yd1\siman366\seif-003\siftei-kohen\en.html,corpus_en_html,shulchan-yd-temp corpus mirror,C:\Users\binya\Documents\shulchan-yd-temp\newtry\OC_Mobile\oc318-mobile-reader\public\corpus\yd1\siman366\seif-003\siftei-kohen\en.html,false,missing_or_empty,no,,C:\Users\binya\Documents\Shulchan aruch\newtry\OC_Mobile\oc318-mobile-reader\public\corpus\yd1\siman366\seif-003\siftei-kohen\he.html,<b>אבל לא יוצאי ירכה. </b>מפני שבניה מתייחסים על שם משפחות אביהם וגנאי לבני משפחתם ליקבר אצלם. טור:
yd1,siftei-kohen,siman366,seif-003,C:\Users\binya\Documents\Shulchan aruch\newtry\OC_Mobile\oc318-mobile-reader\public\corpus\yd1\siman366\seif-003\siftei-kohen\en.html,source_txt_block,current YD_001 source output,C:\Users\binya\Documents\Shulchan aruch\newtry\YD_001\output\siman_366\siftei-kohen\part-001.txt,false,missing_or_empty,no,,C:\Users\binya\Documents\Shulchan aruch\newtry\OC_Mobile\oc318-mobile-reader\public\corpus\yd1\siman366\seif-003\siftei-kohen\he.html,<b>אבל לא יוצאי ירכה. </b>מפני שבניה מתייחסים על שם משפחות אביהם וגנאי לבני משפחתם ליקבר אצלם. טור:
yd1,siftei-kohen,siman366,seif-003,C:\Users\binya\Documents\Shulchan aruch\newtry\OC_Mobile\oc318-mobile-reader\public\corpus\yd1\siman366\seif-003\siftei-kohen\en.html,source_txt_block,temp YD_001 source output,C:\Users\binya\Documents\shulchan-yd-temp\newtry\YD_001\output\siman_366\siftei-kohen\part-001.txt,true,missing_or_empty,no,,C:\Users\binya\Documents\Shulchan aruch\newtry\OC_Mobile\oc318-mobile-reader\public\corpus\yd1\siman366\seif-003\siftei-kohen\he.html,<b>אבל לא יוצאי ירכה. </b>מפני שבניה מתייחסים על שם משפחות אביהם וגנאי לבני משפחתם ליקבר אצלם. טור:
yd1,siftei-kohen,siman374,seif-007,C:\Users\binya\Documents\Shulchan aruch\newtry\OC_Mobile\oc318-mobile-reader\public\corpus\yd1\siman374\seif-007\siftei-kohen\en.html,corpus_en_html,SA_Sandbox corpus mirror,C:\Users\binya\Documents\Shulchan aruch\newtry\SA_Sandbox\public\corpus\yd1\siman374\seif-007\siftei-kohen\en.html,false,missing_or_empty,no,,C:\Users\binya\Documents\Shulchan aruch\newtry\OC_Mobile\oc318-mobile-reader\public\corpus\yd1\siman374\seif-007\siftei-kohen\he.html,"<b>דהיינו עד אחר שבת הראשון. </b>הן סמוך הן מופלג וכ' הב""ח דכ""ש דאסור לילך לסעודת מצוה כגון ברית מילה עד מוצאי שבת ע""ש ובתשו' משאת בנימין סי' פ""ג כ' וז""ל קרובי המת שאינן חייבים להתאבל ומ""מ מראין קצת סימני אבילות ראיתי מקומות חלוקים בזה יש מקומות שנוהגין רק פסולי עדות למת מראין אבילות אבל הכשרים לעדות אין מראין אבילות כלל ויש מקומות שאפי' שלישי ברביעי מראין אבילות והיכא דנהוג נהוג והיכא דלא נהוג נראה דאין להראות אבילות רק הפסולים לעדות וכדעת תרומת הדשן סימן רצ""ח מ""מ נראה דאין כל הקרובים שוים לזה אלא קרוב קרוב קודם ואותם קרובים שמן הדין היו חייבים להתאבל ממש כדאמרינן כל שאתה מתאבל עליו אתה מתאבל עמו אף ע""ג דהאידנא לא נהיגין הכי מ""מ באבילות ממש צריכין להראות אבילות ביום המית' או ביום השמוע' אם הוא תוך ל' עד מוצאי שבת הא' ואין להחליף מבגדי חול לבגדי שבת וגם אין לרחוץ בחמין גם לא לחוף הראש רק בצונן או במים פושרין גם אין לאכול חוץ לביתו לא בסעודת מצוה ולא בסעודת מריעות אבל כתונת לבן אין למנוע לכבוד שבת גם אין לשנות את מקומם בב""ה אבל במו""ש מותר בכל דבר בין אם הוא מופלג או סמוך ואותן הקרובים שמן הדין אין מתאבלין אין להחמיר עליהן ברחיצת חמין וחפיפת הראש ולא בחילוף בגדי שבת כל כך ודי להם בבגד העליון של חול ושלא לאכול חוץ לבית וכ""ש אותן מקומות שנהגו דאפילו הכשרים לעדות מראי' קצת אבילות שאין להחמיר כל כך עכ""ל ומ""ש להתיר ברחיצת חמין וחפיפת הראש באותן קרובים שאין מתאבלים עם מי שמתאבל עמהן אין נראה כן מדברי ת""ה והרב דהא אוסרי' ברחיצ' על קרובי המת הפסולים לעדות דהיינו שני בשני אע""ג שאין מתאבלין גם מ""ש להחמיר שאין להחליף כלל מבגדי חול לשבת כאותן שמתאבלין אין נראה כן מדבריהם אלא משנים רק קצת מבגדיהן ומ""מ נראה דהולכים בדברים אלו אחר המנהג:"
yd1,siftei-kohen,siman374,seif-007,C:\Users\binya\Documents\Shulchan aruch\newtry\OC_Mobile\oc318-mobile-reader\public\corpus\yd1\siman374\seif-007\siftei-kohen\en.html,corpus_en_html,shulchan-yd-temp corpus mirror,C:\Users\binya\Documents\shulchan-yd-temp\newtry\OC_Mobile\oc318-mobile-reader\public\corpus\yd1\siman374\seif-007\siftei-kohen\en.html,false,missing_or_empty,no,,C:\Users\binya\Documents\Shulchan aruch\newtry\OC_Mobile\oc318-mobile-reader\public\corpus\yd1\siman374\seif-007\siftei-kohen\he.html,"<b>דהיינו עד אחר שבת הראשון. </b>הן סמוך הן מופלג וכ' הב""ח דכ""ש דאסור לילך לסעודת מצוה כגון ברית מילה עד מוצאי שבת ע""ש ובתשו' משאת בנימין סי' פ""ג כ' וז""ל קרובי המת שאינן חייבים להתאבל ומ""מ מראין קצת סימני אבילות ראיתי מקומות חלוקים בזה יש מקומות שנוהגין רק פסולי עדות למת מראין אבילות אבל הכשרים לעדות אין מראין אבילות כלל ויש מקומות שאפי' שלישי ברביעי מראין אבילות והיכא דנהוג נהוג והיכא דלא נהוג נראה דאין להראות אבילות רק הפסולים לעדות וכדעת תרומת הדשן סימן רצ""ח מ""מ נראה דאין כל הקרובים שוים לזה אלא קרוב קרוב קודם ואותם קרובים שמן הדין היו חייבים להתאבל ממש כדאמרינן כל שאתה מתאבל עליו אתה מתאבל עמו אף ע""ג דהאידנא לא נהיגין הכי מ""מ באבילות ממש צריכין להראות אבילות ביום המית' או ביום השמוע' אם הוא תוך ל' עד מוצאי שבת הא' ואין להחליף מבגדי חול לבגדי שבת וגם אין לרחוץ בחמין גם לא לחוף הראש רק בצונן או במים פושרין גם אין לאכול חוץ לביתו לא בסעודת מצוה ולא בסעודת מריעות אבל כתונת לבן אין למנוע לכבוד שבת גם אין לשנות את מקומם בב""ה אבל במו""ש מותר בכל דבר בין אם הוא מופלג או סמוך ואותן הקרובים שמן הדין אין מתאבלין אין להחמיר עליהן ברחיצת חמין וחפיפת הראש ולא בחילוף בגדי שבת כל כך ודי להם בבגד העליון של חול ושלא לאכול חוץ לבית וכ""ש אותן מקומות שנהגו דאפילו הכשרים לעדות מראי' קצת אבילות שאין להחמיר כל כך עכ""ל ומ""ש להתיר ברחיצת חמין וחפיפת הראש באותן קרובים שאין מתאבלים עם מי שמתאבל עמהן אין נראה כן מדברי ת""ה והרב דהא אוסרי' ברחיצ' על קרובי המת הפסולים לעדות דהיינו שני בשני אע""ג שאין מתאבלין גם מ""ש להחמיר שאין להחליף כלל מבגדי חול לשבת כאותן שמתאבלין אין נראה כן מדבריהם אלא משנים רק קצת מבגדיהן ומ""מ נראה דהולכים בדברים אלו אחר המנהג:"
yd1,siftei-kohen,siman374,seif-007,C:\Users\binya\Documents\Shulchan aruch\newtry\OC_Mobile\oc318-mobile-reader\public\corpus\yd1\siman374\seif-007\siftei-kohen\en.html,source_txt_block,current YD_001 source output,C:\Users\binya\Documents\Shulchan aruch\newtry\YD_001\output\siman_374\siftei-kohen\part-001.txt,false,missing_or_empty,no,,C:\Users\binya\Documents\Shulchan aruch\newtry\OC_Mobile\oc318-mobile-reader\public\corpus\yd1\siman374\seif-007\siftei-kohen\he.html,"<b>דהיינו עד אחר שבת הראשון. </b>הן סמוך הן מופלג וכ' הב""ח דכ""ש דאסור לילך לסעודת מצוה כגון ברית מילה עד מוצאי שבת ע""ש ובתשו' משאת בנימין סי' פ""ג כ' וז""ל קרובי המת שאינן חייבים להתאבל ומ""מ מראין קצת סימני אבילות ראיתי מקומות חלוקים בזה יש מקומות שנוהגין רק פסולי עדות למת מראין אבילות אבל הכשרים לעדות אין מראין אבילות כלל ויש מקומות שאפי' שלישי ברביעי מראין אבילות והיכא דנהוג נהוג והיכא דלא נהוג נראה דאין להראות אבילות רק הפסולים לעדות וכדעת תרומת הדשן סימן רצ""ח מ""מ נראה דאין כל הקרובים שוים לזה אלא קרוב קרוב קודם ואותם קרובים שמן הדין היו חייבים להתאבל ממש כדאמרינן כל שאתה מתאבל עליו אתה מתאבל עמו אף ע""ג דהאידנא לא נהיגין הכי מ""מ באבילות ממש צריכין להראות אבילות ביום המית' או ביום השמוע' אם הוא תוך ל' עד מוצאי שבת הא' ואין להחליף מבגדי חול לבגדי שבת וגם אין לרחוץ בחמין גם לא לחוף הראש רק בצונן או במים פושרין גם אין לאכול חוץ לביתו לא בסעודת מצוה ולא בסעודת מריעות אבל כתונת לבן אין למנוע לכבוד שבת גם אין לשנות את מקומם בב""ה אבל במו""ש מותר בכל דבר בין אם הוא מופלג או סמוך ואותן הקרובים שמן הדין אין מתאבלין אין להחמיר עליהן ברחיצת חמין וחפיפת הראש ולא בחילוף בגדי שבת כל כך ודי להם בבגד העליון של חול ושלא לאכול חוץ לבית וכ""ש אותן מקומות שנהגו דאפילו הכשרים לעדות מראי' קצת אבילות שאין להחמיר כל כך עכ""ל ומ""ש להתיר ברחיצת חמין וחפיפת הראש באותן קרובים שאין מתאבלים עם מי שמתאבל עמהן אין נראה כן מדברי ת""ה והרב דהא אוסרי' ברחיצ' על קרובי המת הפסולים לעדות דהיינו שני בשני אע""ג שאין מתאבלין גם מ""ש להחמיר שאין להחליף כלל מבגדי חול לשבת כאותן שמתאבלין אין נראה כן מדבריהם אלא משנים רק קצת מבגדיהן ומ""מ נראה דהולכים בדברים אלו אחר המנהג:"
yd1,siftei-kohen,siman374,seif-007,C:\Users\binya\Documents\Shulchan aruch\newtry\OC_Mobile\oc318-mobile-reader\public\corpus\yd1\siman374\seif-007\siftei-kohen\en.html,source_txt_block,temp YD_001 source output,C:\Users\binya\Documents\shulchan-yd-temp\newtry\YD_001\output\siman_374\siftei-kohen\part-001.txt,true,missing_or_empty,no,,C:\Users\binya\Documents\Shulchan aruch\newtry\OC_Mobile\oc318-mobile-reader\public\corpus\yd1\siman374\seif-007\siftei-kohen\he.html,"<b>דהיינו עד אחר שבת הראשון. </b>הן סמוך הן מופלג וכ' הב""ח דכ""ש דאסור לילך לסעודת מצוה כגון ברית מילה עד מוצאי שבת ע""ש ובתשו' משאת בנימין סי' פ""ג כ' וז""ל קרובי המת שאינן חייבים להתאבל ומ""מ מראין קצת סימני אבילות ראיתי מקומות חלוקים בזה יש מקומות שנוהגין רק פסולי עדות למת מראין אבילות אבל הכשרים לעדות אין מראין אבילות כלל ויש מקומות שאפי' שלישי ברביעי מראין אבילות והיכא דנהוג נהוג והיכא דלא נהוג נראה דאין להראות אבילות רק הפסולים לעדות וכדעת תרומת הדשן סימן רצ""ח מ""מ נראה דאין כל הקרובים שוים לזה אלא קרוב קרוב קודם ואותם קרובים שמן הדין היו חייבים להתאבל ממש כדאמרינן כל שאתה מתאבל עליו אתה מתאבל עמו אף ע""ג דהאידנא לא נהיגין הכי מ""מ באבילות ממש צריכין להראות אבילות ביום המית' או ביום השמוע' אם הוא תוך ל' עד מוצאי שבת הא' ואין להחליף מבגדי חול לבגדי שבת וגם אין לרחוץ בחמין גם לא לחוף הראש רק בצונן או במים פושרין גם אין לאכול חוץ לביתו לא בסעודת מצוה ולא בסעודת מריעות אבל כתונת לבן אין למנוע לכבוד שבת גם אין לשנות את מקומם בב""ה אבל במו""ש מותר בכל דבר בין אם הוא מופלג או סמוך ואותן הקרובים שמן הדין אין מתאבלין אין להחמיר עליהן ברחיצת חמין וחפיפת הראש ולא בחילוף בגדי שבת כל כך ודי להם בבגד העליון של חול ושלא לאכול חוץ לבית וכ""ש אותן מקומות שנהגו דאפילו הכשרים לעדות מראי' קצת אבילות שאין להחמיר כל כך עכ""ל ומ""ש להתיר ברחיצת חמין וחפיפת הראש באותן קרובים שאין מתאבלים עם מי שמתאבל עמהן אין נראה כן מדברי ת""ה והרב דהא אוסרי' ברחיצ' על קרובי המת הפסולים לעדות דהיינו שני בשני אע""ג שאין מתאבלין גם מ""ש להחמיר שאין להחליף כלל מבגדי חול לשבת כאותן שמתאבלין אין נראה כן מדבריהם אלא משנים רק קצת מבגדיהן ומ""מ נראה דהולכים בדברים אלו אחר המנהג:"
yd1,siftei-kohen,siman378,seif-011,C:\Users\binya\Documents\Shulchan aruch\newtry\OC_Mobile\oc318-mobile-reader\public\corpus\yd1\siman378\seif-011\siftei-kohen\en.html,corpus_en_html,SA_Sandbox corpus mirror,C:\Users\binya\Documents\Shulchan aruch\newtry\SA_Sandbox\public\corpus\yd1\siman378\seif-011\siftei-kohen\en.html,false,missing_or_empty,no,,C:\Users\binya\Documents\Shulchan aruch\newtry\OC_Mobile\oc318-mobile-reader\public\corpus\yd1\siman378\seif-011\siftei-kohen\he.html,"<b>היכא כו'. </b>כלומר ואפי' במקום שעושים ב' י""ט שהשני עולה למנין ז' וכמו שנתבאר באו""ח סי' תקמ""ח ס""ב ולקמן סי' שנ""ט (סד""א) [סי""ג] דיש להברותו אח""כ דהא לא נדחה דה""ל להברות ביום ז' שהרי שייך ביה אבילותה כיון דעולה למנין ז' קמ""ל דאמרי' בזה ג""כ כיון דנדחה נדחה ואין צריך הבראה: | <b>אם שמע שמועה בשבת. </b>צריך עיון דבד""מ ס""ס זה פסק כב""י שכ' בסי' שצ""ג דמברין בשבת וכתב שכן פשט המנהג בכל העולם להברות בשבת ולא נשמע בעולם שום פוצה פה ומצפצף:"
yd1,siftei-kohen,siman378,seif-011,C:\Users\binya\Documents\Shulchan aruch\newtry\OC_Mobile\oc318-mobile-reader\public\corpus\yd1\siman378\seif-011\siftei-kohen\en.html,corpus_en_html,shulchan-yd-temp corpus mirror,C:\Users\binya\Documents\shulchan-yd-temp\newtry\OC_Mobile\oc318-mobile-reader\public\corpus\yd1\siman378\seif-011\siftei-kohen\en.html,false,missing_or_empty,no,,C:\Users\binya\Documents\Shulchan aruch\newtry\OC_Mobile\oc318-mobile-reader\public\corpus\yd1\siman378\seif-011\siftei-kohen\he.html,"<b>היכא כו'. </b>כלומר ואפי' במקום שעושים ב' י""ט שהשני עולה למנין ז' וכמו שנתבאר באו""ח סי' תקמ""ח ס""ב ולקמן סי' שנ""ט (סד""א) [סי""ג] דיש להברותו אח""כ דהא לא נדחה דה""ל להברות ביום ז' שהרי שייך ביה אבילותה כיון דעולה למנין ז' קמ""ל דאמרי' בזה ג""כ כיון דנדחה נדחה ואין צריך הבראה: | <b>אם שמע שמועה בשבת. </b>צריך עיון דבד""מ ס""ס זה פסק כב""י שכ' בסי' שצ""ג דמברין בשבת וכתב שכן פשט המנהג בכל העולם להברות בשבת ולא נשמע בעולם שום פוצה פה ומצפצף:"
yd1,siftei-kohen,siman378,seif-011,C:\Users\binya\Documents\Shulchan aruch\newtry\OC_Mobile\oc318-mobile-reader\public\corpus\yd1\siman378\seif-011\siftei-kohen\en.html,source_txt_block,current YD_001 source output,C:\Users\binya\Documents\Shulchan aruch\newtry\YD_001\output\siman_378\siftei-kohen\part-001.txt,true,missing_or_empty,no,,C:\Users\binya\Documents\Shulchan aruch\newtry\OC_Mobile\oc318-mobile-reader\public\corpus\yd1\siman378\seif-011\siftei-kohen\he.html,"<b>היכא כו'. </b>כלומר ואפי' במקום שעושים ב' י""ט שהשני עולה למנין ז' וכמו שנתבאר באו""ח סי' תקמ""ח ס""ב ולקמן סי' שנ""ט (סד""א) [סי""ג] דיש להברותו אח""כ דהא לא נדחה דה""ל להברות ביום ז' שהרי שייך ביה אבילותה כיון דעולה למנין ז' קמ""ל דאמרי' בזה ג""כ כיון דנדחה נדחה ואין צריך הבראה: | <b>אם שמע שמועה בשבת. </b>צריך עיון דבד""מ ס""ס זה פסק כב""י שכ' בסי' שצ""ג דמברין בשבת וכתב שכן פשט המנהג בכל העולם להברות בשבת ולא נשמע בעולם שום פוצה פה ומצפצף:"
yd1,siftei-kohen,siman378,seif-011,C:\Users\binya\Documents\Shulchan aruch\newtry\OC_Mobile\oc318-mobile-reader\public\corpus\yd1\siman378\seif-011\siftei-kohen\en.html,source_txt_block,temp YD_001 source output,C:\Users\binya\Documents\shulchan-yd-temp\newtry\YD_001\output\siman_378\siftei-kohen\part-001.txt,true,missing_or_empty,no,,C:\Users\binya\Documents\Shulchan aruch\newtry\OC_Mobile\oc318-mobile-reader\public\corpus\yd1\siman378\seif-011\siftei-kohen\he.html,"<b>היכא כו'. </b>כלומר ואפי' במקום שעושים ב' י""ט שהשני עולה למנין ז' וכמו שנתבאר באו""ח סי' תקמ""ח ס""ב ולקמן סי' שנ""ט (סד""א) [סי""ג] דיש להברותו אח""כ דהא לא נדחה דה""ל להברות ביום ז' שהרי שייך ביה אבילותה כיון דעולה למנין ז' קמ""ל דאמרי' בזה ג""כ כיון דנדחה נדחה ואין צריך הבראה: | <b>אם שמע שמועה בשבת. </b>צריך עיון דבד""מ ס""ס זה פסק כב""י שכ' בסי' שצ""ג דמברין בשבת וכתב שכן פשט המנהג בכל העולם להברות בשבת ולא נשמע בעולם שום פוצה פה ומצפצף:"
yd1,siftei-kohen,siman380,seif-007,C:\Users\binya\Documents\Shulchan aruch\newtry\OC_Mobile\oc318-mobile-reader\public\corpus\yd1\siman380\seif-007\siftei-kohen\en.html,corpus_en_html,SA_Sandbox corpus mirror,C:\Users\binya\Documents\Shulchan aruch\newtry\SA_Sandbox\public\corpus\yd1\siman380\seif-007\siftei-kohen\en.html,false,missing_or_empty,no,,C:\Users\binya\Documents\Shulchan aruch\newtry\OC_Mobile\oc318-mobile-reader\public\corpus\yd1\siman380\seif-007\siftei-kohen\he.html,<b>משום דהוי דבר האבד. </b>שאם לא ילוה להם ילכו לאחרים וילוו להם וירגילום לבא אצלם ואיכא פסידא. טור:
yd1,siftei-kohen,siman380,seif-007,C:\Users\binya\Documents\Shulchan aruch\newtry\OC_Mobile\oc318-mobile-reader\public\corpus\yd1\siman380\seif-007\siftei-kohen\en.html,corpus_en_html,shulchan-yd-temp corpus mirror,C:\Users\binya\Documents\shulchan-yd-temp\newtry\OC_Mobile\oc318-mobile-reader\public\corpus\yd1\siman380\seif-007\siftei-kohen\en.html,false,missing_or_empty,no,,C:\Users\binya\Documents\Shulchan aruch\newtry\OC_Mobile\oc318-mobile-reader\public\corpus\yd1\siman380\seif-007\siftei-kohen\he.html,<b>משום דהוי דבר האבד. </b>שאם לא ילוה להם ילכו לאחרים וילוו להם וירגילום לבא אצלם ואיכא פסידא. טור:
yd1,siftei-kohen,siman380,seif-007,C:\Users\binya\Documents\Shulchan aruch\newtry\OC_Mobile\oc318-mobile-reader\public\corpus\yd1\siman380\seif-007\siftei-kohen\en.html,source_txt_block,current YD_001 source output,C:\Users\binya\Documents\Shulchan aruch\newtry\YD_001\output\siman_380\siftei-kohen\part-001.txt,true,missing_or_empty,no,,C:\Users\binya\Documents\Shulchan aruch\newtry\OC_Mobile\oc318-mobile-reader\public\corpus\yd1\siman380\seif-007\siftei-kohen\he.html,<b>משום דהוי דבר האבד. </b>שאם לא ילוה להם ילכו לאחרים וילוו להם וירגילום לבא אצלם ואיכא פסידא. טור:
yd1,siftei-kohen,siman380,seif-007,C:\Users\binya\Documents\Shulchan aruch\newtry\OC_Mobile\oc318-mobile-reader\public\corpus\yd1\siman380\seif-007\siftei-kohen\en.html,source_txt_block,temp YD_001 source output,C:\Users\binya\Documents\shulchan-yd-temp\newtry\YD_001\output\siman_380\siftei-kohen\part-001.txt,true,missing_or_empty,no,,C:\Users\binya\Documents\Shulchan aruch\newtry\OC_Mobile\oc318-mobile-reader\public\corpus\yd1\siman380\seif-007\siftei-kohen\he.html,<b>משום דהוי דבר האבד. </b>שאם לא ילוה להם ילכו לאחרים וילוו להם וירגילום לבא אצלם ואיכא פסידא. טור:
yd1,siftei-kohen,siman383,seif-001,C:\Users\binya\Documents\Shulchan aruch\newtry\OC_Mobile\oc318-mobile-reader\public\corpus\yd1\siman383\seif-001\siftei-kohen\en.html,corpus_en_html,SA_Sandbox corpus mirror,C:\Users\binya\Documents\Shulchan aruch\newtry\SA_Sandbox\public\corpus\yd1\siman383\seif-001\siftei-kohen\en.html,false,missing_or_empty,no,,C:\Users\binya\Documents\Shulchan aruch\newtry\OC_Mobile\oc318-mobile-reader\public\corpus\yd1\siman383\seif-001\siftei-kohen\he.html,"בין באבילות דידיה כו'. כ' הפרישה פירוש אפילו באבילות דידה דאיכא למיחש יותר הואיל והוא אינו אבל דהכל ממנו ולא ממנה עכ""ל ולא דק דאדרבה באבילות דידיה איכא למיחש יותר דאם יצרו מתגבר עליו נשמעת לו דכיון דאינה אבלה כדאיתא בפ""ק דכתובות דף ד' ע""ש): | <b>הוא בבגדו כו'. </b>אבל בלא בגדים אסור אפי' סינר מפסיק אפילו בשבת ורגל. טור ורמב""ן:"
yd1,siftei-kohen,siman383,seif-001,C:\Users\binya\Documents\Shulchan aruch\newtry\OC_Mobile\oc318-mobile-reader\public\corpus\yd1\siman383\seif-001\siftei-kohen\en.html,corpus_en_html,shulchan-yd-temp corpus mirror,C:\Users\binya\Documents\shulchan-yd-temp\newtry\OC_Mobile\oc318-mobile-reader\public\corpus\yd1\siman383\seif-001\siftei-kohen\en.html,false,missing_or_empty,no,,C:\Users\binya\Documents\Shulchan aruch\newtry\OC_Mobile\oc318-mobile-reader\public\corpus\yd1\siman383\seif-001\siftei-kohen\he.html,"בין באבילות דידיה כו'. כ' הפרישה פירוש אפילו באבילות דידה דאיכא למיחש יותר הואיל והוא אינו אבל דהכל ממנו ולא ממנה עכ""ל ולא דק דאדרבה באבילות דידיה איכא למיחש יותר דאם יצרו מתגבר עליו נשמעת לו דכיון דאינה אבלה כדאיתא בפ""ק דכתובות דף ד' ע""ש): | <b>הוא בבגדו כו'. </b>אבל בלא בגדים אסור אפי' סינר מפסיק אפילו בשבת ורגל. טור ורמב""ן:"
yd1,siftei-kohen,siman383,seif-001,C:\Users\binya\Documents\Shulchan aruch\newtry\OC_Mobile\oc318-mobile-reader\public\corpus\yd1\siman383\seif-001\siftei-kohen\en.html,source_txt_block,current YD_001 source output,C:\Users\binya\Documents\Shulchan aruch\newtry\YD_001\output\siman_383\siftei-kohen\part-001.txt,true,missing_or_empty,no,,C:\Users\binya\Documents\Shulchan aruch\newtry\OC_Mobile\oc318-mobile-reader\public\corpus\yd1\siman383\seif-001\siftei-kohen\he.html,"בין באבילות דידיה כו'. כ' הפרישה פירוש אפילו באבילות דידה דאיכא למיחש יותר הואיל והוא אינו אבל דהכל ממנו ולא ממנה עכ""ל ולא דק דאדרבה באבילות דידיה איכא למיחש יותר דאם יצרו מתגבר עליו נשמעת לו דכיון דאינה אבלה כדאיתא בפ""ק דכתובות דף ד' ע""ש): | <b>הוא בבגדו כו'. </b>אבל בלא בגדים אסור אפי' סינר מפסיק אפילו בשבת ורגל. טור ורמב""ן:"
yd1,siftei-kohen,siman383,seif-001,C:\Users\binya\Documents\Shulchan aruch\newtry\OC_Mobile\oc318-mobile-reader\public\corpus\yd1\siman383\seif-001\siftei-kohen\en.html,source_txt_block,temp YD_001 source output,C:\Users\binya\Documents\shulchan-yd-temp\newtry\YD_001\output\siman_383\siftei-kohen\part-001.txt,true,missing_or_empty,no,,C:\Users\binya\Documents\Shulchan aruch\newtry\OC_Mobile\oc318-mobile-reader\public\corpus\yd1\siman383\seif-001\siftei-kohen\he.html,"בין באבילות דידיה כו'. כ' הפרישה פירוש אפילו באבילות דידה דאיכא למיחש יותר הואיל והוא אינו אבל דהכל ממנו ולא ממנה עכ""ל ולא דק דאדרבה באבילות דידיה איכא למיחש יותר דאם יצרו מתגבר עליו נשמעת לו דכיון דאינה אבלה כדאיתא בפ""ק דכתובות דף ד' ע""ש): | <b>הוא בבגדו כו'. </b>אבל בלא בגדים אסור אפי' סינר מפסיק אפילו בשבת ורגל. טור ורמב""ן:"
yd1,siftei-kohen,siman393,seif-004,C:\Users\binya\Documents\Shulchan aruch\newtry\OC_Mobile\oc318-mobile-reader\public\corpus\yd1\siman393\seif-004\siftei-kohen\en.html,corpus_en_html,SA_Sandbox corpus mirror,C:\Users\binya\Documents\Shulchan aruch\newtry\SA_Sandbox\public\corpus\yd1\siman393\seif-004\siftei-kohen\en.html,false,missing_or_empty,no,,C:\Users\binya\Documents\Shulchan aruch\newtry\OC_Mobile\oc318-mobile-reader\public\corpus\yd1\siman393\seif-004\siftei-kohen\he.html,"<b>וי""א שגם בשבת כו'. </b>דס""ל שאין זה דבר של פרהסיא שאין אבילות ניכר בזה כל כך שהרבה פעמים אדם מחליף מקומו אפילו אינו אבל עכ""ל עט""ז מהנ""י ולמ""ש לקמן ר""ס ת' דאבלות הנוהג כל שלשים נוהג אפילו בשבת בלאו הכי ניחא:"
yd1,siftei-kohen,siman393,seif-004,C:\Users\binya\Documents\Shulchan aruch\newtry\OC_Mobile\oc318-mobile-reader\public\corpus\yd1\siman393\seif-004\siftei-kohen\en.html,corpus_en_html,shulchan-yd-temp corpus mirror,C:\Users\binya\Documents\shulchan-yd-temp\newtry\OC_Mobile\oc318-mobile-reader\public\corpus\yd1\siman393\seif-004\siftei-kohen\en.html,false,missing_or_empty,no,,C:\Users\binya\Documents\Shulchan aruch\newtry\OC_Mobile\oc318-mobile-reader\public\corpus\yd1\siman393\seif-004\siftei-kohen\he.html,"<b>וי""א שגם בשבת כו'. </b>דס""ל שאין זה דבר של פרהסיא שאין אבילות ניכר בזה כל כך שהרבה פעמים אדם מחליף מקומו אפילו אינו אבל עכ""ל עט""ז מהנ""י ולמ""ש לקמן ר""ס ת' דאבלות הנוהג כל שלשים נוהג אפילו בשבת בלאו הכי ניחא:"
yd1,siftei-kohen,siman393,seif-004,C:\Users\binya\Documents\Shulchan aruch\newtry\OC_Mobile\oc318-mobile-reader\public\corpus\yd1\siman393\seif-004\siftei-kohen\en.html,source_txt_block,current YD_001 source output,C:\Users\binya\Documents\Shulchan aruch\newtry\YD_001\output\siman_393\siftei-kohen\part-001.txt,true,missing_or_empty,no,,C:\Users\binya\Documents\Shulchan aruch\newtry\OC_Mobile\oc318-mobile-reader\public\corpus\yd1\siman393\seif-004\siftei-kohen\he.html,"<b>וי""א שגם בשבת כו'. </b>דס""ל שאין זה דבר של פרהסיא שאין אבילות ניכר בזה כל כך שהרבה פעמים אדם מחליף מקומו אפילו אינו אבל עכ""ל עט""ז מהנ""י ולמ""ש לקמן ר""ס ת' דאבלות הנוהג כל שלשים נוהג אפילו בשבת בלאו הכי ניחא:"
yd1,siftei-kohen,siman393,seif-004,C:\Users\binya\Documents\Shulchan aruch\newtry\OC_Mobile\oc318-mobile-reader\public\corpus\yd1\siman393\seif-004\siftei-kohen\en.html,source_txt_block,temp YD_001 source output,C:\Users\binya\Documents\shulchan-yd-temp\newtry\YD_001\output\siman_393\siftei-kohen\part-001.txt,true,missing_or_empty,no,,C:\Users\binya\Documents\Shulchan aruch\newtry\OC_Mobile\oc318-mobile-reader\public\corpus\yd1\siman393\seif-004\siftei-kohen\he.html,"<b>וי""א שגם בשבת כו'. </b>דס""ל שאין זה דבר של פרהסיא שאין אבילות ניכר בזה כל כך שהרבה פעמים אדם מחליף מקומו אפילו אינו אבל עכ""ל עט""ז מהנ""י ולמ""ש לקמן ר""ס ת' דאבלות הנוהג כל שלשים נוהג אפילו בשבת בלאו הכי ניחא:"
yd1,siftei-kohen,siman395,seif-003,C:\Users\binya\Documents\Shulchan aruch\newtry\OC_Mobile\oc318-mobile-reader\public\corpus\yd1\siman395\seif-003\siftei-kohen\en.html,corpus_en_html,SA_Sandbox corpus mirror,C:\Users\binya\Documents\Shulchan aruch\newtry\SA_Sandbox\public\corpus\yd1\siman395\seif-003\siftei-kohen\en.html,false,missing_or_empty,no,,C:\Users\binya\Documents\Shulchan aruch\newtry\OC_Mobile\oc318-mobile-reader\public\corpus\yd1\siman395\seif-003\siftei-kohen\he.html,"<b>ונהגו להוסיף. </b>ואפי' חל אותו היום בשבת נוהג בו דין י""ב חדש כן הוא בתרומת הדשן סי' רצ""ב מיהו כשהשנה מעוברת דמותר ליכנס לבית המשתה לאחר י""ב חדש כדלעיל סי' שצ""א ס""ק ב' אין נוהג דין י""ב חודש ביום שמת בו אב או אם אע""פ שאומר קדיש וברכו ומתענה בו ביום דמאחר דכבר הפסיק מאבלותו שוב אינו חוזר לאבלותו כ""כ הב""ח. ונראה דהיינו דוקא בשאר מיני אבילות אבל לאכול בסעודה של שמחה ומשתה אסור בכל שנה ביום שמת בו אב ואם וכדכ' הרב לקמן ס""ס ת""ב כ""ש הכא:"
yd1,siftei-kohen,siman395,seif-003,C:\Users\binya\Documents\Shulchan aruch\newtry\OC_Mobile\oc318-mobile-reader\public\corpus\yd1\siman395\seif-003\siftei-kohen\en.html,corpus_en_html,shulchan-yd-temp corpus mirror,C:\Users\binya\Documents\shulchan-yd-temp\newtry\OC_Mobile\oc318-mobile-reader\public\corpus\yd1\siman395\seif-003\siftei-kohen\en.html,false,missing_or_empty,no,,C:\Users\binya\Documents\Shulchan aruch\newtry\OC_Mobile\oc318-mobile-reader\public\corpus\yd1\siman395\seif-003\siftei-kohen\he.html,"<b>ונהגו להוסיף. </b>ואפי' חל אותו היום בשבת נוהג בו דין י""ב חדש כן הוא בתרומת הדשן סי' רצ""ב מיהו כשהשנה מעוברת דמותר ליכנס לבית המשתה לאחר י""ב חדש כדלעיל סי' שצ""א ס""ק ב' אין נוהג דין י""ב חודש ביום שמת בו אב או אם אע""פ שאומר קדיש וברכו ומתענה בו ביום דמאחר דכבר הפסיק מאבלותו שוב אינו חוזר לאבלותו כ""כ הב""ח. ונראה דהיינו דוקא בשאר מיני אבילות אבל לאכול בסעודה של שמחה ומשתה אסור בכל שנה ביום שמת בו אב ואם וכדכ' הרב לקמן ס""ס ת""ב כ""ש הכא:"
yd1,siftei-kohen,siman395,seif-003,C:\Users\binya\Documents\Shulchan aruch\newtry\OC_Mobile\oc318-mobile-reader\public\corpus\yd1\siman395\seif-003\siftei-kohen\en.html,source_txt_block,current YD_001 source output,C:\Users\binya\Documents\Shulchan aruch\newtry\YD_001\output\siman_395\siftei-kohen\part-001.txt,false,missing_or_empty,no,,C:\Users\binya\Documents\Shulchan aruch\newtry\OC_Mobile\oc318-mobile-reader\public\corpus\yd1\siman395\seif-003\siftei-kohen\he.html,"<b>ונהגו להוסיף. </b>ואפי' חל אותו היום בשבת נוהג בו דין י""ב חדש כן הוא בתרומת הדשן סי' רצ""ב מיהו כשהשנה מעוברת דמותר ליכנס לבית המשתה לאחר י""ב חדש כדלעיל סי' שצ""א ס""ק ב' אין נוהג דין י""ב חודש ביום שמת בו אב או אם אע""פ שאומר קדיש וברכו ומתענה בו ביום דמאחר דכבר הפסיק מאבלותו שוב אינו חוזר לאבלותו כ""כ הב""ח. ונראה דהיינו דוקא בשאר מיני אבילות אבל לאכול בסעודה של שמחה ומשתה אסור בכל שנה ביום שמת בו אב ואם וכדכ' הרב לקמן ס""ס ת""ב כ""ש הכא:"
yd1,siftei-kohen,siman395,seif-003,C:\Users\binya\Documents\Shulchan aruch\newtry\OC_Mobile\oc318-mobile-reader\public\corpus\yd1\siman395\seif-003\siftei-kohen\en.html,source_txt_block,temp YD_001 source output,C:\Users\binya\Documents\shulchan-yd-temp\newtry\YD_001\output\siman_395\siftei-kohen\part-001.txt,true,missing_or_empty,no,,C:\Users\binya\Documents\Shulchan aruch\newtry\OC_Mobile\oc318-mobile-reader\public\corpus\yd1\siman395\seif-003\siftei-kohen\he.html,"<b>ונהגו להוסיף. </b>ואפי' חל אותו היום בשבת נוהג בו דין י""ב חדש כן הוא בתרומת הדשן סי' רצ""ב מיהו כשהשנה מעוברת דמותר ליכנס לבית המשתה לאחר י""ב חדש כדלעיל סי' שצ""א ס""ק ב' אין נוהג דין י""ב חודש ביום שמת בו אב או אם אע""פ שאומר קדיש וברכו ומתענה בו ביום דמאחר דכבר הפסיק מאבלותו שוב אינו חוזר לאבלותו כ""כ הב""ח. ונראה דהיינו דוקא בשאר מיני אבילות אבל לאכול בסעודה של שמחה ומשתה אסור בכל שנה ביום שמת בו אב ואם וכדכ' הרב לקמן ס""ס ת""ב כ""ש הכא:"
yd1,rabbi-akiva-eiger-yd,siman341,seif-005,C:\Users\binya\Documents\Shulchan aruch\newtry\OC_Mobile\oc318-mobile-reader\public\corpus\yd1\siman341\seif-005\rabbi-akiva-eiger-yd\en.html,corpus_en_html,SA_Sandbox corpus mirror,C:\Users\binya\Documents\Shulchan aruch\newtry\SA_Sandbox\public\corpus\yd1\siman341\seif-005\rabbi-akiva-eiger-yd\en.html,false,missing_or_empty,no,,C:\Users\binya\Documents\Shulchan aruch\newtry\OC_Mobile\oc318-mobile-reader\public\corpus\yd1\siman341\seif-005\rabbi-akiva-eiger-yd\he.html,"(שם) <b>ובשבת</b> ויו""ט אוכל בשר. ובסוגיא איתא בשבת מסב ואוכל ע' בת' ב""ח (ח""ב סי' ה'):"
yd1,rabbi-akiva-eiger-yd,siman341,seif-005,C:\Users\binya\Documents\Shulchan aruch\newtry\OC_Mobile\oc318-mobile-reader\public\corpus\yd1\siman341\seif-005\rabbi-akiva-eiger-yd\en.html,corpus_en_html,shulchan-yd-temp corpus mirror,C:\Users\binya\Documents\shulchan-yd-temp\newtry\OC_Mobile\oc318-mobile-reader\public\corpus\yd1\siman341\seif-005\rabbi-akiva-eiger-yd\en.html,false,missing_or_empty,no,,C:\Users\binya\Documents\Shulchan aruch\newtry\OC_Mobile\oc318-mobile-reader\public\corpus\yd1\siman341\seif-005\rabbi-akiva-eiger-yd\he.html,"(שם) <b>ובשבת</b> ויו""ט אוכל בשר. ובסוגיא איתא בשבת מסב ואוכל ע' בת' ב""ח (ח""ב סי' ה'):"
yd1,rabbi-akiva-eiger-yd,siman341,seif-005,C:\Users\binya\Documents\Shulchan aruch\newtry\OC_Mobile\oc318-mobile-reader\public\corpus\yd1\siman341\seif-005\rabbi-akiva-eiger-yd\en.html,source_txt_block,current YD_001 source output,C:\Users\binya\Documents\Shulchan aruch\newtry\YD_001\output\siman_341\rabbi-akiva-eiger-yd\part-001.txt,false,missing_or_empty,no,,C:\Users\binya\Documents\Shulchan aruch\newtry\OC_Mobile\oc318-mobile-reader\public\corpus\yd1\siman341\seif-005\rabbi-akiva-eiger-yd\he.html,"(שם) <b>ובשבת</b> ויו""ט אוכל בשר. ובסוגיא איתא בשבת מסב ואוכל ע' בת' ב""ח (ח""ב סי' ה'):"
yd1,rabbi-akiva-eiger-yd,siman341,seif-005,C:\Users\binya\Documents\Shulchan aruch\newtry\OC_Mobile\oc318-mobile-reader\public\corpus\yd1\siman341\seif-005\rabbi-akiva-eiger-yd\en.html,source_txt_block,temp YD_001 source output,C:\Users\binya\Documents\shulchan-yd-temp\newtry\YD_001\output\siman_341\rabbi-akiva-eiger-yd\part-001.txt,true,missing_or_empty,no,,C:\Users\binya\Documents\Shulchan aruch\newtry\OC_Mobile\oc318-mobile-reader\public\corpus\yd1\siman341\seif-005\rabbi-akiva-eiger-yd\he.html,"(שם) <b>ובשבת</b> ויו""ט אוכל בשר. ובסוגיא איתא בשבת מסב ואוכל ע' בת' ב""ח (ח""ב סי' ה'):"
yd1,rabbi-akiva-eiger-yd,siman341,seif-006,C:\Users\binya\Documents\Shulchan aruch\newtry\OC_Mobile\oc318-mobile-reader\public\corpus\yd1\siman341\seif-006\rabbi-akiva-eiger-yd\en.html,corpus_en_html,SA_Sandbox corpus mirror,C:\Users\binya\Documents\Shulchan aruch\newtry\SA_Sandbox\public\corpus\yd1\siman341\seif-006\rabbi-akiva-eiger-yd\en.html,false,missing_or_empty,no,,C:\Users\binya\Documents\Shulchan aruch\newtry\OC_Mobile\oc318-mobile-reader\public\corpus\yd1\siman341\seif-006\rabbi-akiva-eiger-yd\he.html,"(שם) <b>אם</b> ירצה. ע' בת' ושב הכהן (סי' צ""ד) שהעלה דקאי רק על שבת אבל ביו""ט מחויב לאכול בשר ועכ""פ לשתות יין ואפילו בליל יו""ט האחרון עיי""ש:"
yd1,rabbi-akiva-eiger-yd,siman341,seif-006,C:\Users\binya\Documents\Shulchan aruch\newtry\OC_Mobile\oc318-mobile-reader\public\corpus\yd1\siman341\seif-006\rabbi-akiva-eiger-yd\en.html,corpus_en_html,shulchan-yd-temp corpus mirror,C:\Users\binya\Documents\shulchan-yd-temp\newtry\OC_Mobile\oc318-mobile-reader\public\corpus\yd1\siman341\seif-006\rabbi-akiva-eiger-yd\en.html,false,missing_or_empty,no,,C:\Users\binya\Documents\Shulchan aruch\newtry\OC_Mobile\oc318-mobile-reader\public\corpus\yd1\siman341\seif-006\rabbi-akiva-eiger-yd\he.html,"(שם) <b>אם</b> ירצה. ע' בת' ושב הכהן (סי' צ""ד) שהעלה דקאי רק על שבת אבל ביו""ט מחויב לאכול בשר ועכ""פ לשתות יין ואפילו בליל יו""ט האחרון עיי""ש:"
yd1,rabbi-akiva-eiger-yd,siman341,seif-006,C:\Users\binya\Documents\Shulchan aruch\newtry\OC_Mobile\oc318-mobile-reader\public\corpus\yd1\siman341\seif-006\rabbi-akiva-eiger-yd\en.html,source_txt_block,current YD_001 source output,C:\Users\binya\Documents\Shulchan aruch\newtry\YD_001\output\siman_341\rabbi-akiva-eiger-yd\part-001.txt,false,missing_or_empty,no,,C:\Users\binya\Documents\Shulchan aruch\newtry\OC_Mobile\oc318-mobile-reader\public\corpus\yd1\siman341\seif-006\rabbi-akiva-eiger-yd\he.html,"(שם) <b>אם</b> ירצה. ע' בת' ושב הכהן (סי' צ""ד) שהעלה דקאי רק על שבת אבל ביו""ט מחויב לאכול בשר ועכ""פ לשתות יין ואפילו בליל יו""ט האחרון עיי""ש:"
yd1,rabbi-akiva-eiger-yd,siman341,seif-006,C:\Users\binya\Documents\Shulchan aruch\newtry\OC_Mobile\oc318-mobile-reader\public\corpus\yd1\siman341\seif-006\rabbi-akiva-eiger-yd\en.html,source_txt_block,temp YD_001 source output,C:\Users\binya\Documents\shulchan-yd-temp\newtry\YD_001\output\siman_341\rabbi-akiva-eiger-yd\part-001.txt,true,missing_or_empty,no,,C:\Users\binya\Documents\Shulchan aruch\newtry\OC_Mobile\oc318-mobile-reader\public\corpus\yd1\siman341\seif-006\rabbi-akiva-eiger-yd\he.html,"(שם) <b>אם</b> ירצה. ע' בת' ושב הכהן (סי' צ""ד) שהעלה דקאי רק על שבת אבל ביו""ט מחויב לאכול בשר ועכ""פ לשתות יין ואפילו בליל יו""ט האחרון עיי""ש:"
yd1,rabbi-akiva-eiger-yd,siman375,seif-008,C:\Users\binya\Documents\Shulchan aruch\newtry\OC_Mobile\oc318-mobile-reader\public\corpus\yd1\siman375\seif-008\rabbi-akiva-eiger-yd\en.html,corpus_en_html,SA_Sandbox corpus mirror,C:\Users\binya\Documents\Shulchan aruch\newtry\SA_Sandbox\public\corpus\yd1\siman375\seif-008\rabbi-akiva-eiger-yd\en.html,false,missing_or_empty,no,,C:\Users\binya\Documents\Shulchan aruch\newtry\OC_Mobile\oc318-mobile-reader\public\corpus\yd1\siman375\seif-008\rabbi-akiva-eiger-yd\he.html,"(ש""ע סעיף ח') <b>הואיל</b> ומצא מנחמים ואם בא ביום שבת והוא יום ז' י""ל דבעי' בא קודם הנץ החמה עי' לקמן (סי' ת""ב) בט""ז וש""ך:"
yd1,rabbi-akiva-eiger-yd,siman375,seif-008,C:\Users\binya\Documents\Shulchan aruch\newtry\OC_Mobile\oc318-mobile-reader\public\corpus\yd1\siman375\seif-008\rabbi-akiva-eiger-yd\en.html,corpus_en_html,shulchan-yd-temp corpus mirror,C:\Users\binya\Documents\shulchan-yd-temp\newtry\OC_Mobile\oc318-mobile-reader\public\corpus\yd1\siman375\seif-008\rabbi-akiva-eiger-yd\en.html,false,missing_or_empty,no,,C:\Users\binya\Documents\Shulchan aruch\newtry\OC_Mobile\oc318-mobile-reader\public\corpus\yd1\siman375\seif-008\rabbi-akiva-eiger-yd\he.html,"(ש""ע סעיף ח') <b>הואיל</b> ומצא מנחמים ואם בא ביום שבת והוא יום ז' י""ל דבעי' בא קודם הנץ החמה עי' לקמן (סי' ת""ב) בט""ז וש""ך:"
yd1,rabbi-akiva-eiger-yd,siman375,seif-008,C:\Users\binya\Documents\Shulchan aruch\newtry\OC_Mobile\oc318-mobile-reader\public\corpus\yd1\siman375\seif-008\rabbi-akiva-eiger-yd\en.html,source_txt_block,current YD_001 source output,C:\Users\binya\Documents\Shulchan aruch\newtry\YD_001\output\siman_375\rabbi-akiva-eiger-yd\part-001.txt,false,missing_or_empty,no,,C:\Users\binya\Documents\Shulchan aruch\newtry\OC_Mobile\oc318-mobile-reader\public\corpus\yd1\siman375\seif-008\rabbi-akiva-eiger-yd\he.html,"(ש""ע סעיף ח') <b>הואיל</b> ומצא מנחמים ואם בא ביום שבת והוא יום ז' י""ל דבעי' בא קודם הנץ החמה עי' לקמן (סי' ת""ב) בט""ז וש""ך:"
yd1,rabbi-akiva-eiger-yd,siman375,seif-008,C:\Users\binya\Documents\Shulchan aruch\newtry\OC_Mobile\oc318-mobile-reader\public\corpus\yd1\siman375\seif-008\rabbi-akiva-eiger-yd\en.html,source_txt_block,temp YD_001 source output,C:\Users\binya\Documents\shulchan-yd-temp\newtry\YD_001\output\siman_375\rabbi-akiva-eiger-yd\part-001.txt,true,missing_or_empty,no,,C:\Users\binya\Documents\Shulchan aruch\newtry\OC_Mobile\oc318-mobile-reader\public\corpus\yd1\siman375\seif-008\rabbi-akiva-eiger-yd\he.html,"(ש""ע סעיף ח') <b>הואיל</b> ומצא מנחמים ואם בא ביום שבת והוא יום ז' י""ל דבעי' בא קודם הנץ החמה עי' לקמן (סי' ת""ב) בט""ז וש""ך:"
