Section,Siman,Commentary,Total Blocks,Translated,Pending,Percent Complete
"Yoreh De'ah",1,"Baer Hetev",41,0,41,0%
"Yoreh De'ah",1,"Be'er HaGolah",14,0,14,0%
"Yoreh De'ah",1,"Biur HaGRA",43,0,43,0%
"Yoreh De'ah",1,"kaf-hachayim",14,0,14,0%
"Yoreh De'ah",1,"kereti",41,0,41,0%
"Yoreh De'ah",1,"Mechaber and Rama",14,0,14,0%
"Yoreh De'ah",1,"nekudot-hakesef",5,0,5,0%
"Yoreh De'ah",1,"Peleti",16,0,16,0%
"Yoreh De'ah",1,"Pitchei Teshuva",14,0,14,0%
"Yoreh De'ah",1,"Rabbi Akiva Eiger (YD)",14,0,14,0%
"Yoreh De'ah",1,"Siftei Kohen (Shach)",41,0,41,0%
"Yoreh De'ah",1,"Turei Zahav (Taz)",23,0,23,0%
"Yoreh De'ah",1,"Yad Avraham",5,0,5,0%
"Yoreh De'ah",1,"Yad Ephraim",9,0,9,0%
"Yoreh De'ah",2,"Baer Hetev",30,0,30,0%
"Yoreh De'ah",2,"Be'er HaGolah",11,0,11,0%
"Yoreh De'ah",2,"Biur HaGRA",27,0,27,0%
"Yoreh De'ah",2,"kaf-hachayim",11,0,11,0%
"Yoreh De'ah",2,"kereti",25,0,25,0%
"Yoreh De'ah",2,"Mechaber and Rama",11,0,11,0%
"Yoreh De'ah",2,"nekudot-hakesef",6,0,6,0%
"Yoreh De'ah",2,"Peleti",8,0,8,0%
"Yoreh De'ah",2,"Pitchei Teshuva",11,0,11,0%
"Yoreh De'ah",2,"Rabbi Akiva Eiger (YD)",11,0,11,0%
"Yoreh De'ah",2,"Siftei Kohen (Shach)",31,0,31,0%
"Yoreh De'ah",2,"Turei Zahav (Taz)",14,0,14,0%
"Yoreh De'ah",2,"Yad Avraham",4,0,4,0%
"Yoreh De'ah",3,"Baer Hetev",2,0,2,0%
"Yoreh De'ah",3,"Be'er HaGolah",5,0,5,0%
"Yoreh De'ah",3,"Biur HaGRA",5,0,5,0%
"Yoreh De'ah",3,"kaf-hachayim",1,0,1,0%
"Yoreh De'ah",3,"kereti",2,0,2,0%
"Yoreh De'ah",3,"Mechaber and Rama",1,0,1,0%
"Yoreh De'ah",3,"Peleti",2,0,2,0%
"Yoreh De'ah",3,"Pitchei Teshuva",1,0,1,0%
"Yoreh De'ah",3,"Rabbi Akiva Eiger (YD)",1,0,1,0%
"Yoreh De'ah",3,"Siftei Kohen (Shach)",1,0,1,0%
"Yoreh De'ah",3,"Turei Zahav (Taz)",1,0,1,0%
"Yoreh De'ah",3,"Yad Avraham",1,0,1,0%
"Yoreh De'ah",3,"Yad Ephraim",1,0,1,0%
"Yoreh De'ah",4,"Baer Hetev",12,0,12,0%
"Yoreh De'ah",4,"Be'er HaGolah",13,0,13,0%
"Yoreh De'ah",4,"Biur HaGRA",12,0,12,0%
"Yoreh De'ah",4,"kaf-hachayim",7,0,7,0%
"Yoreh De'ah",4,"kereti",13,0,13,0%
"Yoreh De'ah",4,"Mechaber and Rama",7,0,7,0%
"Yoreh De'ah",4,"nekudot-hakesef",3,0,3,0%
"Yoreh De'ah",4,"Peleti",5,0,5,0%
"Yoreh De'ah",4,"Pitchei Teshuva",4,0,4,0%
"Yoreh De'ah",4,"Rabbi Akiva Eiger (YD)",7,0,7,0%
"Yoreh De'ah",4,"Siftei Kohen (Shach)",11,0,11,0%
"Yoreh De'ah",4,"Turei Zahav (Taz)",8,0,8,0%
"Yoreh De'ah",4,"Yad Avraham",1,0,1,0%
"Yoreh De'ah",5,"Baer Hetev",10,0,10,0%
"Yoreh De'ah",5,"Be'er HaGolah",3,0,3,0%
"Yoreh De'ah",5,"Biur HaGRA",6,0,6,0%
"Yoreh De'ah",5,"kaf-hachayim",3,0,3,0%
"Yoreh De'ah",5,"kereti",11,0,11,0%
"Yoreh De'ah",5,"Mechaber and Rama",3,0,3,0%
"Yoreh De'ah",5,"nekudot-hakesef",1,0,1,0%
"Yoreh De'ah",5,"Peleti",4,0,4,0%
"Yoreh De'ah",5,"Pitchei Teshuva",3,0,3,0%
"Yoreh De'ah",5,"Siftei Kohen (Shach)",10,0,10,0%
"Yoreh De'ah",5,"Turei Zahav (Taz)",7,0,7,0%
"Yoreh De'ah",5,"Yad Avraham",1,0,1,0%
"Yoreh De'ah",6,"Baer Hetev",11,0,11,0%
"Yoreh De'ah",6,"Be'er HaGolah",4,0,4,0%
"Yoreh De'ah",6,"Biur HaGRA",16,0,16,0%
"Yoreh De'ah",6,"kaf-hachayim",4,0,4,0%
"Yoreh De'ah",6,"kereti",13,0,13,0%
"Yoreh De'ah",6,"Mechaber and Rama",4,0,4,0%
"Yoreh De'ah",6,"nekudot-hakesef",2,0,2,0%
"Yoreh De'ah",6,"Peleti",2,0,2,0%
"Yoreh De'ah",6,"Pitchei Teshuva",1,0,1,0%
"Yoreh De'ah",6,"Rabbi Akiva Eiger (YD)",3,0,3,0%
"Yoreh De'ah",6,"Siftei Kohen (Shach)",10,0,10,0%
"Yoreh De'ah",6,"Turei Zahav (Taz)",7,0,7,0%
"Yoreh De'ah",6,"Yad Ephraim",2,0,2,0%
"Yoreh De'ah",7,"Baer Hetev",5,0,5,0%
"Yoreh De'ah",7,"Be'er HaGolah",4,0,4,0%
"Yoreh De'ah",7,"Biur HaGRA",1,0,1,0%
"Yoreh De'ah",7,"kaf-hachayim",1,0,1,0%
"Yoreh De'ah",7,"kereti",5,0,5,0%
"Yoreh De'ah",7,"Mechaber and Rama",1,0,1,0%
"Yoreh De'ah",7,"Peleti",1,0,1,0%
"Yoreh De'ah",7,"Siftei Kohen (Shach)",3,0,3,0%
"Yoreh De'ah",7,"Turei Zahav (Taz)",2,0,2,0%
"Yoreh De'ah",8,"Baer Hetev",5,0,5,0%
"Yoreh De'ah",8,"Be'er HaGolah",1,0,1,0%
"Yoreh De'ah",8,"Biur HaGRA",4,0,4,0%
"Yoreh De'ah",8,"kaf-hachayim",1,0,1,0%
"Yoreh De'ah",8,"kereti",4,0,4,0%
"Yoreh De'ah",8,"Mechaber and Rama",1,0,1,0%
"Yoreh De'ah",8,"Pitchei Teshuva",1,0,1,0%
"Yoreh De'ah",8,"Siftei Kohen (Shach)",2,0,2,0%
"Yoreh De'ah",8,"Turei Zahav (Taz)",1,0,1,0%
"Yoreh De'ah",8,"Yad Ephraim",1,0,1,0%
"Yoreh De'ah",9,"Baer Hetev",2,0,2,0%
"Yoreh De'ah",9,"Be'er HaGolah",3,0,3,0%
"Yoreh De'ah",9,"Biur HaGRA",3,0,3,0%
"Yoreh De'ah",9,"kaf-hachayim",1,0,1,0%
"Yoreh De'ah",9,"kereti",4,0,4,0%
"Yoreh De'ah",9,"Mechaber and Rama",1,0,1,0%
"Yoreh De'ah",9,"Peleti",1,0,1,0%
"Yoreh De'ah",9,"Rabbi Akiva Eiger (YD)",1,0,1,0%
"Yoreh De'ah",9,"Siftei Kohen (Shach)",2,0,2,0%
"Yoreh De'ah",9,"Turei Zahav (Taz)",1,0,1,0%
"Yoreh De'ah",9,"Yad Avraham",1,0,1,0%
"Yoreh De'ah",10,"Baer Hetev",16,0,16,0%
"Yoreh De'ah",10,"Be'er HaGolah",3,0,3,0%
"Yoreh De'ah",10,"Biur HaGRA",10,0,10,0%
"Yoreh De'ah",10,"kaf-hachayim",3,0,3,0%
"Yoreh De'ah",10,"kereti",23,0,23,0%
"Yoreh De'ah",10,"Mechaber and Rama",3,0,3,0%
"Yoreh De'ah",10,"nekudot-hakesef",3,0,3,0%
"Yoreh De'ah",10,"Peleti",9,0,9,0%
"Yoreh De'ah",10,"Pitchei Teshuva",3,0,3,0%
"Yoreh De'ah",10,"Rabbi Akiva Eiger (YD)",3,0,3,0%
"Yoreh De'ah",10,"Siftei Kohen (Shach)",22,0,22,0%
"Yoreh De'ah",10,"Turei Zahav (Taz)",17,0,17,0%
"Yoreh De'ah",10,"Yad Avraham",3,0,3,0%
"Yoreh De'ah",10,"Yad Ephraim",1,0,1,0%
"Yoreh De'ah",11,"Baer Hetev",7,0,7,0%
"Yoreh De'ah",11,"Be'er HaGolah",4,0,4,0%
"Yoreh De'ah",11,"Biur HaGRA",9,0,9,0%
"Yoreh De'ah",11,"kaf-hachayim",4,0,4,0%
"Yoreh De'ah",11,"kereti",14,0,14,0%
"Yoreh De'ah",11,"Mechaber and Rama",4,0,4,0%
"Yoreh De'ah",11,"nekudot-hakesef",1,0,1,0%
"Yoreh De'ah",11,"Peleti",5,0,5,0%
"Yoreh De'ah",11,"Pitchei Teshuva",4,0,4,0%
"Yoreh De'ah",11,"Rabbi Akiva Eiger (YD)",2,0,2,0%
"Yoreh De'ah",11,"Siftei Kohen (Shach)",7,0,7,0%
"Yoreh De'ah",11,"Turei Zahav (Taz)",4,0,4,0%
"Yoreh De'ah",11,"Yad Ephraim",1,0,1,0%
"Yoreh De'ah",12,"Baer Hetev",4,0,4,0%
"Yoreh De'ah",12,"Be'er HaGolah",4,0,4,0%
"Yoreh De'ah",12,"Biur HaGRA",3,0,3,0%
"Yoreh De'ah",12,"kaf-hachayim",2,0,2,0%
"Yoreh De'ah",12,"kereti",9,0,9,0%
"Yoreh De'ah",12,"Mechaber and Rama",2,0,2,0%
"Yoreh De'ah",12,"Peleti",2,0,2,0%
"Yoreh De'ah",12,"Rabbi Akiva Eiger (YD)",1,0,1,0%
"Yoreh De'ah",12,"Siftei Kohen (Shach)",5,0,5,0%
"Yoreh De'ah",12,"Turei Zahav (Taz)",3,0,3,0%
"Yoreh De'ah",13,"Baer Hetev",14,0,14,0%
"Yoreh De'ah",13,"Be'er HaGolah",6,0,6,0%
"Yoreh De'ah",13,"Biur HaGRA",13,0,13,0%
"Yoreh De'ah",13,"kaf-hachayim",6,0,6,0%
"Yoreh De'ah",13,"kereti",24,0,24,0%
"Yoreh De'ah",13,"Mechaber and Rama",6,0,6,0%
"Yoreh De'ah",13,"nekudot-hakesef",3,0,3,0%
"Yoreh De'ah",13,"Peleti",6,0,6,0%
"Yoreh De'ah",13,"Pitchei Teshuva",6,0,6,0%
"Yoreh De'ah",13,"Rabbi Akiva Eiger (YD)",6,0,6,0%
"Yoreh De'ah",13,"Siftei Kohen (Shach)",21,0,21,0%
"Yoreh De'ah",13,"Turei Zahav (Taz)",10,0,10,0%
"Yoreh De'ah",13,"Yad Avraham",6,0,6,0%
"Yoreh De'ah",14,"Baer Hetev",12,0,12,0%
"Yoreh De'ah",14,"Be'er HaGolah",11,0,11,0%
"Yoreh De'ah",14,"Biur HaGRA",6,0,6,0%
"Yoreh De'ah",14,"kaf-hachayim",6,0,6,0%
"Yoreh De'ah",14,"kereti",17,0,17,0%
"Yoreh De'ah",14,"Mechaber and Rama",6,0,6,0%
"Yoreh De'ah",14,"nekudot-hakesef",2,0,2,0%
"Yoreh De'ah",14,"Peleti",6,0,6,0%
"Yoreh De'ah",14,"Pitchei Teshuva",5,0,5,0%
"Yoreh De'ah",14,"Rabbi Akiva Eiger (YD)",3,0,3,0%
"Yoreh De'ah",14,"Siftei Kohen (Shach)",14,0,14,0%
"Yoreh De'ah",14,"Turei Zahav (Taz)",10,0,10,0%
"Yoreh De'ah",14,"Yad Avraham",2,0,2,0%
"Yoreh De'ah",14,"Yad Ephraim",1,0,1,0%
"Yoreh De'ah",15,"Baer Hetev",5,0,5,0%
"Yoreh De'ah",15,"Be'er HaGolah",3,0,3,0%
"Yoreh De'ah",15,"Biur HaGRA",4,0,4,0%
"Yoreh De'ah",15,"kaf-hachayim",3,0,3,0%
"Yoreh De'ah",15,"kereti",8,0,8,0%
"Yoreh De'ah",15,"Mechaber and Rama",3,0,3,0%
"Yoreh De'ah",15,"nekudot-hakesef",3,0,3,0%
"Yoreh De'ah",15,"Peleti",3,0,3,0%
"Yoreh De'ah",15,"Pitchei Teshuva",3,0,3,0%
"Yoreh De'ah",15,"Rabbi Akiva Eiger (YD)",3,0,3,0%
"Yoreh De'ah",15,"Siftei Kohen (Shach)",4,0,4,0%
"Yoreh De'ah",15,"Turei Zahav (Taz)",4,0,4,0%
"Yoreh De'ah",15,"Yad Avraham",2,0,2,0%
"Yoreh De'ah",15,"Yad Ephraim",2,0,2,0%
"Yoreh De'ah",16,"Baer Hetev",19,0,19,0%
"Yoreh De'ah",16,"Be'er HaGolah",25,0,25,0%
"Yoreh De'ah",16,"Biur HaGRA",18,0,18,0%
"Yoreh De'ah",16,"kaf-hachayim",12,0,12,0%
"Yoreh De'ah",16,"kereti",16,0,16,0%
"Yoreh De'ah",16,"Mechaber and Rama",12,0,12,0%
"Yoreh De'ah",16,"nekudot-hakesef",2,0,2,0%
"Yoreh De'ah",16,"Peleti",3,0,3,0%
"Yoreh De'ah",16,"Pitchei Teshuva",6,0,6,0%
"Yoreh De'ah",16,"Rabbi Akiva Eiger (YD)",6,0,6,0%
"Yoreh De'ah",16,"Siftei Kohen (Shach)",26,0,26,0%
"Yoreh De'ah",16,"Turei Zahav (Taz)",16,0,16,0%
"Yoreh De'ah",16,"Yad Avraham",3,0,3,0%
"Yoreh De'ah",16,"Yad Ephraim",1,0,1,0%
"Yoreh De'ah",17,"Baer Hetev",7,0,7,0%
"Yoreh De'ah",17,"Be'er HaGolah",3,0,3,0%
"Yoreh De'ah",17,"Biur HaGRA",5,0,5,0%
"Yoreh De'ah",17,"kaf-hachayim",3,0,3,0%
"Yoreh De'ah",17,"kereti",11,0,11,0%
"Yoreh De'ah",17,"Mechaber and Rama",3,0,3,0%
"Yoreh De'ah",17,"nekudot-hakesef",1,0,1,0%
"Yoreh De'ah",17,"Peleti",2,0,2,0%
"Yoreh De'ah",17,"Pitchei Teshuva",2,0,2,0%
"Yoreh De'ah",17,"Rabbi Akiva Eiger (YD)",1,0,1,0%
"Yoreh De'ah",17,"Siftei Kohen (Shach)",8,0,8,0%
"Yoreh De'ah",17,"Turei Zahav (Taz)",4,0,4,0%
"Yoreh De'ah",17,"Yad Avraham",1,0,1,0%
"Yoreh De'ah",18,"Baer Hetev",27,0,27,0%
"Yoreh De'ah",18,"Be'er HaGolah",20,0,20,0%
"Yoreh De'ah",18,"Biur HaGRA",34,0,34,0%
"Yoreh De'ah",18,"kaf-hachayim",20,0,20,0%
"Yoreh De'ah",18,"kereti",28,0,28,0%
"Yoreh De'ah",18,"Mechaber and Rama",20,0,20,0%
"Yoreh De'ah",18,"nekudot-hakesef",1,0,1,0%
"Yoreh De'ah",18,"Peleti",6,0,6,0%
"Yoreh De'ah",18,"Pitchei Teshuva",11,0,11,0%
"Yoreh De'ah",18,"Rabbi Akiva Eiger (YD)",6,0,6,0%
"Yoreh De'ah",18,"Siftei Kohen (Shach)",34,0,34,0%
"Yoreh De'ah",18,"Turei Zahav (Taz)",15,0,15,0%
"Yoreh De'ah",18,"Yad Avraham",4,0,4,0%
"Yoreh De'ah",18,"Yad Ephraim",4,0,4,0%
"Yoreh De'ah",19,"Baer Hetev",12,0,12,0%
"Yoreh De'ah",19,"Be'er HaGolah",8,0,8,0%
"Yoreh De'ah",19,"Biur HaGRA",20,0,20,0%
"Yoreh De'ah",19,"kaf-hachayim",8,0,8,0%
"Yoreh De'ah",19,"kereti",13,0,13,0%
"Yoreh De'ah",19,"Mechaber and Rama",8,0,8,0%
"Yoreh De'ah",19,"nekudot-hakesef",2,0,2,0%
"Yoreh De'ah",19,"Peleti",6,0,6,0%
"Yoreh De'ah",19,"Pitchei Teshuva",8,0,8,0%
"Yoreh De'ah",19,"Rabbi Akiva Eiger (YD)",2,0,2,0%
"Yoreh De'ah",19,"Siftei Kohen (Shach)",13,0,13,0%
"Yoreh De'ah",19,"Turei Zahav (Taz)",17,0,17,0%
"Yoreh De'ah",19,"Yad Avraham",1,0,1,0%
"Yoreh De'ah",19,"Yad Ephraim",1,0,1,0%
"Yoreh De'ah",20,"Baer Hetev",7,0,7,0%
"Yoreh De'ah",20,"Be'er HaGolah",4,0,4,0%
"Yoreh De'ah",20,"Biur HaGRA",8,0,8,0%
"Yoreh De'ah",20,"kaf-hachayim",4,0,4,0%
"Yoreh De'ah",20,"kereti",12,0,12,0%
"Yoreh De'ah",20,"Mechaber and Rama",4,0,4,0%
"Yoreh De'ah",20,"Peleti",4,0,4,0%
"Yoreh De'ah",20,"Pitchei Teshuva",1,0,1,0%
"Yoreh De'ah",20,"Rabbi Akiva Eiger (YD)",1,0,1,0%
"Yoreh De'ah",20,"Siftei Kohen (Shach)",8,0,8,0%
"Yoreh De'ah",20,"Turei Zahav (Taz)",8,0,8,0%
"Yoreh De'ah",20,"Yad Ephraim",1,0,1,0%
"Yoreh De'ah",21,"Baer Hetev",6,0,6,0%
"Yoreh De'ah",21,"Be'er HaGolah",5,0,5,0%
"Yoreh De'ah",21,"Biur HaGRA",5,0,5,0%
"Yoreh De'ah",21,"kaf-hachayim",5,0,5,0%
"Yoreh De'ah",21,"kereti",6,0,6,0%
"Yoreh De'ah",21,"Mechaber and Rama",5,0,5,0%
"Yoreh De'ah",21,"nekudot-hakesef",1,0,1,0%
"Yoreh De'ah",21,"Peleti",3,0,3,0%
"Yoreh De'ah",21,"Rabbi Akiva Eiger (YD)",1,0,1,0%
"Yoreh De'ah",21,"Siftei Kohen (Shach)",5,0,5,0%
"Yoreh De'ah",21,"Turei Zahav (Taz)",4,0,4,0%
"Yoreh De'ah",21,"Yad Avraham",3,0,3,0%
"Yoreh De'ah",22,"Baer Hetev",8,0,8,0%
"Yoreh De'ah",22,"Be'er HaGolah",2,0,2,0%
"Yoreh De'ah",22,"Biur HaGRA",12,0,12,0%
"Yoreh De'ah",22,"kaf-hachayim",2,0,2,0%
"Yoreh De'ah",22,"kereti",14,0,14,0%
"Yoreh De'ah",22,"Mechaber and Rama",2,0,2,0%
"Yoreh De'ah",22,"nekudot-hakesef",2,0,2,0%
"Yoreh De'ah",22,"Peleti",6,0,6,0%
"Yoreh De'ah",22,"Pitchei Teshuva",2,0,2,0%
"Yoreh De'ah",22,"Rabbi Akiva Eiger (YD)",2,0,2,0%
"Yoreh De'ah",22,"Siftei Kohen (Shach)",13,0,13,0%
"Yoreh De'ah",22,"Turei Zahav (Taz)",9,0,9,0%
"Yoreh De'ah",23,"Baer Hetev",15,0,15,0%
"Yoreh De'ah",23,"Be'er HaGolah",12,0,12,0%
"Yoreh De'ah",23,"Biur HaGRA",12,0,12,0%
"Yoreh De'ah",23,"kaf-hachayim",6,0,6,0%
"Yoreh De'ah",23,"kereti",18,0,18,0%
"Yoreh De'ah",23,"Mechaber and Rama",6,0,6,0%
"Yoreh De'ah",23,"nekudot-hakesef",2,0,2,0%
"Yoreh De'ah",23,"Peleti",4,0,4,0%
"Yoreh De'ah",23,"Pitchei Teshuva",6,0,6,0%
"Yoreh De'ah",23,"Siftei Kohen (Shach)",21,0,21,0%
"Yoreh De'ah",23,"Turei Zahav (Taz)",8,0,8,0%
"Yoreh De'ah",23,"Yad Avraham",1,0,1,0%
"Yoreh De'ah",23,"Yad Ephraim",3,0,3,0%
"Yoreh De'ah",24,"Baer Hetev",21,0,21,0%
"Yoreh De'ah",24,"Be'er HaGolah",20,0,20,0%
"Yoreh De'ah",24,"Biur HaGRA",38,0,38,0%
"Yoreh De'ah",24,"kaf-hachayim",20,0,20,0%
"Yoreh De'ah",24,"kereti",34,0,34,0%
"Yoreh De'ah",24,"Mechaber and Rama",20,0,20,0%
"Yoreh De'ah",24,"nekudot-hakesef",6,0,6,0%
"Yoreh De'ah",24,"Peleti",11,0,11,0%
"Yoreh De'ah",24,"Pitchei Teshuva",7,0,7,0%
"Yoreh De'ah",24,"Rabbi Akiva Eiger (YD)",4,0,4,0%
"Yoreh De'ah",24,"Siftei Kohen (Shach)",31,0,31,0%
"Yoreh De'ah",24,"Turei Zahav (Taz)",18,0,18,0%
"Yoreh De'ah",24,"Yad Avraham",1,0,1,0%
"Yoreh De'ah",24,"Yad Ephraim",3,0,3,0%
"Yoreh De'ah",25,"Baer Hetev",5,0,5,0%
"Yoreh De'ah",25,"Be'er HaGolah",4,0,4,0%
"Yoreh De'ah",25,"Biur HaGRA",5,0,5,0%
"Yoreh De'ah",25,"kaf-hachayim",3,0,3,0%
"Yoreh De'ah",25,"kereti",6,0,6,0%
"Yoreh De'ah",25,"Mechaber and Rama",3,0,3,0%
"Yoreh De'ah",25,"nekudot-hakesef",2,0,2,0%
"Yoreh De'ah",25,"Peleti",2,0,2,0%
"Yoreh De'ah",25,"Pitchei Teshuva",2,0,2,0%
"Yoreh De'ah",25,"Rabbi Akiva Eiger (YD)",2,0,2,0%
"Yoreh De'ah",25,"Siftei Kohen (Shach)",6,0,6,0%
"Yoreh De'ah",25,"Turei Zahav (Taz)",5,0,5,0%
"Yoreh De'ah",25,"Yad Avraham",1,0,1,0%
"Yoreh De'ah",25,"Yad Ephraim",1,0,1,0%
"Yoreh De'ah",26,"Baer Hetev",2,0,2,0%
"Yoreh De'ah",26,"Be'er HaGolah",2,0,2,0%
"Yoreh De'ah",26,"Biur HaGRA",2,0,2,0%
"Yoreh De'ah",26,"kaf-hachayim",2,0,2,0%
"Yoreh De'ah",26,"kereti",3,0,3,0%
"Yoreh De'ah",26,"Mechaber and Rama",2,0,2,0%
"Yoreh De'ah",26,"Peleti",2,0,2,0%
"Yoreh De'ah",26,"Siftei Kohen (Shach)",2,0,2,0%
"Yoreh De'ah",26,"Turei Zahav (Taz)",2,0,2,0%
"Yoreh De'ah",27,"Baer Hetev",2,0,2,0%
"Yoreh De'ah",27,"Be'er HaGolah",1,0,1,0%
"Yoreh De'ah",27,"kaf-hachayim",1,0,1,0%
"Yoreh De'ah",27,"kereti",3,0,3,0%
"Yoreh De'ah",27,"Mechaber and Rama",1,0,1,0%
"Yoreh De'ah",27,"nekudot-hakesef",1,0,1,0%
"Yoreh De'ah",27,"Peleti",2,0,2,0%
"Yoreh De'ah",27,"Pitchei Teshuva",1,0,1,0%
"Yoreh De'ah",27,"Rabbi Akiva Eiger (YD)",1,0,1,0%
"Yoreh De'ah",27,"Siftei Kohen (Shach)",2,0,2,0%
"Yoreh De'ah",27,"Turei Zahav (Taz)",1,0,1,0%
"Yoreh De'ah",27,"Yad Ephraim",1,0,1,0%
"Yoreh De'ah",28,"Baer Hetev",25,0,25,0%
"Yoreh De'ah",28,"Be'er HaGolah",24,0,24,0%
"Yoreh De'ah",28,"Biur HaGRA",33,0,33,0%
"Yoreh De'ah",28,"kaf-hachayim",24,0,24,0%
"Yoreh De'ah",28,"kereti",29,0,29,0%
"Yoreh De'ah",28,"Mechaber and Rama",24,0,24,0%
"Yoreh De'ah",28,"nekudot-hakesef",3,0,3,0%
"Yoreh De'ah",28,"Peleti",5,0,5,0%
"Yoreh De'ah",28,"Pitchei Teshuva",14,0,14,0%
"Yoreh De'ah",28,"Rabbi Akiva Eiger (YD)",6,0,6,0%
"Yoreh De'ah",28,"Siftei Kohen (Shach)",37,0,37,0%
"Yoreh De'ah",28,"Turei Zahav (Taz)",19,0,19,0%
"Yoreh De'ah",28,"Yad Avraham",2,0,2,0%
"Yoreh De'ah",28,"Yad Ephraim",2,0,2,0%
"Yoreh De'ah",29,"Baer Hetev",8,0,8,0%
"Yoreh De'ah",29,"Be'er HaGolah",1,0,1,0%
"Yoreh De'ah",29,"Biur HaGRA",2,0,2,0%
"Yoreh De'ah",29,"kaf-hachayim",1,0,1,0%
"Yoreh De'ah",29,"kereti",5,0,5,0%
"Yoreh De'ah",29,"mateh-yehonatan",1,0,1,0%
"Yoreh De'ah",29,"Mechaber and Rama",1,0,1,0%
"Yoreh De'ah",29,"nekudot-hakesef",1,0,1,0%
"Yoreh De'ah",29,"Peleti",3,0,3,0%
"Yoreh De'ah",29,"Pitchei Teshuva",1,0,1,0%
"Yoreh De'ah",29,"Siftei Kohen (Shach)",9,0,9,0%
"Yoreh De'ah",29,"Turei Zahav (Taz)",1,0,1,0%
"Yoreh De'ah",29,"Yad Avraham",1,0,1,0%
"Yoreh De'ah",30,"Baer Hetev",8,0,8,0%
"Yoreh De'ah",30,"Be'er HaGolah",8,0,8,0%
"Yoreh De'ah",30,"Biur HaGRA",12,0,12,0%
"Yoreh De'ah",30,"kaf-hachayim",2,0,2,0%
"Yoreh De'ah",30,"kereti",12,0,12,0%
"Yoreh De'ah",30,"mateh-yehonatan",2,0,2,0%
"Yoreh De'ah",30,"Mechaber and Rama",2,0,2,0%
"Yoreh De'ah",30,"nekudot-hakesef",1,0,1,0%
"Yoreh De'ah",30,"Peleti",5,0,5,0%
"Yoreh De'ah",30,"Pitchei Teshuva",2,0,2,0%
"Yoreh De'ah",30,"Rabbi Akiva Eiger (YD)",2,0,2,0%
"Yoreh De'ah",30,"Siftei Kohen (Shach)",7,0,7,0%
"Yoreh De'ah",30,"Turei Zahav (Taz)",3,0,3,0%
"Yoreh De'ah",30,"Yad Avraham",2,0,2,0%
"Yoreh De'ah",30,"Yad Ephraim",1,0,1,0%
"Yoreh De'ah",31,"Baer Hetev",10,0,10,0%
"Yoreh De'ah",31,"Be'er HaGolah",4,0,4,0%
"Yoreh De'ah",31,"Biur HaGRA",11,0,11,0%
"Yoreh De'ah",31,"kaf-hachayim",4,0,4,0%
"Yoreh De'ah",31,"kereti",8,0,8,0%
"Yoreh De'ah",31,"mateh-yehonatan",2,0,2,0%
"Yoreh De'ah",31,"Mechaber and Rama",4,0,4,0%
"Yoreh De'ah",31,"Peleti",6,0,6,0%
"Yoreh De'ah",31,"Pitchei Teshuva",4,0,4,0%
"Yoreh De'ah",31,"Rabbi Akiva Eiger (YD)",4,0,4,0%
"Yoreh De'ah",31,"Siftei Kohen (Shach)",11,0,11,0%
"Yoreh De'ah",31,"Turei Zahav (Taz)",4,0,4,0%
"Yoreh De'ah",31,"Yad Avraham",2,0,2,0%
"Yoreh De'ah",31,"Yad Ephraim",2,0,2,0%
"Yoreh De'ah",32,"Baer Hetev",11,0,11,0%
"Yoreh De'ah",32,"Be'er HaGolah",8,0,8,0%
"Yoreh De'ah",32,"Biur HaGRA",9,0,9,0%
"Yoreh De'ah",32,"kaf-hachayim",8,0,8,0%
"Yoreh De'ah",32,"kereti",6,0,6,0%
"Yoreh De'ah",32,"Kol Yaakov",12,0,12,0%
"Yoreh De'ah",32,"mateh-yehonatan",2,0,2,0%
"Yoreh De'ah",32,"Mechaber and Rama",8,0,8,0%
"Yoreh De'ah",32,"nekudot-hakesef",1,0,1,0%
"Yoreh De'ah",32,"Peleti",3,0,3,0%
"Yoreh De'ah",32,"Pitchei Teshuva",3,0,3,0%
"Yoreh De'ah",32,"Rabbi Akiva Eiger (YD)",4,0,4,0%
"Yoreh De'ah",32,"Siftei Kohen (Shach)",12,0,12,0%
"Yoreh De'ah",32,"Turei Zahav (Taz)",6,0,6,0%
"Yoreh De'ah",32,"Yad Avraham",2,0,2,0%
"Yoreh De'ah",32,"Yad Ephraim",2,0,2,0%
"Yoreh De'ah",33,"Baer Hetev",17,0,17,0%
"Yoreh De'ah",33,"Be'er HaGolah",11,0,11,0%
"Yoreh De'ah",33,"Biur HaGRA",21,0,21,0%
"Yoreh De'ah",33,"kaf-hachayim",11,0,11,0%
"Yoreh De'ah",33,"kereti",25,0,25,0%
"Yoreh De'ah",33,"Kol Yaakov",11,0,11,0%
"Yoreh De'ah",33,"mateh-yehonatan",7,0,7,0%
"Yoreh De'ah",33,"Mechaber and Rama",11,0,11,0%
"Yoreh De'ah",33,"nekudot-hakesef",4,0,4,0%
"Yoreh De'ah",33,"Peleti",15,0,15,0%
"Yoreh De'ah",33,"Pitchei Teshuva",11,0,11,0%
"Yoreh De'ah",33,"Rabbi Akiva Eiger (YD)",11,0,11,0%
"Yoreh De'ah",33,"Siftei Kohen (Shach)",23,0,23,0%
"Yoreh De'ah",33,"Turei Zahav (Taz)",21,0,21,0%
"Yoreh De'ah",33,"Yad Avraham",8,0,8,0%
"Yoreh De'ah",33,"Yad Ephraim",6,0,6,0%
"Yoreh De'ah",34,"Baer Hetev",17,0,17,0%
"Yoreh De'ah",34,"Be'er HaGolah",10,0,10,0%
"Yoreh De'ah",34,"Biur HaGRA",7,0,7,0%
"Yoreh De'ah",34,"kaf-hachayim",10,0,10,0%
"Yoreh De'ah",34,"kereti",21,0,21,0%
"Yoreh De'ah",34,"Kol Yaakov",10,0,10,0%
"Yoreh De'ah",34,"mateh-yehonatan",2,0,2,0%
"Yoreh De'ah",34,"Mechaber and Rama",10,0,10,0%
"Yoreh De'ah",34,"nekudot-hakesef",2,0,2,0%
"Yoreh De'ah",34,"Peleti",5,0,5,0%
"Yoreh De'ah",34,"Pitchei Teshuva",2,0,2,0%
"Yoreh De'ah",34,"Siftei Kohen (Shach)",22,0,22,0%
"Yoreh De'ah",34,"Turei Zahav (Taz)",3,0,3,0%
"Yoreh De'ah",34,"Yad Avraham",3,0,3,0%
"Yoreh De'ah",35,"Baer Hetev",37,0,37,0%
"Yoreh De'ah",35,"Be'er HaGolah",10,0,10,0%
"Yoreh De'ah",35,"Biur HaGRA",25,0,25,0%
"Yoreh De'ah",35,"kaf-hachayim",10,0,10,0%
"Yoreh De'ah",35,"kereti",27,0,27,0%
"Yoreh De'ah",35,"Kol Yaakov",94,0,94,0%
"Yoreh De'ah",35,"mateh-yehonatan",2,0,2,0%
"Yoreh De'ah",35,"Mechaber and Rama",10,0,10,0%
"Yoreh De'ah",35,"nekudot-hakesef",5,0,5,0%
"Yoreh De'ah",35,"Peleti",7,0,7,0%
"Yoreh De'ah",35,"Pitchei Teshuva",10,0,10,0%
"Yoreh De'ah",35,"Rabbi Akiva Eiger (YD)",10,0,10,0%
"Yoreh De'ah",35,"Siftei Kohen (Shach)",47,0,47,0%
"Yoreh De'ah",35,"Turei Zahav (Taz)",17,0,17,0%
"Yoreh De'ah",35,"Yad Avraham",4,0,4,0%
"Yoreh De'ah",35,"Yad Ephraim",10,0,10,0%
"Yoreh De'ah",36,"Baer Hetev",29,0,29,0%
"Yoreh De'ah",36,"Be'er HaGolah",17,0,17,0%
"Yoreh De'ah",36,"Biur HaGRA",28,0,28,0%
"Yoreh De'ah",36,"kaf-hachayim",17,0,17,0%
"Yoreh De'ah",36,"kereti",29,0,29,0%
"Yoreh De'ah",36,"Kol Yaakov",101,0,101,0%
"Yoreh De'ah",36,"mateh-yehonatan",6,0,6,0%
"Yoreh De'ah",36,"Mechaber and Rama",17,0,17,0%
"Yoreh De'ah",36,"nekudot-hakesef",10,0,10,0%
"Yoreh De'ah",36,"Peleti",17,0,17,0%
"Yoreh De'ah",36,"Pitchei Teshuva",17,0,17,0%
"Yoreh De'ah",36,"Rabbi Akiva Eiger (YD)",17,0,17,0%
"Yoreh De'ah",36,"Siftei Kohen (Shach)",35,0,35,0%
"Yoreh De'ah",36,"Turei Zahav (Taz)",21,0,21,0%
"Yoreh De'ah",36,"Yad Avraham",6,0,6,0%
"Yoreh De'ah",36,"Yad Ephraim",6,0,6,0%
"Yoreh De'ah",37,"Baer Hetev",23,0,23,0%
"Yoreh De'ah",37,"Be'er HaGolah",7,0,7,0%
"Yoreh De'ah",37,"Biur HaGRA",11,0,11,0%
"Yoreh De'ah",37,"kaf-hachayim",7,0,7,0%
"Yoreh De'ah",37,"kereti",13,0,13,0%
"Yoreh De'ah",37,"mateh-yehonatan",3,0,3,0%
"Yoreh De'ah",37,"Mechaber and Rama",7,0,7,0%
"Yoreh De'ah",37,"nekudot-hakesef",5,0,5,0%
"Yoreh De'ah",37,"Peleti",3,0,3,0%
"Yoreh De'ah",37,"Pitchei Teshuva",5,0,5,0%
"Yoreh De'ah",37,"Rabbi Akiva Eiger (YD)",7,0,7,0%
"Yoreh De'ah",37,"Siftei Kohen (Shach)",35,0,35,0%
"Yoreh De'ah",37,"Turei Zahav (Taz)",17,0,17,0%
"Yoreh De'ah",37,"Yad Avraham",2,0,2,0%
"Yoreh De'ah",37,"Yad Ephraim",6,0,6,0%
"Yoreh De'ah",38,"Baer Hetev",6,0,6,0%
"Yoreh De'ah",38,"Be'er HaGolah",16,0,16,0%
"Yoreh De'ah",38,"Biur HaGRA",8,0,8,0%
"Yoreh De'ah",38,"kaf-hachayim",5,0,5,0%
"Yoreh De'ah",38,"kereti",8,0,8,0%
"Yoreh De'ah",38,"mateh-yehonatan",1,0,1,0%
"Yoreh De'ah",38,"Mechaber and Rama",5,0,5,0%
"Yoreh De'ah",38,"nekudot-hakesef",2,0,2,0%
"Yoreh De'ah",38,"Peleti",2,0,2,0%
"Yoreh De'ah",38,"Pitchei Teshuva",3,0,3,0%
"Yoreh De'ah",38,"Rabbi Akiva Eiger (YD)",1,0,1,0%
"Yoreh De'ah",38,"Siftei Kohen (Shach)",9,0,9,0%
"Yoreh De'ah",38,"Turei Zahav (Taz)",4,0,4,0%
"Yoreh De'ah",38,"Yad Avraham",2,0,2,0%
"Yoreh De'ah",38,"Yad Ephraim",2,0,2,0%
"Yoreh De'ah",39,"Baer Hetev",39,0,39,0%
"Yoreh De'ah",39,"Be'er HaGolah",25,0,25,0%
"Yoreh De'ah",39,"Biur HaGRA",38,0,38,0%
"Yoreh De'ah",39,"kaf-hachayim",26,0,26,0%
"Yoreh De'ah",39,"kereti",20,0,20,0%
"Yoreh De'ah",39,"Kol Yaakov",25,0,25,0%
"Yoreh De'ah",39,"mateh-yehonatan",1,0,1,0%
"Yoreh De'ah",39,"Mechaber and Rama",25,0,25,0%
"Yoreh De'ah",39,"nekudot-hakesef",8,0,8,0%
"Yoreh De'ah",39,"Peleti",8,0,8,0%
"Yoreh De'ah",39,"Pitchei Teshuva",25,0,25,0%
"Yoreh De'ah",39,"Rabbi Akiva Eiger (YD)",7,0,7,0%
"Yoreh De'ah",39,"Siftei Kohen (Shach)",47,0,47,0%
"Yoreh De'ah",39,"Turei Zahav (Taz)",24,0,24,0%
"Yoreh De'ah",39,"Yad Avraham",5,0,5,0%
"Yoreh De'ah",39,"Yad Ephraim",12,0,12,0%
"Yoreh De'ah",40,"Baer Hetev",6,0,6,0%
"Yoreh De'ah",40,"Be'er HaGolah",6,0,6,0%
"Yoreh De'ah",40,"Biur HaGRA",10,0,10,0%
"Yoreh De'ah",40,"kaf-hachayim",6,0,6,0%
"Yoreh De'ah",40,"kereti",7,0,7,0%
"Yoreh De'ah",40,"mateh-yehonatan",4,0,4,0%
"Yoreh De'ah",40,"Mechaber and Rama",6,0,6,0%
"Yoreh De'ah",40,"nekudot-hakesef",2,0,2,0%
"Yoreh De'ah",40,"Peleti",5,0,5,0%
"Yoreh De'ah",40,"Pitchei Teshuva",2,0,2,0%
"Yoreh De'ah",40,"Rabbi Akiva Eiger (YD)",1,0,1,0%
"Yoreh De'ah",40,"Siftei Kohen (Shach)",8,0,8,0%
"Yoreh De'ah",40,"Turei Zahav (Taz)",5,0,5,0%
"Yoreh De'ah",40,"Yad Ephraim",2,0,2,0%
"Yoreh De'ah",41,"Baer Hetev",16,0,16,0%
"Yoreh De'ah",41,"Be'er HaGolah",10,0,10,0%
"Yoreh De'ah",41,"Biur HaGRA",16,0,16,0%
"Yoreh De'ah",41,"kaf-hachayim",10,0,10,0%
"Yoreh De'ah",41,"kereti",14,0,14,0%
"Yoreh De'ah",41,"mateh-yehonatan",1,0,1,0%
"Yoreh De'ah",41,"Mechaber and Rama",10,0,10,0%
"Yoreh De'ah",41,"nekudot-hakesef",1,0,1,0%
"Yoreh De'ah",41,"Peleti",9,0,9,0%
"Yoreh De'ah",41,"Pitchei Teshuva",10,0,10,0%
"Yoreh De'ah",41,"Rabbi Akiva Eiger (YD)",4,0,4,0%
"Yoreh De'ah",41,"Siftei Kohen (Shach)",16,0,16,0%
"Yoreh De'ah",41,"Turei Zahav (Taz)",11,0,11,0%
"Yoreh De'ah",41,"Yad Avraham",1,0,1,0%
"Yoreh De'ah",41,"Yad Ephraim",4,0,4,0%
"Yoreh De'ah",42,"Baer Hetev",9,0,9,0%
"Yoreh De'ah",42,"Be'er HaGolah",9,0,9,0%
"Yoreh De'ah",42,"Biur HaGRA",11,0,11,0%
"Yoreh De'ah",42,"kaf-hachayim",9,0,9,0%
"Yoreh De'ah",42,"kereti",12,0,12,0%
"Yoreh De'ah",42,"Kol Yaakov",9,0,9,0%
"Yoreh De'ah",42,"mateh-yehonatan",1,0,1,0%
"Yoreh De'ah",42,"Mechaber and Rama",9,0,9,0%
"Yoreh De'ah",42,"Peleti",6,0,6,0%
"Yoreh De'ah",42,"Pitchei Teshuva",9,0,9,0%
"Yoreh De'ah",42,"Siftei Kohen (Shach)",14,0,14,0%
"Yoreh De'ah",42,"Turei Zahav (Taz)",3,0,3,0%
"Yoreh De'ah",42,"Yad Avraham",2,0,2,0%
"Yoreh De'ah",42,"Yad Ephraim",9,0,9,0%
"Yoreh De'ah",43,"Baer Hetev",8,0,8,0%
"Yoreh De'ah",43,"Be'er HaGolah",6,0,6,0%
"Yoreh De'ah",43,"Biur HaGRA",5,0,5,0%
"Yoreh De'ah",43,"kaf-hachayim",6,0,6,0%
"Yoreh De'ah",43,"kereti",13,0,13,0%
"Yoreh De'ah",43,"mateh-yehonatan",4,0,4,0%
"Yoreh De'ah",43,"Mechaber and Rama",6,0,6,0%
"Yoreh De'ah",43,"nekudot-hakesef",3,0,3,0%
"Yoreh De'ah",43,"Peleti",8,0,8,0%
"Yoreh De'ah",43,"Pitchei Teshuva",6,0,6,0%
"Yoreh De'ah",43,"Siftei Kohen (Shach)",10,0,10,0%
"Yoreh De'ah",43,"Turei Zahav (Taz)",9,0,9,0%
"Yoreh De'ah",43,"Yad Avraham",3,0,3,0%
"Yoreh De'ah",43,"Yad Ephraim",3,0,3,0%
"Yoreh De'ah",44,"Baer Hetev",11,0,11,0%
"Yoreh De'ah",44,"Be'er HaGolah",17,0,17,0%
"Yoreh De'ah",44,"Biur HaGRA",16,0,16,0%
"Yoreh De'ah",44,"kaf-hachayim",10,0,10,0%
"Yoreh De'ah",44,"kereti",16,0,16,0%
"Yoreh De'ah",44,"mateh-yehonatan",2,0,2,0%
"Yoreh De'ah",44,"Mechaber and Rama",10,0,10,0%
"Yoreh De'ah",44,"nekudot-hakesef",2,0,2,0%
"Yoreh De'ah",44,"Peleti",10,0,10,0%
"Yoreh De'ah",44,"Pitchei Teshuva",9,0,9,0%
"Yoreh De'ah",44,"Rabbi Akiva Eiger (YD)",2,0,2,0%
"Yoreh De'ah",44,"Siftei Kohen (Shach)",20,0,20,0%
"Yoreh De'ah",44,"Turei Zahav (Taz)",16,0,16,0%
"Yoreh De'ah",44,"Yad Avraham",2,0,2,0%
"Yoreh De'ah",44,"Yad Ephraim",5,0,5,0%
"Yoreh De'ah",45,"Baer Hetev",3,0,3,0%
"Yoreh De'ah",45,"Be'er HaGolah",3,0,3,0%
"Yoreh De'ah",45,"Biur HaGRA",5,0,5,0%
"Yoreh De'ah",45,"kaf-hachayim",2,0,2,0%
"Yoreh De'ah",45,"kereti",5,0,5,0%
"Yoreh De'ah",45,"Mechaber and Rama",2,0,2,0%
"Yoreh De'ah",45,"Peleti",2,0,2,0%
"Yoreh De'ah",45,"Pitchei Teshuva",2,0,2,0%
"Yoreh De'ah",45,"Siftei Kohen (Shach)",5,0,5,0%
"Yoreh De'ah",45,"Turei Zahav (Taz)",1,0,1,0%
"Yoreh De'ah",45,"Yad Avraham",1,0,1,0%
"Yoreh De'ah",45,"Yad Ephraim",2,0,2,0%
"Yoreh De'ah",46,"Baer Hetev",11,0,11,0%
"Yoreh De'ah",46,"Be'er HaGolah",6,0,6,0%
"Yoreh De'ah",46,"Biur HaGRA",15,0,15,0%
"Yoreh De'ah",46,"kaf-hachayim",6,0,6,0%
"Yoreh De'ah",46,"kereti",16,0,16,0%
"Yoreh De'ah",46,"Mechaber and Rama",6,0,6,0%
"Yoreh De'ah",46,"nekudot-hakesef",1,0,1,0%
"Yoreh De'ah",46,"Peleti",7,0,7,0%
"Yoreh De'ah",46,"Pitchei Teshuva",6,0,6,0%
"Yoreh De'ah",46,"Rabbi Akiva Eiger (YD)",4,0,4,0%
"Yoreh De'ah",46,"Siftei Kohen (Shach)",17,0,17,0%
"Yoreh De'ah",46,"Turei Zahav (Taz)",7,0,7,0%
"Yoreh De'ah",46,"Yad Avraham",3,0,3,0%
"Yoreh De'ah",46,"Yad Ephraim",5,0,5,0%
"Yoreh De'ah",47,"Baer Hetev",7,0,7,0%
"Yoreh De'ah",47,"Be'er HaGolah",5,0,5,0%
"Yoreh De'ah",47,"Biur HaGRA",6,0,6,0%
"Yoreh De'ah",47,"kaf-hachayim",5,0,5,0%
"Yoreh De'ah",47,"kereti",8,0,8,0%
"Yoreh De'ah",47,"Mechaber and Rama",5,0,5,0%
"Yoreh De'ah",47,"nekudot-hakesef",1,0,1,0%
"Yoreh De'ah",47,"Peleti",4,0,4,0%
"Yoreh De'ah",47,"Pitchei Teshuva",3,0,3,0%
"Yoreh De'ah",47,"Rabbi Akiva Eiger (YD)",1,0,1,0%
"Yoreh De'ah",47,"Siftei Kohen (Shach)",8,0,8,0%
"Yoreh De'ah",47,"Turei Zahav (Taz)",5,0,5,0%
"Yoreh De'ah",47,"Yad Avraham",1,0,1,0%
"Yoreh De'ah",47,"Yad Ephraim",1,0,1,0%
"Yoreh De'ah",48,"Baer Hetev",29,0,29,0%
"Yoreh De'ah",48,"Be'er HaGolah",12,0,12,0%
"Yoreh De'ah",48,"Biur HaGRA",27,0,27,0%
"Yoreh De'ah",48,"kaf-hachayim",12,0,12,0%
"Yoreh De'ah",48,"kereti",27,0,27,0%
"Yoreh De'ah",48,"mateh-yehonatan",8,0,8,0%
"Yoreh De'ah",48,"Mechaber and Rama",12,0,12,0%
"Yoreh De'ah",48,"nekudot-hakesef",7,0,7,0%
"Yoreh De'ah",48,"Peleti",13,0,13,0%
"Yoreh De'ah",48,"Pitchei Teshuva",12,0,12,0%
"Yoreh De'ah",48,"Rabbi Akiva Eiger (YD)",3,0,3,0%
"Yoreh De'ah",48,"Siftei Kohen (Shach)",42,0,42,0%
"Yoreh De'ah",48,"Turei Zahav (Taz)",19,0,19,0%
"Yoreh De'ah",48,"Yad Avraham",3,0,3,0%
"Yoreh De'ah",48,"Yad Ephraim",5,0,5,0%
"Yoreh De'ah",49,"Baer Hetev",5,0,5,0%
"Yoreh De'ah",49,"Be'er HaGolah",6,0,6,0%
"Yoreh De'ah",49,"Biur HaGRA",5,0,5,0%
"Yoreh De'ah",49,"kaf-hachayim",5,0,5,0%
"Yoreh De'ah",49,"kereti",7,0,7,0%
"Yoreh De'ah",49,"mateh-yehonatan",1,0,1,0%
"Yoreh De'ah",49,"Mechaber and Rama",5,0,5,0%
"Yoreh De'ah",49,"nekudot-hakesef",1,0,1,0%
"Yoreh De'ah",49,"Pitchei Teshuva",5,0,5,0%
"Yoreh De'ah",49,"Rabbi Akiva Eiger (YD)",1,0,1,0%
"Yoreh De'ah",49,"Siftei Kohen (Shach)",6,0,6,0%
"Yoreh De'ah",49,"Turei Zahav (Taz)",3,0,3,0%
"Yoreh De'ah",49,"Yad Ephraim",3,0,3,0%
"Yoreh De'ah",50,"Baer Hetev",7,0,7,0%
"Yoreh De'ah",50,"Be'er HaGolah",3,0,3,0%
"Yoreh De'ah",50,"Biur HaGRA",11,0,11,0%
"Yoreh De'ah",50,"kaf-hachayim",3,0,3,0%
"Yoreh De'ah",50,"kereti",7,0,7,0%
"Yoreh De'ah",50,"mateh-yehonatan",1,0,1,0%
"Yoreh De'ah",50,"Mechaber and Rama",3,0,3,0%
"Yoreh De'ah",50,"Peleti",2,0,2,0%
"Yoreh De'ah",50,"Pitchei Teshuva",3,0,3,0%
"Yoreh De'ah",50,"Siftei Kohen (Shach)",6,0,6,0%
"Yoreh De'ah",50,"Turei Zahav (Taz)",4,0,4,0%
"Yoreh De'ah",50,"Yad Avraham",2,0,2,0%
"Yoreh De'ah",50,"Yad Ephraim",1,0,1,0%
"Yoreh De'ah",51,"Baer Hetev",5,0,5,0%
"Yoreh De'ah",51,"Be'er HaGolah",7,0,7,0%
"Yoreh De'ah",51,"Biur HaGRA",4,0,4,0%
"Yoreh De'ah",51,"kaf-hachayim",4,0,4,0%
"Yoreh De'ah",51,"kereti",7,0,7,0%
"Yoreh De'ah",51,"Mechaber and Rama",4,0,4,0%
"Yoreh De'ah",51,"nekudot-hakesef",2,0,2,0%
"Yoreh De'ah",51,"Peleti",3,0,3,0%
"Yoreh De'ah",51,"Pitchei Teshuva",4,0,4,0%
"Yoreh De'ah",51,"Rabbi Akiva Eiger (YD)",1,0,1,0%
"Yoreh De'ah",51,"Siftei Kohen (Shach)",5,0,5,0%
"Yoreh De'ah",51,"Turei Zahav (Taz)",4,0,4,0%
"Yoreh De'ah",51,"Yad Avraham",1,0,1,0%
"Yoreh De'ah",51,"Yad Ephraim",3,0,3,0%
"Yoreh De'ah",52,"Baer Hetev",14,0,14,0%
"Yoreh De'ah",52,"Be'er HaGolah",15,0,15,0%
"Yoreh De'ah",52,"Biur HaGRA",13,0,13,0%
"Yoreh De'ah",52,"kaf-hachayim",7,0,7,0%
"Yoreh De'ah",52,"kereti",10,0,10,0%
"Yoreh De'ah",52,"mateh-yehonatan",1,0,1,0%
"Yoreh De'ah",52,"Mechaber and Rama",7,0,7,0%
"Yoreh De'ah",52,"nekudot-hakesef",4,0,4,0%
"Yoreh De'ah",52,"Peleti",6,0,6,0%
"Yoreh De'ah",52,"Pitchei Teshuva",3,0,3,0%
"Yoreh De'ah",52,"Siftei Kohen (Shach)",19,0,19,0%
"Yoreh De'ah",52,"Turei Zahav (Taz)",11,0,11,0%
"Yoreh De'ah",52,"Yad Avraham",1,0,1,0%
"Yoreh De'ah",52,"Yad Ephraim",2,0,2,0%
"Yoreh De'ah",53,"Baer Hetev",13,0,13,0%
"Yoreh De'ah",53,"Be'er HaGolah",8,0,8,0%
"Yoreh De'ah",53,"Biur HaGRA",10,0,10,0%
"Yoreh De'ah",53,"kaf-hachayim",5,0,5,0%
"Yoreh De'ah",53,"kereti",15,0,15,0%
"Yoreh De'ah",53,"mateh-yehonatan",2,0,2,0%
"Yoreh De'ah",53,"Mechaber and Rama",5,0,5,0%
"Yoreh De'ah",53,"nekudot-hakesef",2,0,2,0%
"Yoreh De'ah",53,"Peleti",2,0,2,0%
"Yoreh De'ah",53,"Pitchei Teshuva",5,0,5,0%
"Yoreh De'ah",53,"Rabbi Akiva Eiger (YD)",5,0,5,0%
"Yoreh De'ah",53,"Siftei Kohen (Shach)",17,0,17,0%
"Yoreh De'ah",53,"Turei Zahav (Taz)",10,0,10,0%
"Yoreh De'ah",53,"Yad Avraham",1,0,1,0%
"Yoreh De'ah",53,"Yad Ephraim",3,0,3,0%
"Yoreh De'ah",54,"Baer Hetev",7,0,7,0%
"Yoreh De'ah",54,"Be'er HaGolah",9,0,9,0%
"Yoreh De'ah",54,"Biur HaGRA",8,0,8,0%
"Yoreh De'ah",54,"kaf-hachayim",5,0,5,0%
"Yoreh De'ah",54,"kereti",9,0,9,0%
"Yoreh De'ah",54,"mateh-yehonatan",2,0,2,0%
"Yoreh De'ah",54,"Mechaber and Rama",5,0,5,0%
"Yoreh De'ah",54,"nekudot-hakesef",1,0,1,0%
"Yoreh De'ah",54,"Peleti",2,0,2,0%
"Yoreh De'ah",54,"Pitchei Teshuva",3,0,3,0%
"Yoreh De'ah",54,"Siftei Kohen (Shach)",9,0,9,0%
"Yoreh De'ah",54,"Turei Zahav (Taz)",4,0,4,0%
"Yoreh De'ah",54,"Yad Avraham",1,0,1,0%
"Yoreh De'ah",54,"Yad Ephraim",2,0,2,0%
"Yoreh De'ah",55,"Baer Hetev",17,0,17,0%
"Yoreh De'ah",55,"Be'er HaGolah",13,0,13,0%
"Yoreh De'ah",55,"Biur HaGRA",25,0,25,0%
"Yoreh De'ah",55,"kaf-hachayim",13,0,13,0%
"Yoreh De'ah",55,"kereti",19,0,19,0%
"Yoreh De'ah",55,"mateh-yehonatan",4,0,4,0%
"Yoreh De'ah",55,"Mechaber and Rama",13,0,13,0%
"Yoreh De'ah",55,"nekudot-hakesef",2,0,2,0%
"Yoreh De'ah",55,"Peleti",8,0,8,0%
"Yoreh De'ah",55,"Pitchei Teshuva",13,0,13,0%
"Yoreh De'ah",55,"Rabbi Akiva Eiger (YD)",8,0,8,0%
"Yoreh De'ah",55,"Siftei Kohen (Shach)",21,0,21,0%
"Yoreh De'ah",55,"Turei Zahav (Taz)",12,0,12,0%
"Yoreh De'ah",55,"Yad Avraham",3,0,3,0%
"Yoreh De'ah",55,"Yad Ephraim",5,0,5,0%
"Yoreh De'ah",56,"Baer Hetev",8,0,8,0%
"Yoreh De'ah",56,"Be'er HaGolah",20,0,20,0%
"Yoreh De'ah",56,"Biur HaGRA",9,0,9,0%
"Yoreh De'ah",56,"kaf-hachayim",10,0,10,0%
"Yoreh De'ah",56,"kereti",6,0,6,0%
"Yoreh De'ah",56,"mateh-yehonatan",1,0,1,0%
"Yoreh De'ah",56,"Mechaber and Rama",10,0,10,0%
"Yoreh De'ah",56,"nekudot-hakesef",1,0,1,0%
"Yoreh De'ah",56,"Peleti",1,0,1,0%
"Yoreh De'ah",56,"Pitchei Teshuva",4,0,4,0%
"Yoreh De'ah",56,"Rabbi Akiva Eiger (YD)",2,0,2,0%
"Yoreh De'ah",56,"Siftei Kohen (Shach)",13,0,13,0%
"Yoreh De'ah",56,"Turei Zahav (Taz)",8,0,8,0%
"Yoreh De'ah",56,"Yad Avraham",3,0,3,0%
"Yoreh De'ah",56,"Yad Ephraim",3,0,3,0%
"Yoreh De'ah",57,"Baer Hetev",35,0,35,0%
"Yoreh De'ah",57,"Be'er HaGolah",21,0,21,0%
"Yoreh De'ah",57,"Biur HaGRA",47,0,47,0%
"Yoreh De'ah",57,"kaf-hachayim",21,0,21,0%
"Yoreh De'ah",57,"kereti",17,0,17,0%
"Yoreh De'ah",57,"mateh-yehonatan",5,0,5,0%
"Yoreh De'ah",57,"Mechaber and Rama",21,0,21,0%
"Yoreh De'ah",57,"nekudot-hakesef",4,0,4,0%
"Yoreh De'ah",57,"Peleti",10,0,10,0%
"Yoreh De'ah",57,"Pitchei Teshuva",21,0,21,0%
"Yoreh De'ah",57,"Rabbi Akiva Eiger (YD)",2,0,2,0%
"Yoreh De'ah",57,"Siftei Kohen (Shach)",51,0,51,0%
"Yoreh De'ah",57,"Turei Zahav (Taz)",23,0,23,0%
"Yoreh De'ah",57,"Yad Avraham",4,0,4,0%
"Yoreh De'ah",57,"Yad Ephraim",5,0,5,0%
"Yoreh De'ah",58,"Baer Hetev",12,0,12,0%
"Yoreh De'ah",58,"Be'er HaGolah",12,0,12,0%
"Yoreh De'ah",58,"Biur HaGRA",19,0,19,0%
"Yoreh De'ah",58,"kaf-hachayim",12,0,12,0%
"Yoreh De'ah",58,"kereti",17,0,17,0%
"Yoreh De'ah",58,"mateh-yehonatan",3,0,3,0%
"Yoreh De'ah",58,"Mechaber and Rama",12,0,12,0%
"Yoreh De'ah",58,"nekudot-hakesef",2,0,2,0%
"Yoreh De'ah",58,"Peleti",6,0,6,0%
"Yoreh De'ah",58,"Pitchei Teshuva",7,0,7,0%
"Yoreh De'ah",58,"Rabbi Akiva Eiger (YD)",4,0,4,0%
"Yoreh De'ah",58,"Siftei Kohen (Shach)",18,0,18,0%
"Yoreh De'ah",58,"Turei Zahav (Taz)",12,0,12,0%
"Yoreh De'ah",58,"Yad Avraham",1,0,1,0%
"Yoreh De'ah",58,"Yad Ephraim",3,0,3,0%
"Yoreh De'ah",59,"Baer Hetev",2,0,2,0%
"Yoreh De'ah",59,"Be'er HaGolah",6,0,6,0%
"Yoreh De'ah",59,"Biur HaGRA",6,0,6,0%
"Yoreh De'ah",59,"kaf-hachayim",2,0,2,0%
"Yoreh De'ah",59,"kereti",3,0,3,0%
"Yoreh De'ah",59,"Mechaber and Rama",2,0,2,0%
"Yoreh De'ah",59,"Pitchei Teshuva",1,0,1,0%
"Yoreh De'ah",59,"Siftei Kohen (Shach)",2,0,2,0%
"Yoreh De'ah",59,"Turei Zahav (Taz)",1,0,1,0%
"Yoreh De'ah",59,"Yad Ephraim",1,0,1,0%
"Yoreh De'ah",60,"Baer Hetev",4,0,4,0%
"Yoreh De'ah",60,"Be'er HaGolah",3,0,3,0%
"Yoreh De'ah",60,"Biur HaGRA",2,0,2,0%
"Yoreh De'ah",60,"kaf-hachayim",3,0,3,0%
"Yoreh De'ah",60,"kereti",4,0,4,0%
"Yoreh De'ah",60,"Mechaber and Rama",3,0,3,0%
"Yoreh De'ah",60,"Peleti",1,0,1,0%
"Yoreh De'ah",60,"Pitchei Teshuva",3,0,3,0%
"Yoreh De'ah",60,"Siftei Kohen (Shach)",6,0,6,0%
"Yoreh De'ah",60,"Turei Zahav (Taz)",1,0,1,0%
"Yoreh De'ah",60,"Yad Avraham",1,0,1,0%
"Yoreh De'ah",60,"Yad Ephraim",2,0,2,0%
"Yoreh De'ah",61,"Baer Hetev",22,0,22,0%
"Yoreh De'ah",61,"Be'er HaGolah",33,0,33,0%
"Yoreh De'ah",61,"Biur HaGRA",31,0,31,0%
"Yoreh De'ah",61,"kaf-hachayim",33,0,33,0%
"Yoreh De'ah",61,"kereti",39,0,39,0%
"Yoreh De'ah",61,"Mechaber and Rama",33,0,33,0%
"Yoreh De'ah",61,"nekudot-hakesef",1,0,1,0%
"Yoreh De'ah",61,"Peleti",14,0,14,0%
"Yoreh De'ah",61,"Pitchei Teshuva",15,0,15,0%
"Yoreh De'ah",61,"Rabbi Akiva Eiger (YD)",4,0,4,0%
"Yoreh De'ah",61,"Siftei Kohen (Shach)",19,0,19,0%
"Yoreh De'ah",61,"Turei Zahav (Taz)",32,0,32,0%
"Yoreh De'ah",61,"Yad Avraham",5,0,5,0%
"Yoreh De'ah",61,"Yad Ephraim",12,0,12,0%
"Yoreh De'ah",62,"Baer Hetev",8,0,8,0%
"Yoreh De'ah",62,"Be'er HaGolah",6,0,6,0%
"Yoreh De'ah",62,"Biur HaGRA",4,0,4,0%
"Yoreh De'ah",62,"kaf-hachayim",4,0,4,0%
"Yoreh De'ah",62,"kereti",6,0,6,0%
"Yoreh De'ah",62,"Mechaber and Rama",4,0,4,0%
"Yoreh De'ah",62,"nekudot-hakesef",1,0,1,0%
"Yoreh De'ah",62,"Peleti",6,0,6,0%
"Yoreh De'ah",62,"Pitchei Teshuva",3,0,3,0%
"Yoreh De'ah",62,"Rabbi Akiva Eiger (YD)",2,0,2,0%
"Yoreh De'ah",62,"Siftei Kohen (Shach)",14,0,14,0%
"Yoreh De'ah",62,"Turei Zahav (Taz)",2,0,2,0%
"Yoreh De'ah",62,"Yad Avraham",1,0,1,0%
"Yoreh De'ah",63,"Baer Hetev",6,0,6,0%
"Yoreh De'ah",63,"Be'er HaGolah",6,0,6,0%
"Yoreh De'ah",63,"Biur HaGRA",6,0,6,0%
"Yoreh De'ah",63,"kaf-hachayim",2,0,2,0%
"Yoreh De'ah",63,"kereti",15,0,15,0%
"Yoreh De'ah",63,"Mechaber and Rama",2,0,2,0%
"Yoreh De'ah",63,"nekudot-hakesef",2,0,2,0%
"Yoreh De'ah",63,"Peleti",3,0,3,0%
"Yoreh De'ah",63,"Pitchei Teshuva",2,0,2,0%
"Yoreh De'ah",63,"Rabbi Akiva Eiger (YD)",1,0,1,0%
"Yoreh De'ah",63,"Siftei Kohen (Shach)",11,0,11,0%
"Yoreh De'ah",63,"Turei Zahav (Taz)",3,0,3,0%
"Yoreh De'ah",63,"Yad Avraham",1,0,1,0%
"Yoreh De'ah",64,"Baer Hetev",16,0,16,0%
"Yoreh De'ah",64,"Be'er HaGolah",21,0,21,0%
"Yoreh De'ah",64,"Biur HaGRA",43,0,43,0%
"Yoreh De'ah",64,"kaf-hachayim",20,0,20,0%
"Yoreh De'ah",64,"kereti",19,0,19,0%
"Yoreh De'ah",64,"Mechaber and Rama",21,0,21,0%
"Yoreh De'ah",64,"Peleti",6,0,6,0%
"Yoreh De'ah",64,"Pitchei Teshuva",9,0,9,0%
"Yoreh De'ah",64,"Rabbi Akiva Eiger (YD)",7,0,7,0%
"Yoreh De'ah",64,"Siftei Kohen (Shach)",15,0,15,0%
"Yoreh De'ah",64,"Turei Zahav (Taz)",16,0,16,0%
"Yoreh De'ah",64,"Yad Avraham",4,0,4,0%
"Yoreh De'ah",64,"Yad Ephraim",1,0,1,0%
"Yoreh De'ah",65,"Baer Hetev",6,0,6,0%
"Yoreh De'ah",65,"Be'er HaGolah",29,0,29,0%
"Yoreh De'ah",65,"Biur HaGRA",33,0,33,0%
"Yoreh De'ah",65,"kaf-hachayim",14,0,14,0%
"Yoreh De'ah",65,"kereti",16,0,16,0%
"Yoreh De'ah",65,"Mechaber and Rama",14,0,14,0%
"Yoreh De'ah",65,"nekudot-hakesef",1,0,1,0%
"Yoreh De'ah",65,"Peleti",3,0,3,0%
"Yoreh De'ah",65,"Pitchei Teshuva",6,0,6,0%
"Yoreh De'ah",65,"Rabbi Akiva Eiger (YD)",1,0,1,0%
"Yoreh De'ah",65,"Siftei Kohen (Shach)",11,0,11,0%
"Yoreh De'ah",65,"Turei Zahav (Taz)",8,0,8,0%
"Yoreh De'ah",65,"Yad Avraham",2,0,2,0%
"Yoreh De'ah",65,"Yad Ephraim",3,0,3,0%
"Yoreh De'ah",66,"Baer Hetev",11,0,11,0%
"Yoreh De'ah",66,"Be'er HaGolah",16,0,16,0%
"Yoreh De'ah",66,"Biur HaGRA",14,0,14,0%
"Yoreh De'ah",66,"kaf-hachayim",10,0,10,0%
"Yoreh De'ah",66,"kereti",12,0,12,0%
"Yoreh De'ah",66,"mateh-yehonatan",1,0,1,0%
"Yoreh De'ah",66,"Mechaber and Rama",10,0,10,0%
"Yoreh De'ah",66,"Peleti",4,0,4,0%
"Yoreh De'ah",66,"Pitchei Teshuva",3,0,3,0%
"Yoreh De'ah",66,"Rabbi Akiva Eiger (YD)",6,0,6,0%
"Yoreh De'ah",66,"Siftei Kohen (Shach)",16,0,16,0%
"Yoreh De'ah",66,"Turei Zahav (Taz)",6,0,6,0%
"Yoreh De'ah",66,"Yad Avraham",3,0,3,0%
"Yoreh De'ah",66,"Yad Ephraim",2,0,2,0%
"Yoreh De'ah",67,"Baer Hetev",9,0,9,0%
"Yoreh De'ah",67,"Be'er HaGolah",11,0,11,0%
"Yoreh De'ah",67,"Biur HaGRA",10,0,10,0%
"Yoreh De'ah",67,"kaf-hachayim",6,0,6,0%
"Yoreh De'ah",67,"kereti",13,0,13,0%
"Yoreh De'ah",67,"mateh-yehonatan",1,0,1,0%
"Yoreh De'ah",67,"Mechaber and Rama",6,0,6,0%
"Yoreh De'ah",67,"nekudot-hakesef",1,0,1,0%
"Yoreh De'ah",67,"Peleti",3,0,3,0%
"Yoreh De'ah",67,"Pitchei Teshuva",1,0,1,0%
"Yoreh De'ah",67,"Rabbi Akiva Eiger (YD)",2,0,2,0%
"Yoreh De'ah",67,"Siftei Kohen (Shach)",13,0,13,0%
"Yoreh De'ah",67,"Turei Zahav (Taz)",4,0,4,0%
"Yoreh De'ah",68,"Baer Hetev",24,0,24,0%
"Yoreh De'ah",68,"Be'er HaGolah",15,0,15,0%
"Yoreh De'ah",68,"Biur HaGRA",40,0,40,0%
"Yoreh De'ah",68,"kaf-hachayim",15,0,15,0%
"Yoreh De'ah",68,"kereti",22,0,22,0%
"Yoreh De'ah",68,"mateh-yehonatan",1,0,1,0%
"Yoreh De'ah",68,"Mechaber and Rama",15,0,15,0%
"Yoreh De'ah",68,"Peleti",2,0,2,0%
"Yoreh De'ah",68,"Pitchei Teshuva",2,0,2,0%
"Yoreh De'ah",68,"Rabbi Akiva Eiger (YD)",4,0,4,0%
"Yoreh De'ah",68,"Siftei Kohen (Shach)",35,0,35,0%
"Yoreh De'ah",68,"Turei Zahav (Taz)",9,0,9,0%
"Yoreh De'ah",68,"Yad Avraham",3,0,3,0%
"Yoreh De'ah",68,"Yad Ephraim",2,0,2,0%
"Yoreh De'ah",69,"Baer Hetev",74,0,74,0%
"Yoreh De'ah",69,"Be'er HaGolah",21,0,21,0%
"Yoreh De'ah",69,"Biur HaGRA",87,0,87,0%
"Yoreh De'ah",69,"kaf-hachayim",21,0,21,0%
"Yoreh De'ah",69,"kereti",63,0,63,0%
"Yoreh De'ah",69,"mateh-yehonatan",14,0,14,0%
"Yoreh De'ah",69,"Mechaber and Rama",21,0,21,0%
"Yoreh De'ah",69,"nekudot-hakesef",14,0,14,0%
"Yoreh De'ah",69,"Peleti",22,0,22,0%
"Yoreh De'ah",69,"Pitchei Teshuva",21,0,21,0%
"Yoreh De'ah",69,"Rabbi Akiva Eiger (YD)",21,0,21,0%
"Yoreh De'ah",69,"Siftei Kohen (Shach)",93,0,93,0%
"Yoreh De'ah",69,"Turei Zahav (Taz)",54,0,54,0%
"Yoreh De'ah",69,"Yad Avraham",15,0,15,0%
"Yoreh De'ah",69,"Yad Ephraim",19,0,19,0%
"Yoreh De'ah",70,"Baer Hetev",35,0,35,0%
"Yoreh De'ah",70,"Be'er HaGolah",6,0,6,0%
"Yoreh De'ah",70,"Biur HaGRA",43,0,43,0%
"Yoreh De'ah",70,"kaf-hachayim",6,0,6,0%
"Yoreh De'ah",70,"kereti",6,0,6,0%
"Yoreh De'ah",70,"mateh-yehonatan",2,0,2,0%
"Yoreh De'ah",70,"Mechaber and Rama",6,0,6,0%
"Yoreh De'ah",70,"nekudot-hakesef",4,0,4,0%
"Yoreh De'ah",70,"Peleti",5,0,5,0%
"Yoreh De'ah",70,"Pitchei Teshuva",6,0,6,0%
"Yoreh De'ah",70,"Rabbi Akiva Eiger (YD)",6,0,6,0%
"Yoreh De'ah",70,"Siftei Kohen (Shach)",50,0,50,0%
"Yoreh De'ah",70,"Turei Zahav (Taz)",20,0,20,0%
"Yoreh De'ah",70,"Yad Avraham",6,0,6,0%
"Yoreh De'ah",70,"Yad Ephraim",6,0,6,0%
"Yoreh De'ah",71,"Baer Hetev",9,0,9,0%
"Yoreh De'ah",71,"Be'er HaGolah",3,0,3,0%
"Yoreh De'ah",71,"Biur HaGRA",16,0,16,0%
"Yoreh De'ah",71,"kaf-hachayim",3,0,3,0%
"Yoreh De'ah",71,"kereti",6,0,6,0%
"Yoreh De'ah",71,"mateh-yehonatan",1,0,1,0%
"Yoreh De'ah",71,"Mechaber and Rama",3,0,3,0%
"Yoreh De'ah",71,"Peleti",3,0,3,0%
"Yoreh De'ah",71,"Pitchei Teshuva",1,0,1,0%
"Yoreh De'ah",71,"Rabbi Akiva Eiger (YD)",1,0,1,0%
"Yoreh De'ah",71,"Siftei Kohen (Shach)",11,0,11,0%
"Yoreh De'ah",71,"Turei Zahav (Taz)",3,0,3,0%
"Yoreh De'ah",71,"Yad Avraham",2,0,2,0%
"Yoreh De'ah",71,"Yad Ephraim",2,0,2,0%
"Yoreh De'ah",72,"Baer Hetev",15,0,15,0%
"Yoreh De'ah",72,"Be'er HaGolah",4,0,4,0%
"Yoreh De'ah",72,"Biur HaGRA",19,0,19,0%
"Yoreh De'ah",72,"kaf-hachayim",4,0,4,0%
"Yoreh De'ah",72,"kereti",12,0,12,0%
"Yoreh De'ah",72,"mateh-yehonatan",2,0,2,0%
"Yoreh De'ah",72,"Mechaber and Rama",4,0,4,0%
"Yoreh De'ah",72,"nekudot-hakesef",1,0,1,0%
"Yoreh De'ah",72,"Peleti",3,0,3,0%
"Yoreh De'ah",72,"Pitchei Teshuva",1,0,1,0%
"Yoreh De'ah",72,"Rabbi Akiva Eiger (YD)",4,0,4,0%
"Yoreh De'ah",72,"Siftei Kohen (Shach)",20,0,20,0%
"Yoreh De'ah",72,"Turei Zahav (Taz)",10,0,10,0%
"Yoreh De'ah",72,"Yad Avraham",2,0,2,0%
"Yoreh De'ah",72,"Yad Ephraim",4,0,4,0%
"Yoreh De'ah",73,"Baer Hetev",22,0,22,0%
"Yoreh De'ah",73,"Be'er HaGolah",6,0,6,0%
"Yoreh De'ah",73,"Biur HaGRA",28,0,28,0%
"Yoreh De'ah",73,"kaf-hachayim",6,0,6,0%
"Yoreh De'ah",73,"kereti",6,0,6,0%
"Yoreh De'ah",73,"mateh-yehonatan",2,0,2,0%
"Yoreh De'ah",73,"Mechaber and Rama",6,0,6,0%
"Yoreh De'ah",73,"nekudot-hakesef",4,0,4,0%
"Yoreh De'ah",73,"Peleti",5,0,5,0%
"Yoreh De'ah",73,"Pitchei Teshuva",6,0,6,0%
"Yoreh De'ah",73,"Rabbi Akiva Eiger (YD)",3,0,3,0%
"Yoreh De'ah",73,"Siftei Kohen (Shach)",26,0,26,0%
"Yoreh De'ah",73,"Turei Zahav (Taz)",9,0,9,0%
"Yoreh De'ah",73,"Yad Avraham",3,0,3,0%
"Yoreh De'ah",73,"Yad Ephraim",4,0,4,0%
"Yoreh De'ah",74,"Baer Hetev",1,0,1,0%
"Yoreh De'ah",74,"Be'er HaGolah",1,0,1,0%
"Yoreh De'ah",74,"Biur HaGRA",3,0,3,0%
"Yoreh De'ah",74,"kaf-hachayim",1,0,1,0%
"Yoreh De'ah",74,"kereti",3,0,3,0%
"Yoreh De'ah",74,"Mechaber and Rama",1,0,1,0%
"Yoreh De'ah",74,"Peleti",1,0,1,0%
"Yoreh De'ah",74,"Pitchei Teshuva",1,0,1,0%
"Yoreh De'ah",74,"Rabbi Akiva Eiger (YD)",1,0,1,0%
"Yoreh De'ah",74,"Siftei Kohen (Shach)",5,0,5,0%
"Yoreh De'ah",74,"Turei Zahav (Taz)",1,0,1,0%
"Yoreh De'ah",75,"Baer Hetev",9,0,9,0%
"Yoreh De'ah",75,"Be'er HaGolah",6,0,6,0%
"Yoreh De'ah",75,"Biur HaGRA",10,0,10,0%
"Yoreh De'ah",75,"kaf-hachayim",3,0,3,0%
"Yoreh De'ah",75,"kereti",8,0,8,0%
"Yoreh De'ah",75,"mateh-yehonatan",1,0,1,0%
"Yoreh De'ah",75,"Mechaber and Rama",3,0,3,0%
"Yoreh De'ah",75,"Peleti",1,0,1,0%
"Yoreh De'ah",75,"Pitchei Teshuva",3,0,3,0%
"Yoreh De'ah",75,"Rabbi Akiva Eiger (YD)",2,0,2,0%
"Yoreh De'ah",75,"Siftei Kohen (Shach)",13,0,13,0%
"Yoreh De'ah",75,"Turei Zahav (Taz)",7,0,7,0%
"Yoreh De'ah",75,"Yad Avraham",3,0,3,0%
"Yoreh De'ah",75,"Yad Ephraim",3,0,3,0%
"Yoreh De'ah",76,"Baer Hetev",20,0,20,0%
"Yoreh De'ah",76,"Be'er HaGolah",6,0,6,0%
"Yoreh De'ah",76,"Biur HaGRA",18,0,18,0%
"Yoreh De'ah",76,"kaf-hachayim",6,0,6,0%
"Yoreh De'ah",76,"kereti",16,0,16,0%
"Yoreh De'ah",76,"Mechaber and Rama",6,0,6,0%
"Yoreh De'ah",76,"nekudot-hakesef",5,0,5,0%
"Yoreh De'ah",76,"Pitchei Teshuva",2,0,2,0%
"Yoreh De'ah",76,"Rabbi Akiva Eiger (YD)",1,0,1,0%
"Yoreh De'ah",76,"Siftei Kohen (Shach)",25,0,25,0%
"Yoreh De'ah",76,"Turei Zahav (Taz)",11,0,11,0%
"Yoreh De'ah",76,"Yad Avraham",1,0,1,0%
"Yoreh De'ah",76,"Yad Ephraim",1,0,1,0%
"Yoreh De'ah",77,"Baer Hetev",7,0,7,0%
"Yoreh De'ah",77,"Be'er HaGolah",1,0,1,0%
"Yoreh De'ah",77,"Biur HaGRA",7,0,7,0%
"Yoreh De'ah",77,"kaf-hachayim",1,0,1,0%
"Yoreh De'ah",77,"kereti",3,0,3,0%
"Yoreh De'ah",77,"Mechaber and Rama",1,0,1,0%
"Yoreh De'ah",77,"nekudot-hakesef",1,0,1,0%
"Yoreh De'ah",77,"Peleti",1,0,1,0%
"Yoreh De'ah",77,"Rabbi Akiva Eiger (YD)",1,0,1,0%
"Yoreh De'ah",77,"Siftei Kohen (Shach)",6,0,6,0%
"Yoreh De'ah",77,"Turei Zahav (Taz)",5,0,5,0%
"Yoreh De'ah",77,"Yad Ephraim",1,0,1,0%
"Yoreh De'ah",78,"Baer Hetev",4,0,4,0%
"Yoreh De'ah",78,"Be'er HaGolah",2,0,2,0%
"Yoreh De'ah",78,"Biur HaGRA",4,0,4,0%
"Yoreh De'ah",78,"kaf-hachayim",1,0,1,0%
"Yoreh De'ah",78,"kereti",4,0,4,0%
"Yoreh De'ah",78,"Mechaber and Rama",1,0,1,0%
"Yoreh De'ah",78,"Rabbi Akiva Eiger (YD)",1,0,1,0%
"Yoreh De'ah",78,"Siftei Kohen (Shach)",2,0,2,0%
"Yoreh De'ah",78,"Turei Zahav (Taz)",2,0,2,0%
"Yoreh De'ah",79,"Baer Hetev",7,0,7,0%
"Yoreh De'ah",79,"Be'er HaGolah",10,0,10,0%
"Yoreh De'ah",79,"Biur HaGRA",5,0,5,0%
"Yoreh De'ah",79,"kaf-hachayim",3,0,3,0%
"Yoreh De'ah",79,"kereti",7,0,7,0%
"Yoreh De'ah",79,"Mechaber and Rama",3,0,3,0%
"Yoreh De'ah",79,"Peleti",2,0,2,0%
"Yoreh De'ah",79,"Pitchei Teshuva",3,0,3,0%
"Yoreh De'ah",79,"Siftei Kohen (Shach)",8,0,8,0%
"Yoreh De'ah",79,"Turei Zahav (Taz)",5,0,5,0%
"Yoreh De'ah",79,"Yad Avraham",2,0,2,0%
"Yoreh De'ah",80,"Baer Hetev",4,0,4,0%
"Yoreh De'ah",80,"Be'er HaGolah",9,0,9,0%
"Yoreh De'ah",80,"Biur HaGRA",11,0,11,0%
"Yoreh De'ah",80,"kaf-hachayim",6,0,6,0%
"Yoreh De'ah",80,"kereti",5,0,5,0%
"Yoreh De'ah",80,"Mechaber and Rama",6,0,6,0%
"Yoreh De'ah",80,"Peleti",2,0,2,0%
"Yoreh De'ah",80,"Pitchei Teshuva",2,0,2,0%
"Yoreh De'ah",80,"Siftei Kohen (Shach)",4,0,4,0%
"Yoreh De'ah",80,"Turei Zahav (Taz)",3,0,3,0%
"Yoreh De'ah",81,"Baer Hetev",20,0,20,0%
"Yoreh De'ah",81,"Be'er HaGolah",9,0,9,0%
"Yoreh De'ah",81,"Biur HaGRA",35,0,35,0%
"Yoreh De'ah",81,"kaf-hachayim",9,0,9,0%
"Yoreh De'ah",81,"kereti",15,0,15,0%
"Yoreh De'ah",81,"Mechaber and Rama",9,0,9,0%
"Yoreh De'ah",81,"nekudot-hakesef",3,0,3,0%
"Yoreh De'ah",81,"Peleti",8,0,8,0%
"Yoreh De'ah",81,"Pitchei Teshuva",9,0,9,0%
"Yoreh De'ah",81,"Rabbi Akiva Eiger (YD)",2,0,2,0%
"Yoreh De'ah",81,"Siftei Kohen (Shach)",27,0,27,0%
"Yoreh De'ah",81,"Turei Zahav (Taz)",12,0,12,0%
"Yoreh De'ah",81,"Yad Avraham",6,0,6,0%
"Yoreh De'ah",82,"Baer Hetev",10,0,10,0%
"Yoreh De'ah",82,"Be'er HaGolah",5,0,5,0%
"Yoreh De'ah",82,"Biur HaGRA",9,0,9,0%
"Yoreh De'ah",82,"kaf-hachayim",5,0,5,0%
"Yoreh De'ah",82,"kereti",5,0,5,0%
"Yoreh De'ah",82,"Mechaber and Rama",5,0,5,0%
"Yoreh De'ah",82,"nekudot-hakesef",1,0,1,0%
"Yoreh De'ah",82,"Peleti",4,0,4,0%
"Yoreh De'ah",82,"Pitchei Teshuva",2,0,2,0%
"Yoreh De'ah",82,"Rabbi Akiva Eiger (YD)",1,0,1,0%
"Yoreh De'ah",82,"Siftei Kohen (Shach)",11,0,11,0%
"Yoreh De'ah",82,"Turei Zahav (Taz)",7,0,7,0%
"Yoreh De'ah",82,"Yad Avraham",1,0,1,0%
"Yoreh De'ah",83,"Baer Hetev",23,0,23,0%
"Yoreh De'ah",83,"Be'er HaGolah",10,0,10,0%
"Yoreh De'ah",83,"Biur HaGRA",33,0,33,0%
"Yoreh De'ah",83,"kaf-hachayim",10,0,10,0%
"Yoreh De'ah",83,"kereti",23,0,23,0%
"Yoreh De'ah",83,"Mechaber and Rama",10,0,10,0%
"Yoreh De'ah",83,"nekudot-hakesef",3,0,3,0%
"Yoreh De'ah",83,"Peleti",7,0,7,0%
"Yoreh De'ah",83,"Pitchei Teshuva",6,0,6,0%
"Yoreh De'ah",83,"Rabbi Akiva Eiger (YD)",1,0,1,0%
"Yoreh De'ah",83,"Siftei Kohen (Shach)",31,0,31,0%
"Yoreh De'ah",83,"Turei Zahav (Taz)",14,0,14,0%
"Yoreh De'ah",83,"Yad Avraham",3,0,3,0%
"Yoreh De'ah",84,"Baer Hetev",37,0,37,0%
"Yoreh De'ah",84,"Be'er HaGolah",17,0,17,0%
"Yoreh De'ah",84,"Biur HaGRA",48,0,48,0%
"Yoreh De'ah",84,"kaf-hachayim",17,0,17,0%
"Yoreh De'ah",84,"kereti",24,0,24,0%
"Yoreh De'ah",84,"Mechaber and Rama",17,0,17,0%
"Yoreh De'ah",84,"nekudot-hakesef",5,0,5,0%
"Yoreh De'ah",84,"Peleti",8,0,8,0%
"Yoreh De'ah",84,"Pitchei Teshuva",13,0,13,0%
"Yoreh De'ah",84,"Rabbi Akiva Eiger (YD)",5,0,5,0%
"Yoreh De'ah",84,"Siftei Kohen (Shach)",49,0,49,0%
"Yoreh De'ah",84,"Turei Zahav (Taz)",24,0,24,0%
"Yoreh De'ah",84,"Yad Avraham",5,0,5,0%
"Yoreh De'ah",84,"Yad Ephraim",1,0,1,0%
"Yoreh De'ah",85,"Baer Hetev",4,0,4,0%
"Yoreh De'ah",85,"Be'er HaGolah",3,0,3,0%
"Yoreh De'ah",85,"Biur HaGRA",2,0,2,0%
"Yoreh De'ah",85,"kaf-hachayim",3,0,3,0%
"Yoreh De'ah",85,"kereti",4,0,4,0%
"Yoreh De'ah",85,"Mechaber and Rama",3,0,3,0%
"Yoreh De'ah",85,"nekudot-hakesef",1,0,1,0%
"Yoreh De'ah",85,"Siftei Kohen (Shach)",4,0,4,0%
"Yoreh De'ah",85,"Turei Zahav (Taz)",3,0,3,0%
"Yoreh De'ah",85,"Yad Avraham",1,0,1,0%
"Yoreh De'ah",86,"Baer Hetev",19,0,19,0%
"Yoreh De'ah",86,"Be'er HaGolah",10,0,10,0%
"Yoreh De'ah",86,"Biur HaGRA",13,0,13,0%
"Yoreh De'ah",86,"kaf-hachayim",10,0,10,0%
"Yoreh De'ah",86,"kereti",19,0,19,0%
"Yoreh De'ah",86,"Mechaber and Rama",10,0,10,0%
"Yoreh De'ah",86,"nekudot-hakesef",5,0,5,0%
"Yoreh De'ah",86,"Peleti",10,0,10,0%
"Yoreh De'ah",86,"Pitchei Teshuva",7,0,7,0%
"Yoreh De'ah",86,"Rabbi Akiva Eiger (YD)",1,0,1,0%
"Yoreh De'ah",86,"Siftei Kohen (Shach)",31,0,31,0%
"Yoreh De'ah",86,"Turei Zahav (Taz)",16,0,16,0%
"Yoreh De'ah",86,"Yad Avraham",1,0,1,0%
"Yoreh De'ah",87,"Baer Hetev",30,0,30,0%
"Yoreh De'ah",87,"Be'er HaGolah",11,0,11,0%
"Yoreh De'ah",87,"Biur HaGRA",31,0,31,0%
"Yoreh De'ah",87,"kaf-hachayim",11,0,11,0%
"Yoreh De'ah",87,"kereti",25,0,25,0%
"Yoreh De'ah",87,"mateh-yehonatan",11,0,11,0%
"Yoreh De'ah",87,"Mechaber and Rama",11,0,11,0%
"Yoreh De'ah",87,"nekudot-hakesef",6,0,6,0%
"Yoreh De'ah",87,"Peleti",21,0,21,0%
"Yoreh De'ah",87,"Pitchei Teshuva",11,0,11,0%
"Yoreh De'ah",87,"Rabbi Akiva Eiger (YD)",11,0,11,0%
"Yoreh De'ah",87,"Siftei Kohen (Shach)",36,0,36,0%
"Yoreh De'ah",87,"Turei Zahav (Taz)",13,0,13,0%
"Yoreh De'ah",87,"Yad Avraham",11,0,11,0%
"Yoreh De'ah",87,"Yad Ephraim",11,0,11,0%
"Yoreh De'ah",88,"Baer Hetev",5,0,5,0%
"Yoreh De'ah",88,"Be'er HaGolah",3,0,3,0%
"Yoreh De'ah",88,"Biur HaGRA",3,0,3,0%
"Yoreh De'ah",88,"kaf-hachayim",2,0,2,0%
"Yoreh De'ah",88,"kereti",4,0,4,0%
"Yoreh De'ah",88,"mateh-yehonatan",1,0,1,0%
"Yoreh De'ah",88,"Mechaber and Rama",2,0,2,0%
"Yoreh De'ah",88,"nekudot-hakesef",1,0,1,0%
"Yoreh De'ah",88,"Peleti",2,0,2,0%
"Yoreh De'ah",88,"Pitchei Teshuva",2,0,2,0%
"Yoreh De'ah",88,"Rabbi Akiva Eiger (YD)",1,0,1,0%
"Yoreh De'ah",88,"Siftei Kohen (Shach)",8,0,8,0%
"Yoreh De'ah",88,"Turei Zahav (Taz)",4,0,4,0%
"Yoreh De'ah",88,"Yad Avraham",2,0,2,0%
"Yoreh De'ah",88,"Yad Ephraim",1,0,1,0%
"Yoreh De'ah",89,"Baer Hetev",15,0,15,0%
"Yoreh De'ah",89,"Be'er HaGolah",17,0,17,0%
"Yoreh De'ah",89,"Biur HaGRA",21,0,21,0%
"Yoreh De'ah",89,"kaf-hachayim",4,0,4,0%
"Yoreh De'ah",89,"kereti",16,0,16,0%
"Yoreh De'ah",89,"mateh-yehonatan",3,0,3,0%
"Yoreh De'ah",89,"Mechaber and Rama",4,0,4,0%
"Yoreh De'ah",89,"nekudot-hakesef",1,0,1,0%
"Yoreh De'ah",89,"Peleti",6,0,6,0%
"Yoreh De'ah",89,"Pitchei Teshuva",4,0,4,0%
"Yoreh De'ah",89,"Rabbi Akiva Eiger (YD)",4,0,4,0%
"Yoreh De'ah",89,"Siftei Kohen (Shach)",22,0,22,0%
"Yoreh De'ah",89,"Turei Zahav (Taz)",7,0,7,0%
"Yoreh De'ah",89,"Yad Avraham",4,0,4,0%
"Yoreh De'ah",89,"Yad Ephraim",1,0,1,0%
"Yoreh De'ah",90,"Baer Hetev",26,0,26,0%
"Yoreh De'ah",90,"Be'er HaGolah",4,0,4,0%
"Yoreh De'ah",90,"Biur HaGRA",35,0,35,0%
"Yoreh De'ah",90,"kaf-hachayim",4,0,4,0%
"Yoreh De'ah",90,"kereti",10,0,10,0%
"Yoreh De'ah",90,"mateh-yehonatan",3,0,3,0%
"Yoreh De'ah",90,"Mechaber and Rama",4,0,4,0%
"Yoreh De'ah",90,"nekudot-hakesef",2,0,2,0%
"Yoreh De'ah",90,"Peleti",6,0,6,0%
"Yoreh De'ah",90,"Pitchei Teshuva",4,0,4,0%
"Yoreh De'ah",90,"Rabbi Akiva Eiger (YD)",4,0,4,0%
"Yoreh De'ah",90,"Siftei Kohen (Shach)",28,0,28,0%
"Yoreh De'ah",90,"Turei Zahav (Taz)",13,0,13,0%
"Yoreh De'ah",90,"Yad Avraham",4,0,4,0%
"Yoreh De'ah",91,"Baer Hetev",22,0,22,0%
"Yoreh De'ah",91,"Be'er HaGolah",14,0,14,0%
"Yoreh De'ah",91,"Biur HaGRA",19,0,19,0%
"Yoreh De'ah",91,"kaf-hachayim",8,0,8,0%
"Yoreh De'ah",91,"kereti",14,0,14,0%
"Yoreh De'ah",91,"mateh-yehonatan",3,0,3,0%
"Yoreh De'ah",91,"Mechaber and Rama",8,0,8,0%
"Yoreh De'ah",91,"nekudot-hakesef",3,0,3,0%
"Yoreh De'ah",91,"Peleti",7,0,7,0%
"Yoreh De'ah",91,"Pitchei Teshuva",8,0,8,0%
"Yoreh De'ah",91,"Rabbi Akiva Eiger (YD)",8,0,8,0%
"Yoreh De'ah",91,"Siftei Kohen (Shach)",27,0,27,0%
"Yoreh De'ah",91,"Turei Zahav (Taz)",12,0,12,0%
"Yoreh De'ah",91,"Yad Avraham",3,0,3,0%
"Yoreh De'ah",91,"Yad Ephraim",5,0,5,0%
"Yoreh De'ah",92,"Baer Hetev",31,0,31,0%
"Yoreh De'ah",92,"Be'er HaGolah",9,0,9,0%
"Yoreh De'ah",92,"Biur HaGRA",43,0,43,0%
"Yoreh De'ah",92,"kaf-hachayim",9,0,9,0%
"Yoreh De'ah",92,"kereti",32,0,32,0%
"Yoreh De'ah",92,"mateh-yehonatan",8,0,8,0%
"Yoreh De'ah",92,"Mechaber and Rama",9,0,9,0%
"Yoreh De'ah",92,"nekudot-hakesef",8,0,8,0%
"Yoreh De'ah",92,"Peleti",14,0,14,0%
"Yoreh De'ah",92,"Pitchei Teshuva",8,0,8,0%
"Yoreh De'ah",92,"Rabbi Akiva Eiger (YD)",9,0,9,0%
"Yoreh De'ah",92,"Siftei Kohen (Shach)",38,0,38,0%
"Yoreh De'ah",92,"Turei Zahav (Taz)",30,0,30,0%
"Yoreh De'ah",92,"Yad Avraham",9,0,9,0%
"Yoreh De'ah",92,"Yad Ephraim",1,0,1,0%
"Yoreh De'ah",93,"Baer Hetev",6,0,6,0%
"Yoreh De'ah",93,"Be'er HaGolah",1,0,1,0%
"Yoreh De'ah",93,"Biur HaGRA",9,0,9,0%
"Yoreh De'ah",93,"kaf-hachayim",1,0,1,0%
"Yoreh De'ah",93,"kereti",1,0,1,0%
"Yoreh De'ah",93,"mateh-yehonatan",1,0,1,0%
"Yoreh De'ah",93,"Mechaber and Rama",1,0,1,0%
"Yoreh De'ah",93,"nekudot-hakesef",1,0,1,0%
"Yoreh De'ah",93,"Peleti",1,0,1,0%
"Yoreh De'ah",93,"Pitchei Teshuva",1,0,1,0%
"Yoreh De'ah",93,"Rabbi Akiva Eiger (YD)",1,0,1,0%
"Yoreh De'ah",93,"Siftei Kohen (Shach)",6,0,6,0%
"Yoreh De'ah",93,"Turei Zahav (Taz)",2,0,2,0%
"Yoreh De'ah",93,"Yad Avraham",1,0,1,0%
"Yoreh De'ah",94,"Baer Hetev",26,0,26,0%
"Yoreh De'ah",94,"Be'er HaGolah",9,0,9,0%
"Yoreh De'ah",94,"Biur HaGRA",30,0,30,0%
"Yoreh De'ah",94,"kaf-hachayim",9,0,9,0%
"Yoreh De'ah",94,"kereti",26,0,26,0%
"Yoreh De'ah",94,"mateh-yehonatan",7,0,7,0%
"Yoreh De'ah",94,"Mechaber and Rama",9,0,9,0%
"Yoreh De'ah",94,"nekudot-hakesef",4,0,4,0%
"Yoreh De'ah",94,"Peleti",11,0,11,0%
"Yoreh De'ah",94,"Pitchei Teshuva",7,0,7,0%
"Yoreh De'ah",94,"Rabbi Akiva Eiger (YD)",9,0,9,0%
"Yoreh De'ah",94,"Siftei Kohen (Shach)",34,0,34,0%
"Yoreh De'ah",94,"Turei Zahav (Taz)",17,0,17,0%
"Yoreh De'ah",94,"Yad Avraham",9,0,9,0%
"Yoreh De'ah",94,"Yad Ephraim",1,0,1,0%
"Yoreh De'ah",95,"Baer Hetev",22,0,22,0%
"Yoreh De'ah",95,"Be'er HaGolah",7,0,7,0%
"Yoreh De'ah",95,"Biur HaGRA",29,0,29,0%
"Yoreh De'ah",95,"kaf-hachayim",7,0,7,0%
"Yoreh De'ah",95,"kereti",7,0,7,0%
"Yoreh De'ah",95,"mateh-yehonatan",5,0,5,0%
"Yoreh De'ah",95,"Mechaber and Rama",7,0,7,0%
"Yoreh De'ah",95,"nekudot-hakesef",3,0,3,0%
"Yoreh De'ah",95,"Peleti",4,0,4,0%
"Yoreh De'ah",95,"Pitchei Teshuva",7,0,7,0%
"Yoreh De'ah",95,"Rabbi Akiva Eiger (YD)",5,0,5,0%
"Yoreh De'ah",95,"Siftei Kohen (Shach)",25,0,25,0%
"Yoreh De'ah",95,"Turei Zahav (Taz)",18,0,18,0%
"Yoreh De'ah",95,"Yad Avraham",5,0,5,0%
"Yoreh De'ah",95,"Yad Ephraim",3,0,3,0%
"Yoreh De'ah",96,"Baer Hetev",17,0,17,0%
"Yoreh De'ah",96,"Be'er HaGolah",5,0,5,0%
"Yoreh De'ah",96,"Biur HaGRA",17,0,17,0%
"Yoreh De'ah",96,"kaf-hachayim",5,0,5,0%
"Yoreh De'ah",96,"kereti",10,0,10,0%
"Yoreh De'ah",96,"mateh-yehonatan",3,0,3,0%
"Yoreh De'ah",96,"Mechaber and Rama",5,0,5,0%
"Yoreh De'ah",96,"nekudot-hakesef",2,0,2,0%
"Yoreh De'ah",96,"Peleti",6,0,6,0%
"Yoreh De'ah",96,"Pitchei Teshuva",5,0,5,0%
"Yoreh De'ah",96,"Rabbi Akiva Eiger (YD)",5,0,5,0%
"Yoreh De'ah",96,"Siftei Kohen (Shach)",23,0,23,0%
"Yoreh De'ah",96,"Turei Zahav (Taz)",14,0,14,0%
"Yoreh De'ah",96,"Yad Avraham",1,0,1,0%
"Yoreh De'ah",96,"Yad Ephraim",1,0,1,0%
"Yoreh De'ah",97,"Baer Hetev",6,0,6,0%
"Yoreh De'ah",97,"Be'er HaGolah",8,0,8,0%
"Yoreh De'ah",97,"Biur HaGRA",6,0,6,0%
"Yoreh De'ah",97,"kaf-hachayim",3,0,3,0%
"Yoreh De'ah",97,"kereti",5,0,5,0%
"Yoreh De'ah",97,"mateh-yehonatan",1,0,1,0%
"Yoreh De'ah",97,"Mechaber and Rama",3,0,3,0%
"Yoreh De'ah",97,"nekudot-hakesef",2,0,2,0%
"Yoreh De'ah",97,"Peleti",2,0,2,0%
"Yoreh De'ah",97,"Pitchei Teshuva",3,0,3,0%
"Yoreh De'ah",97,"Siftei Kohen (Shach)",5,0,5,0%
"Yoreh De'ah",97,"Turei Zahav (Taz)",5,0,5,0%
"Yoreh De'ah",97,"Yad Avraham",2,0,2,0%
"Yoreh De'ah",97,"Yad Ephraim",1,0,1,0%
"Yoreh De'ah",98,"Baer Hetev",22,0,22,0%
"Yoreh De'ah",98,"Be'er HaGolah",19,0,19,0%
"Yoreh De'ah",98,"Biur HaGRA",39,0,39,0%
"Yoreh De'ah",98,"kaf-hachayim",9,0,9,0%
"Yoreh De'ah",98,"kereti",24,0,24,0%
"Yoreh De'ah",98,"mateh-yehonatan",1,0,1,0%
"Yoreh De'ah",98,"Mechaber and Rama",9,0,9,0%
"Yoreh De'ah",98,"nekudot-hakesef",6,0,6,0%
"Yoreh De'ah",98,"Peleti",11,0,11,0%
"Yoreh De'ah",98,"Pitchei Teshuva",9,0,9,0%
"Yoreh De'ah",98,"Rabbi Akiva Eiger (YD)",9,0,9,0%
"Yoreh De'ah",98,"Siftei Kohen (Shach)",35,0,35,0%
"Yoreh De'ah",98,"Turei Zahav (Taz)",15,0,15,0%
"Yoreh De'ah",98,"Yad Avraham",9,0,9,0%
"Yoreh De'ah",98,"Yad Ephraim",1,0,1,0%
"Yoreh De'ah",99,"Baer Hetev",18,0,18,0%
"Yoreh De'ah",99,"Be'er HaGolah",15,0,15,0%
"Yoreh De'ah",99,"Biur HaGRA",18,0,18,0%
"Yoreh De'ah",99,"kaf-hachayim",7,0,7,0%
"Yoreh De'ah",99,"kereti",18,0,18,0%
"Yoreh De'ah",99,"mateh-yehonatan",7,0,7,0%
"Yoreh De'ah",99,"Mechaber and Rama",7,0,7,0%
"Yoreh De'ah",99,"nekudot-hakesef",6,0,6,0%
"Yoreh De'ah",99,"Peleti",12,0,12,0%
"Yoreh De'ah",99,"Pitchei Teshuva",7,0,7,0%
"Yoreh De'ah",99,"Rabbi Akiva Eiger (YD)",7,0,7,0%
"Yoreh De'ah",99,"Siftei Kohen (Shach)",23,0,23,0%
"Yoreh De'ah",99,"Turei Zahav (Taz)",15,0,15,0%
"Yoreh De'ah",99,"Yad Avraham",7,0,7,0%
"Yoreh De'ah",99,"Yad Ephraim",1,0,1,0%
"Yoreh De'ah",100,"Baer Hetev",6,0,6,0%
"Yoreh De'ah",100,"Be'er HaGolah",4,0,4,0%
"Yoreh De'ah",100,"Biur HaGRA",20,0,20,0%
"Yoreh De'ah",100,"kaf-hachayim",4,0,4,0%
"Yoreh De'ah",100,"kereti",12,0,12,0%
"Yoreh De'ah",100,"mateh-yehonatan",4,0,4,0%
"Yoreh De'ah",100,"Mechaber and Rama",4,0,4,0%
"Yoreh De'ah",100,"Peleti",7,0,7,0%
"Yoreh De'ah",100,"Pitchei Teshuva",3,0,3,0%
"Yoreh De'ah",100,"Siftei Kohen (Shach)",11,0,11,0%
"Yoreh De'ah",100,"Turei Zahav (Taz)",6,0,6,0%
"Yoreh De'ah",100,"Yad Avraham",4,0,4,0%
"Yoreh De'ah",101,"Baer Hetev",18,0,18,0%
"Yoreh De'ah",101,"Be'er HaGolah",14,0,14,0%
"Yoreh De'ah",101,"Biur HaGRA",24,0,24,0%
"Yoreh De'ah",101,"kaf-hachayim",9,0,9,0%
"Yoreh De'ah",101,"kereti",15,0,15,0%
"Yoreh De'ah",101,"mateh-yehonatan",7,0,7,0%
"Yoreh De'ah",101,"Mechaber and Rama",9,0,9,0%
"Yoreh De'ah",101,"nekudot-hakesef",2,0,2,0%
"Yoreh De'ah",101,"Peleti",7,0,7,0%
"Yoreh De'ah",101,"Pitchei Teshuva",7,0,7,0%
"Yoreh De'ah",101,"Rabbi Akiva Eiger (YD)",7,0,7,0%
"Yoreh De'ah",101,"Siftei Kohen (Shach)",19,0,19,0%
"Yoreh De'ah",101,"Turei Zahav (Taz)",15,0,15,0%
"Yoreh De'ah",101,"Yad Avraham",4,0,4,0%
"Yoreh De'ah",101,"Yad Ephraim",1,0,1,0%
"Yoreh De'ah",102,"Baer Hetev",13,0,13,0%
"Yoreh De'ah",102,"Be'er HaGolah",4,0,4,0%
"Yoreh De'ah",102,"Biur HaGRA",21,0,21,0%
"Yoreh De'ah",102,"kaf-hachayim",4,0,4,0%
"Yoreh De'ah",102,"kereti",20,0,20,0%
"Yoreh De'ah",102,"mateh-yehonatan",2,0,2,0%
"Yoreh De'ah",102,"Mechaber and Rama",4,0,4,0%
"Yoreh De'ah",102,"nekudot-hakesef",1,0,1,0%
"Yoreh De'ah",102,"Peleti",10,0,10,0%
"Yoreh De'ah",102,"Pitchei Teshuva",4,0,4,0%
"Yoreh De'ah",102,"Rabbi Akiva Eiger (YD)",4,0,4,0%
"Yoreh De'ah",102,"Siftei Kohen (Shach)",15,0,15,0%
"Yoreh De'ah",102,"Turei Zahav (Taz)",13,0,13,0%
"Yoreh De'ah",102,"Yad Avraham",4,0,4,0%
"Yoreh De'ah",103,"Baer Hetev",18,0,18,0%
"Yoreh De'ah",103,"Be'er HaGolah",15,0,15,0%
"Yoreh De'ah",103,"Biur HaGRA",26,0,26,0%
"Yoreh De'ah",103,"kaf-hachayim",7,0,7,0%
"Yoreh De'ah",103,"kereti",14,0,14,0%
"Yoreh De'ah",103,"Mechaber and Rama",7,0,7,0%
"Yoreh De'ah",103,"nekudot-hakesef",2,0,2,0%
"Yoreh De'ah",103,"Peleti",6,0,6,0%
"Yoreh De'ah",103,"Pitchei Teshuva",7,0,7,0%
"Yoreh De'ah",103,"Rabbi Akiva Eiger (YD)",6,0,6,0%
"Yoreh De'ah",103,"Siftei Kohen (Shach)",20,0,20,0%
"Yoreh De'ah",103,"Turei Zahav (Taz)",11,0,11,0%
"Yoreh De'ah",103,"Yad Avraham",5,0,5,0%
"Yoreh De'ah",104,"Baer Hetev",8,0,8,0%
"Yoreh De'ah",104,"Be'er HaGolah",8,0,8,0%
"Yoreh De'ah",104,"Biur HaGRA",12,0,12,0%
"Yoreh De'ah",104,"kaf-hachayim",3,0,3,0%
"Yoreh De'ah",104,"kereti",7,0,7,0%
"Yoreh De'ah",104,"mateh-yehonatan",3,0,3,0%
"Yoreh De'ah",104,"Mechaber and Rama",3,0,3,0%
"Yoreh De'ah",104,"nekudot-hakesef",1,0,1,0%
"Yoreh De'ah",104,"Peleti",4,0,4,0%
"Yoreh De'ah",104,"Pitchei Teshuva",3,0,3,0%
"Yoreh De'ah",104,"Rabbi Akiva Eiger (YD)",3,0,3,0%
"Yoreh De'ah",104,"Siftei Kohen (Shach)",9,0,9,0%
"Yoreh De'ah",104,"Turei Zahav (Taz)",6,0,6,0%
"Yoreh De'ah",104,"Yad Avraham",3,0,3,0%
"Yoreh De'ah",105,"Baer Hetev",34,0,34,0%
"Yoreh De'ah",105,"Be'er HaGolah",14,0,14,0%
"Yoreh De'ah",105,"Biur HaGRA",88,0,88,0%
"Yoreh De'ah",105,"kaf-hachayim",14,0,14,0%
"Yoreh De'ah",105,"kereti",21,0,21,0%
"Yoreh De'ah",105,"mateh-yehonatan",3,0,3,0%
"Yoreh De'ah",105,"Mechaber and Rama",14,0,14,0%
"Yoreh De'ah",105,"nekudot-hakesef",6,0,6,0%
"Yoreh De'ah",105,"Peleti",11,0,11,0%
"Yoreh De'ah",105,"Pitchei Teshuva",14,0,14,0%
"Yoreh De'ah",105,"Rabbi Akiva Eiger (YD)",14,0,14,0%
"Yoreh De'ah",105,"Siftei Kohen (Shach)",46,0,46,0%
"Yoreh De'ah",105,"Turei Zahav (Taz)",30,0,30,0%
"Yoreh De'ah",105,"Yad Avraham",14,0,14,0%
"Yoreh De'ah",106,"Baer Hetev",4,0,4,0%
"Yoreh De'ah",106,"Be'er HaGolah",4,0,4,0%
"Yoreh De'ah",106,"Biur HaGRA",10,0,10,0%
"Yoreh De'ah",106,"kaf-hachayim",2,0,2,0%
"Yoreh De'ah",106,"kereti",8,0,8,0%
"Yoreh De'ah",106,"mateh-yehonatan",1,0,1,0%
"Yoreh De'ah",106,"Mechaber and Rama",2,0,2,0%
"Yoreh De'ah",106,"Peleti",3,0,3,0%
"Yoreh De'ah",106,"Pitchei Teshuva",2,0,2,0%
"Yoreh De'ah",106,"Rabbi Akiva Eiger (YD)",2,0,2,0%
"Yoreh De'ah",106,"Siftei Kohen (Shach)",7,0,7,0%
"Yoreh De'ah",106,"Turei Zahav (Taz)",2,0,2,0%
"Yoreh De'ah",106,"Yad Avraham",2,0,2,0%
"Yoreh De'ah",107,"Baer Hetev",7,0,7,0%
"Yoreh De'ah",107,"Be'er HaGolah",2,0,2,0%
"Yoreh De'ah",107,"Biur HaGRA",8,0,8,0%
"Yoreh De'ah",107,"kaf-hachayim",2,0,2,0%
"Yoreh De'ah",107,"kereti",6,0,6,0%
"Yoreh De'ah",107,"Mechaber and Rama",2,0,2,0%
"Yoreh De'ah",107,"nekudot-hakesef",2,0,2,0%
"Yoreh De'ah",107,"Peleti",2,0,2,0%
"Yoreh De'ah",107,"Pitchei Teshuva",2,0,2,0%
"Yoreh De'ah",107,"Rabbi Akiva Eiger (YD)",2,0,2,0%
"Yoreh De'ah",107,"Siftei Kohen (Shach)",7,0,7,0%
"Yoreh De'ah",107,"Turei Zahav (Taz)",5,0,5,0%
"Yoreh De'ah",107,"Yad Avraham",2,0,2,0%
"Yoreh De'ah",108,"Baer Hetev",24,0,24,0%
"Yoreh De'ah",108,"Be'er HaGolah",7,0,7,0%
"Yoreh De'ah",108,"Biur HaGRA",37,0,37,0%
"Yoreh De'ah",108,"kaf-hachayim",7,0,7,0%
"Yoreh De'ah",108,"kereti",21,0,21,0%
"Yoreh De'ah",108,"mateh-yehonatan",5,0,5,0%
"Yoreh De'ah",108,"Mechaber and Rama",7,0,7,0%
"Yoreh De'ah",108,"nekudot-hakesef",2,0,2,0%
"Yoreh De'ah",108,"Peleti",12,0,12,0%
"Yoreh De'ah",108,"Pitchei Teshuva",5,0,5,0%
"Yoreh De'ah",108,"Rabbi Akiva Eiger (YD)",3,0,3,0%
"Yoreh De'ah",108,"Siftei Kohen (Shach)",27,0,27,0%
"Yoreh De'ah",108,"Turei Zahav (Taz)",10,0,10,0%
"Yoreh De'ah",108,"Yad Avraham",6,0,6,0%
"Yoreh De'ah",109,"Baer Hetev",7,0,7,0%
"Yoreh De'ah",109,"Be'er HaGolah",6,0,6,0%
"Yoreh De'ah",109,"Biur HaGRA",11,0,11,0%
"Yoreh De'ah",109,"kaf-hachayim",2,0,2,0%
"Yoreh De'ah",109,"kereti",11,0,11,0%
"Yoreh De'ah",109,"mateh-yehonatan",1,0,1,0%
"Yoreh De'ah",109,"Mechaber and Rama",2,0,2,0%
"Yoreh De'ah",109,"nekudot-hakesef",1,0,1,0%
"Yoreh De'ah",109,"Peleti",5,0,5,0%
"Yoreh De'ah",109,"Pitchei Teshuva",2,0,2,0%
"Yoreh De'ah",109,"Rabbi Akiva Eiger (YD)",2,0,2,0%
"Yoreh De'ah",109,"Siftei Kohen (Shach)",13,0,13,0%
"Yoreh De'ah",109,"Turei Zahav (Taz)",4,0,4,0%
"Yoreh De'ah",109,"Yad Avraham",2,0,2,0%
"Yoreh De'ah",110,"Baer Hetev",30,0,30,0%
"Yoreh De'ah",110,"Be'er HaGolah",10,0,10,0%
"Yoreh De'ah",110,"Biur HaGRA",39,0,39,0%
"Yoreh De'ah",110,"kaf-hachayim",10,0,10,0%
"Yoreh De'ah",110,"kereti",31,0,31,0%
"Yoreh De'ah",110,"mateh-yehonatan",5,0,5,0%
"Yoreh De'ah",110,"Mechaber and Rama",10,0,10,0%
"Yoreh De'ah",110,"nekudot-hakesef",10,0,10,0%
"Yoreh De'ah",110,"Peleti",31,0,31,0%
"Yoreh De'ah",110,"Pitchei Teshuva",10,0,10,0%
"Yoreh De'ah",110,"Rabbi Akiva Eiger (YD)",10,0,10,0%
"Yoreh De'ah",110,"Siftei Kohen (Shach)",66,0,66,0%
"Yoreh De'ah",110,"Turei Zahav (Taz)",16,0,16,0%
"Yoreh De'ah",110,"Yad Avraham",7,0,7,0%
"Yoreh De'ah",111,"Baer Hetev",16,0,16,0%
"Yoreh De'ah",111,"Be'er HaGolah",7,0,7,0%
"Yoreh De'ah",111,"Biur HaGRA",21,0,21,0%
"Yoreh De'ah",111,"kaf-hachayim",7,0,7,0%
"Yoreh De'ah",111,"kereti",7,0,7,0%
"Yoreh De'ah",111,"mateh-yehonatan",2,0,2,0%
"Yoreh De'ah",111,"Mechaber and Rama",7,0,7,0%
"Yoreh De'ah",111,"Peleti",8,0,8,0%
"Yoreh De'ah",111,"Pitchei Teshuva",2,0,2,0%
"Yoreh De'ah",111,"Rabbi Akiva Eiger (YD)",1,0,1,0%
"Yoreh De'ah",111,"Siftei Kohen (Shach)",20,0,20,0%
"Yoreh De'ah",111,"Turei Zahav (Taz)",10,0,10,0%
"Yoreh De'ah",111,"Yad Avraham",2,0,2,0%
"Yoreh De'ah",112,"Baer Hetev",14,0,14,0%
"Yoreh De'ah",112,"Be'er HaGolah",23,0,23,0%
"Yoreh De'ah",112,"Biur HaGRA",34,0,34,0%
"Yoreh De'ah",112,"kaf-hachayim",16,0,16,0%
"Yoreh De'ah",112,"mateh-yehonatan",6,0,6,0%
"Yoreh De'ah",112,"Mechaber and Rama",16,0,16,0%
"Yoreh De'ah",112,"nekudot-hakesef",3,0,3,0%
"Yoreh De'ah",112,"Pitchei Teshuva",6,0,6,0%
"Yoreh De'ah",112,"Rabbi Akiva Eiger (YD)",1,0,1,0%
"Yoreh De'ah",112,"Siftei Kohen (Shach)",26,0,26,0%
"Yoreh De'ah",112,"Turei Zahav (Taz)",10,0,10,0%
"Yoreh De'ah",112,"Yad Ephraim",3,0,3,0%
"Yoreh De'ah",113,"Baer Hetev",19,0,19,0%
"Yoreh De'ah",113,"Be'er HaGolah",16,0,16,0%
"Yoreh De'ah",113,"Biur HaGRA",42,0,42,0%
"Yoreh De'ah",113,"kaf-hachayim",16,0,16,0%
"Yoreh De'ah",113,"mateh-yehonatan",3,0,3,0%
"Yoreh De'ah",113,"Mechaber and Rama",16,0,16,0%
"Yoreh De'ah",113,"nekudot-hakesef",2,0,2,0%
"Yoreh De'ah",113,"Pitchei Teshuva",6,0,6,0%
"Yoreh De'ah",113,"Rabbi Akiva Eiger (YD)",2,0,2,0%
"Yoreh De'ah",113,"Siftei Kohen (Shach)",21,0,21,0%
"Yoreh De'ah",113,"Turei Zahav (Taz)",15,0,15,0%
"Yoreh De'ah",113,"Yad Avraham",1,0,1,0%
"Yoreh De'ah",113,"Yad Ephraim",3,0,3,0%
"Yoreh De'ah",114,"Baer Hetev",20,0,20,0%
"Yoreh De'ah",114,"Be'er HaGolah",12,0,12,0%
"Yoreh De'ah",114,"Biur HaGRA",28,0,28,0%
"Yoreh De'ah",114,"kaf-hachayim",12,0,12,0%
"Yoreh De'ah",114,"mateh-yehonatan",4,0,4,0%
"Yoreh De'ah",114,"Mechaber and Rama",12,0,12,0%
"Yoreh De'ah",114,"nekudot-hakesef",4,0,4,0%
"Yoreh De'ah",114,"Pitchei Teshuva",7,0,7,0%
"Yoreh De'ah",114,"Rabbi Akiva Eiger (YD)",1,0,1,0%
"Yoreh De'ah",114,"Siftei Kohen (Shach)",21,0,21,0%
"Yoreh De'ah",114,"Turei Zahav (Taz)",15,0,15,0%
"Yoreh De'ah",114,"Yad Ephraim",3,0,3,0%
"Yoreh De'ah",115,"Baer Hetev",19,0,19,0%
"Yoreh De'ah",115,"Be'er HaGolah",9,0,9,0%
"Yoreh De'ah",115,"Biur HaGRA",24,0,24,0%
"Yoreh De'ah",115,"kaf-hachayim",3,0,3,0%
"Yoreh De'ah",115,"mateh-yehonatan",3,0,3,0%
"Yoreh De'ah",115,"Mechaber and Rama",3,0,3,0%
"Yoreh De'ah",115,"nekudot-hakesef",3,0,3,0%
"Yoreh De'ah",115,"Pitchei Teshuva",3,0,3,0%
"Yoreh De'ah",115,"Rabbi Akiva Eiger (YD)",1,0,1,0%
"Yoreh De'ah",115,"Siftei Kohen (Shach)",29,0,29,0%
"Yoreh De'ah",115,"Turei Zahav (Taz)",14,0,14,0%
"Yoreh De'ah",115,"Yad Ephraim",3,0,3,0%
"Yoreh De'ah",116,"Baer Hetev",9,0,9,0%
"Yoreh De'ah",116,"Be'er HaGolah",7,0,7,0%
"Yoreh De'ah",116,"Biur HaGRA",20,0,20,0%
"Yoreh De'ah",116,"kaf-hachayim",7,0,7,0%
"Yoreh De'ah",116,"mateh-yehonatan",2,0,2,0%
"Yoreh De'ah",116,"Mechaber and Rama",7,0,7,0%
"Yoreh De'ah",116,"nekudot-hakesef",1,0,1,0%
"Yoreh De'ah",116,"Pitchei Teshuva",7,0,7,0%
"Yoreh De'ah",116,"Rabbi Akiva Eiger (YD)",5,0,5,0%
"Yoreh De'ah",116,"Siftei Kohen (Shach)",8,0,8,0%
"Yoreh De'ah",116,"Turei Zahav (Taz)",6,0,6,0%
"Yoreh De'ah",116,"Yad Avraham",1,0,1,0%
"Yoreh De'ah",116,"Yad Ephraim",4,0,4,0%
"Yoreh De'ah",117,"Baer Hetev",7,0,7,0%
"Yoreh De'ah",117,"Be'er HaGolah",6,0,6,0%
"Yoreh De'ah",117,"Biur HaGRA",10,0,10,0%
"Yoreh De'ah",117,"kaf-hachayim",1,0,1,0%
"Yoreh De'ah",117,"mateh-yehonatan",1,0,1,0%
"Yoreh De'ah",117,"Mechaber and Rama",1,0,1,0%
"Yoreh De'ah",117,"nekudot-hakesef",1,0,1,0%
"Yoreh De'ah",117,"Pitchei Teshuva",1,0,1,0%
"Yoreh De'ah",117,"Rabbi Akiva Eiger (YD)",1,0,1,0%
"Yoreh De'ah",117,"Siftei Kohen (Shach)",14,0,14,0%
"Yoreh De'ah",117,"Turei Zahav (Taz)",4,0,4,0%
"Yoreh De'ah",117,"Yad Avraham",1,0,1,0%
"Yoreh De'ah",117,"Yad Ephraim",1,0,1,0%
"Yoreh De'ah",118,"Baer Hetev",26,0,26,0%
"Yoreh De'ah",118,"Be'er HaGolah",13,0,13,0%
"Yoreh De'ah",118,"Biur HaGRA",39,0,39,0%
"Yoreh De'ah",118,"kaf-hachayim",18,0,18,0%
"Yoreh De'ah",118,"mateh-yehonatan",5,0,5,0%
"Yoreh De'ah",118,"Mechaber and Rama",13,0,13,0%
"Yoreh De'ah",118,"nekudot-hakesef",4,0,4,0%
"Yoreh De'ah",118,"Pitchei Teshuva",7,0,7,0%
"Yoreh De'ah",118,"Rabbi Akiva Eiger (YD)",1,0,1,0%
"Yoreh De'ah",118,"Siftei Kohen (Shach)",42,0,42,0%
"Yoreh De'ah",118,"Turei Zahav (Taz)",12,0,12,0%
"Yoreh De'ah",118,"Yad Ephraim",5,0,5,0%
"Yoreh De'ah",119,"Baer Hetev",26,0,26,0%
"Yoreh De'ah",119,"Be'er HaGolah",28,0,28,0%
"Yoreh De'ah",119,"Biur HaGRA",41,0,41,0%
"Yoreh De'ah",119,"kaf-hachayim",23,0,23,0%
"Yoreh De'ah",119,"mateh-yehonatan",4,0,4,0%
"Yoreh De'ah",119,"Mechaber and Rama",20,0,20,0%
"Yoreh De'ah",119,"nekudot-hakesef",8,0,8,0%
"Yoreh De'ah",119,"Pitchei Teshuva",6,0,6,0%
"Yoreh De'ah",119,"Siftei Kohen (Shach)",38,0,38,0%
"Yoreh De'ah",119,"Turei Zahav (Taz)",18,0,18,0%
"Yoreh De'ah",119,"Yad Avraham",1,0,1,0%
"Yoreh De'ah",119,"Yad Ephraim",4,0,4,0%
"Yoreh De'ah",120,"Baer Hetev",22,0,22,0%
"Yoreh De'ah",120,"Be'er HaGolah",26,0,26,0%
"Yoreh De'ah",120,"Biur HaGRA",40,0,40,0%
"Yoreh De'ah",120,"mateh-yehonatan",3,0,3,0%
"Yoreh De'ah",120,"Mechaber and Rama",16,0,16,0%
"Yoreh De'ah",120,"nekudot-hakesef",2,0,2,0%
"Yoreh De'ah",120,"Pitchei Teshuva",15,0,15,0%
"Yoreh De'ah",120,"Rabbi Akiva Eiger (YD)",7,0,7,0%
"Yoreh De'ah",120,"Siftei Kohen (Shach)",29,0,29,0%
"Yoreh De'ah",120,"Turei Zahav (Taz)",18,0,18,0%
"Yoreh De'ah",120,"Yad Ephraim",3,0,3,0%
"Yoreh De'ah",121,"Baer Hetev",10,0,10,0%
"Yoreh De'ah",121,"Be'er HaGolah",7,0,7,0%
"Yoreh De'ah",121,"Biur HaGRA",31,0,31,0%
"Yoreh De'ah",121,"mateh-yehonatan",1,0,1,0%
"Yoreh De'ah",121,"Mechaber and Rama",7,0,7,0%
"Yoreh De'ah",121,"nekudot-hakesef",1,0,1,0%
"Yoreh De'ah",121,"Pitchei Teshuva",7,0,7,0%
"Yoreh De'ah",121,"Rabbi Akiva Eiger (YD)",6,0,6,0%
"Yoreh De'ah",121,"Siftei Kohen (Shach)",20,0,20,0%
"Yoreh De'ah",121,"Turei Zahav (Taz)",7,0,7,0%
"Yoreh De'ah",121,"Yad Ephraim",1,0,1,0%
"Yoreh De'ah",122,"Baer Hetev",9,0,9,0%
"Yoreh De'ah",122,"Be'er HaGolah",13,0,13,0%
"Yoreh De'ah",122,"Biur HaGRA",34,0,34,0%
"Yoreh De'ah",122,"mateh-yehonatan",3,0,3,0%
"Yoreh De'ah",122,"Mechaber and Rama",12,0,12,0%
"Yoreh De'ah",122,"nekudot-hakesef",2,0,2,0%
"Yoreh De'ah",122,"Pitchei Teshuva",7,0,7,0%
"Yoreh De'ah",122,"Rabbi Akiva Eiger (YD)",5,0,5,0%
"Yoreh De'ah",122,"Siftei Kohen (Shach)",10,0,10,0%
"Yoreh De'ah",122,"Turei Zahav (Taz)",9,0,9,0%
"Yoreh De'ah",122,"Yad Ephraim",2,0,2,0%
"Yoreh De'ah",123,"Baer Hetev",31,0,31,0%
"Yoreh De'ah",123,"Be'er HaGolah",26,0,26,0%
"Yoreh De'ah",123,"Biur HaGRA",56,0,56,0%
"Yoreh De'ah",123,"mateh-yehonatan",4,0,4,0%
"Yoreh De'ah",123,"Mechaber and Rama",26,0,26,0%
"Yoreh De'ah",123,"nekudot-hakesef",7,0,7,0%
"Yoreh De'ah",123,"Pitchei Teshuva",17,0,17,0%
"Yoreh De'ah",123,"Rabbi Akiva Eiger (YD)",12,0,12,0%
"Yoreh De'ah",123,"Siftei Kohen (Shach)",51,0,51,0%
"Yoreh De'ah",123,"Turei Zahav (Taz)",18,0,18,0%
"Yoreh De'ah",123,"Yad Avraham",1,0,1,0%
"Yoreh De'ah",123,"Yad Ephraim",8,0,8,0%
"Yoreh De'ah",124,"Baer Hetev",50,0,50,0%
"Yoreh De'ah",124,"Be'er HaGolah",27,0,27,0%
"Yoreh De'ah",124,"Biur HaGRA",76,0,76,0%
"Yoreh De'ah",124,"mateh-yehonatan",4,0,4,0%
"Yoreh De'ah",124,"Mechaber and Rama",27,0,27,0%
"Yoreh De'ah",124,"nekudot-hakesef",18,0,18,0%
"Yoreh De'ah",124,"Pitchei Teshuva",7,0,7,0%
"Yoreh De'ah",124,"Rabbi Akiva Eiger (YD)",13,0,13,0%
"Yoreh De'ah",124,"Siftei Kohen (Shach)",77,0,77,0%
"Yoreh De'ah",124,"Turei Zahav (Taz)",36,0,36,0%
"Yoreh De'ah",124,"Yad Avraham",1,0,1,0%
"Yoreh De'ah",124,"Yad Ephraim",2,0,2,0%
"Yoreh De'ah",125,"Baer Hetev",18,0,18,0%
"Yoreh De'ah",125,"Be'er HaGolah",24,0,24,0%
"Yoreh De'ah",125,"Biur HaGRA",25,0,25,0%
"Yoreh De'ah",125,"mateh-yehonatan",3,0,3,0%
"Yoreh De'ah",125,"Mechaber and Rama",11,0,11,0%
"Yoreh De'ah",125,"nekudot-hakesef",3,0,3,0%
"Yoreh De'ah",125,"Pitchei Teshuva",1,0,1,0%
"Yoreh De'ah",125,"Rabbi Akiva Eiger (YD)",3,0,3,0%
"Yoreh De'ah",125,"Siftei Kohen (Shach)",22,0,22,0%
"Yoreh De'ah",125,"Turei Zahav (Taz)",13,0,13,0%
"Yoreh De'ah",125,"Yad Ephraim",2,0,2,0%
"Yoreh De'ah",126,"Baer Hetev",11,0,11,0%
"Yoreh De'ah",126,"Be'er HaGolah",7,0,7,0%
"Yoreh De'ah",126,"Biur HaGRA",16,0,16,0%
"Yoreh De'ah",126,"Mechaber and Rama",7,0,7,0%
"Yoreh De'ah",126,"nekudot-hakesef",2,0,2,0%
"Yoreh De'ah",126,"Pitchei Teshuva",2,0,2,0%
"Yoreh De'ah",126,"Rabbi Akiva Eiger (YD)",1,0,1,0%
"Yoreh De'ah",126,"Siftei Kohen (Shach)",13,0,13,0%
"Yoreh De'ah",126,"Turei Zahav (Taz)",7,0,7,0%
"Yoreh De'ah",126,"Yad Ephraim",1,0,1,0%
"Yoreh De'ah",127,"Baer Hetev",22,0,22,0%
"Yoreh De'ah",127,"Be'er HaGolah",8,0,8,0%
"Yoreh De'ah",127,"Biur HaGRA",33,0,33,0%
"Yoreh De'ah",127,"mateh-yehonatan",4,0,4,0%
"Yoreh De'ah",127,"Mechaber and Rama",4,0,4,0%
"Yoreh De'ah",127,"nekudot-hakesef",4,0,4,0%
"Yoreh De'ah",127,"Pitchei Teshuva",4,0,4,0%
"Yoreh De'ah",127,"Rabbi Akiva Eiger (YD)",1,0,1,0%
"Yoreh De'ah",127,"Siftei Kohen (Shach)",32,0,32,0%
"Yoreh De'ah",127,"Turei Zahav (Taz)",7,0,7,0%
"Yoreh De'ah",127,"Yad Avraham",1,0,1,0%
"Yoreh De'ah",127,"Yad Ephraim",2,0,2,0%
"Yoreh De'ah",128,"Baer Hetev",10,0,10,0%
"Yoreh De'ah",128,"Be'er HaGolah",5,0,5,0%
"Yoreh De'ah",128,"Biur HaGRA",25,0,25,0%
"Yoreh De'ah",128,"mateh-yehonatan",1,0,1,0%
"Yoreh De'ah",128,"Mechaber and Rama",5,0,5,0%
"Yoreh De'ah",128,"nekudot-hakesef",1,0,1,0%
"Yoreh De'ah",128,"Pitchei Teshuva",1,0,1,0%
"Yoreh De'ah",128,"Rabbi Akiva Eiger (YD)",1,0,1,0%
"Yoreh De'ah",128,"Siftei Kohen (Shach)",13,0,13,0%
"Yoreh De'ah",128,"Turei Zahav (Taz)",9,0,9,0%
"Yoreh De'ah",128,"Yad Ephraim",1,0,1,0%
"Yoreh De'ah",129,"Baer Hetev",30,0,30,0%
"Yoreh De'ah",129,"Be'er HaGolah",20,0,20,0%
"Yoreh De'ah",129,"Biur HaGRA",48,0,48,0%
"Yoreh De'ah",129,"mateh-yehonatan",2,0,2,0%
"Yoreh De'ah",129,"Mechaber and Rama",20,0,20,0%
"Yoreh De'ah",129,"nekudot-hakesef",7,0,7,0%
"Yoreh De'ah",129,"Pitchei Teshuva",6,0,6,0%
"Yoreh De'ah",129,"Siftei Kohen (Shach)",44,0,44,0%
"Yoreh De'ah",129,"Turei Zahav (Taz)",32,0,32,0%
"Yoreh De'ah",129,"Yad Ephraim",6,0,6,0%
"Yoreh De'ah",130,"Baer Hetev",10,0,10,0%
"Yoreh De'ah",130,"Be'er HaGolah",15,0,15,0%
"Yoreh De'ah",130,"Biur HaGRA",25,0,25,0%
"Yoreh De'ah",130,"Mechaber and Rama",10,0,10,0%
"Yoreh De'ah",130,"nekudot-hakesef",1,0,1,0%
"Yoreh De'ah",130,"Pitchei Teshuva",3,0,3,0%
"Yoreh De'ah",130,"Siftei Kohen (Shach)",17,0,17,0%
"Yoreh De'ah",130,"Turei Zahav (Taz)",10,0,10,0%
"Yoreh De'ah",130,"Yad Ephraim",4,0,4,0%
"Yoreh De'ah",131,"Baer Hetev",15,0,15,0%
"Yoreh De'ah",131,"Be'er HaGolah",16,0,16,0%
"Yoreh De'ah",131,"Biur HaGRA",21,0,21,0%
"Yoreh De'ah",131,"mateh-yehonatan",2,0,2,0%
"Yoreh De'ah",131,"Mechaber and Rama",2,0,2,0%
"Yoreh De'ah",131,"nekudot-hakesef",2,0,2,0%
"Yoreh De'ah",131,"Pitchei Teshuva",2,0,2,0%
"Yoreh De'ah",131,"Siftei Kohen (Shach)",18,0,18,0%
"Yoreh De'ah",131,"Turei Zahav (Taz)",2,0,2,0%
"Yoreh De'ah",131,"Yad Ephraim",1,0,1,0%
"Yoreh De'ah",132,"Baer Hetev",21,0,21,0%
"Yoreh De'ah",132,"Be'er HaGolah",14,0,14,0%
"Yoreh De'ah",132,"Biur HaGRA",36,0,36,0%
"Yoreh De'ah",132,"mateh-yehonatan",4,0,4,0%
"Yoreh De'ah",132,"Mechaber and Rama",7,0,7,0%
"Yoreh De'ah",132,"nekudot-hakesef",3,0,3,0%
"Yoreh De'ah",132,"Siftei Kohen (Shach)",40,0,40,0%
"Yoreh De'ah",132,"Turei Zahav (Taz)",11,0,11,0%
"Yoreh De'ah",132,"Yad Ephraim",1,0,1,0%
"Yoreh De'ah",133,"Baer Hetev",10,0,10,0%
"Yoreh De'ah",133,"Be'er HaGolah",7,0,7,0%
"Yoreh De'ah",133,"Biur HaGRA",8,0,8,0%
"Yoreh De'ah",133,"mateh-yehonatan",2,0,2,0%
"Yoreh De'ah",133,"Mechaber and Rama",7,0,7,0%
"Yoreh De'ah",133,"nekudot-hakesef",2,0,2,0%
"Yoreh De'ah",133,"Pitchei Teshuva",1,0,1,0%
"Yoreh De'ah",133,"Siftei Kohen (Shach)",8,0,8,0%
"Yoreh De'ah",133,"Turei Zahav (Taz)",9,0,9,0%
"Yoreh De'ah",133,"Yad Ephraim",1,0,1,0%
"Yoreh De'ah",134,"Baer Hetev",17,0,17,0%
"Yoreh De'ah",134,"Be'er HaGolah",13,0,13,0%
"Yoreh De'ah",134,"Biur HaGRA",33,0,33,0%
"Yoreh De'ah",134,"mateh-yehonatan",5,0,5,0%
"Yoreh De'ah",134,"Mechaber and Rama",13,0,13,0%
"Yoreh De'ah",134,"nekudot-hakesef",3,0,3,0%
"Yoreh De'ah",134,"Pitchei Teshuva",8,0,8,0%
"Yoreh De'ah",134,"Rabbi Akiva Eiger (YD)",3,0,3,0%
"Yoreh De'ah",134,"Siftei Kohen (Shach)",29,0,29,0%
"Yoreh De'ah",134,"Turei Zahav (Taz)",11,0,11,0%
"Yoreh De'ah",134,"Yad Ephraim",1,0,1,0%
"Yoreh De'ah",135,"Baer Hetev",26,0,26,0%
"Yoreh De'ah",135,"Be'er HaGolah",16,0,16,0%
"Yoreh De'ah",135,"Biur HaGRA",53,0,53,0%
"Yoreh De'ah",135,"Mechaber and Rama",16,0,16,0%
"Yoreh De'ah",135,"nekudot-hakesef",3,0,3,0%
"Yoreh De'ah",135,"Pitchei Teshuva",3,0,3,0%
"Yoreh De'ah",135,"Rabbi Akiva Eiger (YD)",1,0,1,0%
"Yoreh De'ah",135,"Siftei Kohen (Shach)",36,0,36,0%
"Yoreh De'ah",135,"Turei Zahav (Taz)",19,0,19,0%
"Yoreh De'ah",135,"Yad Ephraim",1,0,1,0%
"Yoreh De'ah",136,"Baer Hetev",3,0,3,0%
"Yoreh De'ah",136,"Be'er HaGolah",1,0,1,0%
"Yoreh De'ah",136,"Biur HaGRA",5,0,5,0%
"Yoreh De'ah",136,"Mechaber and Rama",1,0,1,0%
"Yoreh De'ah",136,"Siftei Kohen (Shach)",5,0,5,0%
"Yoreh De'ah",136,"Turei Zahav (Taz)",2,0,2,0%
"Yoreh De'ah",137,"Baer Hetev",10,0,10,0%
"Yoreh De'ah",137,"Be'er HaGolah",10,0,10,0%
"Yoreh De'ah",137,"Biur HaGRA",16,0,16,0%
"Yoreh De'ah",137,"Mechaber and Rama",6,0,6,0%
"Yoreh De'ah",137,"nekudot-hakesef",1,0,1,0%
"Yoreh De'ah",137,"Pitchei Teshuva",3,0,3,0%
"Yoreh De'ah",137,"Siftei Kohen (Shach)",19,0,19,0%
"Yoreh De'ah",137,"Turei Zahav (Taz)",8,0,8,0%
"Yoreh De'ah",137,"Yad Ephraim",2,0,2,0%
"Yoreh De'ah",138,"Baer Hetev",13,0,13,0%
"Yoreh De'ah",138,"Be'er HaGolah",25,0,25,0%
"Yoreh De'ah",138,"Biur HaGRA",37,0,37,0%
"Yoreh De'ah",138,"Mechaber and Rama",11,0,11,0%
"Yoreh De'ah",138,"nekudot-hakesef",1,0,1,0%
"Yoreh De'ah",138,"Siftei Kohen (Shach)",10,0,10,0%
"Yoreh De'ah",138,"Turei Zahav (Taz)",14,0,14,0%
"Yoreh De'ah",139,"Baer Hetev",12,0,12,0%
"Yoreh De'ah",139,"Be'er HaGolah",31,0,31,0%
"Yoreh De'ah",139,"Biur HaGRA",33,0,33,0%
"Yoreh De'ah",139,"Mechaber and Rama",15,0,15,0%
"Yoreh De'ah",139,"nekudot-hakesef",1,0,1,0%
"Yoreh De'ah",139,"Siftei Kohen (Shach)",11,0,11,0%
"Yoreh De'ah",139,"Turei Zahav (Taz)",8,0,8,0%
"Yoreh De'ah",140,"Baer Hetev",1,0,1,0%
"Yoreh De'ah",140,"Be'er HaGolah",6,0,6,0%
"Yoreh De'ah",140,"Biur HaGRA",6,0,6,0%
"Yoreh De'ah",140,"Mechaber and Rama",1,0,1,0%
"Yoreh De'ah",140,"Siftei Kohen (Shach)",2,0,2,0%
"Yoreh De'ah",140,"Turei Zahav (Taz)",1,0,1,0%
"Yoreh De'ah",141,"Baer Hetev",26,0,26,0%
"Yoreh De'ah",141,"Be'er HaGolah",8,0,8,0%
"Yoreh De'ah",141,"Biur HaGRA",35,0,35,0%
"Yoreh De'ah",141,"Mechaber and Rama",8,0,8,0%
"Yoreh De'ah",141,"nekudot-hakesef",2,0,2,0%
"Yoreh De'ah",141,"Pitchei Teshuva",8,0,8,0%
"Yoreh De'ah",141,"Rabbi Akiva Eiger (YD)",1,0,1,0%
"Yoreh De'ah",141,"Siftei Kohen (Shach)",36,0,36,0%
"Yoreh De'ah",141,"Turei Zahav (Taz)",15,0,15,0%
"Yoreh De'ah",141,"Yad Ephraim",4,0,4,0%
"Yoreh De'ah",142,"Baer Hetev",27,0,27,0%
"Yoreh De'ah",142,"Be'er HaGolah",15,0,15,0%
"Yoreh De'ah",142,"Biur HaGRA",34,0,34,0%
"Yoreh De'ah",142,"Mechaber and Rama",15,0,15,0%
"Yoreh De'ah",142,"nekudot-hakesef",1,0,1,0%
"Yoreh De'ah",142,"Pitchei Teshuva",3,0,3,0%
"Yoreh De'ah",142,"Rabbi Akiva Eiger (YD)",2,0,2,0%
"Yoreh De'ah",142,"Siftei Kohen (Shach)",42,0,42,0%
"Yoreh De'ah",142,"Turei Zahav (Taz)",18,0,18,0%
"Yoreh De'ah",142,"Yad Ephraim",1,0,1,0%
"Yoreh De'ah",143,"Baer Hetev",8,0,8,0%
"Yoreh De'ah",143,"Be'er HaGolah",6,0,6,0%
"Yoreh De'ah",143,"Biur HaGRA",12,0,12,0%
"Yoreh De'ah",143,"Mechaber and Rama",6,0,6,0%
"Yoreh De'ah",143,"Pitchei Teshuva",1,0,1,0%
"Yoreh De'ah",143,"Siftei Kohen (Shach)",7,0,7,0%
"Yoreh De'ah",143,"Turei Zahav (Taz)",6,0,6,0%
"Yoreh De'ah",144,"Baer Hetev",3,0,3,0%
"Yoreh De'ah",144,"Be'er HaGolah",3,0,3,0%
"Yoreh De'ah",144,"Biur HaGRA",4,0,4,0%
"Yoreh De'ah",144,"Mechaber and Rama",2,0,2,0%
"Yoreh De'ah",144,"nekudot-hakesef",1,0,1,0%
"Yoreh De'ah",144,"Siftei Kohen (Shach)",4,0,4,0%
"Yoreh De'ah",144,"Turei Zahav (Taz)",3,0,3,0%
"Yoreh De'ah",145,"Baer Hetev",19,0,19,0%
"Yoreh De'ah",145,"Be'er HaGolah",24,0,24,0%
"Yoreh De'ah",145,"Biur HaGRA",19,0,19,0%
"Yoreh De'ah",145,"Mechaber and Rama",9,0,9,0%
"Yoreh De'ah",145,"nekudot-hakesef",1,0,1,0%
"Yoreh De'ah",145,"Pitchei Teshuva",3,0,3,0%
"Yoreh De'ah",145,"Siftei Kohen (Shach)",24,0,24,0%
"Yoreh De'ah",145,"Turei Zahav (Taz)",8,0,8,0%
"Yoreh De'ah",145,"Yad Avraham",3,0,3,0%
"Yoreh De'ah",145,"Yad Ephraim",1,0,1,0%
"Yoreh De'ah",146,"Baer Hetev",15,0,15,0%
"Yoreh De'ah",146,"Be'er HaGolah",27,0,27,0%
"Yoreh De'ah",146,"Biur HaGRA",23,0,23,0%
"Yoreh De'ah",146,"Mechaber and Rama",15,0,15,0%
"Yoreh De'ah",146,"nekudot-hakesef",1,0,1,0%
"Yoreh De'ah",146,"Pitchei Teshuva",3,0,3,0%
"Yoreh De'ah",146,"Siftei Kohen (Shach)",14,0,14,0%
"Yoreh De'ah",146,"Turei Zahav (Taz)",12,0,12,0%
"Yoreh De'ah",146,"Yad Ephraim",1,0,1,0%
"Yoreh De'ah",147,"Baer Hetev",2,0,2,0%
"Yoreh De'ah",147,"Be'er HaGolah",6,0,6,0%
"Yoreh De'ah",147,"Biur HaGRA",6,0,6,0%
"Yoreh De'ah",147,"Mechaber and Rama",5,0,5,0%
"Yoreh De'ah",147,"Pitchei Teshuva",3,0,3,0%
"Yoreh De'ah",147,"Siftei Kohen (Shach)",3,0,3,0%
"Yoreh De'ah",147,"Turei Zahav (Taz)",2,0,2,0%
"Yoreh De'ah",147,"Yad Ephraim",1,0,1,0%
"Yoreh De'ah",148,"Baer Hetev",9,0,9,0%
"Yoreh De'ah",148,"Be'er HaGolah",21,0,21,0%
"Yoreh De'ah",148,"Biur HaGRA",17,0,17,0%
"Yoreh De'ah",148,"Mechaber and Rama",12,0,12,0%
"Yoreh De'ah",148,"nekudot-hakesef",3,0,3,0%
"Yoreh De'ah",148,"Pitchei Teshuva",1,0,1,0%
"Yoreh De'ah",148,"Siftei Kohen (Shach)",13,0,13,0%
"Yoreh De'ah",148,"Turei Zahav (Taz)",8,0,8,0%
"Yoreh De'ah",149,"Baer Hetev",11,0,11,0%
"Yoreh De'ah",149,"Be'er HaGolah",5,0,5,0%
"Yoreh De'ah",149,"Biur HaGRA",15,0,15,0%
"Yoreh De'ah",149,"Mechaber and Rama",5,0,5,0%
"Yoreh De'ah",149,"Siftei Kohen (Shach)",13,0,13,0%
"Yoreh De'ah",149,"Turei Zahav (Taz)",6,0,6,0%
"Yoreh De'ah",150,"Baer Hetev",2,0,2,0%
"Yoreh De'ah",150,"Be'er HaGolah",3,0,3,0%
"Yoreh De'ah",150,"Biur HaGRA",5,0,5,0%
"Yoreh De'ah",150,"Mechaber and Rama",3,0,3,0%
"Yoreh De'ah",150,"Siftei Kohen (Shach)",2,0,2,0%
"Yoreh De'ah",150,"Turei Zahav (Taz)",1,0,1,0%
"Yoreh De'ah",151,"Baer Hetev",15,0,15,0%
"Yoreh De'ah",151,"Be'er HaGolah",14,0,14,0%
"Yoreh De'ah",151,"Biur HaGRA",20,0,20,0%
"Yoreh De'ah",151,"Mechaber and Rama",14,0,14,0%
"Yoreh De'ah",151,"Pitchei Teshuva",5,0,5,0%
"Yoreh De'ah",151,"Rabbi Akiva Eiger (YD)",1,0,1,0%
"Yoreh De'ah",151,"Siftei Kohen (Shach)",19,0,19,0%
"Yoreh De'ah",151,"Turei Zahav (Taz)",9,0,9,0%
"Yoreh De'ah",151,"Yad Ephraim",1,0,1,0%
"Yoreh De'ah",152,"Baer Hetev",4,0,4,0%
"Yoreh De'ah",152,"Be'er HaGolah",6,0,6,0%
"Yoreh De'ah",152,"Biur HaGRA",1,0,1,0%
"Yoreh De'ah",152,"Mechaber and Rama",2,0,2,0%
"Yoreh De'ah",152,"nekudot-hakesef",1,0,1,0%
"Yoreh De'ah",152,"Pitchei Teshuva",1,0,1,0%
"Yoreh De'ah",152,"Siftei Kohen (Shach)",2,0,2,0%
"Yoreh De'ah",152,"Turei Zahav (Taz)",3,0,3,0%
"Yoreh De'ah",153,"Baer Hetev",3,0,3,0%
"Yoreh De'ah",153,"Be'er HaGolah",4,0,4,0%
"Yoreh De'ah",153,"Biur HaGRA",9,0,9,0%
"Yoreh De'ah",153,"Mechaber and Rama",4,0,4,0%
"Yoreh De'ah",153,"nekudot-hakesef",1,0,1,0%
"Yoreh De'ah",153,"Pitchei Teshuva",1,0,1,0%
"Yoreh De'ah",153,"Siftei Kohen (Shach)",4,0,4,0%
"Yoreh De'ah",153,"Turei Zahav (Taz)",4,0,4,0%
"Yoreh De'ah",153,"Yad Avraham",1,0,1,0%
"Yoreh De'ah",153,"Yad Ephraim",1,0,1,0%
"Yoreh De'ah",154,"Baer Hetev",4,0,4,0%
"Yoreh De'ah",154,"Be'er HaGolah",8,0,8,0%
"Yoreh De'ah",154,"Biur HaGRA",7,0,7,0%
"Yoreh De'ah",154,"Mechaber and Rama",2,0,2,0%
"Yoreh De'ah",154,"nekudot-hakesef",1,0,1,0%
"Yoreh De'ah",154,"Pitchei Teshuva",2,0,2,0%
"Yoreh De'ah",154,"Rabbi Akiva Eiger (YD)",1,0,1,0%
"Yoreh De'ah",154,"Siftei Kohen (Shach)",4,0,4,0%
"Yoreh De'ah",154,"Turei Zahav (Taz)",5,0,5,0%
"Yoreh De'ah",155,"Baer Hetev",10,0,10,0%
"Yoreh De'ah",155,"Be'er HaGolah",3,0,3,0%
"Yoreh De'ah",155,"Biur HaGRA",24,0,24,0%
"Yoreh De'ah",155,"Mechaber and Rama",3,0,3,0%
"Yoreh De'ah",155,"Pitchei Teshuva",3,0,3,0%
"Yoreh De'ah",155,"Rabbi Akiva Eiger (YD)",3,0,3,0%
"Yoreh De'ah",155,"Siftei Kohen (Shach)",20,0,20,0%
"Yoreh De'ah",155,"Turei Zahav (Taz)",3,0,3,0%
"Yoreh De'ah",155,"Yad Avraham",1,0,1,0%
"Yoreh De'ah",156,"Baer Hetev",2,0,2,0%
"Yoreh De'ah",156,"Be'er HaGolah",6,0,6,0%
"Yoreh De'ah",156,"Biur HaGRA",10,0,10,0%
"Yoreh De'ah",156,"Mechaber and Rama",3,0,3,0%
"Yoreh De'ah",156,"Siftei Kohen (Shach)",2,0,2,0%
"Yoreh De'ah",156,"Turei Zahav (Taz)",1,0,1,0%
"Yoreh De'ah",157,"Baer Hetev",15,0,15,0%
"Yoreh De'ah",157,"Be'er HaGolah",3,0,3,0%
"Yoreh De'ah",157,"Biur HaGRA",27,0,27,0%
"Yoreh De'ah",157,"Mechaber and Rama",3,0,3,0%
"Yoreh De'ah",157,"Pitchei Teshuva",3,0,3,0%
"Yoreh De'ah",157,"Rabbi Akiva Eiger (YD)",3,0,3,0%
"Yoreh De'ah",157,"Siftei Kohen (Shach)",19,0,19,0%
"Yoreh De'ah",157,"Turei Zahav (Taz)",11,0,11,0%
"Yoreh De'ah",157,"Yad Avraham",1,0,1,0%
"Yoreh De'ah",158,"Baer Hetev",2,0,2,0%
"Yoreh De'ah",158,"Be'er HaGolah",7,0,7,0%
"Yoreh De'ah",158,"Biur HaGRA",12,0,12,0%
"Yoreh De'ah",158,"Mechaber and Rama",2,0,2,0%
"Yoreh De'ah",158,"nekudot-hakesef",1,0,1,0%
"Yoreh De'ah",158,"Pitchei Teshuva",2,0,2,0%
"Yoreh De'ah",158,"Rabbi Akiva Eiger (YD)",1,0,1,0%
"Yoreh De'ah",158,"Siftei Kohen (Shach)",7,0,7,0%
"Yoreh De'ah",158,"Turei Zahav (Taz)",1,0,1,0%
"Yoreh De'ah",159,"Baer Hetev",7,0,7,0%
"Yoreh De'ah",159,"Be'er HaGolah",7,0,7,0%
"Yoreh De'ah",159,"Biur HaGRA",6,0,6,0%
"Yoreh De'ah",159,"Mechaber and Rama",3,0,3,0%
"Yoreh De'ah",159,"nekudot-hakesef",1,0,1,0%
"Yoreh De'ah",159,"Pitchei Teshuva",3,0,3,0%
"Yoreh De'ah",159,"Rabbi Akiva Eiger (YD)",2,0,2,0%
"Yoreh De'ah",159,"Siftei Kohen (Shach)",8,0,8,0%
"Yoreh De'ah",159,"Turei Zahav (Taz)",3,0,3,0%
"Yoreh De'ah",159,"Yad Avraham",1,0,1,0%
"Yoreh De'ah",159,"Yad Ephraim",1,0,1,0%
"Yoreh De'ah",160,"Baer Hetev",25,0,25,0%
"Yoreh De'ah",160,"Be'er HaGolah",23,0,23,0%
"Yoreh De'ah",160,"Biur HaGRA",56,0,56,0%
"Yoreh De'ah",160,"Mechaber and Rama",23,0,23,0%
"Yoreh De'ah",160,"nekudot-hakesef",6,0,6,0%
"Yoreh De'ah",160,"Pitchei Teshuva",23,0,23,0%
"Yoreh De'ah",160,"Rabbi Akiva Eiger (YD)",20,0,20,0%
"Yoreh De'ah",160,"Siftei Kohen (Shach)",37,0,37,0%
"Yoreh De'ah",160,"Turei Zahav (Taz)",22,0,22,0%
"Yoreh De'ah",160,"Yad Avraham",9,0,9,0%
"Yoreh De'ah",160,"Yad Ephraim",3,0,3,0%
"Yoreh De'ah",161,"Baer Hetev",15,0,15,0%
"Yoreh De'ah",161,"Be'er HaGolah",17,0,17,0%
"Yoreh De'ah",161,"Biur HaGRA",21,0,21,0%
"Yoreh De'ah",161,"Mechaber and Rama",11,0,11,0%
"Yoreh De'ah",161,"nekudot-hakesef",3,0,3,0%
"Yoreh De'ah",161,"Pitchei Teshuva",11,0,11,0%
"Yoreh De'ah",161,"Rabbi Akiva Eiger (YD)",8,0,8,0%
"Yoreh De'ah",161,"Siftei Kohen (Shach)",20,0,20,0%
"Yoreh De'ah",161,"Turei Zahav (Taz)",10,0,10,0%
"Yoreh De'ah",161,"Yad Avraham",4,0,4,0%
"Yoreh De'ah",161,"Yad Ephraim",4,0,4,0%
"Yoreh De'ah",162,"Baer Hetev",12,0,12,0%
"Yoreh De'ah",162,"Be'er HaGolah",13,0,13,0%
"Yoreh De'ah",162,"Biur HaGRA",17,0,17,0%
"Yoreh De'ah",162,"Mechaber and Rama",5,0,5,0%
"Yoreh De'ah",162,"nekudot-hakesef",4,0,4,0%
"Yoreh De'ah",162,"Pitchei Teshuva",4,0,4,0%
"Yoreh De'ah",162,"Rabbi Akiva Eiger (YD)",5,0,5,0%
"Yoreh De'ah",162,"Siftei Kohen (Shach)",16,0,16,0%
"Yoreh De'ah",162,"Turei Zahav (Taz)",9,0,9,0%
"Yoreh De'ah",162,"Yad Avraham",3,0,3,0%
"Yoreh De'ah",163,"Baer Hetev",6,0,6,0%
"Yoreh De'ah",163,"Be'er HaGolah",6,0,6,0%
"Yoreh De'ah",163,"Biur HaGRA",14,0,14,0%
"Yoreh De'ah",163,"Mechaber and Rama",3,0,3,0%
"Yoreh De'ah",163,"nekudot-hakesef",1,0,1,0%
"Yoreh De'ah",163,"Pitchei Teshuva",2,0,2,0%
"Yoreh De'ah",163,"Rabbi Akiva Eiger (YD)",1,0,1,0%
"Yoreh De'ah",163,"Siftei Kohen (Shach)",11,0,11,0%
"Yoreh De'ah",163,"Turei Zahav (Taz)",7,0,7,0%
"Yoreh De'ah",163,"Yad Avraham",3,0,3,0%
"Yoreh De'ah",164,"Baer Hetev",5,0,5,0%
"Yoreh De'ah",164,"Be'er HaGolah",6,0,6,0%
"Yoreh De'ah",164,"Biur HaGRA",6,0,6,0%
"Yoreh De'ah",164,"Mechaber and Rama",4,0,4,0%
"Yoreh De'ah",164,"nekudot-hakesef",1,0,1,0%
"Yoreh De'ah",164,"Siftei Kohen (Shach)",7,0,7,0%
"Yoreh De'ah",164,"Turei Zahav (Taz)",6,0,6,0%
"Yoreh De'ah",164,"Yad Avraham",3,0,3,0%
"Yoreh De'ah",165,"Baer Hetev",8,0,8,0%
"Yoreh De'ah",165,"Be'er HaGolah",4,0,4,0%
"Yoreh De'ah",165,"Biur HaGRA",6,0,6,0%
"Yoreh De'ah",165,"Mechaber and Rama",1,0,1,0%
"Yoreh De'ah",165,"nekudot-hakesef",1,0,1,0%
"Yoreh De'ah",165,"Pitchei Teshuva",1,0,1,0%
"Yoreh De'ah",165,"Rabbi Akiva Eiger (YD)",1,0,1,0%
"Yoreh De'ah",165,"Siftei Kohen (Shach)",8,0,8,0%
"Yoreh De'ah",165,"Turei Zahav (Taz)",3,0,3,0%
"Yoreh De'ah",165,"Yad Ephraim",1,0,1,0%
"Yoreh De'ah",166,"Baer Hetev",7,0,7,0%
"Yoreh De'ah",166,"Be'er HaGolah",3,0,3,0%
"Yoreh De'ah",166,"Biur HaGRA",11,0,11,0%
"Yoreh De'ah",166,"Mechaber and Rama",3,0,3,0%
"Yoreh De'ah",166,"nekudot-hakesef",2,0,2,0%
"Yoreh De'ah",166,"Pitchei Teshuva",3,0,3,0%
"Yoreh De'ah",166,"Rabbi Akiva Eiger (YD)",2,0,2,0%
"Yoreh De'ah",166,"Siftei Kohen (Shach)",13,0,13,0%
"Yoreh De'ah",166,"Turei Zahav (Taz)",5,0,5,0%
"Yoreh De'ah",166,"Yad Avraham",1,0,1,0%
"Yoreh De'ah",167,"Baer Hetev",2,0,2,0%
"Yoreh De'ah",167,"Be'er HaGolah",1,0,1,0%
"Yoreh De'ah",167,"Biur HaGRA",3,0,3,0%
"Yoreh De'ah",167,"Mechaber and Rama",1,0,1,0%
"Yoreh De'ah",167,"nekudot-hakesef",1,0,1,0%
"Yoreh De'ah",167,"Rabbi Akiva Eiger (YD)",1,0,1,0%
"Yoreh De'ah",167,"Siftei Kohen (Shach)",2,0,2,0%
"Yoreh De'ah",167,"Turei Zahav (Taz)",1,0,1,0%
"Yoreh De'ah",168,"Baer Hetev",60,0,60,0%
"Yoreh De'ah",168,"Be'er HaGolah",27,0,27,0%
"Yoreh De'ah",168,"Biur HaGRA",82,0,82,0%
"Yoreh De'ah",168,"Mechaber and Rama",27,0,27,0%
"Yoreh De'ah",168,"nekudot-hakesef",10,0,10,0%
"Yoreh De'ah",168,"Pitchei Teshuva",7,0,7,0%
"Yoreh De'ah",168,"Rabbi Akiva Eiger (YD)",17,0,17,0%
"Yoreh De'ah",168,"Siftei Kohen (Shach)",83,0,83,0%
"Yoreh De'ah",168,"Turei Zahav (Taz)",37,0,37,0%
"Yoreh De'ah",170,"Baer Hetev",10,0,10,0%
"Yoreh De'ah",170,"Be'er HaGolah",2,0,2,0%
"Yoreh De'ah",170,"Biur HaGRA",14,0,14,0%
"Yoreh De'ah",170,"Mechaber and Rama",2,0,2,0%
"Yoreh De'ah",170,"nekudot-hakesef",2,0,2,0%
"Yoreh De'ah",170,"Pitchei Teshuva",2,0,2,0%
"Yoreh De'ah",170,"Rabbi Akiva Eiger (YD)",2,0,2,0%
"Yoreh De'ah",170,"Siftei Kohen (Shach)",10,0,10,0%
"Yoreh De'ah",170,"Turei Zahav (Taz)",8,0,8,0%
"Yoreh De'ah",170,"Yad Avraham",2,0,2,0%
"Yoreh De'ah",170,"Yad Ephraim",1,0,1,0%
"Yoreh De'ah",171,"Baer Hetev",2,0,2,0%
"Yoreh De'ah",171,"Be'er HaGolah",4,0,4,0%
"Yoreh De'ah",171,"Mechaber and Rama",1,0,1,0%
"Yoreh De'ah",171,"Pitchei Teshuva",1,0,1,0%
"Yoreh De'ah",171,"Rabbi Akiva Eiger (YD)",1,0,1,0%
"Yoreh De'ah",171,"Siftei Kohen (Shach)",3,0,3,0%
"Yoreh De'ah",171,"Turei Zahav (Taz)",2,0,2,0%
"Yoreh De'ah",172,"Baer Hetev",19,0,19,0%
"Yoreh De'ah",172,"Be'er HaGolah",6,0,6,0%
"Yoreh De'ah",172,"Biur HaGRA",21,0,21,0%
"Yoreh De'ah",172,"Mechaber and Rama",6,0,6,0%
"Yoreh De'ah",172,"nekudot-hakesef",2,0,2,0%
"Yoreh De'ah",172,"Pitchei Teshuva",3,0,3,0%
"Yoreh De'ah",172,"Rabbi Akiva Eiger (YD)",6,0,6,0%
"Yoreh De'ah",172,"Siftei Kohen (Shach)",33,0,33,0%
"Yoreh De'ah",172,"Turei Zahav (Taz)",14,0,14,0%
"Yoreh De'ah",172,"Yad Avraham",1,0,1,0%
"Yoreh De'ah",173,"Baer Hetev",27,0,27,0%
"Yoreh De'ah",173,"Be'er HaGolah",19,0,19,0%
"Yoreh De'ah",173,"Biur HaGRA",36,0,36,0%
"Yoreh De'ah",173,"Mechaber and Rama",19,0,19,0%
"Yoreh De'ah",173,"nekudot-hakesef",5,0,5,0%
"Yoreh De'ah",173,"Pitchei Teshuva",10,0,10,0%
"Yoreh De'ah",173,"Rabbi Akiva Eiger (YD)",10,0,10,0%
"Yoreh De'ah",173,"Siftei Kohen (Shach)",34,0,34,0%
"Yoreh De'ah",173,"Turei Zahav (Taz)",32,0,32,0%
"Yoreh De'ah",173,"Yad Avraham",3,0,3,0%
"Yoreh De'ah",174,"Baer Hetev",8,0,8,0%
"Yoreh De'ah",174,"Be'er HaGolah",16,0,16,0%
"Yoreh De'ah",174,"Biur HaGRA",16,0,16,0%
"Yoreh De'ah",174,"Mechaber and Rama",8,0,8,0%
"Yoreh De'ah",174,"nekudot-hakesef",1,0,1,0%
"Yoreh De'ah",174,"Pitchei Teshuva",3,0,3,0%
"Yoreh De'ah",174,"Rabbi Akiva Eiger (YD)",3,0,3,0%
"Yoreh De'ah",174,"Siftei Kohen (Shach)",11,0,11,0%
"Yoreh De'ah",174,"Turei Zahav (Taz)",5,0,5,0%
"Yoreh De'ah",175,"Baer Hetev",11,0,11,0%
"Yoreh De'ah",175,"Be'er HaGolah",19,0,19,0%
"Yoreh De'ah",175,"Biur HaGRA",13,0,13,0%
"Yoreh De'ah",175,"Mechaber and Rama",8,0,8,0%
"Yoreh De'ah",175,"Pitchei Teshuva",3,0,3,0%
"Yoreh De'ah",175,"Siftei Kohen (Shach)",14,0,14,0%
"Yoreh De'ah",175,"Turei Zahav (Taz)",10,0,10,0%
"Yoreh De'ah",175,"Yad Avraham",1,0,1,0%
"Yoreh De'ah",176,"Baer Hetev",9,0,9,0%
"Yoreh De'ah",176,"Be'er HaGolah",8,0,8,0%
"Yoreh De'ah",176,"Biur HaGRA",13,0,13,0%
"Yoreh De'ah",176,"Mechaber and Rama",8,0,8,0%
"Yoreh De'ah",176,"nekudot-hakesef",2,0,2,0%
"Yoreh De'ah",176,"Pitchei Teshuva",1,0,1,0%
"Yoreh De'ah",176,"Rabbi Akiva Eiger (YD)",1,0,1,0%
"Yoreh De'ah",176,"Siftei Kohen (Shach)",9,0,9,0%
"Yoreh De'ah",176,"Turei Zahav (Taz)",9,0,9,0%
"Yoreh De'ah",177,"Baer Hetev",50,0,50,0%
"Yoreh De'ah",177,"Be'er HaGolah",40,0,40,0%
"Yoreh De'ah",177,"Biur HaGRA",72,0,72,0%
"Yoreh De'ah",177,"Mechaber and Rama",40,0,40,0%
"Yoreh De'ah",177,"nekudot-hakesef",8,0,8,0%
"Yoreh De'ah",177,"Pitchei Teshuva",8,0,8,0%
"Yoreh De'ah",177,"Rabbi Akiva Eiger (YD)",4,0,4,0%
"Yoreh De'ah",177,"Siftei Kohen (Shach)",68,0,68,0%
"Yoreh De'ah",177,"Turei Zahav (Taz)",40,0,40,0%
"Yoreh De'ah",177,"Yad Avraham",2,0,2,0%
"Yoreh De'ah",177,"Yad Ephraim",2,0,2,0%
"Yoreh De'ah",178,"Baer Hetev",6,0,6,0%
"Yoreh De'ah",178,"Be'er HaGolah",3,0,3,0%
"Yoreh De'ah",178,"Biur HaGRA",9,0,9,0%
"Yoreh De'ah",178,"Mechaber and Rama",3,0,3,0%
"Yoreh De'ah",178,"Pitchei Teshuva",2,0,2,0%
"Yoreh De'ah",178,"Siftei Kohen (Shach)",6,0,6,0%
"Yoreh De'ah",178,"Turei Zahav (Taz)",8,0,8,0%
"Yoreh De'ah",179,"Baer Hetev",12,0,12,0%
"Yoreh De'ah",179,"Be'er HaGolah",19,0,19,0%
"Yoreh De'ah",179,"Biur HaGRA",31,0,31,0%
"Yoreh De'ah",179,"Mechaber and Rama",19,0,19,0%
"Yoreh De'ah",179,"Pitchei Teshuva",8,0,8,0%
"Yoreh De'ah",179,"Rabbi Akiva Eiger (YD)",2,0,2,0%
"Yoreh De'ah",179,"Siftei Kohen (Shach)",23,0,23,0%
"Yoreh De'ah",179,"Turei Zahav (Taz)",10,0,10,0%
"Yoreh De'ah",180,"Baer Hetev",5,0,5,0%
"Yoreh De'ah",180,"Be'er HaGolah",17,0,17,0%
"Yoreh De'ah",180,"Biur HaGRA",16,0,16,0%
"Yoreh De'ah",180,"Mechaber and Rama",12,0,12,0%
"Yoreh De'ah",180,"Pitchei Teshuva",2,0,2,0%
"Yoreh De'ah",180,"Rabbi Akiva Eiger (YD)",2,0,2,0%
"Yoreh De'ah",180,"Siftei Kohen (Shach)",11,0,11,0%
"Yoreh De'ah",180,"Turei Zahav (Taz)",3,0,3,0%
"Yoreh De'ah",181,"Baer Hetev",6,0,6,0%
"Yoreh De'ah",181,"Be'er HaGolah",15,0,15,0%
"Yoreh De'ah",181,"Biur HaGRA",21,0,21,0%
"Yoreh De'ah",181,"Mechaber and Rama",12,0,12,0%
"Yoreh De'ah",181,"Pitchei Teshuva",6,0,6,0%
"Yoreh De'ah",181,"Rabbi Akiva Eiger (YD)",3,0,3,0%
"Yoreh De'ah",181,"Siftei Kohen (Shach)",8,0,8,0%
"Yoreh De'ah",181,"Turei Zahav (Taz)",4,0,4,0%
"Yoreh De'ah",181,"Yad Ephraim",1,0,1,0%
"Yoreh De'ah",182,"Baer Hetev",5,0,5,0%
"Yoreh De'ah",182,"Be'er HaGolah",6,0,6,0%
"Yoreh De'ah",182,"Biur HaGRA",15,0,15,0%
"Yoreh De'ah",182,"Mechaber and Rama",6,0,6,0%
"Yoreh De'ah",182,"Rabbi Akiva Eiger (YD)",3,0,3,0%
"Yoreh De'ah",182,"Siftei Kohen (Shach)",8,0,8,0%
"Yoreh De'ah",182,"Turei Zahav (Taz)",7,0,7,0%
"Yoreh De'ah",183,"Baer Hetev",6,0,6,0%
"Yoreh De'ah",183,"Be'er HaGolah",1,0,1,0%
"Yoreh De'ah",183,"Biur HaGRA",6,0,6,0%
"Yoreh De'ah",183,"chiddushei-hilkhot-niddah",3,0,3,0%
"Yoreh De'ah",183,"Mechaber and Rama",1,0,1,0%
"Yoreh De'ah",183,"Pitchei Teshuva",1,0,1,0%
"Yoreh De'ah",183,"Rabbi Akiva Eiger (YD)",1,0,1,0%
"Yoreh De'ah",183,"Siftei Kohen (Shach)",4,0,4,0%
"Yoreh De'ah",183,"Tiferet Yisrael",1,0,1,0%
"Yoreh De'ah",183,"Torat HaShlamim",4,0,4,0%
"Yoreh De'ah",183,"Turei Zahav (Taz)",2,0,2,0%
"Yoreh De'ah",183,"Yad Avraham",1,0,1,0%
"Yoreh De'ah",184,"Baer Hetev",18,0,18,0%
"Yoreh De'ah",184,"Be'er HaGolah",19,0,19,0%
"Yoreh De'ah",184,"Biur HaGRA",27,0,27,0%
"Yoreh De'ah",184,"chiddushei-hilkhot-niddah",14,0,14,0%
"Yoreh De'ah",184,"Mechaber and Rama",12,0,12,0%
"Yoreh De'ah",184,"nekudot-hakesef",2,0,2,0%
"Yoreh De'ah",184,"Pitchei Teshuva",12,0,12,0%
"Yoreh De'ah",184,"Rabbi Akiva Eiger (YD)",9,0,9,0%
"Yoreh De'ah",184,"Siftei Kohen (Shach)",34,0,34,0%
"Yoreh De'ah",184,"Tiferet Yisrael",4,0,4,0%
"Yoreh De'ah",184,"Torat HaShlamim",24,0,24,0%
"Yoreh De'ah",184,"Turei Zahav (Taz)",16,0,16,0%
"Yoreh De'ah",184,"Yad Avraham",2,0,2,0%
"Yoreh De'ah",185,"Baer Hetev",5,0,5,0%
"Yoreh De'ah",185,"Be'er HaGolah",6,0,6,0%
"Yoreh De'ah",185,"Biur HaGRA",13,0,13,0%
"Yoreh De'ah",185,"chiddushei-hilkhot-niddah",4,0,4,0%
"Yoreh De'ah",185,"Mechaber and Rama",4,0,4,0%
"Yoreh De'ah",185,"nekudot-hakesef",2,0,2,0%
"Yoreh De'ah",185,"Pitchei Teshuva",4,0,4,0%
"Yoreh De'ah",185,"Rabbi Akiva Eiger (YD)",1,0,1,0%
"Yoreh De'ah",185,"Siftei Kohen (Shach)",6,0,6,0%
"Yoreh De'ah",185,"Tiferet Yisrael",4,0,4,0%
"Yoreh De'ah",185,"Torat HaShlamim",11,0,11,0%
"Yoreh De'ah",185,"Turei Zahav (Taz)",3,0,3,0%
"Yoreh De'ah",185,"Yad Avraham",2,0,2,0%
"Yoreh De'ah",186,"Baer Hetev",2,0,2,0%
"Yoreh De'ah",186,"Be'er HaGolah",10,0,10,0%
"Yoreh De'ah",186,"Biur HaGRA",7,0,7,0%
"Yoreh De'ah",186,"chiddushei-hilkhot-niddah",4,0,4,0%
"Yoreh De'ah",186,"Mechaber and Rama",5,0,5,0%
"Yoreh De'ah",186,"Pitchei Teshuva",4,0,4,0%
"Yoreh De'ah",186,"Rabbi Akiva Eiger (YD)",1,0,1,0%
"Yoreh De'ah",186,"Siftei Kohen (Shach)",2,0,2,0%
"Yoreh De'ah",186,"Torat HaShlamim",3,0,3,0%
"Yoreh De'ah",187,"Baer Hetev",28,0,28,0%
"Yoreh De'ah",187,"Be'er HaGolah",14,0,14,0%
"Yoreh De'ah",187,"Biur HaGRA",27,0,27,0%
"Yoreh De'ah",187,"chiddushei-hilkhot-niddah",14,0,14,0%
"Yoreh De'ah",187,"Mechaber and Rama",14,0,14,0%
"Yoreh De'ah",187,"nekudot-hakesef",4,0,4,0%
"Yoreh De'ah",187,"Pitchei Teshuva",14,0,14,0%
"Yoreh De'ah",187,"Rabbi Akiva Eiger (YD)",3,0,3,0%
"Yoreh De'ah",187,"Siftei Kohen (Shach)",37,0,37,0%
"Yoreh De'ah",187,"Tiferet Yisrael",4,0,4,0%
"Yoreh De'ah",187,"Torat HaShlamim",41,0,41,0%
"Yoreh De'ah",187,"Turei Zahav (Taz)",17,0,17,0%
"Yoreh De'ah",187,"Yad Avraham",5,0,5,0%
"Yoreh De'ah",188,"Baer Hetev",7,0,7,0%
"Yoreh De'ah",188,"Be'er HaGolah",6,0,6,0%
"Yoreh De'ah",188,"Biur HaGRA",23,0,23,0%
"Yoreh De'ah",188,"chiddushei-hilkhot-niddah",5,0,5,0%
"Yoreh De'ah",188,"Mechaber and Rama",6,0,6,0%
"Yoreh De'ah",188,"nekudot-hakesef",1,0,1,0%
"Yoreh De'ah",188,"Pitchei Teshuva",6,0,6,0%
"Yoreh De'ah",188,"Rabbi Akiva Eiger (YD)",1,0,1,0%
"Yoreh De'ah",188,"Siftei Kohen (Shach)",18,0,18,0%
"Yoreh De'ah",188,"Tiferet Yisrael",2,0,2,0%
"Yoreh De'ah",188,"Torat HaShlamim",13,0,13,0%
"Yoreh De'ah",188,"Turei Zahav (Taz)",7,0,7,0%
"Yoreh De'ah",188,"Yad Avraham",2,0,2,0%
"Yoreh De'ah",189,"Baer Hetev",56,0,56,0%
"Yoreh De'ah",189,"Be'er HaGolah",34,0,34,0%
"Yoreh De'ah",189,"Biur HaGRA",58,0,58,0%
"Yoreh De'ah",189,"chiddushei-hilkhot-niddah",32,0,32,0%
"Yoreh De'ah",189,"Mechaber and Rama",34,0,34,0%
"Yoreh De'ah",189,"nekudot-hakesef",13,0,13,0%
"Yoreh De'ah",189,"Pitchei Teshuva",32,0,32,0%
"Yoreh De'ah",189,"Rabbi Akiva Eiger (YD)",4,0,4,0%
"Yoreh De'ah",189,"Siftei Kohen (Shach)",76,0,76,0%
"Yoreh De'ah",189,"Tiferet Yisrael",6,0,6,0%
"Yoreh De'ah",189,"Torat HaShlamim",59,0,59,0%
"Yoreh De'ah",189,"Turei Zahav (Taz)",50,0,50,0%
"Yoreh De'ah",190,"Baer Hetev",56,0,56,0%
"Yoreh De'ah",190,"Be'er HaGolah",54,0,54,0%
"Yoreh De'ah",190,"Biur HaGRA",61,0,61,0%
"Yoreh De'ah",190,"chiddushei-hilkhot-niddah",25,0,25,0%
"Yoreh De'ah",190,"Mechaber and Rama",54,0,54,0%
"Yoreh De'ah",190,"nekudot-hakesef",10,0,10,0%
"Yoreh De'ah",190,"Pitchei Teshuva",44,0,44,0%
"Yoreh De'ah",190,"Rabbi Akiva Eiger (YD)",23,0,23,0%
"Yoreh De'ah",190,"Siftei Kohen (Shach)",74,0,74,0%
"Yoreh De'ah",190,"Tiferet Yisrael",6,0,6,0%
"Yoreh De'ah",190,"Torat HaShlamim",54,0,54,0%
"Yoreh De'ah",190,"Turei Zahav (Taz)",41,0,41,0%
"Yoreh De'ah",190,"Yad Avraham",4,0,4,0%
"Yoreh De'ah",191,"Baer Hetev",7,0,7,0%
"Yoreh De'ah",191,"Be'er HaGolah",1,0,1,0%
"Yoreh De'ah",191,"Biur HaGRA",8,0,8,0%
"Yoreh De'ah",191,"chiddushei-hilkhot-niddah",6,0,6,0%
"Yoreh De'ah",191,"Mechaber and Rama",1,0,1,0%
"Yoreh De'ah",191,"Pitchei Teshuva",1,0,1,0%
"Yoreh De'ah",191,"Siftei Kohen (Shach)",11,0,11,0%
"Yoreh De'ah",191,"Tiferet Yisrael",1,0,1,0%
"Yoreh De'ah",191,"Torat HaShlamim",5,0,5,0%
"Yoreh De'ah",191,"Turei Zahav (Taz)",4,0,4,0%
"Yoreh De'ah",192,"Baer Hetev",8,0,8,0%
"Yoreh De'ah",192,"Be'er HaGolah",5,0,5,0%
"Yoreh De'ah",192,"Biur HaGRA",11,0,11,0%
"Yoreh De'ah",192,"chiddushei-hilkhot-niddah",4,0,4,0%
"Yoreh De'ah",192,"Mechaber and Rama",5,0,5,0%
"Yoreh De'ah",192,"nekudot-hakesef",2,0,2,0%
"Yoreh De'ah",192,"Pitchei Teshuva",5,0,5,0%
"Yoreh De'ah",192,"Rabbi Akiva Eiger (YD)",3,0,3,0%
"Yoreh De'ah",192,"Siftei Kohen (Shach)",14,0,14,0%
"Yoreh De'ah",192,"Torat HaShlamim",9,0,9,0%
"Yoreh De'ah",192,"Turei Zahav (Taz)",8,0,8,0%
"Yoreh De'ah",193,"Baer Hetev",2,0,2,0%
"Yoreh De'ah",193,"Be'er HaGolah",8,0,8,0%
"Yoreh De'ah",193,"Biur HaGRA",4,0,4,0%
"Yoreh De'ah",193,"chiddushei-hilkhot-niddah",1,0,1,0%
"Yoreh De'ah",193,"Mechaber and Rama",1,0,1,0%
"Yoreh De'ah",193,"Siftei Kohen (Shach)",2,0,2,0%
"Yoreh De'ah",193,"Tiferet Yisrael",1,0,1,0%
"Yoreh De'ah",193,"Torat HaShlamim",1,0,1,0%
"Yoreh De'ah",193,"Turei Zahav (Taz)",4,0,4,0%
"Yoreh De'ah",194,"Baer Hetev",11,0,11,0%
"Yoreh De'ah",194,"Be'er HaGolah",14,0,14,0%
"Yoreh De'ah",194,"Biur HaGRA",18,0,18,0%
"Yoreh De'ah",194,"chiddushei-hilkhot-niddah",4,0,4,0%
"Yoreh De'ah",194,"Mechaber and Rama",14,0,14,0%
"Yoreh De'ah",194,"Pitchei Teshuva",9,0,9,0%
"Yoreh De'ah",194,"Siftei Kohen (Shach)",11,0,11,0%
"Yoreh De'ah",194,"Torat HaShlamim",5,0,5,0%
"Yoreh De'ah",194,"Turei Zahav (Taz)",3,0,3,0%
"Yoreh De'ah",195,"Baer Hetev",12,0,12,0%
"Yoreh De'ah",195,"Be'er HaGolah",17,0,17,0%
"Yoreh De'ah",195,"Biur HaGRA",21,0,21,0%
"Yoreh De'ah",195,"chiddushei-hilkhot-niddah",6,0,6,0%
"Yoreh De'ah",195,"Mechaber and Rama",17,0,17,0%
"Yoreh De'ah",195,"nekudot-hakesef",2,0,2,0%
"Yoreh De'ah",195,"Pitchei Teshuva",17,0,17,0%
"Yoreh De'ah",195,"Rabbi Akiva Eiger (YD)",4,0,4,0%
"Yoreh De'ah",195,"Siftei Kohen (Shach)",20,0,20,0%
"Yoreh De'ah",195,"Torat HaShlamim",15,0,15,0%
"Yoreh De'ah",195,"Turei Zahav (Taz)",9,0,9,0%
"Yoreh De'ah",196,"Baer Hetev",17,0,17,0%
"Yoreh De'ah",196,"Be'er HaGolah",13,0,13,0%
"Yoreh De'ah",196,"Biur HaGRA",36,0,36,0%
"Yoreh De'ah",196,"Mechaber and Rama",13,0,13,0%
"Yoreh De'ah",196,"nekudot-hakesef",1,0,1,0%
"Yoreh De'ah",196,"Pitchei Teshuva",13,0,13,0%
"Yoreh De'ah",196,"Rabbi Akiva Eiger (YD)",1,0,1,0%
"Yoreh De'ah",196,"Siftei Kohen (Shach)",25,0,25,0%
"Yoreh De'ah",196,"Tiferet Yisrael",9,0,9,0%
"Yoreh De'ah",196,"Torat HaShlamim",23,0,23,0%
"Yoreh De'ah",196,"Turei Zahav (Taz)",11,0,11,0%
"Yoreh De'ah",197,"Baer Hetev",10,0,10,0%
"Yoreh De'ah",197,"Be'er HaGolah",12,0,12,0%
"Yoreh De'ah",197,"Biur HaGRA",13,0,13,0%
"Yoreh De'ah",197,"Mechaber and Rama",5,0,5,0%
"Yoreh De'ah",197,"nekudot-hakesef",1,0,1,0%
"Yoreh De'ah",197,"Pitchei Teshuva",5,0,5,0%
"Yoreh De'ah",197,"Rabbi Akiva Eiger (YD)",1,0,1,0%
"Yoreh De'ah",197,"Siftei Kohen (Shach)",11,0,11,0%
"Yoreh De'ah",197,"Torat HaShlamim",9,0,9,0%
"Yoreh De'ah",197,"Turei Zahav (Taz)",8,0,8,0%
"Yoreh De'ah",197,"Yad Ephraim",1,0,1,0%
"Yoreh De'ah",198,"Baer Hetev",47,0,47,0%
"Yoreh De'ah",198,"Be'er HaGolah",48,0,48,0%
"Yoreh De'ah",198,"Biur HaGRA",59,0,59,0%
"Yoreh De'ah",198,"Mechaber and Rama",48,0,48,0%
"Yoreh De'ah",198,"nekudot-hakesef",3,0,3,0%
"Yoreh De'ah",198,"Pitchei Teshuva",29,0,29,0%
"Yoreh De'ah",198,"Rabbi Akiva Eiger (YD)",9,0,9,0%
"Yoreh De'ah",198,"Siftei Kohen (Shach)",62,0,62,0%
"Yoreh De'ah",198,"Turei Zahav (Taz)",40,0,40,0%
"Yoreh De'ah",199,"Baer Hetev",17,0,17,0%
"Yoreh De'ah",199,"Be'er HaGolah",32,0,32,0%
"Yoreh De'ah",199,"Biur HaGRA",31,0,31,0%
"Yoreh De'ah",199,"Mechaber and Rama",13,0,13,0%
"Yoreh De'ah",199,"nekudot-hakesef",1,0,1,0%
"Yoreh De'ah",199,"Pitchei Teshuva",6,0,6,0%
"Yoreh De'ah",199,"Siftei Kohen (Shach)",21,0,21,0%
"Yoreh De'ah",199,"Turei Zahav (Taz)",12,0,12,0%
"Yoreh De'ah",200,"Baer Hetev",1,0,1,0%
"Yoreh De'ah",200,"Be'er HaGolah",3,0,3,0%
"Yoreh De'ah",200,"Biur HaGRA",4,0,4,0%
"Yoreh De'ah",200,"Mechaber and Rama",1,0,1,0%
"Yoreh De'ah",200,"Pitchei Teshuva",1,0,1,0%
"Yoreh De'ah",200,"Siftei Kohen (Shach)",1,0,1,0%
"Yoreh De'ah",200,"Turei Zahav (Taz)",3,0,3,0%
"Yoreh De'ah",201,"Baer Hetev",110,0,110,0%
"Yoreh De'ah",201,"Be'er HaGolah",75,0,75,0%
"Yoreh De'ah",201,"Biur HaGRA",127,0,127,0%
"Yoreh De'ah",201,"Mechaber and Rama",75,0,75,0%
"Yoreh De'ah",201,"nekudot-hakesef",5,0,5,0%
"Yoreh De'ah",201,"Pitchei Teshuva",46,0,46,0%
"Yoreh De'ah",201,"Rabbi Akiva Eiger (YD)",10,0,10,0%
"Yoreh De'ah",201,"Siftei Kohen (Shach)",151,0,151,0%
"Yoreh De'ah",201,"Turei Zahav (Taz)",75,0,75,0%
"Yoreh De'ah",201,"Yad Avraham",1,0,1,0%
"Yoreh De'ah",202,"Baer Hetev",9,0,9,0%
"Yoreh De'ah",202,"Be'er HaGolah",11,0,11,0%
"Yoreh De'ah",202,"Biur HaGRA",11,0,11,0%
"Yoreh De'ah",202,"Mechaber and Rama",9,0,9,0%
"Yoreh De'ah",202,"nekudot-hakesef",1,0,1,0%
"Yoreh De'ah",202,"Siftei Kohen (Shach)",7,0,7,0%
"Yoreh De'ah",202,"Turei Zahav (Taz)",9,0,9,0%
"Yoreh De'ah",203,"Baer Hetev",7,0,7,0%
"Yoreh De'ah",203,"Be'er HaGolah",7,0,7,0%
"Yoreh De'ah",203,"Biur HaGRA",8,0,8,0%
"Yoreh De'ah",203,"Mechaber and Rama",7,0,7,0%
"Yoreh De'ah",203,"Pitchei Teshuva",2,0,2,0%
"Yoreh De'ah",203,"Rabbi Akiva Eiger (YD)",2,0,2,0%
"Yoreh De'ah",203,"Siftei Kohen (Shach)",6,0,6,0%
"Yoreh De'ah",203,"Turei Zahav (Taz)",5,0,5,0%
"Yoreh De'ah",204,"Baer Hetev",6,0,6,0%
"Yoreh De'ah",204,"Be'er HaGolah",4,0,4,0%
"Yoreh De'ah",204,"Biur HaGRA",7,0,7,0%
"Yoreh De'ah",204,"Mechaber and Rama",4,0,4,0%
"Yoreh De'ah",204,"Pitchei Teshuva",1,0,1,0%
"Yoreh De'ah",204,"Rabbi Akiva Eiger (YD)",4,0,4,0%
"Yoreh De'ah",204,"Siftei Kohen (Shach)",9,0,9,0%
"Yoreh De'ah",204,"Turei Zahav (Taz)",5,0,5,0%
"Yoreh De'ah",205,"Baer Hetev",5,0,5,0%
"Yoreh De'ah",205,"Be'er HaGolah",2,0,2,0%
"Yoreh De'ah",205,"Biur HaGRA",7,0,7,0%
"Yoreh De'ah",205,"Mechaber and Rama",2,0,2,0%
"Yoreh De'ah",205,"nekudot-hakesef",1,0,1,0%
"Yoreh De'ah",205,"Pitchei Teshuva",1,0,1,0%
"Yoreh De'ah",205,"Rabbi Akiva Eiger (YD)",1,0,1,0%
"Yoreh De'ah",205,"Siftei Kohen (Shach)",10,0,10,0%
"Yoreh De'ah",205,"Turei Zahav (Taz)",5,0,5,0%
"Yoreh De'ah",206,"Baer Hetev",9,0,9,0%
"Yoreh De'ah",206,"Be'er HaGolah",5,0,5,0%
"Yoreh De'ah",206,"Biur HaGRA",21,0,21,0%
"Yoreh De'ah",206,"Mechaber and Rama",5,0,5,0%
"Yoreh De'ah",206,"Pitchei Teshuva",2,0,2,0%
"Yoreh De'ah",206,"Rabbi Akiva Eiger (YD)",5,0,5,0%
"Yoreh De'ah",206,"Siftei Kohen (Shach)",10,0,10,0%
"Yoreh De'ah",206,"Turei Zahav (Taz)",7,0,7,0%
"Yoreh De'ah",206,"Yad Avraham",1,0,1,0%
"Yoreh De'ah",207,"Baer Hetev",2,0,2,0%
"Yoreh De'ah",207,"Be'er HaGolah",3,0,3,0%
"Yoreh De'ah",207,"Biur HaGRA",3,0,3,0%
"Yoreh De'ah",207,"Mechaber and Rama",1,0,1,0%
"Yoreh De'ah",207,"Rabbi Akiva Eiger (YD)",1,0,1,0%
"Yoreh De'ah",207,"Siftei Kohen (Shach)",2,0,2,0%
"Yoreh De'ah",207,"Turei Zahav (Taz)",1,0,1,0%
"Yoreh De'ah",208,"Baer Hetev",10,0,10,0%
"Yoreh De'ah",208,"Be'er HaGolah",15,0,15,0%
"Yoreh De'ah",208,"Biur HaGRA",7,0,7,0%
"Yoreh De'ah",208,"Mechaber and Rama",5,0,5,0%
"Yoreh De'ah",208,"nekudot-hakesef",1,0,1,0%
"Yoreh De'ah",208,"Pitchei Teshuva",5,0,5,0%
"Yoreh De'ah",208,"Rabbi Akiva Eiger (YD)",4,0,4,0%
"Yoreh De'ah",208,"Siftei Kohen (Shach)",16,0,16,0%
"Yoreh De'ah",208,"Turei Zahav (Taz)",4,0,4,0%
"Yoreh De'ah",208,"Yad Avraham",2,0,2,0%
"Yoreh De'ah",209,"Baer Hetev",1,0,1,0%
"Yoreh De'ah",209,"Be'er HaGolah",3,0,3,0%
"Yoreh De'ah",209,"Biur HaGRA",3,0,3,0%
"Yoreh De'ah",209,"Mechaber and Rama",1,0,1,0%
"Yoreh De'ah",209,"nekudot-hakesef",1,0,1,0%
"Yoreh De'ah",209,"Pitchei Teshuva",1,0,1,0%
"Yoreh De'ah",209,"Siftei Kohen (Shach)",2,0,2,0%
"Yoreh De'ah",209,"Turei Zahav (Taz)",1,0,1,0%
"Yoreh De'ah",210,"Baer Hetev",5,0,5,0%
"Yoreh De'ah",210,"Be'er HaGolah",3,0,3,0%
"Yoreh De'ah",210,"Biur HaGRA",9,0,9,0%
"Yoreh De'ah",210,"Mechaber and Rama",3,0,3,0%
"Yoreh De'ah",210,"nekudot-hakesef",1,0,1,0%
"Yoreh De'ah",210,"Pitchei Teshuva",3,0,3,0%
"Yoreh De'ah",210,"Rabbi Akiva Eiger (YD)",2,0,2,0%
"Yoreh De'ah",210,"Siftei Kohen (Shach)",7,0,7,0%
"Yoreh De'ah",210,"Turei Zahav (Taz)",5,0,5,0%
"Yoreh De'ah",210,"Yad Avraham",1,0,1,0%
"Yoreh De'ah",211,"Baer Hetev",4,0,4,0%
"Yoreh De'ah",211,"Be'er HaGolah",9,0,9,0%
"Yoreh De'ah",211,"Biur HaGRA",4,0,4,0%
"Yoreh De'ah",211,"Mechaber and Rama",4,0,4,0%
"Yoreh De'ah",211,"nekudot-hakesef",3,0,3,0%
"Yoreh De'ah",211,"Pitchei Teshuva",2,0,2,0%
"Yoreh De'ah",211,"Rabbi Akiva Eiger (YD)",2,0,2,0%
"Yoreh De'ah",211,"Siftei Kohen (Shach)",5,0,5,0%
"Yoreh De'ah",211,"Turei Zahav (Taz)",4,0,4,0%
"Yoreh De'ah",212,"Baer Hetev",3,0,3,0%
"Yoreh De'ah",212,"Be'er HaGolah",4,0,4,0%
"Yoreh De'ah",212,"Biur HaGRA",3,0,3,0%
"Yoreh De'ah",212,"Mechaber and Rama",1,0,1,0%
"Yoreh De'ah",212,"Pitchei Teshuva",1,0,1,0%
"Yoreh De'ah",212,"Rabbi Akiva Eiger (YD)",1,0,1,0%
"Yoreh De'ah",212,"Siftei Kohen (Shach)",3,0,3,0%
"Yoreh De'ah",212,"Turei Zahav (Taz)",2,0,2,0%
"Yoreh De'ah",213,"Baer Hetev",6,0,6,0%
"Yoreh De'ah",213,"Be'er HaGolah",11,0,11,0%
"Yoreh De'ah",213,"Biur HaGRA",7,0,7,0%
"Yoreh De'ah",213,"Mechaber and Rama",3,0,3,0%
"Yoreh De'ah",213,"Pitchei Teshuva",1,0,1,0%
"Yoreh De'ah",213,"Rabbi Akiva Eiger (YD)",3,0,3,0%
"Yoreh De'ah",213,"Siftei Kohen (Shach)",8,0,8,0%
"Yoreh De'ah",213,"Turei Zahav (Taz)",3,0,3,0%
"Yoreh De'ah",213,"Yad Avraham",1,0,1,0%
"Yoreh De'ah",214,"Baer Hetev",6,0,6,0%
"Yoreh De'ah",214,"Be'er HaGolah",7,0,7,0%
"Yoreh De'ah",214,"Biur HaGRA",8,0,8,0%
"Yoreh De'ah",214,"Mechaber and Rama",2,0,2,0%
"Yoreh De'ah",214,"Pitchei Teshuva",2,0,2,0%
"Yoreh De'ah",214,"Siftei Kohen (Shach)",8,0,8,0%
"Yoreh De'ah",215,"Baer Hetev",12,0,12,0%
"Yoreh De'ah",215,"Be'er HaGolah",6,0,6,0%
"Yoreh De'ah",215,"Biur HaGRA",14,0,14,0%
"Yoreh De'ah",215,"Mechaber and Rama",6,0,6,0%
"Yoreh De'ah",215,"nekudot-hakesef",2,0,2,0%
"Yoreh De'ah",215,"Pitchei Teshuva",2,0,2,0%
"Yoreh De'ah",215,"Rabbi Akiva Eiger (YD)",4,0,4,0%
"Yoreh De'ah",215,"Siftei Kohen (Shach)",17,0,17,0%
"Yoreh De'ah",215,"Turei Zahav (Taz)",7,0,7,0%
"Yoreh De'ah",215,"Yad Avraham",2,0,2,0%
"Yoreh De'ah",216,"Baer Hetev",18,0,18,0%
"Yoreh De'ah",216,"Be'er HaGolah",12,0,12,0%
"Yoreh De'ah",216,"Biur HaGRA",28,0,28,0%
"Yoreh De'ah",216,"Mechaber and Rama",12,0,12,0%
"Yoreh De'ah",216,"nekudot-hakesef",1,0,1,0%
"Yoreh De'ah",216,"Pitchei Teshuva",5,0,5,0%
"Yoreh De'ah",216,"Rabbi Akiva Eiger (YD)",9,0,9,0%
"Yoreh De'ah",216,"Siftei Kohen (Shach)",27,0,27,0%
"Yoreh De'ah",216,"Turei Zahav (Taz)",13,0,13,0%
"Yoreh De'ah",217,"Baer Hetev",32,0,32,0%
"Yoreh De'ah",217,"Be'er HaGolah",48,0,48,0%
"Yoreh De'ah",217,"Biur HaGRA",49,0,49,0%
"Yoreh De'ah",217,"Mechaber and Rama",48,0,48,0%
"Yoreh De'ah",217,"nekudot-hakesef",3,0,3,0%
"Yoreh De'ah",217,"Pitchei Teshuva",16,0,16,0%
"Yoreh De'ah",217,"Rabbi Akiva Eiger (YD)",22,0,22,0%
"Yoreh De'ah",217,"Siftei Kohen (Shach)",49,0,49,0%
"Yoreh De'ah",217,"Turei Zahav (Taz)",39,0,39,0%
"Yoreh De'ah",217,"Yad Avraham",4,0,4,0%
"Yoreh De'ah",218,"Baer Hetev",6,0,6,0%
"Yoreh De'ah",218,"Be'er HaGolah",8,0,8,0%
"Yoreh De'ah",218,"Biur HaGRA",16,0,16,0%
"Yoreh De'ah",218,"Mechaber and Rama",6,0,6,0%
"Yoreh De'ah",218,"nekudot-hakesef",1,0,1,0%
"Yoreh De'ah",218,"Pitchei Teshuva",5,0,5,0%
"Yoreh De'ah",218,"Rabbi Akiva Eiger (YD)",6,0,6,0%
"Yoreh De'ah",218,"Siftei Kohen (Shach)",7,0,7,0%
"Yoreh De'ah",218,"Turei Zahav (Taz)",4,0,4,0%
"Yoreh De'ah",219,"Baer Hetev",2,0,2,0%
"Yoreh De'ah",219,"Be'er HaGolah",4,0,4,0%
"Yoreh De'ah",219,"Biur HaGRA",1,0,1,0%
"Yoreh De'ah",219,"Mechaber and Rama",3,0,3,0%
"Yoreh De'ah",219,"nekudot-hakesef",1,0,1,0%
"Yoreh De'ah",219,"Pitchei Teshuva",2,0,2,0%
"Yoreh De'ah",219,"Rabbi Akiva Eiger (YD)",1,0,1,0%
"Yoreh De'ah",219,"Siftei Kohen (Shach)",4,0,4,0%
"Yoreh De'ah",219,"Turei Zahav (Taz)",1,0,1,0%
"Yoreh De'ah",220,"Baer Hetev",21,0,21,0%
"Yoreh De'ah",220,"Be'er HaGolah",23,0,23,0%
"Yoreh De'ah",220,"Biur HaGRA",28,0,28,0%
"Yoreh De'ah",220,"Mechaber and Rama",23,0,23,0%
"Yoreh De'ah",220,"nekudot-hakesef",2,0,2,0%
"Yoreh De'ah",220,"Pitchei Teshuva",6,0,6,0%
"Yoreh De'ah",220,"Rabbi Akiva Eiger (YD)",7,0,7,0%
"Yoreh De'ah",220,"Siftei Kohen (Shach)",38,0,38,0%
"Yoreh De'ah",220,"Turei Zahav (Taz)",20,0,20,0%
"Yoreh De'ah",221,"Baer Hetev",41,0,41,0%
"Yoreh De'ah",221,"Be'er HaGolah",14,0,14,0%
"Yoreh De'ah",221,"Biur HaGRA",40,0,40,0%
"Yoreh De'ah",221,"Mechaber and Rama",14,0,14,0%
"Yoreh De'ah",221,"nekudot-hakesef",7,0,7,0%
"Yoreh De'ah",221,"Pitchei Teshuva",8,0,8,0%
"Yoreh De'ah",221,"Rabbi Akiva Eiger (YD)",13,0,13,0%
"Yoreh De'ah",221,"Siftei Kohen (Shach)",60,0,60,0%
"Yoreh De'ah",221,"Turei Zahav (Taz)",44,0,44,0%
"Yoreh De'ah",222,"Baer Hetev",3,0,3,0%
"Yoreh De'ah",222,"Be'er HaGolah",1,0,1,0%
"Yoreh De'ah",222,"Biur HaGRA",1,0,1,0%
"Yoreh De'ah",222,"Mechaber and Rama",1,0,1,0%
"Yoreh De'ah",222,"nekudot-hakesef",1,0,1,0%
"Yoreh De'ah",222,"Pitchei Teshuva",1,0,1,0%
"Yoreh De'ah",222,"Siftei Kohen (Shach)",3,0,3,0%
"Yoreh De'ah",222,"Turei Zahav (Taz)",3,0,3,0%
"Yoreh De'ah",223,"Baer Hetev",3,0,3,0%
"Yoreh De'ah",223,"Be'er HaGolah",4,0,4,0%
"Yoreh De'ah",223,"Biur HaGRA",4,0,4,0%
"Yoreh De'ah",223,"Mechaber and Rama",4,0,4,0%
"Yoreh De'ah",223,"nekudot-hakesef",1,0,1,0%
"Yoreh De'ah",223,"Rabbi Akiva Eiger (YD)",1,0,1,0%
"Yoreh De'ah",223,"Siftei Kohen (Shach)",5,0,5,0%
"Yoreh De'ah",223,"Turei Zahav (Taz)",5,0,5,0%
"Yoreh De'ah",224,"Baer Hetev",2,0,2,0%
"Yoreh De'ah",224,"Be'er HaGolah",7,0,7,0%
"Yoreh De'ah",224,"Biur HaGRA",4,0,4,0%
"Yoreh De'ah",224,"Mechaber and Rama",1,0,1,0%
"Yoreh De'ah",224,"Pitchei Teshuva",1,0,1,0%
"Yoreh De'ah",224,"Rabbi Akiva Eiger (YD)",1,0,1,0%
"Yoreh De'ah",224,"Siftei Kohen (Shach)",3,0,3,0%
"Yoreh De'ah",224,"Turei Zahav (Taz)",3,0,3,0%
"Yoreh De'ah",225,"Baer Hetev",1,0,1,0%
"Yoreh De'ah",225,"Be'er HaGolah",2,0,2,0%
"Yoreh De'ah",225,"Biur HaGRA",1,0,1,0%
"Yoreh De'ah",225,"Mechaber and Rama",1,0,1,0%
"Yoreh De'ah",225,"Pitchei Teshuva",1,0,1,0%
"Yoreh De'ah",225,"Siftei Kohen (Shach)",1,0,1,0%
"Yoreh De'ah",226,"Baer Hetev",8,0,8,0%
"Yoreh De'ah",226,"Be'er HaGolah",3,0,3,0%
"Yoreh De'ah",226,"Biur HaGRA",12,0,12,0%
"Yoreh De'ah",226,"Mechaber and Rama",3,0,3,0%
"Yoreh De'ah",226,"nekudot-hakesef",2,0,2,0%
"Yoreh De'ah",226,"Pitchei Teshuva",1,0,1,0%
"Yoreh De'ah",226,"Rabbi Akiva Eiger (YD)",1,0,1,0%
"Yoreh De'ah",226,"Siftei Kohen (Shach)",15,0,15,0%
"Yoreh De'ah",226,"Turei Zahav (Taz)",6,0,6,0%
"Yoreh De'ah",227,"Baer Hetev",6,0,6,0%
"Yoreh De'ah",227,"Be'er HaGolah",6,0,6,0%
"Yoreh De'ah",227,"Biur HaGRA",4,0,4,0%
"Yoreh De'ah",227,"Mechaber and Rama",3,0,3,0%
"Yoreh De'ah",227,"Pitchei Teshuva",3,0,3,0%
"Yoreh De'ah",227,"Rabbi Akiva Eiger (YD)",1,0,1,0%
"Yoreh De'ah",227,"Siftei Kohen (Shach)",9,0,9,0%
"Yoreh De'ah",227,"Turei Zahav (Taz)",3,0,3,0%
"Yoreh De'ah",227,"Yad Avraham",1,0,1,0%
"Yoreh De'ah",228,"Baer Hetev",78,0,78,0%
"Yoreh De'ah",228,"Be'er HaGolah",101,0,101,0%
"Yoreh De'ah",228,"Biur HaGRA",128,0,128,0%
"Yoreh De'ah",228,"Mechaber and Rama",51,0,51,0%
"Yoreh De'ah",228,"nekudot-hakesef",10,0,10,0%
"Yoreh De'ah",228,"Pitchei Teshuva",48,0,48,0%
"Yoreh De'ah",228,"Rabbi Akiva Eiger (YD)",41,0,41,0%
"Yoreh De'ah",228,"Siftei Kohen (Shach)",113,0,113,0%
"Yoreh De'ah",228,"Turei Zahav (Taz)",54,0,54,0%
"Yoreh De'ah",228,"Yad Avraham",1,0,1,0%
"Yoreh De'ah",229,"Baer Hetev",13,0,13,0%
"Yoreh De'ah",229,"Be'er HaGolah",9,0,9,0%
"Yoreh De'ah",229,"Biur HaGRA",17,0,17,0%
"Yoreh De'ah",229,"Mechaber and Rama",9,0,9,0%
"Yoreh De'ah",229,"nekudot-hakesef",4,0,4,0%
"Yoreh De'ah",229,"Pitchei Teshuva",6,0,6,0%
"Yoreh De'ah",229,"Rabbi Akiva Eiger (YD)",1,0,1,0%
"Yoreh De'ah",229,"Siftei Kohen (Shach)",19,0,19,0%
"Yoreh De'ah",229,"Turei Zahav (Taz)",17,0,17,0%
"Yoreh De'ah",230,"Baer Hetev",2,0,2,0%
"Yoreh De'ah",230,"Be'er HaGolah",1,0,1,0%
"Yoreh De'ah",230,"Biur HaGRA",5,0,5,0%
"Yoreh De'ah",230,"Mechaber and Rama",1,0,1,0%
"Yoreh De'ah",230,"Pitchei Teshuva",1,0,1,0%
"Yoreh De'ah",230,"Siftei Kohen (Shach)",4,0,4,0%
"Yoreh De'ah",230,"Turei Zahav (Taz)",1,0,1,0%
"Yoreh De'ah",231,"Baer Hetev",2,0,2,0%
"Yoreh De'ah",231,"Be'er HaGolah",3,0,3,0%
"Yoreh De'ah",231,"Biur HaGRA",6,0,6,0%
"Yoreh De'ah",231,"Mechaber and Rama",1,0,1,0%
"Yoreh De'ah",231,"Siftei Kohen (Shach)",2,0,2,0%
"Yoreh De'ah",231,"Turei Zahav (Taz)",3,0,3,0%
"Yoreh De'ah",232,"Baer Hetev",39,0,39,0%
"Yoreh De'ah",232,"Be'er HaGolah",20,0,20,0%
"Yoreh De'ah",232,"Biur HaGRA",58,0,58,0%
"Yoreh De'ah",232,"Mechaber and Rama",20,0,20,0%
"Yoreh De'ah",232,"nekudot-hakesef",4,0,4,0%
"Yoreh De'ah",232,"Pitchei Teshuva",20,0,20,0%
"Yoreh De'ah",232,"Rabbi Akiva Eiger (YD)",20,0,20,0%
"Yoreh De'ah",232,"Siftei Kohen (Shach)",47,0,47,0%
"Yoreh De'ah",232,"Turei Zahav (Taz)",34,0,34,0%
"Yoreh De'ah",232,"Yad Avraham",1,0,1,0%
"Yoreh De'ah",233,"Baer Hetev",1,0,1,0%
"Yoreh De'ah",233,"Be'er HaGolah",3,0,3,0%
"Yoreh De'ah",233,"Biur HaGRA",4,0,4,0%
"Yoreh De'ah",233,"Mechaber and Rama",1,0,1,0%
"Yoreh De'ah",233,"Pitchei Teshuva",1,0,1,0%
"Yoreh De'ah",233,"Rabbi Akiva Eiger (YD)",1,0,1,0%
"Yoreh De'ah",233,"Siftei Kohen (Shach)",2,0,2,0%
"Yoreh De'ah",234,"Baer Hetev",62,0,62,0%
"Yoreh De'ah",234,"Be'er HaGolah",74,0,74,0%
"Yoreh De'ah",234,"Biur HaGRA",132,0,132,0%
"Yoreh De'ah",234,"Mechaber and Rama",74,0,74,0%
"Yoreh De'ah",234,"nekudot-hakesef",5,0,5,0%
"Yoreh De'ah",234,"Pitchei Teshuva",16,0,16,0%
"Yoreh De'ah",234,"Rabbi Akiva Eiger (YD)",20,0,20,0%
"Yoreh De'ah",234,"Siftei Kohen (Shach)",93,0,93,0%
"Yoreh De'ah",234,"Turei Zahav (Taz)",66,0,66,0%
"Yoreh De'ah",234,"Yad Avraham",3,0,3,0%
"Yoreh De'ah",235,"Baer Hetev",8,0,8,0%
"Yoreh De'ah",235,"Be'er HaGolah",6,0,6,0%
"Yoreh De'ah",235,"Biur HaGRA",18,0,18,0%
"Yoreh De'ah",235,"Mechaber and Rama",6,0,6,0%
"Yoreh De'ah",235,"Pitchei Teshuva",4,0,4,0%
"Yoreh De'ah",235,"Rabbi Akiva Eiger (YD)",4,0,4,0%
"Yoreh De'ah",235,"Siftei Kohen (Shach)",17,0,17,0%
"Yoreh De'ah",235,"Turei Zahav (Taz)",15,0,15,0%
"Yoreh De'ah",236,"Baer Hetev",14,0,14,0%
"Yoreh De'ah",236,"Be'er HaGolah",6,0,6,0%
"Yoreh De'ah",236,"Biur HaGRA",24,0,24,0%
"Yoreh De'ah",236,"Mechaber and Rama",6,0,6,0%
"Yoreh De'ah",236,"nekudot-hakesef",2,0,2,0%
"Yoreh De'ah",236,"Pitchei Teshuva",4,0,4,0%
"Yoreh De'ah",236,"Rabbi Akiva Eiger (YD)",5,0,5,0%
"Yoreh De'ah",236,"Siftei Kohen (Shach)",17,0,17,0%
"Yoreh De'ah",236,"Turei Zahav (Taz)",13,0,13,0%
"Yoreh De'ah",236,"Yad Avraham",1,0,1,0%
"Yoreh De'ah",237,"Baer Hetev",7,0,7,0%
"Yoreh De'ah",237,"Be'er HaGolah",25,0,25,0%
"Yoreh De'ah",237,"Biur HaGRA",24,0,24,0%
"Yoreh De'ah",237,"Mechaber and Rama",12,0,12,0%
"Yoreh De'ah",237,"Pitchei Teshuva",2,0,2,0%
"Yoreh De'ah",237,"Rabbi Akiva Eiger (YD)",1,0,1,0%
"Yoreh De'ah",237,"Siftei Kohen (Shach)",17,0,17,0%
"Yoreh De'ah",237,"Turei Zahav (Taz)",7,0,7,0%
"Yoreh De'ah",238,"Baer Hetev",15,0,15,0%
"Yoreh De'ah",238,"Be'er HaGolah",23,0,23,0%
"Yoreh De'ah",238,"Biur HaGRA",23,0,23,0%
"Yoreh De'ah",238,"Mechaber and Rama",23,0,23,0%
"Yoreh De'ah",238,"Pitchei Teshuva",6,0,6,0%
"Yoreh De'ah",238,"Rabbi Akiva Eiger (YD)",8,0,8,0%
"Yoreh De'ah",238,"Siftei Kohen (Shach)",28,0,28,0%
"Yoreh De'ah",238,"Turei Zahav (Taz)",16,0,16,0%
"Yoreh De'ah",238,"Yad Avraham",1,0,1,0%
"Yoreh De'ah",239,"Baer Hetev",20,0,20,0%
"Yoreh De'ah",239,"Be'er HaGolah",17,0,17,0%
"Yoreh De'ah",239,"Biur HaGRA",37,0,37,0%
"Yoreh De'ah",239,"Mechaber and Rama",17,0,17,0%
"Yoreh De'ah",239,"nekudot-hakesef",3,0,3,0%
"Yoreh De'ah",239,"Pitchei Teshuva",7,0,7,0%
"Yoreh De'ah",239,"Rabbi Akiva Eiger (YD)",10,0,10,0%
"Yoreh De'ah",239,"Siftei Kohen (Shach)",37,0,37,0%
"Yoreh De'ah",239,"Turei Zahav (Taz)",13,0,13,0%
"Yoreh De'ah",239,"Yad Avraham",1,0,1,0%
"Yoreh De'ah",240,"Baer Hetev",18,0,18,0%
"Yoreh De'ah",240,"Be'er HaGolah",49,0,49,0%
"Yoreh De'ah",240,"Biur HaGRA",36,0,36,0%
"Yoreh De'ah",240,"Mechaber and Rama",25,0,25,0%
"Yoreh De'ah",240,"nekudot-hakesef",3,0,3,0%
"Yoreh De'ah",240,"Pitchei Teshuva",23,0,23,0%
"Yoreh De'ah",240,"Rabbi Akiva Eiger (YD)",10,0,10,0%
"Yoreh De'ah",240,"Siftei Kohen (Shach)",23,0,23,0%
"Yoreh De'ah",240,"Turei Zahav (Taz)",20,0,20,0%
"Yoreh De'ah",240,"Yad Avraham",2,0,2,0%
"Yoreh De'ah",241,"Baer Hetev",2,0,2,0%
"Yoreh De'ah",241,"Be'er HaGolah",19,0,19,0%
"Yoreh De'ah",241,"Biur HaGRA",11,0,11,0%
"Yoreh De'ah",241,"Mechaber and Rama",9,0,9,0%
"Yoreh De'ah",241,"Rabbi Akiva Eiger (YD)",1,0,1,0%
"Yoreh De'ah",241,"Siftei Kohen (Shach)",3,0,3,0%
"Yoreh De'ah",241,"Turei Zahav (Taz)",3,0,3,0%
"Yoreh De'ah",241,"Yad Avraham",2,0,2,0%
"Yoreh De'ah",242,"Baer Hetev",44,0,44,0%
"Yoreh De'ah",242,"Be'er HaGolah",36,0,36,0%
"Yoreh De'ah",242,"Biur HaGRA",85,0,85,0%
"Yoreh De'ah",242,"Mechaber and Rama",36,0,36,0%
"Yoreh De'ah",242,"nekudot-hakesef",2,0,2,0%
"Yoreh De'ah",242,"Pitchei Teshuva",23,0,23,0%
"Yoreh De'ah",242,"Rabbi Akiva Eiger (YD)",11,0,11,0%
"Yoreh De'ah",242,"Siftei Kohen (Shach)",68,0,68,0%
"Yoreh De'ah",242,"Turei Zahav (Taz)",21,0,21,0%
"Yoreh De'ah",242,"Yad Avraham",2,0,2,0%
"Yoreh De'ah",243,"Baer Hetev",5,0,5,0%
"Yoreh De'ah",243,"Be'er HaGolah",9,0,9,0%
"Yoreh De'ah",243,"Biur HaGRA",21,0,21,0%
"Yoreh De'ah",243,"Mechaber and Rama",9,0,9,0%
"Yoreh De'ah",243,"Pitchei Teshuva",7,0,7,0%
"Yoreh De'ah",243,"Rabbi Akiva Eiger (YD)",1,0,1,0%
"Yoreh De'ah",243,"Siftei Kohen (Shach)",15,0,15,0%
"Yoreh De'ah",243,"Yad Avraham",1,0,1,0%
"Yoreh De'ah",244,"Baer Hetev",13,0,13,0%
"Yoreh De'ah",244,"Be'er HaGolah",18,0,18,0%
"Yoreh De'ah",244,"Biur HaGRA",22,0,22,0%
"Yoreh De'ah",244,"Mechaber and Rama",18,0,18,0%
"Yoreh De'ah",244,"Pitchei Teshuva",4,0,4,0%
"Yoreh De'ah",244,"Siftei Kohen (Shach)",14,0,14,0%
"Yoreh De'ah",244,"Turei Zahav (Taz)",10,0,10,0%
"Yoreh De'ah",244,"Yad Avraham",1,0,1,0%
"Yoreh De'ah",245,"Baer Hetev",12,0,12,0%
"Yoreh De'ah",245,"Be'er HaGolah",22,0,22,0%
"Yoreh De'ah",245,"Biur HaGRA",40,0,40,0%
"Yoreh De'ah",245,"Mechaber and Rama",22,0,22,0%
"Yoreh De'ah",245,"nekudot-hakesef",1,0,1,0%
"Yoreh De'ah",245,"Pitchei Teshuva",13,0,13,0%
"Yoreh De'ah",245,"Siftei Kohen (Shach)",16,0,16,0%
"Yoreh De'ah",245,"Turei Zahav (Taz)",7,0,7,0%
"Yoreh De'ah",246,"Baer Hetev",18,0,18,0%
"Yoreh De'ah",246,"Be'er HaGolah",26,0,26,0%
"Yoreh De'ah",246,"Biur HaGRA",79,0,79,0%
"Yoreh De'ah",246,"Mechaber and Rama",26,0,26,0%
"Yoreh De'ah",246,"Pitchei Teshuva",10,0,10,0%
"Yoreh De'ah",246,"Rabbi Akiva Eiger (YD)",3,0,3,0%
"Yoreh De'ah",246,"Siftei Kohen (Shach)",28,0,28,0%
"Yoreh De'ah",246,"Turei Zahav (Taz)",9,0,9,0%
"Yoreh De'ah",246,"Yad Avraham",2,0,2,0%
"Yoreh De'ah",247,"Baer Hetev",2,0,2,0%
"Yoreh De'ah",247,"Be'er HaGolah",4,0,4,0%
"Yoreh De'ah",247,"Biur HaGRA",7,0,7,0%
"Yoreh De'ah",247,"Mechaber and Rama",4,0,4,0%
"Yoreh De'ah",247,"Pitchei Teshuva",2,0,2,0%
"Yoreh De'ah",247,"Siftei Kohen (Shach)",3,0,3,0%
"Yoreh De'ah",248,"Baer Hetev",6,0,6,0%
"Yoreh De'ah",248,"Be'er HaGolah",12,0,12,0%
"Yoreh De'ah",248,"Biur HaGRA",7,0,7,0%
"Yoreh De'ah",248,"Mechaber and Rama",8,0,8,0%
"Yoreh De'ah",248,"Pitchei Teshuva",4,0,4,0%
"Yoreh De'ah",248,"Siftei Kohen (Shach)",13,0,13,0%
"Yoreh De'ah",248,"Yad Avraham",4,0,4,0%
"Yoreh De'ah",249,"Baer Hetev",12,0,12,0%
"Yoreh De'ah",249,"Be'er HaGolah",16,0,16,0%
"Yoreh De'ah",249,"Biur HaGRA",21,0,21,0%
"Yoreh De'ah",249,"Mechaber and Rama",16,0,16,0%
"Yoreh De'ah",249,"nekudot-hakesef",1,0,1,0%
"Yoreh De'ah",249,"Pitchei Teshuva",3,0,3,0%
"Yoreh De'ah",249,"Rabbi Akiva Eiger (YD)",2,0,2,0%
"Yoreh De'ah",249,"Siftei Kohen (Shach)",12,0,12,0%
"Yoreh De'ah",249,"Turei Zahav (Taz)",5,0,5,0%
"Yoreh De'ah",250,"Baer Hetev",3,0,3,0%
"Yoreh De'ah",250,"Be'er HaGolah",10,0,10,0%
"Yoreh De'ah",250,"Biur HaGRA",8,0,8,0%
"Yoreh De'ah",250,"Mechaber and Rama",5,0,5,0%
"Yoreh De'ah",250,"Siftei Kohen (Shach)",4,0,4,0%
"Yoreh De'ah",250,"Turei Zahav (Taz)",2,0,2,0%
"Yoreh De'ah",251,"Baer Hetev",11,0,11,0%
"Yoreh De'ah",251,"Be'er HaGolah",14,0,14,0%
"Yoreh De'ah",251,"Biur HaGRA",24,0,24,0%
"Yoreh De'ah",251,"Mechaber and Rama",14,0,14,0%
"Yoreh De'ah",251,"Pitchei Teshuva",7,0,7,0%
"Yoreh De'ah",251,"Rabbi Akiva Eiger (YD)",4,0,4,0%
"Yoreh De'ah",251,"Siftei Kohen (Shach)",17,0,17,0%
"Yoreh De'ah",251,"Turei Zahav (Taz)",6,0,6,0%
"Yoreh De'ah",252,"Baer Hetev",8,0,8,0%
"Yoreh De'ah",252,"Be'er HaGolah",12,0,12,0%
"Yoreh De'ah",252,"Biur HaGRA",19,0,19,0%
"Yoreh De'ah",252,"Mechaber and Rama",12,0,12,0%
"Yoreh De'ah",252,"nekudot-hakesef",1,0,1,0%
"Yoreh De'ah",252,"Pitchei Teshuva",10,0,10,0%
"Yoreh De'ah",252,"Rabbi Akiva Eiger (YD)",1,0,1,0%
"Yoreh De'ah",252,"Siftei Kohen (Shach)",13,0,13,0%
"Yoreh De'ah",252,"Turei Zahav (Taz)",6,0,6,0%
"Yoreh De'ah",252,"Yad Avraham",1,0,1,0%
"Yoreh De'ah",253,"Baer Hetev",6,0,6,0%
"Yoreh De'ah",253,"Be'er HaGolah",12,0,12,0%
"Yoreh De'ah",253,"Biur HaGRA",18,0,18,0%
"Yoreh De'ah",253,"Mechaber and Rama",12,0,12,0%
"Yoreh De'ah",253,"nekudot-hakesef",1,0,1,0%
"Yoreh De'ah",253,"Pitchei Teshuva",5,0,5,0%
"Yoreh De'ah",253,"Rabbi Akiva Eiger (YD)",1,0,1,0%
"Yoreh De'ah",253,"Siftei Kohen (Shach)",11,0,11,0%
"Yoreh De'ah",253,"Turei Zahav (Taz)",4,0,4,0%
"Yoreh De'ah",254,"Baer Hetev",3,0,3,0%
"Yoreh De'ah",254,"Be'er HaGolah",5,0,5,0%
"Yoreh De'ah",254,"Biur HaGRA",2,0,2,0%
"Yoreh De'ah",254,"Mechaber and Rama",2,0,2,0%
"Yoreh De'ah",254,"nekudot-hakesef",1,0,1,0%
"Yoreh De'ah",254,"Siftei Kohen (Shach)",5,0,5,0%
"Yoreh De'ah",254,"Turei Zahav (Taz)",4,0,4,0%
"Yoreh De'ah",255,"Baer Hetev",1,0,1,0%
"Yoreh De'ah",255,"Be'er HaGolah",5,0,5,0%
"Yoreh De'ah",255,"Biur HaGRA",1,0,1,0%
"Yoreh De'ah",255,"Mechaber and Rama",2,0,2,0%
"Yoreh De'ah",255,"Siftei Kohen (Shach)",1,0,1,0%
"Yoreh De'ah",256,"Baer Hetev",9,0,9,0%
"Yoreh De'ah",256,"Be'er HaGolah",6,0,6,0%
"Yoreh De'ah",256,"Biur HaGRA",17,0,17,0%
"Yoreh De'ah",256,"Mechaber and Rama",6,0,6,0%
"Yoreh De'ah",256,"Pitchei Teshuva",2,0,2,0%
"Yoreh De'ah",256,"Siftei Kohen (Shach)",13,0,13,0%
"Yoreh De'ah",256,"Turei Zahav (Taz)",7,0,7,0%
"Yoreh De'ah",257,"Baer Hetev",12,0,12,0%
"Yoreh De'ah",257,"Be'er HaGolah",11,0,11,0%
"Yoreh De'ah",257,"Biur HaGRA",20,0,20,0%
"Yoreh De'ah",257,"Mechaber and Rama",11,0,11,0%
"Yoreh De'ah",257,"nekudot-hakesef",2,0,2,0%
"Yoreh De'ah",257,"Pitchei Teshuva",6,0,6,0%
"Yoreh De'ah",257,"Siftei Kohen (Shach)",20,0,20,0%
"Yoreh De'ah",257,"Turei Zahav (Taz)",6,0,6,0%
"Yoreh De'ah",258,"Baer Hetev",11,0,11,0%
"Yoreh De'ah",258,"Be'er HaGolah",13,0,13,0%
"Yoreh De'ah",258,"Biur HaGRA",36,0,36,0%
"Yoreh De'ah",258,"Mechaber and Rama",13,0,13,0%
"Yoreh De'ah",258,"nekudot-hakesef",1,0,1,0%
"Yoreh De'ah",258,"Pitchei Teshuva",13,0,13,0%
"Yoreh De'ah",258,"Rabbi Akiva Eiger (YD)",13,0,13,0%
"Yoreh De'ah",258,"Siftei Kohen (Shach)",27,0,27,0%
"Yoreh De'ah",258,"Turei Zahav (Taz)",7,0,7,0%
"Yoreh De'ah",258,"Yad Avraham",3,0,3,0%
"Yoreh De'ah",259,"Baer Hetev",8,0,8,0%
"Yoreh De'ah",259,"Be'er HaGolah",6,0,6,0%
"Yoreh De'ah",259,"Biur HaGRA",19,0,19,0%
"Yoreh De'ah",259,"Mechaber and Rama",6,0,6,0%
"Yoreh De'ah",259,"nekudot-hakesef",1,0,1,0%
"Yoreh De'ah",259,"Pitchei Teshuva",6,0,6,0%
"Yoreh De'ah",259,"Rabbi Akiva Eiger (YD)",3,0,3,0%
"Yoreh De'ah",259,"Siftei Kohen (Shach)",15,0,15,0%
"Yoreh De'ah",259,"Turei Zahav (Taz)",8,0,8,0%
"Yoreh De'ah",260,"Baer Hetev",1,0,1,0%
"Yoreh De'ah",260,"Be'er HaGolah",1,0,1,0%
"Yoreh De'ah",260,"Biur HaGRA",1,0,1,0%
"Yoreh De'ah",260,"Mechaber and Rama",1,0,1,0%
"Yoreh De'ah",260,"Siftei Kohen (Shach)",1,0,1,0%
"Yoreh De'ah",260,"Yad Avraham",1,0,1,0%
"Yoreh De'ah",261,"Baer Hetev",1,0,1,0%
"Yoreh De'ah",261,"Be'er HaGolah",1,0,1,0%
"Yoreh De'ah",261,"Biur HaGRA",7,0,7,0%
"Yoreh De'ah",261,"Mechaber and Rama",1,0,1,0%
"Yoreh De'ah",261,"Pitchei Teshuva",1,0,1,0%
"Yoreh De'ah",261,"Siftei Kohen (Shach)",1,0,1,0%
"Yoreh De'ah",261,"Yad Avraham",1,0,1,0%
"Yoreh De'ah",262,"Baer Hetev",3,0,3,0%
"Yoreh De'ah",262,"Be'er HaGolah",15,0,15,0%
"Yoreh De'ah",262,"Biur HaGRA",10,0,10,0%
"Yoreh De'ah",262,"Mechaber and Rama",7,0,7,0%
"Yoreh De'ah",262,"nekudot-hakesef",2,0,2,0%
"Yoreh De'ah",262,"Pitchei Teshuva",7,0,7,0%
"Yoreh De'ah",262,"Rabbi Akiva Eiger (YD)",5,0,5,0%
"Yoreh De'ah",262,"Siftei Kohen (Shach)",9,0,9,0%
"Yoreh De'ah",262,"Turei Zahav (Taz)",4,0,4,0%
"Yoreh De'ah",262,"Yad Avraham",1,0,1,0%
"Yoreh De'ah",263,"Baer Hetev",4,0,4,0%
"Yoreh De'ah",263,"Be'er HaGolah",9,0,9,0%
"Yoreh De'ah",263,"Biur HaGRA",13,0,13,0%
"Yoreh De'ah",263,"Mechaber and Rama",5,0,5,0%
"Yoreh De'ah",263,"nekudot-hakesef",1,0,1,0%
"Yoreh De'ah",263,"Pitchei Teshuva",5,0,5,0%
"Yoreh De'ah",263,"Rabbi Akiva Eiger (YD)",2,0,2,0%
"Yoreh De'ah",263,"Siftei Kohen (Shach)",8,0,8,0%
"Yoreh De'ah",263,"Turei Zahav (Taz)",3,0,3,0%
"Yoreh De'ah",264,"Baer Hetev",5,0,5,0%
"Yoreh De'ah",264,"Be'er HaGolah",6,0,6,0%
"Yoreh De'ah",264,"Biur HaGRA",25,0,25,0%
"Yoreh De'ah",264,"Mechaber and Rama",6,0,6,0%
"Yoreh De'ah",264,"nekudot-hakesef",4,0,4,0%
"Yoreh De'ah",264,"Pitchei Teshuva",6,0,6,0%
"Yoreh De'ah",264,"Rabbi Akiva Eiger (YD)",6,0,6,0%
"Yoreh De'ah",264,"Siftei Kohen (Shach)",12,0,12,0%
"Yoreh De'ah",264,"Turei Zahav (Taz)",9,0,9,0%
"Yoreh De'ah",264,"Yad Avraham",3,0,3,0%
"Yoreh De'ah",265,"Baer Hetev",18,0,18,0%
"Yoreh De'ah",265,"Be'er HaGolah",13,0,13,0%
"Yoreh De'ah",265,"Biur HaGRA",49,0,49,0%
"Yoreh De'ah",265,"Mechaber and Rama",13,0,13,0%
"Yoreh De'ah",265,"Pitchei Teshuva",13,0,13,0%
"Yoreh De'ah",265,"Rabbi Akiva Eiger (YD)",6,0,6,0%
"Yoreh De'ah",265,"Siftei Kohen (Shach)",25,0,25,0%
"Yoreh De'ah",265,"Turei Zahav (Taz)",13,0,13,0%
"Yoreh De'ah",266,"Baer Hetev",13,0,13,0%
"Yoreh De'ah",266,"Be'er HaGolah",35,0,35,0%
"Yoreh De'ah",266,"Biur HaGRA",25,0,25,0%
"Yoreh De'ah",266,"Mechaber and Rama",14,0,14,0%
"Yoreh De'ah",266,"nekudot-hakesef",2,0,2,0%
"Yoreh De'ah",266,"Pitchei Teshuva",14,0,14,0%
"Yoreh De'ah",266,"Rabbi Akiva Eiger (YD)",8,0,8,0%
"Yoreh De'ah",266,"Siftei Kohen (Shach)",19,0,19,0%
"Yoreh De'ah",266,"Turei Zahav (Taz)",11,0,11,0%
"Yoreh De'ah",267,"Baer Hetev",71,0,71,0%
"Yoreh De'ah",267,"Be'er HaGolah",85,0,85,0%
"Yoreh De'ah",267,"Biur HaGRA",161,0,161,0%
"Yoreh De'ah",267,"Mechaber and Rama",85,0,85,0%
"Yoreh De'ah",267,"nekudot-hakesef",1,0,1,0%
"Yoreh De'ah",267,"Pitchei Teshuva",12,0,12,0%
"Yoreh De'ah",267,"Rabbi Akiva Eiger (YD)",13,0,13,0%
"Yoreh De'ah",267,"Siftei Kohen (Shach)",112,0,112,0%
"Yoreh De'ah",267,"Turei Zahav (Taz)",50,0,50,0%
"Yoreh De'ah",268,"Baer Hetev",17,0,17,0%
"Yoreh De'ah",268,"Be'er HaGolah",12,0,12,0%
"Yoreh De'ah",268,"Biur HaGRA",31,0,31,0%
"Yoreh De'ah",268,"Mechaber and Rama",12,0,12,0%
"Yoreh De'ah",268,"Pitchei Teshuva",10,0,10,0%
"Yoreh De'ah",268,"Rabbi Akiva Eiger (YD)",1,0,1,0%
"Yoreh De'ah",268,"Siftei Kohen (Shach)",24,0,24,0%
"Yoreh De'ah",268,"Turei Zahav (Taz)",16,0,16,0%
"Yoreh De'ah",268,"Yad Avraham",1,0,1,0%
"Yoreh De'ah",269,"Baer Hetev",12,0,12,0%
"Yoreh De'ah",269,"Be'er HaGolah",17,0,17,0%
"Yoreh De'ah",269,"Biur HaGRA",11,0,11,0%
"Yoreh De'ah",269,"Mechaber and Rama",11,0,11,0%
"Yoreh De'ah",269,"Pitchei Teshuva",4,0,4,0%
"Yoreh De'ah",269,"Rabbi Akiva Eiger (YD)",1,0,1,0%
"Yoreh De'ah",269,"Siftei Kohen (Shach)",17,0,17,0%
"Yoreh De'ah",270,"Baer Hetev",5,0,5,0%
"Yoreh De'ah",270,"Be'er HaGolah",8,0,8,0%
"Yoreh De'ah",270,"Biur HaGRA",4,0,4,0%
"Yoreh De'ah",270,"kaf-hachayim",2,0,2,0%
"Yoreh De'ah",270,"Mechaber and Rama",2,0,2,0%
"Yoreh De'ah",270,"Pitchei Teshuva",2,0,2,0%
"Yoreh De'ah",270,"Rabbi Akiva Eiger (YD)",2,0,2,0%
"Yoreh De'ah",270,"Siftei Kohen (Shach)",5,0,5,0%
"Yoreh De'ah",270,"Turei Zahav (Taz)",4,0,4,0%
"Yoreh De'ah",271,"Baer Hetev",8,0,8,0%
"Yoreh De'ah",271,"Be'er HaGolah",7,0,7,0%
"Yoreh De'ah",271,"Biur HaGRA",23,0,23,0%
"Yoreh De'ah",271,"kaf-hachayim",5,0,5,0%
"Yoreh De'ah",271,"Mechaber and Rama",7,0,7,0%
"Yoreh De'ah",271,"Pitchei Teshuva",7,0,7,0%
"Yoreh De'ah",271,"Rabbi Akiva Eiger (YD)",3,0,3,0%
"Yoreh De'ah",271,"Siftei Kohen (Shach)",13,0,13,0%
"Yoreh De'ah",271,"Turei Zahav (Taz)",8,0,8,0%
"Yoreh De'ah",272,"Baer Hetev",5,0,5,0%
"Yoreh De'ah",272,"Be'er HaGolah",4,0,4,0%
"Yoreh De'ah",272,"Biur HaGRA",5,0,5,0%
"Yoreh De'ah",272,"kaf-hachayim",4,0,4,0%
"Yoreh De'ah",272,"Mechaber and Rama",4,0,4,0%
"Yoreh De'ah",272,"Pitchei Teshuva",4,0,4,0%
"Yoreh De'ah",272,"Rabbi Akiva Eiger (YD)",1,0,1,0%
"Yoreh De'ah",272,"Siftei Kohen (Shach)",6,0,6,0%
"Yoreh De'ah",272,"Turei Zahav (Taz)",6,0,6,0%
"Yoreh De'ah",273,"Baer Hetev",5,0,5,0%
"Yoreh De'ah",273,"Be'er HaGolah",6,0,6,0%
"Yoreh De'ah",273,"Biur HaGRA",7,0,7,0%
"Yoreh De'ah",273,"kaf-hachayim",6,0,6,0%
"Yoreh De'ah",273,"Mechaber and Rama",6,0,6,0%
"Yoreh De'ah",273,"nekudot-hakesef",1,0,1,0%
"Yoreh De'ah",273,"Pitchei Teshuva",6,0,6,0%
"Yoreh De'ah",273,"Rabbi Akiva Eiger (YD)",4,0,4,0%
"Yoreh De'ah",273,"Siftei Kohen (Shach)",6,0,6,0%
"Yoreh De'ah",273,"Turei Zahav (Taz)",4,0,4,0%
"Yoreh De'ah",274,"Baer Hetev",6,0,6,0%
"Yoreh De'ah",274,"Be'er HaGolah",13,0,13,0%
"Yoreh De'ah",274,"Biur HaGRA",14,0,14,0%
"Yoreh De'ah",274,"kaf-hachayim",6,0,6,0%
"Yoreh De'ah",274,"Mechaber and Rama",7,0,7,0%
"Yoreh De'ah",274,"nekudot-hakesef",1,0,1,0%
"Yoreh De'ah",274,"Pitchei Teshuva",7,0,7,0%
"Yoreh De'ah",274,"Rabbi Akiva Eiger (YD)",4,0,4,0%
"Yoreh De'ah",274,"Siftei Kohen (Shach)",6,0,6,0%
"Yoreh De'ah",274,"Turei Zahav (Taz)",7,0,7,0%
"Yoreh De'ah",274,"Yad Avraham",1,0,1,0%
"Yoreh De'ah",275,"Baer Hetev",9,0,9,0%
"Yoreh De'ah",275,"Be'er HaGolah",6,0,6,0%
"Yoreh De'ah",275,"Biur HaGRA",9,0,9,0%
"Yoreh De'ah",275,"kaf-hachayim",6,0,6,0%
"Yoreh De'ah",275,"Mechaber and Rama",6,0,6,0%
"Yoreh De'ah",275,"nekudot-hakesef",1,0,1,0%
"Yoreh De'ah",275,"Pitchei Teshuva",6,0,6,0%
"Yoreh De'ah",275,"Rabbi Akiva Eiger (YD)",3,0,3,0%
"Yoreh De'ah",275,"Siftei Kohen (Shach)",8,0,8,0%
"Yoreh De'ah",275,"Turei Zahav (Taz)",10,0,10,0%
"Yoreh De'ah",276,"Baer Hetev",13,0,13,0%
"Yoreh De'ah",276,"Be'er HaGolah",13,0,13,0%
"Yoreh De'ah",276,"Biur HaGRA",29,0,29,0%
"Yoreh De'ah",276,"kaf-hachayim",9,0,9,0%
"Yoreh De'ah",276,"Mechaber and Rama",13,0,13,0%
"Yoreh De'ah",276,"nekudot-hakesef",2,0,2,0%
"Yoreh De'ah",276,"Pitchei Teshuva",13,0,13,0%
"Yoreh De'ah",276,"Rabbi Akiva Eiger (YD)",13,0,13,0%
"Yoreh De'ah",276,"Siftei Kohen (Shach)",17,0,17,0%
"Yoreh De'ah",276,"Turei Zahav (Taz)",11,0,11,0%
"Yoreh De'ah",276,"Yad Avraham",2,0,2,0%
"Yoreh De'ah",277,"Baer Hetev",1,0,1,0%
"Yoreh De'ah",277,"Be'er HaGolah",1,0,1,0%
"Yoreh De'ah",277,"kaf-hachayim",1,0,1,0%
"Yoreh De'ah",277,"Mechaber and Rama",1,0,1,0%
"Yoreh De'ah",277,"nekudot-hakesef",1,0,1,0%
"Yoreh De'ah",277,"Pitchei Teshuva",1,0,1,0%
"Yoreh De'ah",277,"Siftei Kohen (Shach)",1,0,1,0%
"Yoreh De'ah",277,"Turei Zahav (Taz)",1,0,1,0%
"Yoreh De'ah",278,"Baer Hetev",4,0,4,0%
"Yoreh De'ah",278,"Be'er HaGolah",7,0,7,0%
"Yoreh De'ah",278,"Biur HaGRA",4,0,4,0%
"Yoreh De'ah",278,"kaf-hachayim",4,0,4,0%
"Yoreh De'ah",278,"Mechaber and Rama",4,0,4,0%
"Yoreh De'ah",278,"nekudot-hakesef",2,0,2,0%
"Yoreh De'ah",278,"Pitchei Teshuva",4,0,4,0%
"Yoreh De'ah",278,"Siftei Kohen (Shach)",2,0,2,0%
"Yoreh De'ah",278,"Turei Zahav (Taz)",2,0,2,0%
"Yoreh De'ah",279,"Baer Hetev",3,0,3,0%
"Yoreh De'ah",279,"Be'er HaGolah",5,0,5,0%
"Yoreh De'ah",279,"Biur HaGRA",7,0,7,0%
"Yoreh De'ah",279,"kaf-hachayim",4,0,4,0%
"Yoreh De'ah",279,"Mechaber and Rama",5,0,5,0%
"Yoreh De'ah",279,"Pitchei Teshuva",5,0,5,0%
"Yoreh De'ah",279,"Rabbi Akiva Eiger (YD)",4,0,4,0%
"Yoreh De'ah",279,"Siftei Kohen (Shach)",5,0,5,0%
"Yoreh De'ah",279,"Turei Zahav (Taz)",2,0,2,0%
"Yoreh De'ah",280,"Baer Hetev",7,0,7,0%
"Yoreh De'ah",280,"Be'er HaGolah",7,0,7,0%
"Yoreh De'ah",280,"Biur HaGRA",9,0,9,0%
"Yoreh De'ah",280,"kaf-hachayim",2,0,2,0%
"Yoreh De'ah",280,"Mechaber and Rama",2,0,2,0%
"Yoreh De'ah",280,"nekudot-hakesef",2,0,2,0%
"Yoreh De'ah",280,"Pitchei Teshuva",2,0,2,0%
"Yoreh De'ah",280,"Rabbi Akiva Eiger (YD)",2,0,2,0%
"Yoreh De'ah",280,"Siftei Kohen (Shach)",9,0,9,0%
"Yoreh De'ah",280,"Turei Zahav (Taz)",5,0,5,0%
"Yoreh De'ah",280,"Yad Avraham",1,0,1,0%
"Yoreh De'ah",281,"Baer Hetev",6,0,6,0%
"Yoreh De'ah",281,"Be'er HaGolah",11,0,11,0%
"Yoreh De'ah",281,"Biur HaGRA",4,0,4,0%
"Yoreh De'ah",281,"kaf-hachayim",5,0,5,0%
"Yoreh De'ah",281,"Mechaber and Rama",5,0,5,0%
"Yoreh De'ah",281,"nekudot-hakesef",3,0,3,0%
"Yoreh De'ah",281,"Pitchei Teshuva",5,0,5,0%
"Yoreh De'ah",281,"Rabbi Akiva Eiger (YD)",1,0,1,0%
"Yoreh De'ah",281,"Siftei Kohen (Shach)",5,0,5,0%
"Yoreh De'ah",281,"Turei Zahav (Taz)",5,0,5,0%
"Yoreh De'ah",282,"Baer Hetev",14,0,14,0%
"Yoreh De'ah",282,"Be'er HaGolah",32,0,32,0%
"Yoreh De'ah",282,"Biur HaGRA",38,0,38,0%
"Yoreh De'ah",282,"kaf-hachayim",14,0,14,0%
"Yoreh De'ah",282,"Mechaber and Rama",19,0,19,0%
"Yoreh De'ah",282,"nekudot-hakesef",1,0,1,0%
"Yoreh De'ah",282,"Pitchei Teshuva",17,0,17,0%
"Yoreh De'ah",282,"Rabbi Akiva Eiger (YD)",4,0,4,0%
"Yoreh De'ah",282,"Siftei Kohen (Shach)",14,0,14,0%
"Yoreh De'ah",282,"Turei Zahav (Taz)",13,0,13,0%
"Yoreh De'ah",282,"Yad Avraham",2,0,2,0%
"Yoreh De'ah",283,"Baer Hetev",3,0,3,0%
"Yoreh De'ah",283,"Be'er HaGolah",11,0,11,0%
"Yoreh De'ah",283,"Biur HaGRA",5,0,5,0%
"Yoreh De'ah",283,"Mechaber and Rama",5,0,5,0%
"Yoreh De'ah",283,"Pitchei Teshuva",3,0,3,0%
"Yoreh De'ah",283,"Rabbi Akiva Eiger (YD)",2,0,2,0%
"Yoreh De'ah",283,"Siftei Kohen (Shach)",6,0,6,0%
"Yoreh De'ah",283,"Turei Zahav (Taz)",3,0,3,0%
"Yoreh De'ah",284,"Baer Hetev",2,0,2,0%
"Yoreh De'ah",284,"Be'er HaGolah",2,0,2,0%
"Yoreh De'ah",284,"Biur HaGRA",6,0,6,0%
"Yoreh De'ah",284,"Mechaber and Rama",2,0,2,0%
"Yoreh De'ah",284,"nekudot-hakesef",2,0,2,0%
"Yoreh De'ah",284,"Pitchei Teshuva",2,0,2,0%
"Yoreh De'ah",284,"Rabbi Akiva Eiger (YD)",1,0,1,0%
"Yoreh De'ah",284,"Siftei Kohen (Shach)",4,0,4,0%
"Yoreh De'ah",284,"Turei Zahav (Taz)",1,0,1,0%
"Yoreh De'ah",285,"Baer Hetev",2,0,2,0%
"Yoreh De'ah",285,"Be'er HaGolah",3,0,3,0%
"Yoreh De'ah",285,"Biur HaGRA",6,0,6,0%
"Yoreh De'ah",285,"Mechaber and Rama",2,0,2,0%
"Yoreh De'ah",285,"Pitchei Teshuva",2,0,2,0%
"Yoreh De'ah",285,"Rabbi Akiva Eiger (YD)",1,0,1,0%
"Yoreh De'ah",285,"Siftei Kohen (Shach)",4,0,4,0%
"Yoreh De'ah",285,"Turei Zahav (Taz)",2,0,2,0%
"Yoreh De'ah",285,"Yad Avraham",1,0,1,0%
"Yoreh De'ah",286,"Baer Hetev",22,0,22,0%
"Yoreh De'ah",286,"Be'er HaGolah",35,0,35,0%
"Yoreh De'ah",286,"Biur HaGRA",20,0,20,0%
"Yoreh De'ah",286,"Mechaber and Rama",23,0,23,0%
"Yoreh De'ah",286,"Pitchei Teshuva",19,0,19,0%
"Yoreh De'ah",286,"Rabbi Akiva Eiger (YD)",7,0,7,0%
"Yoreh De'ah",286,"Siftei Kohen (Shach)",29,0,29,0%
"Yoreh De'ah",286,"Turei Zahav (Taz)",12,0,12,0%
"Yoreh De'ah",287,"Baer Hetev",3,0,3,0%
"Yoreh De'ah",287,"Be'er HaGolah",2,0,2,0%
"Yoreh De'ah",287,"Biur HaGRA",4,0,4,0%
"Yoreh De'ah",287,"Mechaber and Rama",2,0,2,0%
"Yoreh De'ah",287,"Pitchei Teshuva",2,0,2,0%
"Yoreh De'ah",287,"Siftei Kohen (Shach)",2,0,2,0%
"Yoreh De'ah",287,"Turei Zahav (Taz)",4,0,4,0%
"Yoreh De'ah",288,"Baer Hetev",8,0,8,0%
"Yoreh De'ah",288,"Be'er HaGolah",15,0,15,0%
"Yoreh De'ah",288,"Biur HaGRA",21,0,21,0%
"Yoreh De'ah",288,"Mechaber and Rama",15,0,15,0%
"Yoreh De'ah",288,"nekudot-hakesef",1,0,1,0%
"Yoreh De'ah",288,"Pitchei Teshuva",8,0,8,0%
"Yoreh De'ah",288,"Rabbi Akiva Eiger (YD)",2,0,2,0%
"Yoreh De'ah",288,"Siftei Kohen (Shach)",11,0,11,0%
"Yoreh De'ah",288,"Turei Zahav (Taz)",7,0,7,0%
"Yoreh De'ah",289,"Baer Hetev",7,0,7,0%
"Yoreh De'ah",289,"Be'er HaGolah",6,0,6,0%
"Yoreh De'ah",289,"Biur HaGRA",14,0,14,0%
"Yoreh De'ah",289,"Mechaber and Rama",6,0,6,0%
"Yoreh De'ah",289,"nekudot-hakesef",2,0,2,0%
"Yoreh De'ah",289,"Pitchei Teshuva",6,0,6,0%
"Yoreh De'ah",289,"Rabbi Akiva Eiger (YD)",3,0,3,0%
"Yoreh De'ah",289,"Siftei Kohen (Shach)",9,0,9,0%
"Yoreh De'ah",289,"Turei Zahav (Taz)",6,0,6,0%
"Yoreh De'ah",290,"Baer Hetev",1,0,1,0%
"Yoreh De'ah",290,"Be'er HaGolah",2,0,2,0%
"Yoreh De'ah",290,"Biur HaGRA",3,0,3,0%
"Yoreh De'ah",290,"kaf-hachayim",1,0,1,0%
"Yoreh De'ah",290,"Mechaber and Rama",1,0,1,0%
"Yoreh De'ah",290,"nekudot-hakesef",1,0,1,0%
"Yoreh De'ah",290,"Pitchei Teshuva",1,0,1,0%
"Yoreh De'ah",290,"Siftei Kohen (Shach)",1,0,1,0%
"Yoreh De'ah",290,"Turei Zahav (Taz)",1,0,1,0%
"Yoreh De'ah",291,"Baer Hetev",1,0,1,0%
"Yoreh De'ah",291,"Be'er HaGolah",8,0,8,0%
"Yoreh De'ah",291,"Biur HaGRA",2,0,2,0%
"Yoreh De'ah",291,"kaf-hachayim",3,0,3,0%
"Yoreh De'ah",291,"Mechaber and Rama",3,0,3,0%
"Yoreh De'ah",291,"Pitchei Teshuva",3,0,3,0%
"Yoreh De'ah",291,"Siftei Kohen (Shach)",4,0,4,0%
"Yoreh De'ah",291,"Yad Avraham",1,0,1,0%
"Yoreh De'ah",292,"Baer Hetev",10,0,10,0%
"Yoreh De'ah",292,"Be'er HaGolah",26,0,26,0%
"Yoreh De'ah",292,"Biur HaGRA",17,0,17,0%
"Yoreh De'ah",292,"Mechaber and Rama",13,0,13,0%
"Yoreh De'ah",292,"Pitchei Teshuva",3,0,3,0%
"Yoreh De'ah",292,"Rabbi Akiva Eiger (YD)",4,0,4,0%
"Yoreh De'ah",292,"Siftei Kohen (Shach)",17,0,17,0%
"Yoreh De'ah",292,"Turei Zahav (Taz)",12,0,12,0%
"Yoreh De'ah",293,"Baer Hetev",5,0,5,0%
"Yoreh De'ah",293,"Be'er HaGolah",5,0,5,0%
"Yoreh De'ah",293,"Biur HaGRA",3,0,3,0%
"Yoreh De'ah",293,"Mechaber and Rama",5,0,5,0%
"Yoreh De'ah",293,"nekudot-hakesef",2,0,2,0%
"Yoreh De'ah",293,"Pitchei Teshuva",5,0,5,0%
"Yoreh De'ah",293,"Rabbi Akiva Eiger (YD)",2,0,2,0%
"Yoreh De'ah",293,"Siftei Kohen (Shach)",9,0,9,0%
"Yoreh De'ah",293,"Turei Zahav (Taz)",4,0,4,0%
"Yoreh De'ah",294,"Baer Hetev",26,0,26,0%
"Yoreh De'ah",294,"Be'er HaGolah",28,0,28,0%
"Yoreh De'ah",294,"Biur HaGRA",67,0,67,0%
"Yoreh De'ah",294,"Mechaber and Rama",28,0,28,0%
"Yoreh De'ah",294,"nekudot-hakesef",1,0,1,0%
"Yoreh De'ah",294,"Pitchei Teshuva",15,0,15,0%
"Yoreh De'ah",294,"Rabbi Akiva Eiger (YD)",12,0,12,0%
"Yoreh De'ah",294,"Siftei Kohen (Shach)",36,0,36,0%
"Yoreh De'ah",294,"Turei Zahav (Taz)",29,0,29,0%
"Yoreh De'ah",294,"Yad Avraham",1,0,1,0%
"Yoreh De'ah",295,"Baer Hetev",4,0,4,0%
"Yoreh De'ah",295,"Be'er HaGolah",19,0,19,0%
"Yoreh De'ah",295,"Biur HaGRA",22,0,22,0%
"Yoreh De'ah",295,"Mechaber and Rama",7,0,7,0%
"Yoreh De'ah",295,"Pitchei Teshuva",4,0,4,0%
"Yoreh De'ah",295,"Siftei Kohen (Shach)",5,0,5,0%
"Yoreh De'ah",295,"Turei Zahav (Taz)",4,0,4,0%
"Yoreh De'ah",296,"Baer Hetev",7,0,7,0%
"Yoreh De'ah",296,"Be'er HaGolah",69,0,69,0%
"Yoreh De'ah",296,"Biur HaGRA",87,0,87,0%
"Yoreh De'ah",296,"Mechaber and Rama",69,0,69,0%
"Yoreh De'ah",296,"Rabbi Akiva Eiger (YD)",2,0,2,0%
"Yoreh De'ah",296,"Turei Zahav (Taz)",21,0,21,0%
"Yoreh De'ah",296,"Yad Avraham",3,0,3,0%
"Yoreh De'ah",297,"Baer Hetev",13,0,13,0%
"Yoreh De'ah",297,"Be'er HaGolah",56,0,56,0%
"Yoreh De'ah",297,"Biur HaGRA",78,0,78,0%
"Yoreh De'ah",297,"Mechaber and Rama",56,0,56,0%
"Yoreh De'ah",297,"Pitchei Teshuva",6,0,6,0%
"Yoreh De'ah",297,"Rabbi Akiva Eiger (YD)",4,0,4,0%
"Yoreh De'ah",297,"Siftei Kohen (Shach)",13,0,13,0%
"Yoreh De'ah",297,"Turei Zahav (Taz)",11,0,11,0%
"Yoreh De'ah",297,"Yad Avraham",3,0,3,0%
"Yoreh De'ah",298,"Baer Hetev",1,0,1,0%
"Yoreh De'ah",298,"Be'er HaGolah",5,0,5,0%
"Yoreh De'ah",298,"Biur HaGRA",8,0,8,0%
"Yoreh De'ah",298,"Mechaber and Rama",2,0,2,0%
"Yoreh De'ah",298,"Pitchei Teshuva",1,0,1,0%
"Yoreh De'ah",298,"Rabbi Akiva Eiger (YD)",1,0,1,0%
"Yoreh De'ah",298,"Siftei Kohen (Shach)",2,0,2,0%
"Yoreh De'ah",299,"Baer Hetev",3,0,3,0%
"Yoreh De'ah",299,"Be'er HaGolah",2,0,2,0%
"Yoreh De'ah",299,"Biur HaGRA",8,0,8,0%
"Yoreh De'ah",299,"Mechaber and Rama",2,0,2,0%
"Yoreh De'ah",299,"nekudot-hakesef",1,0,1,0%
"Yoreh De'ah",299,"Pitchei Teshuva",2,0,2,0%
"Yoreh De'ah",299,"Rabbi Akiva Eiger (YD)",2,0,2,0%
"Yoreh De'ah",299,"Siftei Kohen (Shach)",2,0,2,0%
"Yoreh De'ah",299,"Turei Zahav (Taz)",1,0,1,0%
"Yoreh De'ah",300,"Baer Hetev",10,0,10,0%
"Yoreh De'ah",300,"Be'er HaGolah",7,0,7,0%
"Yoreh De'ah",300,"Biur HaGRA",16,0,16,0%
"Yoreh De'ah",300,"Mechaber and Rama",7,0,7,0%
"Yoreh De'ah",300,"Pitchei Teshuva",7,0,7,0%
"Yoreh De'ah",300,"Rabbi Akiva Eiger (YD)",2,0,2,0%
"Yoreh De'ah",300,"Siftei Kohen (Shach)",16,0,16,0%
"Yoreh De'ah",300,"Turei Zahav (Taz)",12,0,12,0%
"Yoreh De'ah",300,"Yad Avraham",1,0,1,0%
"Yoreh De'ah",301,"Baer Hetev",12,0,12,0%
"Yoreh De'ah",301,"Be'er HaGolah",15,0,15,0%
"Yoreh De'ah",301,"Biur HaGRA",23,0,23,0%
"Yoreh De'ah",301,"Mechaber and Rama",15,0,15,0%
"Yoreh De'ah",301,"Pitchei Teshuva",10,0,10,0%
"Yoreh De'ah",301,"Siftei Kohen (Shach)",12,0,12,0%
"Yoreh De'ah",301,"Turei Zahav (Taz)",12,0,12,0%
"Yoreh De'ah",302,"Baer Hetev",6,0,6,0%
"Yoreh De'ah",302,"Be'er HaGolah",2,0,2,0%
"Yoreh De'ah",302,"Biur HaGRA",6,0,6,0%
"Yoreh De'ah",302,"Mechaber and Rama",2,0,2,0%
"Yoreh De'ah",302,"Pitchei Teshuva",2,0,2,0%
"Yoreh De'ah",302,"Rabbi Akiva Eiger (YD)",1,0,1,0%
"Yoreh De'ah",302,"Siftei Kohen (Shach)",6,0,6,0%
"Yoreh De'ah",302,"Turei Zahav (Taz)",5,0,5,0%
"Yoreh De'ah",303,"Baer Hetev",1,0,1,0%
"Yoreh De'ah",303,"Be'er HaGolah",4,0,4,0%
"Yoreh De'ah",303,"Biur HaGRA",3,0,3,0%
"Yoreh De'ah",303,"Mechaber and Rama",2,0,2,0%
"Yoreh De'ah",303,"Pitchei Teshuva",2,0,2,0%
"Yoreh De'ah",303,"Rabbi Akiva Eiger (YD)",1,0,1,0%
"Yoreh De'ah",303,"Siftei Kohen (Shach)",4,0,4,0%
"Yoreh De'ah",303,"Yad Avraham",1,0,1,0%
"Yoreh De'ah",304,"Baer Hetev",1,0,1,0%
"Yoreh De'ah",304,"Be'er HaGolah",1,0,1,0%
"Yoreh De'ah",304,"Mechaber and Rama",1,0,1,0%
"Yoreh De'ah",304,"Siftei Kohen (Shach)",1,0,1,0%
"Yoreh De'ah",305,"Baer Hetev",25,0,25,0%
"Yoreh De'ah",305,"Be'er HaGolah",31,0,31,0%
"Yoreh De'ah",305,"Biur HaGRA",48,0,48,0%
"Yoreh De'ah",305,"Mechaber and Rama",31,0,31,0%
"Yoreh De'ah",305,"nekudot-hakesef",2,0,2,0%
"Yoreh De'ah",305,"Pitchei Teshuva",31,0,31,0%
"Yoreh De'ah",305,"Rabbi Akiva Eiger (YD)",15,0,15,0%
"Yoreh De'ah",305,"Siftei Kohen (Shach)",35,0,35,0%
"Yoreh De'ah",305,"Turei Zahav (Taz)",25,0,25,0%
"Yoreh De'ah",305,"Yad Avraham",5,0,5,0%
"Yoreh De'ah",306,"Baer Hetev",11,0,11,0%
"Yoreh De'ah",306,"Be'er HaGolah",12,0,12,0%
"Yoreh De'ah",306,"Biur HaGRA",18,0,18,0%
"Yoreh De'ah",306,"Mechaber and Rama",12,0,12,0%
"Yoreh De'ah",306,"nekudot-hakesef",1,0,1,0%
"Yoreh De'ah",306,"Pitchei Teshuva",5,0,5,0%
"Yoreh De'ah",306,"Rabbi Akiva Eiger (YD)",2,0,2,0%
"Yoreh De'ah",306,"Siftei Kohen (Shach)",16,0,16,0%
"Yoreh De'ah",306,"Turei Zahav (Taz)",8,0,8,0%
"Yoreh De'ah",307,"Baer Hetev",4,0,4,0%
"Yoreh De'ah",307,"Be'er HaGolah",7,0,7,0%
"Yoreh De'ah",307,"Biur HaGRA",5,0,5,0%
"Yoreh De'ah",307,"Mechaber and Rama",3,0,3,0%
"Yoreh De'ah",307,"Pitchei Teshuva",1,0,1,0%
"Yoreh De'ah",307,"Rabbi Akiva Eiger (YD)",1,0,1,0%
"Yoreh De'ah",307,"Siftei Kohen (Shach)",3,0,3,0%
"Yoreh De'ah",307,"Turei Zahav (Taz)",1,0,1,0%
"Yoreh De'ah",308,"Baer Hetev",4,0,4,0%
"Yoreh De'ah",308,"Be'er HaGolah",11,0,11,0%
"Yoreh De'ah",308,"Biur HaGRA",6,0,6,0%
"Yoreh De'ah",308,"Mechaber and Rama",5,0,5,0%
"Yoreh De'ah",308,"Pitchei Teshuva",5,0,5,0%
"Yoreh De'ah",308,"Rabbi Akiva Eiger (YD)",1,0,1,0%
"Yoreh De'ah",308,"Siftei Kohen (Shach)",4,0,4,0%
"Yoreh De'ah",308,"Turei Zahav (Taz)",5,0,5,0%
"Yoreh De'ah",308,"Yad Avraham",1,0,1,0%
"Yoreh De'ah",309,"Baer Hetev",3,0,3,0%
"Yoreh De'ah",309,"Be'er HaGolah",7,0,7,0%
"Yoreh De'ah",309,"Biur HaGRA",12,0,12,0%
"Yoreh De'ah",309,"Mechaber and Rama",2,0,2,0%
"Yoreh De'ah",309,"Pitchei Teshuva",1,0,1,0%
"Yoreh De'ah",309,"Siftei Kohen (Shach)",3,0,3,0%
"Yoreh De'ah",309,"Turei Zahav (Taz)",2,0,2,0%
"Yoreh De'ah",310,"Baer Hetev",2,0,2,0%
"Yoreh De'ah",310,"Be'er HaGolah",5,0,5,0%
"Yoreh De'ah",310,"Biur HaGRA",4,0,4,0%
"Yoreh De'ah",310,"Mechaber and Rama",3,0,3,0%
"Yoreh De'ah",310,"Pitchei Teshuva",2,0,2,0%
"Yoreh De'ah",310,"Siftei Kohen (Shach)",2,0,2,0%
"Yoreh De'ah",310,"Turei Zahav (Taz)",5,0,5,0%
"Yoreh De'ah",311,"Baer Hetev",2,0,2,0%
"Yoreh De'ah",311,"Be'er HaGolah",3,0,3,0%
"Yoreh De'ah",311,"Biur HaGRA",2,0,2,0%
"Yoreh De'ah",311,"Mechaber and Rama",1,0,1,0%
"Yoreh De'ah",311,"Siftei Kohen (Shach)",2,0,2,0%
"Yoreh De'ah",311,"Turei Zahav (Taz)",2,0,2,0%
"Yoreh De'ah",312,"Baer Hetev",2,0,2,0%
"Yoreh De'ah",312,"Be'er HaGolah",5,0,5,0%
"Yoreh De'ah",312,"Biur HaGRA",3,0,3,0%
"Yoreh De'ah",312,"Mechaber and Rama",3,0,3,0%
"Yoreh De'ah",312,"nekudot-hakesef",1,0,1,0%
"Yoreh De'ah",312,"Pitchei Teshuva",2,0,2,0%
"Yoreh De'ah",312,"Siftei Kohen (Shach)",2,0,2,0%
"Yoreh De'ah",312,"Turei Zahav (Taz)",4,0,4,0%
"Yoreh De'ah",313,"Baer Hetev",7,0,7,0%
"Yoreh De'ah",313,"Be'er HaGolah",11,0,11,0%
"Yoreh De'ah",313,"Biur HaGRA",11,0,11,0%
"Yoreh De'ah",313,"Mechaber and Rama",7,0,7,0%
"Yoreh De'ah",313,"nekudot-hakesef",1,0,1,0%
"Yoreh De'ah",313,"Pitchei Teshuva",7,0,7,0%
"Yoreh De'ah",313,"Rabbi Akiva Eiger (YD)",2,0,2,0%
"Yoreh De'ah",313,"Siftei Kohen (Shach)",8,0,8,0%
"Yoreh De'ah",313,"Turei Zahav (Taz)",9,0,9,0%
"Yoreh De'ah",314,"Baer Hetev",7,0,7,0%
"Yoreh De'ah",314,"Be'er HaGolah",17,0,17,0%
"Yoreh De'ah",314,"Biur HaGRA",9,0,9,0%
"Yoreh De'ah",314,"Mechaber and Rama",11,0,11,0%
"Yoreh De'ah",314,"nekudot-hakesef",1,0,1,0%
"Yoreh De'ah",314,"Pitchei Teshuva",2,0,2,0%
"Yoreh De'ah",314,"Rabbi Akiva Eiger (YD)",2,0,2,0%
"Yoreh De'ah",314,"Siftei Kohen (Shach)",10,0,10,0%
"Yoreh De'ah",314,"Turei Zahav (Taz)",5,0,5,0%
"Yoreh De'ah",315,"Baer Hetev",3,0,3,0%
"Yoreh De'ah",315,"Be'er HaGolah",7,0,7,0%
"Yoreh De'ah",315,"Biur HaGRA",13,0,13,0%
"Yoreh De'ah",315,"Mechaber and Rama",7,0,7,0%
"Yoreh De'ah",315,"nekudot-hakesef",1,0,1,0%
"Yoreh De'ah",315,"Pitchei Teshuva",1,0,1,0%
"Yoreh De'ah",315,"Rabbi Akiva Eiger (YD)",4,0,4,0%
"Yoreh De'ah",315,"Siftei Kohen (Shach)",12,0,12,0%
"Yoreh De'ah",315,"Turei Zahav (Taz)",4,0,4,0%
"Yoreh De'ah",316,"Baer Hetev",6,0,6,0%
"Yoreh De'ah",316,"Be'er HaGolah",9,0,9,0%
"Yoreh De'ah",316,"Biur HaGRA",9,0,9,0%
"Yoreh De'ah",316,"Mechaber and Rama",6,0,6,0%
"Yoreh De'ah",316,"nekudot-hakesef",2,0,2,0%
"Yoreh De'ah",316,"Pitchei Teshuva",5,0,5,0%
"Yoreh De'ah",316,"Rabbi Akiva Eiger (YD)",1,0,1,0%
"Yoreh De'ah",316,"Siftei Kohen (Shach)",11,0,11,0%
"Yoreh De'ah",316,"Turei Zahav (Taz)",6,0,6,0%
"Yoreh De'ah",317,"Baer Hetev",2,0,2,0%
"Yoreh De'ah",317,"Be'er HaGolah",3,0,3,0%
"Yoreh De'ah",317,"Mechaber and Rama",3,0,3,0%
"Yoreh De'ah",317,"Pitchei Teshuva",1,0,1,0%
"Yoreh De'ah",317,"Siftei Kohen (Shach)",1,0,1,0%
"Yoreh De'ah",317,"Turei Zahav (Taz)",4,0,4,0%
"Yoreh De'ah",318,"Baer Hetev",2,0,2,0%
"Yoreh De'ah",318,"Be'er HaGolah",6,0,6,0%
"Yoreh De'ah",318,"Biur HaGRA",3,0,3,0%
"Yoreh De'ah",318,"Mechaber and Rama",6,0,6,0%
"Yoreh De'ah",318,"Siftei Kohen (Shach)",4,0,4,0%
"Yoreh De'ah",318,"Turei Zahav (Taz)",1,0,1,0%
"Yoreh De'ah",319,"Baer Hetev",5,0,5,0%
"Yoreh De'ah",319,"Be'er HaGolah",11,0,11,0%
"Yoreh De'ah",319,"Biur HaGRA",4,0,4,0%
"Yoreh De'ah",319,"Mechaber and Rama",4,0,4,0%
"Yoreh De'ah",319,"Rabbi Akiva Eiger (YD)",2,0,2,0%
"Yoreh De'ah",319,"Siftei Kohen (Shach)",12,0,12,0%
"Yoreh De'ah",319,"Turei Zahav (Taz)",1,0,1,0%
"Yoreh De'ah",320,"Baer Hetev",8,0,8,0%
"Yoreh De'ah",320,"Be'er HaGolah",7,0,7,0%
"Yoreh De'ah",320,"Biur HaGRA",13,0,13,0%
"Yoreh De'ah",320,"Mechaber and Rama",7,0,7,0%
"Yoreh De'ah",320,"nekudot-hakesef",1,0,1,0%
"Yoreh De'ah",320,"Pitchei Teshuva",7,0,7,0%
"Yoreh De'ah",320,"Rabbi Akiva Eiger (YD)",4,0,4,0%
"Yoreh De'ah",320,"Siftei Kohen (Shach)",9,0,9,0%
"Yoreh De'ah",320,"Turei Zahav (Taz)",8,0,8,0%
"Yoreh De'ah",320,"Yad Avraham",2,0,2,0%
"Yoreh De'ah",321,"Baer Hetev",14,0,14,0%
"Yoreh De'ah",321,"Be'er HaGolah",23,0,23,0%
"Yoreh De'ah",321,"Biur HaGRA",34,0,34,0%
"Yoreh De'ah",321,"Mechaber and Rama",23,0,23,0%
"Yoreh De'ah",321,"Pitchei Teshuva",2,0,2,0%
"Yoreh De'ah",321,"Siftei Kohen (Shach)",13,0,13,0%
"Yoreh De'ah",321,"Turei Zahav (Taz)",13,0,13,0%
"Yoreh De'ah",322,"Baer Hetev",7,0,7,0%
"Yoreh De'ah",322,"Be'er HaGolah",5,0,5,0%
"Yoreh De'ah",322,"Biur HaGRA",14,0,14,0%
"Yoreh De'ah",322,"Mechaber and Rama",5,0,5,0%
"Yoreh De'ah",322,"Pitchei Teshuva",4,0,4,0%
"Yoreh De'ah",322,"Rabbi Akiva Eiger (YD)",1,0,1,0%
"Yoreh De'ah",322,"Siftei Kohen (Shach)",9,0,9,0%
"Yoreh De'ah",322,"Turei Zahav (Taz)",5,0,5,0%
"Yoreh De'ah",323,"Baer Hetev",5,0,5,0%
"Yoreh De'ah",323,"Be'er HaGolah",9,0,9,0%
"Yoreh De'ah",323,"Biur HaGRA",15,0,15,0%
"Yoreh De'ah",323,"Mechaber and Rama",1,0,1,0%
"Yoreh De'ah",323,"nekudot-hakesef",1,0,1,0%
"Yoreh De'ah",323,"Pitchei Teshuva",1,0,1,0%
"Yoreh De'ah",323,"Rabbi Akiva Eiger (YD)",1,0,1,0%
"Yoreh De'ah",323,"Siftei Kohen (Shach)",12,0,12,0%
"Yoreh De'ah",323,"Turei Zahav (Taz)",2,0,2,0%
"Yoreh De'ah",324,"Baer Hetev",20,0,20,0%
"Yoreh De'ah",324,"Be'er HaGolah",14,0,14,0%
"Yoreh De'ah",324,"Biur HaGRA",23,0,23,0%
"Yoreh De'ah",324,"Mechaber and Rama",14,0,14,0%
"Yoreh De'ah",324,"nekudot-hakesef",2,0,2,0%
"Yoreh De'ah",324,"Pitchei Teshuva",5,0,5,0%
"Yoreh De'ah",324,"Rabbi Akiva Eiger (YD)",6,0,6,0%
"Yoreh De'ah",324,"Siftei Kohen (Shach)",25,0,25,0%
"Yoreh De'ah",324,"Turei Zahav (Taz)",17,0,17,0%
"Yoreh De'ah",325,"Baer Hetev",5,0,5,0%
"Yoreh De'ah",325,"Be'er HaGolah",2,0,2,0%
"Yoreh De'ah",325,"Biur HaGRA",8,0,8,0%
"Yoreh De'ah",325,"Mechaber and Rama",2,0,2,0%
"Yoreh De'ah",325,"Rabbi Akiva Eiger (YD)",1,0,1,0%
"Yoreh De'ah",325,"Siftei Kohen (Shach)",6,0,6,0%
"Yoreh De'ah",325,"Turei Zahav (Taz)",2,0,2,0%
"Yoreh De'ah",326,"Baer Hetev",5,0,5,0%
"Yoreh De'ah",326,"Be'er HaGolah",5,0,5,0%
"Yoreh De'ah",326,"Biur HaGRA",10,0,10,0%
"Yoreh De'ah",326,"Mechaber and Rama",5,0,5,0%
"Yoreh De'ah",326,"nekudot-hakesef",1,0,1,0%
"Yoreh De'ah",326,"Pitchei Teshuva",2,0,2,0%
"Yoreh De'ah",326,"Siftei Kohen (Shach)",10,0,10,0%
"Yoreh De'ah",326,"Turei Zahav (Taz)",3,0,3,0%
"Yoreh De'ah",327,"Baer Hetev",5,0,5,0%
"Yoreh De'ah",327,"Be'er HaGolah",5,0,5,0%
"Yoreh De'ah",327,"Biur HaGRA",10,0,10,0%
"Yoreh De'ah",327,"Mechaber and Rama",5,0,5,0%
"Yoreh De'ah",327,"Rabbi Akiva Eiger (YD)",1,0,1,0%
"Yoreh De'ah",327,"Siftei Kohen (Shach)",6,0,6,0%
"Yoreh De'ah",327,"Turei Zahav (Taz)",3,0,3,0%
"Yoreh De'ah",328,"Baer Hetev",4,0,4,0%
"Yoreh De'ah",328,"Be'er HaGolah",9,0,9,0%
"Yoreh De'ah",328,"Biur HaGRA",10,0,10,0%
"Yoreh De'ah",328,"Mechaber and Rama",3,0,3,0%
"Yoreh De'ah",328,"nekudot-hakesef",2,0,2,0%
"Yoreh De'ah",328,"Pitchei Teshuva",2,0,2,0%
"Yoreh De'ah",328,"Rabbi Akiva Eiger (YD)",3,0,3,0%
"Yoreh De'ah",328,"Siftei Kohen (Shach)",7,0,7,0%
"Yoreh De'ah",328,"Turei Zahav (Taz)",2,0,2,0%
"Yoreh De'ah",328,"Yad Avraham",1,0,1,0%
"Yoreh De'ah",329,"Baer Hetev",8,0,8,0%
"Yoreh De'ah",329,"Be'er HaGolah",10,0,10,0%
"Yoreh De'ah",329,"Biur HaGRA",14,0,14,0%
"Yoreh De'ah",329,"Mechaber and Rama",10,0,10,0%
"Yoreh De'ah",329,"nekudot-hakesef",1,0,1,0%
"Yoreh De'ah",329,"Pitchei Teshuva",4,0,4,0%
"Yoreh De'ah",329,"Rabbi Akiva Eiger (YD)",1,0,1,0%
"Yoreh De'ah",329,"Siftei Kohen (Shach)",12,0,12,0%
"Yoreh De'ah",329,"Turei Zahav (Taz)",7,0,7,0%
"Yoreh De'ah",330,"Baer Hetev",7,0,7,0%
"Yoreh De'ah",330,"Be'er HaGolah",9,0,9,0%
"Yoreh De'ah",330,"Biur HaGRA",10,0,10,0%
"Yoreh De'ah",330,"Mechaber and Rama",9,0,9,0%
"Yoreh De'ah",330,"Pitchei Teshuva",2,0,2,0%
"Yoreh De'ah",330,"Rabbi Akiva Eiger (YD)",2,0,2,0%
"Yoreh De'ah",330,"Siftei Kohen (Shach)",9,0,9,0%
"Yoreh De'ah",330,"Turei Zahav (Taz)",5,0,5,0%
"Yoreh De'ah",330,"Yad Avraham",1,0,1,0%
"Yoreh De'ah",331,"Baer Hetev",80,0,80,0%
"Yoreh De'ah",331,"Be'er HaGolah",146,0,146,0%
"Yoreh De'ah",331,"Biur HaGRA",224,0,224,0%
"Yoreh De'ah",331,"Mechaber and Rama",146,0,146,0%
"Yoreh De'ah",331,"nekudot-hakesef",3,0,3,0%
"Yoreh De'ah",331,"Pitchei Teshuva",12,0,12,0%
"Yoreh De'ah",331,"Rabbi Akiva Eiger (YD)",4,0,4,0%
"Yoreh De'ah",331,"Siftei Kohen (Shach)",166,0,166,0%
"Yoreh De'ah",331,"Turei Zahav (Taz)",32,0,32,0%
"Yoreh De'ah",331,"Yad Avraham",2,0,2,0%
"Yoreh De'ah",332,"Baer Hetev",1,0,1,0%
"Yoreh De'ah",332,"Be'er HaGolah",1,0,1,0%
"Yoreh De'ah",332,"Biur HaGRA",2,0,2,0%
"Yoreh De'ah",332,"Mechaber and Rama",1,0,1,0%
"Yoreh De'ah",332,"Pitchei Teshuva",1,0,1,0%
"Yoreh De'ah",332,"Siftei Kohen (Shach)",2,0,2,0%
"Yoreh De'ah",333,"Baer Hetev",9,0,9,0%
"Yoreh De'ah",333,"Be'er HaGolah",14,0,14,0%
"Yoreh De'ah",333,"Biur HaGRA",21,0,21,0%
"Yoreh De'ah",333,"Mechaber and Rama",14,0,14,0%
"Yoreh De'ah",333,"Rabbi Akiva Eiger (YD)",2,0,2,0%
"Yoreh De'ah",333,"Siftei Kohen (Shach)",10,0,10,0%
"Yoreh De'ah",334,"Baer Hetev",50,0,50,0%
"Yoreh De'ah",334,"Be'er HaGolah",48,0,48,0%
"Yoreh De'ah",334,"Biur HaGRA",72,0,72,0%
"Yoreh De'ah",334,"Mechaber and Rama",48,0,48,0%
"Yoreh De'ah",334,"nekudot-hakesef",1,0,1,0%
"Yoreh De'ah",334,"Pitchei Teshuva",19,0,19,0%
"Yoreh De'ah",334,"Rabbi Akiva Eiger (YD)",10,0,10,0%
"Yoreh De'ah",334,"Siftei Kohen (Shach)",97,0,97,0%
"Yoreh De'ah",334,"Turei Zahav (Taz)",23,0,23,0%
"Yoreh De'ah",334,"Yad Avraham",1,0,1,0%
"Yoreh De'ah",335,"Baer Hetev",2,0,2,0%
"Yoreh De'ah",335,"Be'er HaGolah",10,0,10,0%
"Yoreh De'ah",335,"Biur HaGRA",15,0,15,0%
"Yoreh De'ah",335,"Mechaber and Rama",10,0,10,0%
"Yoreh De'ah",335,"nekudot-hakesef",1,0,1,0%
"Yoreh De'ah",335,"Pitchei Teshuva",2,0,2,0%
"Yoreh De'ah",335,"Siftei Kohen (Shach)",11,0,11,0%
"Yoreh De'ah",335,"Turei Zahav (Taz)",5,0,5,0%
"Yoreh De'ah",336,"Baer Hetev",4,0,4,0%
"Yoreh De'ah",336,"Be'er HaGolah",11,0,11,0%
"Yoreh De'ah",336,"Biur HaGRA",12,0,12,0%
"Yoreh De'ah",336,"Mechaber and Rama",3,0,3,0%
"Yoreh De'ah",336,"Rabbi Akiva Eiger (YD)",3,0,3,0%
"Yoreh De'ah",336,"Siftei Kohen (Shach)",7,0,7,0%
"Yoreh De'ah",336,"Turei Zahav (Taz)",3,0,3,0%
"Yoreh De'ah",336,"Yad Avraham",2,0,2,0%
"Yoreh De'ah",337,"Baer Hetev",2,0,2,0%
"Yoreh De'ah",337,"Be'er HaGolah",1,0,1,0%
"Yoreh De'ah",337,"Biur HaGRA",1,0,1,0%
"Yoreh De'ah",337,"Mechaber and Rama",1,0,1,0%
"Yoreh De'ah",337,"Siftei Kohen (Shach)",2,0,2,0%
"Yoreh De'ah",337,"Yad Ephraim",1,0,1,0%
"Yoreh De'ah",338,"Baer Hetev",1,0,1,0%
"Yoreh De'ah",338,"Be'er HaGolah",7,0,7,0%
"Yoreh De'ah",338,"Biur HaGRA",6,0,6,0%
"Yoreh De'ah",338,"Mechaber and Rama",2,0,2,0%
"Yoreh De'ah",338,"Siftei Kohen (Shach)",1,0,1,0%
"Yoreh De'ah",339,"Baer Hetev",5,0,5,0%
"Yoreh De'ah",339,"Be'er HaGolah",5,0,5,0%
"Yoreh De'ah",339,"Biur HaGRA",4,0,4,0%
"Yoreh De'ah",339,"Mechaber and Rama",5,0,5,0%
"Yoreh De'ah",339,"nekudot-hakesef",2,0,2,0%
"Yoreh De'ah",339,"Pitchei Teshuva",5,0,5,0%
"Yoreh De'ah",339,"Rabbi Akiva Eiger (YD)",5,0,5,0%
"Yoreh De'ah",339,"Siftei Kohen (Shach)",9,0,9,0%
"Yoreh De'ah",339,"Turei Zahav (Taz)",4,0,4,0%
"Yoreh De'ah",339,"Yad Avraham",1,0,1,0%
"Yoreh De'ah",340,"Baer Hetev",38,0,38,0%
"Yoreh De'ah",340,"Be'er HaGolah",39,0,39,0%
"Yoreh De'ah",340,"Biur HaGRA",52,0,52,0%
"Yoreh De'ah",340,"Mechaber and Rama",39,0,39,0%
"Yoreh De'ah",340,"nekudot-hakesef",2,0,2,0%
"Yoreh De'ah",340,"Pitchei Teshuva",22,0,22,0%
"Yoreh De'ah",340,"Rabbi Akiva Eiger (YD)",7,0,7,0%
"Yoreh De'ah",340,"Siftei Kohen (Shach)",62,0,62,0%
"Yoreh De'ah",340,"Turei Zahav (Taz)",25,0,25,0%
"Yoreh De'ah",341,"Baer Hetev",14,0,14,0%
"Yoreh De'ah",341,"Be'er HaGolah",6,0,6,0%
"Yoreh De'ah",341,"Biur HaGRA",18,0,18,0%
"Yoreh De'ah",341,"Mechaber and Rama",6,0,6,0%
"Yoreh De'ah",341,"nekudot-hakesef",2,0,2,0%
"Yoreh De'ah",341,"Pitchei Teshuva",6,0,6,0%
"Yoreh De'ah",341,"Rabbi Akiva Eiger (YD)",6,0,6,0%
"Yoreh De'ah",341,"Siftei Kohen (Shach)",18,0,18,0%
"Yoreh De'ah",341,"Turei Zahav (Taz)",6,0,6,0%
"Yoreh De'ah",341,"Yad Avraham",1,0,1,0%
"Yoreh De'ah",342,"Baer Hetev",5,0,5,0%
"Yoreh De'ah",342,"Be'er HaGolah",10,0,10,0%
"Yoreh De'ah",342,"Biur HaGRA",4,0,4,0%
"Yoreh De'ah",342,"Mechaber and Rama",1,0,1,0%
"Yoreh De'ah",342,"nekudot-hakesef",1,0,1,0%
"Yoreh De'ah",342,"Pitchei Teshuva",1,0,1,0%
"Yoreh De'ah",342,"Rabbi Akiva Eiger (YD)",1,0,1,0%
"Yoreh De'ah",342,"Siftei Kohen (Shach)",11,0,11,0%
"Yoreh De'ah",342,"Turei Zahav (Taz)",5,0,5,0%
"Yoreh De'ah",343,"Baer Hetev",1,0,1,0%
"Yoreh De'ah",343,"Be'er HaGolah",6,0,6,0%
"Yoreh De'ah",343,"Mechaber and Rama",2,0,2,0%
"Yoreh De'ah",343,"Siftei Kohen (Shach)",3,0,3,0%
"Yoreh De'ah",344,"Baer Hetev",9,0,9,0%
"Yoreh De'ah",344,"Be'er HaGolah",20,0,20,0%
"Yoreh De'ah",344,"Biur HaGRA",8,0,8,0%
"Yoreh De'ah",344,"Mechaber and Rama",20,0,20,0%
"Yoreh De'ah",344,"Pitchei Teshuva",3,0,3,0%
"Yoreh De'ah",344,"Rabbi Akiva Eiger (YD)",2,0,2,0%
"Yoreh De'ah",344,"Siftei Kohen (Shach)",12,0,12,0%
"Yoreh De'ah",344,"Turei Zahav (Taz)",5,0,5,0%
"Yoreh De'ah",344,"Yad Avraham",1,0,1,0%
"Yoreh De'ah",345,"Baer Hetev",6,0,6,0%
"Yoreh De'ah",345,"Be'er HaGolah",8,0,8,0%
"Yoreh De'ah",345,"Biur HaGRA",9,0,9,0%
"Yoreh De'ah",345,"Mechaber and Rama",8,0,8,0%
"Yoreh De'ah",345,"Pitchei Teshuva",5,0,5,0%
"Yoreh De'ah",345,"Rabbi Akiva Eiger (YD)",2,0,2,0%
"Yoreh De'ah",345,"Siftei Kohen (Shach)",10,0,10,0%
"Yoreh De'ah",345,"Yad Avraham",2,0,2,0%
"Yoreh De'ah",346,"Baer Hetev",1,0,1,0%
"Yoreh De'ah",346,"Be'er HaGolah",2,0,2,0%
"Yoreh De'ah",346,"Biur HaGRA",1,0,1,0%
"Yoreh De'ah",346,"Mechaber and Rama",1,0,1,0%
"Yoreh De'ah",346,"Siftei Kohen (Shach)",1,0,1,0%
"Yoreh De'ah",347,"Baer Hetev",1,0,1,0%
"Yoreh De'ah",347,"Be'er HaGolah",2,0,2,0%
"Yoreh De'ah",347,"Biur HaGRA",1,0,1,0%
"Yoreh De'ah",347,"Mechaber and Rama",3,0,3,0%
"Yoreh De'ah",347,"Pitchei Teshuva",1,0,1,0%
"Yoreh De'ah",347,"Rabbi Akiva Eiger (YD)",1,0,1,0%
"Yoreh De'ah",347,"Siftei Kohen (Shach)",2,0,2,0%
"Yoreh De'ah",348,"Baer Hetev",3,0,3,0%
"Yoreh De'ah",348,"Be'er HaGolah",6,0,6,0%
"Yoreh De'ah",348,"Biur HaGRA",1,0,1,0%
"Yoreh De'ah",348,"Mechaber and Rama",3,0,3,0%
"Yoreh De'ah",348,"Pitchei Teshuva",1,0,1,0%
"Yoreh De'ah",348,"Rabbi Akiva Eiger (YD)",1,0,1,0%
"Yoreh De'ah",348,"Siftei Kohen (Shach)",6,0,6,0%
"Yoreh De'ah",348,"Yad Avraham",1,0,1,0%
"Yoreh De'ah",349,"Baer Hetev",1,0,1,0%
"Yoreh De'ah",349,"Be'er HaGolah",4,0,4,0%
"Yoreh De'ah",349,"Biur HaGRA",2,0,2,0%
"Yoreh De'ah",349,"Mechaber and Rama",4,0,4,0%
"Yoreh De'ah",349,"nekudot-hakesef",2,0,2,0%
"Yoreh De'ah",349,"Pitchei Teshuva",4,0,4,0%
"Yoreh De'ah",349,"Rabbi Akiva Eiger (YD)",1,0,1,0%
"Yoreh De'ah",349,"Siftei Kohen (Shach)",8,0,8,0%
"Yoreh De'ah",349,"Yad Avraham",1,0,1,0%
"Yoreh De'ah",350,"Baer Hetev",1,0,1,0%
"Yoreh De'ah",350,"Be'er HaGolah",2,0,2,0%
"Yoreh De'ah",350,"Biur HaGRA",1,0,1,0%
"Yoreh De'ah",350,"Mechaber and Rama",1,0,1,0%
"Yoreh De'ah",350,"Siftei Kohen (Shach)",2,0,2,0%
"Yoreh De'ah",351,"Baer Hetev",1,0,1,0%
"Yoreh De'ah",351,"Be'er HaGolah",2,0,2,0%
"Yoreh De'ah",351,"Biur HaGRA",2,0,2,0%
"Yoreh De'ah",351,"Mechaber and Rama",2,0,2,0%
"Yoreh De'ah",351,"Pitchei Teshuva",2,0,2,0%
"Yoreh De'ah",351,"Siftei Kohen (Shach)",2,0,2,0%
"Yoreh De'ah",351,"Turei Zahav (Taz)",1,0,1,0%
"Yoreh De'ah",352,"Baer Hetev",1,0,1,0%
"Yoreh De'ah",352,"Be'er HaGolah",4,0,4,0%
"Yoreh De'ah",352,"Biur HaGRA",2,0,2,0%
"Yoreh De'ah",352,"Mechaber and Rama",4,0,4,0%
"Yoreh De'ah",352,"Pitchei Teshuva",4,0,4,0%
"Yoreh De'ah",352,"Siftei Kohen (Shach)",2,0,2,0%
"Yoreh De'ah",353,"Baer Hetev",2,0,2,0%
"Yoreh De'ah",353,"Be'er HaGolah",7,0,7,0%
"Yoreh De'ah",353,"Biur HaGRA",2,0,2,0%
"Yoreh De'ah",353,"Mechaber and Rama",7,0,7,0%
"Yoreh De'ah",353,"Rabbi Akiva Eiger (YD)",2,0,2,0%
"Yoreh De'ah",353,"Siftei Kohen (Shach)",7,0,7,0%
"Yoreh De'ah",353,"Turei Zahav (Taz)",2,0,2,0%
"Yoreh De'ah",354,"Baer Hetev",2,0,2,0%
"Yoreh De'ah",354,"Be'er HaGolah",1,0,1,0%
"Yoreh De'ah",354,"Biur HaGRA",1,0,1,0%
"Yoreh De'ah",354,"Mechaber and Rama",1,0,1,0%
"Yoreh De'ah",354,"Pitchei Teshuva",1,0,1,0%
"Yoreh De'ah",354,"Rabbi Akiva Eiger (YD)",1,0,1,0%
"Yoreh De'ah",354,"Siftei Kohen (Shach)",5,0,5,0%
"Yoreh De'ah",354,"Turei Zahav (Taz)",1,0,1,0%
"Yoreh De'ah",355,"Baer Hetev",1,0,1,0%
"Yoreh De'ah",355,"Be'er HaGolah",1,0,1,0%
"Yoreh De'ah",355,"Biur HaGRA",2,0,2,0%
"Yoreh De'ah",355,"Mechaber and Rama",1,0,1,0%
"Yoreh De'ah",355,"Siftei Kohen (Shach)",2,0,2,0%
"Yoreh De'ah",355,"Turei Zahav (Taz)",1,0,1,0%
"Yoreh De'ah",356,"Baer Hetev",1,0,1,0%
"Yoreh De'ah",356,"Be'er HaGolah",1,0,1,0%
"Yoreh De'ah",356,"Mechaber and Rama",1,0,1,0%
"Yoreh De'ah",356,"Pitchei Teshuva",1,0,1,0%
"Yoreh De'ah",356,"Siftei Kohen (Shach)",1,0,1,0%
"Yoreh De'ah",356,"Turei Zahav (Taz)",1,0,1,0%
"Yoreh De'ah",357,"Baer Hetev",1,0,1,0%
"Yoreh De'ah",357,"Be'er HaGolah",2,0,2,0%
"Yoreh De'ah",357,"Biur HaGRA",2,0,2,0%
"Yoreh De'ah",357,"Mechaber and Rama",2,0,2,0%
"Yoreh De'ah",357,"nekudot-hakesef",1,0,1,0%
"Yoreh De'ah",357,"Pitchei Teshuva",2,0,2,0%
"Yoreh De'ah",357,"Rabbi Akiva Eiger (YD)",1,0,1,0%
"Yoreh De'ah",357,"Siftei Kohen (Shach)",1,0,1,0%
"Yoreh De'ah",357,"Turei Zahav (Taz)",1,0,1,0%
"Yoreh De'ah",357,"Yad Avraham",1,0,1,0%
"Yoreh De'ah",358,"Baer Hetev",3,0,3,0%
"Yoreh De'ah",358,"Be'er HaGolah",3,0,3,0%
"Yoreh De'ah",358,"Biur HaGRA",2,0,2,0%
"Yoreh De'ah",358,"Mechaber and Rama",3,0,3,0%
"Yoreh De'ah",358,"nekudot-hakesef",1,0,1,0%
"Yoreh De'ah",358,"Siftei Kohen (Shach)",4,0,4,0%
"Yoreh De'ah",358,"Turei Zahav (Taz)",1,0,1,0%
"Yoreh De'ah",359,"Baer Hetev",1,0,1,0%
"Yoreh De'ah",359,"Be'er HaGolah",4,0,4,0%
"Yoreh De'ah",359,"Mechaber and Rama",2,0,2,0%
"Yoreh De'ah",359,"Rabbi Akiva Eiger (YD)",1,0,1,0%
"Yoreh De'ah",359,"Siftei Kohen (Shach)",2,0,2,0%
"Yoreh De'ah",360,"Baer Hetev",2,0,2,0%
"Yoreh De'ah",360,"Be'er HaGolah",6,0,6,0%
"Yoreh De'ah",360,"Biur HaGRA",1,0,1,0%
"Yoreh De'ah",360,"Mechaber and Rama",1,0,1,0%
"Yoreh De'ah",360,"Siftei Kohen (Shach)",3,0,3,0%
"Yoreh De'ah",360,"Turei Zahav (Taz)",1,0,1,0%
"Yoreh De'ah",361,"Baer Hetev",3,0,3,0%
"Yoreh De'ah",361,"Be'er HaGolah",5,0,5,0%
"Yoreh De'ah",361,"Biur HaGRA",4,0,4,0%
"Yoreh De'ah",361,"Mechaber and Rama",5,0,5,0%
"Yoreh De'ah",361,"nekudot-hakesef",1,0,1,0%
"Yoreh De'ah",361,"Pitchei Teshuva",3,0,3,0%
"Yoreh De'ah",361,"Rabbi Akiva Eiger (YD)",1,0,1,0%
"Yoreh De'ah",361,"Siftei Kohen (Shach)",6,0,6,0%
"Yoreh De'ah",361,"Turei Zahav (Taz)",2,0,2,0%
"Yoreh De'ah",362,"Baer Hetev",5,0,5,0%
"Yoreh De'ah",362,"Be'er HaGolah",9,0,9,0%
"Yoreh De'ah",362,"Biur HaGRA",9,0,9,0%
"Yoreh De'ah",362,"Mechaber and Rama",6,0,6,0%
"Yoreh De'ah",362,"Pitchei Teshuva",4,0,4,0%
"Yoreh De'ah",362,"Rabbi Akiva Eiger (YD)",3,0,3,0%
"Yoreh De'ah",362,"Siftei Kohen (Shach)",6,0,6,0%
"Yoreh De'ah",362,"Turei Zahav (Taz)",1,0,1,0%
"Yoreh De'ah",362,"Yad Avraham",1,0,1,0%
"Yoreh De'ah",363,"Baer Hetev",3,0,3,0%
"Yoreh De'ah",363,"Be'er HaGolah",7,0,7,0%
"Yoreh De'ah",363,"Biur HaGRA",7,0,7,0%
"Yoreh De'ah",363,"Mechaber and Rama",7,0,7,0%
"Yoreh De'ah",363,"Pitchei Teshuva",7,0,7,0%
"Yoreh De'ah",363,"Rabbi Akiva Eiger (YD)",3,0,3,0%
"Yoreh De'ah",363,"Siftei Kohen (Shach)",6,0,6,0%
"Yoreh De'ah",363,"Turei Zahav (Taz)",6,0,6,0%
"Yoreh De'ah",364,"Baer Hetev",9,0,9,0%
"Yoreh De'ah",364,"Be'er HaGolah",7,0,7,0%
"Yoreh De'ah",364,"Biur HaGRA",10,0,10,0%
"Yoreh De'ah",364,"Mechaber and Rama",7,0,7,0%
"Yoreh De'ah",364,"Pitchei Teshuva",7,0,7,0%
"Yoreh De'ah",364,"Rabbi Akiva Eiger (YD)",4,0,4,0%
"Yoreh De'ah",364,"Siftei Kohen (Shach)",15,0,15,0%
"Yoreh De'ah",364,"Turei Zahav (Taz)",4,0,4,0%
"Yoreh De'ah",364,"Yad Avraham",1,0,1,0%
"Yoreh De'ah",365,"Baer Hetev",1,0,1,0%
"Yoreh De'ah",365,"Be'er HaGolah",2,0,2,0%
"Yoreh De'ah",365,"Biur HaGRA",1,0,1,0%
"Yoreh De'ah",365,"Mechaber and Rama",2,0,2,0%
"Yoreh De'ah",365,"Siftei Kohen (Shach)",2,0,2,0%
"Yoreh De'ah",366,"Baer Hetev",1,0,1,0%
"Yoreh De'ah",366,"Be'er HaGolah",4,0,4,0%
"Yoreh De'ah",366,"Biur HaGRA",1,0,1,0%
"Yoreh De'ah",366,"Mechaber and Rama",4,0,4,0%
"Yoreh De'ah",366,"Siftei Kohen (Shach)",4,0,4,0%
"Yoreh De'ah",367,"Baer Hetev",1,0,1,0%
"Yoreh De'ah",367,"Be'er HaGolah",6,0,6,0%
"Yoreh De'ah",367,"Biur HaGRA",2,0,2,0%
"Yoreh De'ah",367,"Mechaber and Rama",6,0,6,0%
"Yoreh De'ah",367,"Pitchei Teshuva",2,0,2,0%
"Yoreh De'ah",367,"Siftei Kohen (Shach)",4,0,4,0%
"Yoreh De'ah",367,"Turei Zahav (Taz)",1,0,1,0%
"Yoreh De'ah",368,"Baer Hetev",3,0,3,0%
"Yoreh De'ah",368,"Be'er HaGolah",3,0,3,0%
"Yoreh De'ah",368,"Biur HaGRA",5,0,5,0%
"Yoreh De'ah",368,"Mechaber and Rama",3,0,3,0%
"Yoreh De'ah",368,"Pitchei Teshuva",3,0,3,0%
"Yoreh De'ah",368,"Rabbi Akiva Eiger (YD)",2,0,2,0%
"Yoreh De'ah",368,"Siftei Kohen (Shach)",4,0,4,0%
"Yoreh De'ah",369,"Baer Hetev",3,0,3,0%
"Yoreh De'ah",369,"Be'er HaGolah",1,0,1,0%
"Yoreh De'ah",369,"Biur HaGRA",2,0,2,0%
"Yoreh De'ah",369,"Mechaber and Rama",1,0,1,0%
"Yoreh De'ah",369,"Pitchei Teshuva",1,0,1,0%
"Yoreh De'ah",369,"Rabbi Akiva Eiger (YD)",1,0,1,0%
"Yoreh De'ah",369,"Siftei Kohen (Shach)",3,0,3,0%
"Yoreh De'ah",369,"Turei Zahav (Taz)",4,0,4,0%
"Yoreh De'ah",370,"Baer Hetev",2,0,2,0%
"Yoreh De'ah",370,"Be'er HaGolah",5,0,5,0%
"Yoreh De'ah",370,"Biur HaGRA",1,0,1,0%
"Yoreh De'ah",370,"Mechaber and Rama",1,0,1,0%
"Yoreh De'ah",370,"Pitchei Teshuva",1,0,1,0%
"Yoreh De'ah",370,"Siftei Kohen (Shach)",4,0,4,0%
"Yoreh De'ah",371,"Baer Hetev",15,0,15,0%
"Yoreh De'ah",371,"Be'er HaGolah",6,0,6,0%
"Yoreh De'ah",371,"Biur HaGRA",19,0,19,0%
"Yoreh De'ah",371,"Mechaber and Rama",6,0,6,0%
"Yoreh De'ah",371,"nekudot-hakesef",6,0,6,0%
"Yoreh De'ah",371,"Pitchei Teshuva",6,0,6,0%
"Yoreh De'ah",371,"Rabbi Akiva Eiger (YD)",5,0,5,0%
"Yoreh De'ah",371,"Siftei Kohen (Shach)",20,0,20,0%
"Yoreh De'ah",371,"Turei Zahav (Taz)",12,0,12,0%
"Yoreh De'ah",372,"Baer Hetev",4,0,4,0%
"Yoreh De'ah",372,"Be'er HaGolah",5,0,5,0%
"Yoreh De'ah",372,"Biur HaGRA",4,0,4,0%
"Yoreh De'ah",372,"Mechaber and Rama",2,0,2,0%
"Yoreh De'ah",372,"Pitchei Teshuva",2,0,2,0%
"Yoreh De'ah",372,"Rabbi Akiva Eiger (YD)",1,0,1,0%
"Yoreh De'ah",372,"Siftei Kohen (Shach)",4,0,4,0%
"Yoreh De'ah",372,"Turei Zahav (Taz)",1,0,1,0%
"Yoreh De'ah",372,"Yad Avraham",2,0,2,0%
"Yoreh De'ah",373,"Baer Hetev",9,0,9,0%
"Yoreh De'ah",373,"Be'er HaGolah",28,0,28,0%
"Yoreh De'ah",373,"Biur HaGRA",23,0,23,0%
"Yoreh De'ah",373,"Mechaber and Rama",9,0,9,0%
"Yoreh De'ah",373,"nekudot-hakesef",1,0,1,0%
"Yoreh De'ah",373,"Pitchei Teshuva",7,0,7,0%
"Yoreh De'ah",373,"Rabbi Akiva Eiger (YD)",2,0,2,0%
"Yoreh De'ah",373,"Siftei Kohen (Shach)",14,0,14,0%
"Yoreh De'ah",373,"Turei Zahav (Taz)",1,0,1,0%
"Yoreh De'ah",373,"Yad Avraham",1,0,1,0%
"Yoreh De'ah",374,"Baer Hetev",9,0,9,0%
"Yoreh De'ah",374,"Be'er HaGolah",11,0,11,0%
"Yoreh De'ah",374,"Biur HaGRA",14,0,14,0%
"Yoreh De'ah",374,"Mechaber and Rama",11,0,11,0%
"Yoreh De'ah",374,"nekudot-hakesef",1,0,1,0%
"Yoreh De'ah",374,"Pitchei Teshuva",11,0,11,0%
"Yoreh De'ah",374,"Rabbi Akiva Eiger (YD)",8,0,8,0%
"Yoreh De'ah",374,"Siftei Kohen (Shach)",11,0,11,0%
"Yoreh De'ah",374,"Turei Zahav (Taz)",5,0,5,0%
"Yoreh De'ah",375,"Baer Hetev",11,0,11,0%
"Yoreh De'ah",375,"Be'er HaGolah",11,0,11,0%
"Yoreh De'ah",375,"Biur HaGRA",21,0,21,0%
"Yoreh De'ah",375,"Mechaber and Rama",11,0,11,0%
"Yoreh De'ah",375,"Pitchei Teshuva",8,0,8,0%
"Yoreh De'ah",375,"Rabbi Akiva Eiger (YD)",8,0,8,0%
"Yoreh De'ah",375,"Siftei Kohen (Shach)",15,0,15,0%
"Yoreh De'ah",375,"Turei Zahav (Taz)",4,0,4,0%
"Yoreh De'ah",376,"Baer Hetev",12,0,12,0%
"Yoreh De'ah",376,"Be'er HaGolah",10,0,10,0%
"Yoreh De'ah",376,"Biur HaGRA",8,0,8,0%
"Yoreh De'ah",376,"Mechaber and Rama",4,0,4,0%
"Yoreh De'ah",376,"nekudot-hakesef",1,0,1,0%
"Yoreh De'ah",376,"Pitchei Teshuva",4,0,4,0%
"Yoreh De'ah",376,"Rabbi Akiva Eiger (YD)",4,0,4,0%
"Yoreh De'ah",376,"Siftei Kohen (Shach)",15,0,15,0%
"Yoreh De'ah",376,"Turei Zahav (Taz)",6,0,6,0%
"Yoreh De'ah",377,"Baer Hetev",1,0,1,0%
"Yoreh De'ah",377,"Be'er HaGolah",3,0,3,0%
"Yoreh De'ah",377,"Biur HaGRA",1,0,1,0%
"Yoreh De'ah",377,"Mechaber and Rama",3,0,3,0%
"Yoreh De'ah",377,"Siftei Kohen (Shach)",2,0,2,0%
"Yoreh De'ah",378,"Baer Hetev",6,0,6,0%
"Yoreh De'ah",378,"Be'er HaGolah",13,0,13,0%
"Yoreh De'ah",378,"Biur HaGRA",16,0,16,0%
"Yoreh De'ah",378,"Mechaber and Rama",13,0,13,0%
"Yoreh De'ah",378,"Pitchei Teshuva",2,0,2,0%
"Yoreh De'ah",378,"Rabbi Akiva Eiger (YD)",2,0,2,0%
"Yoreh De'ah",378,"Siftei Kohen (Shach)",11,0,11,0%
"Yoreh De'ah",378,"Turei Zahav (Taz)",2,0,2,0%
"Yoreh De'ah",378,"Yad Avraham",1,0,1,0%
"Yoreh De'ah",379,"Baer Hetev",3,0,3,0%
"Yoreh De'ah",379,"Be'er HaGolah",5,0,5,0%
"Yoreh De'ah",379,"Biur HaGRA",2,0,2,0%
"Yoreh De'ah",379,"Mechaber and Rama",5,0,5,0%
"Yoreh De'ah",379,"Pitchei Teshuva",2,0,2,0%
"Yoreh De'ah",379,"Siftei Kohen (Shach)",6,0,6,0%
"Yoreh De'ah",379,"Yad Avraham",1,0,1,0%
"Yoreh De'ah",380,"Baer Hetev",16,0,16,0%
"Yoreh De'ah",380,"Be'er HaGolah",37,0,37,0%
"Yoreh De'ah",380,"Biur HaGRA",32,0,32,0%
"Yoreh De'ah",380,"Mechaber and Rama",25,0,25,0%
"Yoreh De'ah",380,"Pitchei Teshuva",8,0,8,0%
"Yoreh De'ah",380,"Rabbi Akiva Eiger (YD)",5,0,5,0%
"Yoreh De'ah",380,"Siftei Kohen (Shach)",23,0,23,0%
"Yoreh De'ah",380,"Turei Zahav (Taz)",1,0,1,0%
"Yoreh De'ah",381,"Baer Hetev",2,0,2,0%
"Yoreh De'ah",381,"Be'er HaGolah",15,0,15,0%
"Yoreh De'ah",381,"Biur HaGRA",9,0,9,0%
"Yoreh De'ah",381,"Mechaber and Rama",6,0,6,0%
"Yoreh De'ah",381,"Pitchei Teshuva",4,0,4,0%
"Yoreh De'ah",381,"Rabbi Akiva Eiger (YD)",2,0,2,0%
"Yoreh De'ah",381,"Siftei Kohen (Shach)",4,0,4,0%
"Yoreh De'ah",381,"Turei Zahav (Taz)",2,0,2,0%
"Yoreh De'ah",381,"Yad Avraham",1,0,1,0%
"Yoreh De'ah",382,"Baer Hetev",3,0,3,0%
"Yoreh De'ah",382,"Be'er HaGolah",6,0,6,0%
"Yoreh De'ah",382,"Biur HaGRA",3,0,3,0%
"Yoreh De'ah",382,"Mechaber and Rama",5,0,5,0%
"Yoreh De'ah",382,"Siftei Kohen (Shach)",3,0,3,0%
"Yoreh De'ah",382,"Turei Zahav (Taz)",1,0,1,0%
"Yoreh De'ah",383,"Baer Hetev",1,0,1,0%
"Yoreh De'ah",383,"Be'er HaGolah",9,0,9,0%
"Yoreh De'ah",383,"Biur HaGRA",4,0,4,0%
"Yoreh De'ah",383,"Mechaber and Rama",2,0,2,0%
"Yoreh De'ah",383,"Rabbi Akiva Eiger (YD)",1,0,1,0%
"Yoreh De'ah",383,"Siftei Kohen (Shach)",3,0,3,0%
"Yoreh De'ah",384,"Baer Hetev",2,0,2,0%
"Yoreh De'ah",384,"Be'er HaGolah",5,0,5,0%
"Yoreh De'ah",384,"Biur HaGRA",8,0,8,0%
"Yoreh De'ah",384,"Mechaber and Rama",5,0,5,0%
"Yoreh De'ah",384,"Pitchei Teshuva",2,0,2,0%
"Yoreh De'ah",384,"Rabbi Akiva Eiger (YD)",2,0,2,0%
"Yoreh De'ah",384,"Siftei Kohen (Shach)",5,0,5,0%
"Yoreh De'ah",384,"Turei Zahav (Taz)",1,0,1,0%
"Yoreh De'ah",385,"Baer Hetev",3,0,3,0%
"Yoreh De'ah",385,"Be'er HaGolah",10,0,10,0%
"Yoreh De'ah",385,"Biur HaGRA",3,0,3,0%
"Yoreh De'ah",385,"Mechaber and Rama",3,0,3,0%
"Yoreh De'ah",385,"Rabbi Akiva Eiger (YD)",1,0,1,0%
"Yoreh De'ah",385,"Siftei Kohen (Shach)",4,0,4,0%
"Yoreh De'ah",385,"Turei Zahav (Taz)",1,0,1,0%
"Yoreh De'ah",386,"Baer Hetev",1,0,1,0%
"Yoreh De'ah",386,"Be'er HaGolah",1,0,1,0%
"Yoreh De'ah",386,"Biur HaGRA",4,0,4,0%
"Yoreh De'ah",386,"Mechaber and Rama",1,0,1,0%
"Yoreh De'ah",386,"Siftei Kohen (Shach)",1,0,1,0%
"Yoreh De'ah",386,"Turei Zahav (Taz)",1,0,1,0%
"Yoreh De'ah",387,"Baer Hetev",1,0,1,0%
"Yoreh De'ah",387,"Be'er HaGolah",3,0,3,0%
"Yoreh De'ah",387,"Biur HaGRA",3,0,3,0%
"Yoreh De'ah",387,"Mechaber and Rama",2,0,2,0%
"Yoreh De'ah",387,"Pitchei Teshuva",2,0,2,0%
"Yoreh De'ah",387,"Rabbi Akiva Eiger (YD)",2,0,2,0%
"Yoreh De'ah",387,"Siftei Kohen (Shach)",1,0,1,0%
"Yoreh De'ah",387,"Turei Zahav (Taz)",1,0,1,0%
"Yoreh De'ah",388,"Baer Hetev",2,0,2,0%
"Yoreh De'ah",388,"Be'er HaGolah",4,0,4,0%
"Yoreh De'ah",388,"Biur HaGRA",3,0,3,0%
"Yoreh De'ah",388,"Mechaber and Rama",2,0,2,0%
"Yoreh De'ah",388,"Pitchei Teshuva",2,0,2,0%
"Yoreh De'ah",388,"Rabbi Akiva Eiger (YD)",1,0,1,0%
"Yoreh De'ah",388,"Siftei Kohen (Shach)",1,0,1,0%
"Yoreh De'ah",388,"Turei Zahav (Taz)",1,0,1,0%
"Yoreh De'ah",389,"Baer Hetev",4,0,4,0%
"Yoreh De'ah",389,"Be'er HaGolah",8,0,8,0%
"Yoreh De'ah",389,"Biur HaGRA",16,0,16,0%
"Yoreh De'ah",389,"Mechaber and Rama",8,0,8,0%
"Yoreh De'ah",389,"Pitchei Teshuva",4,0,4,0%
"Yoreh De'ah",389,"Siftei Kohen (Shach)",9,0,9,0%
"Yoreh De'ah",389,"Turei Zahav (Taz)",1,0,1,0%
"Yoreh De'ah",390,"Baer Hetev",2,0,2,0%
"Yoreh De'ah",390,"Be'er HaGolah",18,0,18,0%
"Yoreh De'ah",390,"Biur HaGRA",12,0,12,0%
"Yoreh De'ah",390,"Mechaber and Rama",7,0,7,0%
"Yoreh De'ah",390,"nekudot-hakesef",2,0,2,0%
"Yoreh De'ah",390,"Pitchei Teshuva",5,0,5,0%
"Yoreh De'ah",390,"Rabbi Akiva Eiger (YD)",7,0,7,0%
"Yoreh De'ah",390,"Siftei Kohen (Shach)",4,0,4,0%
"Yoreh De'ah",390,"Turei Zahav (Taz)",3,0,3,0%
"Yoreh De'ah",391,"Baer Hetev",7,0,7,0%
"Yoreh De'ah",391,"Be'er HaGolah",7,0,7,0%
"Yoreh De'ah",391,"Biur HaGRA",8,0,8,0%
"Yoreh De'ah",391,"Mechaber and Rama",3,0,3,0%
"Yoreh De'ah",391,"nekudot-hakesef",3,0,3,0%
"Yoreh De'ah",391,"Pitchei Teshuva",3,0,3,0%
"Yoreh De'ah",391,"Rabbi Akiva Eiger (YD)",3,0,3,0%
"Yoreh De'ah",391,"Siftei Kohen (Shach)",8,0,8,0%
"Yoreh De'ah",391,"Turei Zahav (Taz)",5,0,5,0%
"Yoreh De'ah",391,"Yad Avraham",1,0,1,0%
"Yoreh De'ah",392,"Baer Hetev",7,0,7,0%
"Yoreh De'ah",392,"Be'er HaGolah",12,0,12,0%
"Yoreh De'ah",392,"Biur HaGRA",11,0,11,0%
"Yoreh De'ah",392,"Mechaber and Rama",3,0,3,0%
"Yoreh De'ah",392,"nekudot-hakesef",2,0,2,0%
"Yoreh De'ah",392,"Pitchei Teshuva",3,0,3,0%
"Yoreh De'ah",392,"Rabbi Akiva Eiger (YD)",2,0,2,0%
"Yoreh De'ah",392,"Siftei Kohen (Shach)",8,0,8,0%
"Yoreh De'ah",392,"Turei Zahav (Taz)",6,0,6,0%
"Yoreh De'ah",393,"Baer Hetev",4,0,4,0%
"Yoreh De'ah",393,"Be'er HaGolah",4,0,4,0%
"Yoreh De'ah",393,"Biur HaGRA",11,0,11,0%
"Yoreh De'ah",393,"Mechaber and Rama",4,0,4,0%
"Yoreh De'ah",393,"Pitchei Teshuva",4,0,4,0%
"Yoreh De'ah",393,"Rabbi Akiva Eiger (YD)",4,0,4,0%
"Yoreh De'ah",393,"Siftei Kohen (Shach)",7,0,7,0%
"Yoreh De'ah",394,"Baer Hetev",1,0,1,0%
"Yoreh De'ah",394,"Be'er HaGolah",11,0,11,0%
"Yoreh De'ah",394,"Biur HaGRA",4,0,4,0%
"Yoreh De'ah",394,"Mechaber and Rama",6,0,6,0%
"Yoreh De'ah",394,"Pitchei Teshuva",3,0,3,0%
"Yoreh De'ah",394,"Siftei Kohen (Shach)",2,0,2,0%
"Yoreh De'ah",395,"Baer Hetev",3,0,3,0%
"Yoreh De'ah",395,"Be'er HaGolah",4,0,4,0%
"Yoreh De'ah",395,"Biur HaGRA",4,0,4,0%
"Yoreh De'ah",395,"Mechaber and Rama",3,0,3,0%
"Yoreh De'ah",395,"nekudot-hakesef",1,0,1,0%
"Yoreh De'ah",395,"Pitchei Teshuva",3,0,3,0%
"Yoreh De'ah",395,"Rabbi Akiva Eiger (YD)",1,0,1,0%
"Yoreh De'ah",395,"Siftei Kohen (Shach)",3,0,3,0%
"Yoreh De'ah",395,"Turei Zahav (Taz)",3,0,3,0%
"Yoreh De'ah",396,"Baer Hetev",2,0,2,0%
"Yoreh De'ah",396,"Be'er HaGolah",3,0,3,0%
"Yoreh De'ah",396,"Biur HaGRA",3,0,3,0%
"Yoreh De'ah",396,"Mechaber and Rama",3,0,3,0%
"Yoreh De'ah",396,"nekudot-hakesef",1,0,1,0%
"Yoreh De'ah",396,"Pitchei Teshuva",3,0,3,0%
"Yoreh De'ah",396,"Rabbi Akiva Eiger (YD)",2,0,2,0%
"Yoreh De'ah",396,"Siftei Kohen (Shach)",3,0,3,0%
"Yoreh De'ah",396,"Turei Zahav (Taz)",2,0,2,0%
"Yoreh De'ah",397,"Baer Hetev",2,0,2,0%
"Yoreh De'ah",397,"Be'er HaGolah",2,0,2,0%
"Yoreh De'ah",397,"Biur HaGRA",2,0,2,0%
"Yoreh De'ah",397,"Mechaber and Rama",2,0,2,0%
"Yoreh De'ah",397,"nekudot-hakesef",1,0,1,0%
"Yoreh De'ah",397,"Pitchei Teshuva",1,0,1,0%
"Yoreh De'ah",397,"Rabbi Akiva Eiger (YD)",2,0,2,0%
"Yoreh De'ah",397,"Siftei Kohen (Shach)",2,0,2,0%
"Yoreh De'ah",397,"Turei Zahav (Taz)",2,0,2,0%
"Yoreh De'ah",397,"Yad Avraham",1,0,1,0%
"Yoreh De'ah",398,"Baer Hetev",2,0,2,0%
"Yoreh De'ah",398,"Be'er HaGolah",3,0,3,0%
"Yoreh De'ah",398,"Biur HaGRA",2,0,2,0%
"Yoreh De'ah",398,"Mechaber and Rama",1,0,1,0%
"Yoreh De'ah",398,"Siftei Kohen (Shach)",2,0,2,0%
"Yoreh De'ah",398,"Turei Zahav (Taz)",2,0,2,0%
"Yoreh De'ah",399,"Baer Hetev",11,0,11,0%
"Yoreh De'ah",399,"Be'er HaGolah",14,0,14,0%
"Yoreh De'ah",399,"Biur HaGRA",16,0,16,0%
"Yoreh De'ah",399,"Mechaber and Rama",14,0,14,0%
"Yoreh De'ah",399,"nekudot-hakesef",2,0,2,0%
"Yoreh De'ah",399,"Pitchei Teshuva",10,0,10,0%
"Yoreh De'ah",399,"Rabbi Akiva Eiger (YD)",3,0,3,0%
"Yoreh De'ah",399,"Siftei Kohen (Shach)",19,0,19,0%
"Yoreh De'ah",399,"Turei Zahav (Taz)",7,0,7,0%
"Yoreh De'ah",399,"Yad Avraham",1,0,1,0%
"Yoreh De'ah",400,"Baer Hetev",3,0,3,0%
"Yoreh De'ah",400,"Be'er HaGolah",2,0,2,0%
"Yoreh De'ah",400,"Biur HaGRA",6,0,6,0%
"Yoreh De'ah",400,"Mechaber and Rama",2,0,2,0%
"Yoreh De'ah",400,"Pitchei Teshuva",2,0,2,0%
"Yoreh De'ah",400,"Rabbi Akiva Eiger (YD)",1,0,1,0%
"Yoreh De'ah",400,"Siftei Kohen (Shach)",5,0,5,0%
"Yoreh De'ah",400,"Turei Zahav (Taz)",1,0,1,0%
"Yoreh De'ah",401,"Baer Hetev",2,0,2,0%
"Yoreh De'ah",401,"Be'er HaGolah",7,0,7,0%
"Yoreh De'ah",401,"Biur HaGRA",8,0,8,0%
"Yoreh De'ah",401,"Mechaber and Rama",7,0,7,0%
"Yoreh De'ah",401,"Pitchei Teshuva",1,0,1,0%
"Yoreh De'ah",401,"Rabbi Akiva Eiger (YD)",2,0,2,0%
"Yoreh De'ah",401,"Siftei Kohen (Shach)",4,0,4,0%
"Yoreh De'ah",402,"Baer Hetev",13,0,13,0%
"Yoreh De'ah",402,"Be'er HaGolah",12,0,12,0%
"Yoreh De'ah",402,"Biur HaGRA",9,0,9,0%
"Yoreh De'ah",402,"Mechaber and Rama",12,0,12,0%
"Yoreh De'ah",402,"nekudot-hakesef",3,0,3,0%
"Yoreh De'ah",402,"Pitchei Teshuva",8,0,8,0%
"Yoreh De'ah",402,"Rabbi Akiva Eiger (YD)",5,0,5,0%
"Yoreh De'ah",402,"Siftei Kohen (Shach)",12,0,12,0%
"Yoreh De'ah",402,"Turei Zahav (Taz)",9,0,9,0%
"Yoreh De'ah",403,"Baer Hetev",4,0,4,0%
"Yoreh De'ah",403,"Be'er HaGolah",18,0,18,0%
"Yoreh De'ah",403,"Biur HaGRA",4,0,4,0%
"Yoreh De'ah",403,"Mechaber and Rama",10,0,10,0%
"Yoreh De'ah",403,"Pitchei Teshuva",2,0,2,0%
"Yoreh De'ah",403,"Siftei Kohen (Shach)",4,0,4,0%